[2026-03-15 21:40:36] getdata.php - Token param length=352
[2026-03-15 21:40:36] getdata.php - Base64 token decode length=263
[2026-03-15 21:40:36] getdata.php - EncData length=172 Hash length=64
[2026-03-15 21:40:36] getdata.php - EncData base64 decode length=128
[2026-03-15 21:40:36] getdata.php - Decrypt OK uname=FJKLMDHOGC cs=155d07355346331ba5092bf7eccee4a9
[2026-03-15 21:40:36] getdata.php - Lib loaded name=libalone.so size=4376231
[2026-03-15 21:40:36] getdata.php - Response ready
[2026-03-15 21:43:56] getdata.php - Token param length=348
[2026-03-15 21:43:56] getdata.php - Base64 token decode length=259
[2026-03-15 21:43:56] getdata.php - EncData length=172 Hash length=64
[2026-03-15 21:43:56] getdata.php - EncData base64 decode length=128
[2026-03-15 21:43:56] getdata.php - Decrypt OK uname=FJKLMDHOGC cs=155d07355346331ba5092bf7eccee4a9
[2026-03-15 21:43:56] getdata.php - Lib loaded name=libalone.so size=4376231
[2026-03-15 21:43:56] getdata.php - Response ready
[2026-03-15 21:53:51] getdata.php - Token param length=348
[2026-03-15 21:53:51] getdata.php - Base64 token decode length=259
[2026-03-15 21:53:51] getdata.php - EncData length=172 Hash length=64
[2026-03-15 21:53:51] getdata.php - EncData base64 decode length=128
[2026-03-15 21:53:51] getdata.php - Decrypt OK uname=FJKLMDHOGC cs=365069347de83f69b25a0340a02fa6d2
[2026-03-15 21:53:51] getdata.php - Lib loaded name=libalone.so size=4376231
[2026-03-15 21:53:51] getdata.php - Response ready
[2026-03-15 21:54:58] getdata.php - Token param length=344
[2026-03-15 21:54:58] getdata.php - Base64 token decode length=258
[2026-03-15 21:54:58] getdata.php - EncData length=172 Hash length=64
[2026-03-15 21:54:58] getdata.php - EncData base64 decode length=128
[2026-03-15 21:54:58] getdata.php - Decrypt OK uname=FJKLMDHOGC cs=365069347de83f69b25a0340a02fa6d2
[2026-03-15 21:54:58] getdata.php - Lib loaded name=libalone.so size=4376231
[2026-03-15 21:54:58] getdata.php - Response ready
[2026-03-15 21:56:33] getdata.php - Token param length=348
[2026-03-15 21:56:33] getdata.php - Base64 token decode length=260
[2026-03-15 21:56:33] getdata.php - EncData length=172 Hash length=64
[2026-03-15 21:56:33] getdata.php - EncData base64 decode length=128
[2026-03-15 21:56:33] getdata.php - Decrypt OK uname=FJKLMDHOGC cs=f613f63a9bbc3c179f3d7ce5ddeecc34
[2026-03-15 21:56:33] getdata.php - Lib loaded name=libalone.so size=4376231
[2026-03-15 21:56:33] getdata.php - Response ready
[2026-03-15 21:59:59] getdata.php - Token param length=348
[2026-03-15 21:59:59] getdata.php - Base64 token decode length=260
[2026-03-15 21:59:59] getdata.php - EncData length=172 Hash length=64
[2026-03-15 21:59:59] getdata.php - EncData base64 decode length=128
[2026-03-15 21:59:59] getdata.php - Decrypt OK uname=FJKLMDHOGC cs=153d785ca1a43484a231375069b27e73
[2026-03-15 21:59:59] getdata.php - Lib loaded name=libalone.so size=4376231
[2026-03-15 21:59:59] getdata.php - Response ready
[2026-03-15 22:21:33] getdata.php - Token param length=348
[2026-03-15 22:21:33] getdata.php - Base64 token decode length=260
[2026-03-15 22:21:33] getdata.php - EncData length=172 Hash length=64
[2026-03-15 22:21:33] getdata.php - EncData base64 decode length=128
[2026-03-15 22:21:33] getdata.php - Decrypt OK uname=FJKLMDHOGC cs=7574bf35e5df3afd92df170c8c297148
[2026-03-15 22:21:33] getdata.php - Lib loaded name=libalone.so size=4376231
[2026-03-15 22:21:33] getdata.php - Response ready
[2026-03-15 22:34:30] getdata.php - Token param length=348
[2026-03-15 22:34:30] getdata.php - Base64 token decode length=259
[2026-03-15 22:34:30] getdata.php - EncData length=172 Hash length=64
[2026-03-15 22:34:30] getdata.php - EncData base64 decode length=128
[2026-03-15 22:34:30] getdata.php - Decrypt OK uname=FJKLMDHOGC cs=876f325fd6923307845b2d10ad05b080
[2026-03-15 22:34:31] getdata.php - Lib loaded name=libalone.so size=4376231
[2026-03-15 22:34:31] getdata.php - Response ready
[2026-03-15 22:42:27] getdata.php - Token param length=352
[2026-03-15 22:42:27] getdata.php - Base64 token decode length=264
[2026-03-15 22:42:27] getdata.php - EncData length=172 Hash length=64
[2026-03-15 22:42:27] getdata.php - EncData base64 decode length=128
[2026-03-15 22:42:27] getdata.php - Decrypt OK uname=FJKLMDHOGC cs=321587fe2f6d35ef9d288b3278d12c68
[2026-03-15 22:42:27] getdata.php - Lib loaded name=libalone.so size=4376231
[2026-03-15 22:42:27] getdata.php - Response ready
[2026-03-15 22:46:53] getdata.php - Token param length=348
[2026-03-15 22:46:53] getdata.php - Base64 token decode length=261
[2026-03-15 22:46:53] getdata.php - EncData length=172 Hash length=64
[2026-03-15 22:46:53] getdata.php - EncData base64 decode length=128
[2026-03-15 22:46:53] getdata.php - Decrypt OK uname=FJKLMDHOGC cs=321587fe2f6d35ef9d288b3278d12c68
[2026-03-15 22:46:53] getdata.php - Lib loaded name=libalone.so size=4376231
[2026-03-15 22:46:53] getdata.php - Response ready
[2026-03-15 23:12:25] getdata.php - Token param length=348
[2026-03-15 23:12:25] getdata.php - Base64 token decode length=260
[2026-03-15 23:12:25] getdata.php - EncData length=172 Hash length=64
[2026-03-15 23:12:25] getdata.php - EncData base64 decode length=128
[2026-03-15 23:12:25] getdata.php - Decrypt OK uname=FJKLMDHOGC cs=fb8eaac6dca83c4f8ba356049b19962c
[2026-03-15 23:12:25] getdata.php - Lib loaded name=libalone.so size=4376231
[2026-03-15 23:12:25] getdata.php - Response ready
[2026-03-15 23:12:45] getdata.php - Token param length=348
[2026-03-15 23:12:45] getdata.php - Base64 token decode length=260
[2026-03-15 23:12:45] getdata.php - EncData length=172 Hash length=64
[2026-03-15 23:12:45] getdata.php - EncData base64 decode length=128
[2026-03-15 23:12:45] getdata.php - Decrypt OK uname=FJKLMDHOGC cs=fb8eaac6dca83c4f8ba356049b19962c
[2026-03-15 23:12:45] getdata.php - Lib loaded name=libalone.so size=4376231
[2026-03-15 23:12:45] getdata.php - Response ready
[2026-03-15 23:15:44] getdata.php - Token param length=348
[2026-03-15 23:15:44] getdata.php - Base64 token decode length=259
[2026-03-15 23:15:44] getdata.php - EncData length=172 Hash length=64
[2026-03-15 23:15:44] getdata.php - EncData base64 decode length=128
[2026-03-15 23:15:44] getdata.php - Decrypt OK uname=FJKLMDHOGC cs=108319269aaa32dfb0b59c193647e092
[2026-03-15 23:15:44] getdata.php - Lib loaded name=libalone.so size=4376231
[2026-03-15 23:15:44] getdata.php - Response ready
[2026-03-15 23:16:08] getdata.php - Token param length=348
[2026-03-15 23:16:08] getdata.php - Base64 token decode length=260
[2026-03-15 23:16:08] getdata.php - EncData length=172 Hash length=64
[2026-03-15 23:16:08] getdata.php - EncData base64 decode length=128
[2026-03-15 23:16:08] getdata.php - Decrypt OK uname=FJKLMDHOGC cs=108319269aaa32dfb0b59c193647e092
[2026-03-15 23:16:08] getdata.php - Lib loaded name=libalone.so size=4376231
[2026-03-15 23:16:08] getdata.php - Response ready
[2026-03-15 23:19:47] getdata.php - Token param length=348
[2026-03-15 23:19:47] getdata.php - Base64 token decode length=260
[2026-03-15 23:19:47] getdata.php - EncData length=172 Hash length=64
[2026-03-15 23:19:47] getdata.php - EncData base64 decode length=128
[2026-03-15 23:19:47] getdata.php - Decrypt OK uname=FJKLMDHOGC cs=d0914b1cda28315f9e5e48c7e67925d7
[2026-03-15 23:19:47] getdata.php - Lib loaded name=libalone.so size=4376231
[2026-03-15 23:19:47] getdata.php - Response ready
[2026-03-15 23:19:55] getdata.php - Token param length=348
[2026-03-15 23:19:55] getdata.php - Base64 token decode length=259
[2026-03-15 23:19:55] getdata.php - EncData length=172 Hash length=64
[2026-03-15 23:19:55] getdata.php - EncData base64 decode length=128
[2026-03-15 23:19:55] getdata.php - Decrypt OK uname=FJKLMDHOGC cs=d8f5d8b7adf431169599e7b81dbc716c
[2026-03-15 23:19:55] getdata.php - Lib loaded name=libalone.so size=4376231
[2026-03-15 23:19:55] getdata.php - Response ready
[2026-03-15 23:21:12] getdata.php - Token param length=348
[2026-03-15 23:21:12] getdata.php - Base64 token decode length=261
[2026-03-15 23:21:12] getdata.php - EncData length=172 Hash length=64
[2026-03-15 23:21:12] getdata.php - EncData base64 decode length=128
[2026-03-15 23:21:12] getdata.php - Decrypt OK uname=FJKLMDHOGC cs=d0914b1cda28315f9e5e48c7e67925d7
[2026-03-15 23:21:13] getdata.php - Lib loaded name=libalone.so size=4376231
[2026-03-15 23:21:13] getdata.php - Response ready
[2026-03-15 23:21:26] getdata.php - Token param length=352
[2026-03-15 23:21:26] getdata.php - Base64 token decode length=263
[2026-03-15 23:21:26] getdata.php - EncData length=172 Hash length=64
[2026-03-15 23:21:26] getdata.php - EncData base64 decode length=128
[2026-03-15 23:21:26] getdata.php - Decrypt OK uname=FJKLMDHOGC cs=d0914b1cda28315f9e5e48c7e67925d7
[2026-03-15 23:21:26] getdata.php - Lib loaded name=libalone.so size=4376231
[2026-03-15 23:21:26] getdata.php - Response ready
[2026-03-15 23:22:31] getdata.php - Token param length=348
[2026-03-15 23:22:31] getdata.php - Base64 token decode length=260
[2026-03-15 23:22:31] getdata.php - EncData length=172 Hash length=64
[2026-03-15 23:22:31] getdata.php - EncData base64 decode length=128
[2026-03-15 23:22:31] getdata.php - Decrypt OK uname=FJKLMDHOGC cs=d0914b1cda28315f9e5e48c7e67925d7
[2026-03-15 23:22:31] getdata.php - Lib loaded name=libalone.so size=4376231
[2026-03-15 23:22:31] getdata.php - Response ready
[2026-03-15 23:26:06] getdata.php - Token param length=348
[2026-03-15 23:26:06] getdata.php - Base64 token decode length=259
[2026-03-15 23:26:06] getdata.php - EncData length=172 Hash length=64
[2026-03-15 23:26:06] getdata.php - EncData base64 decode length=128
[2026-03-15 23:26:06] getdata.php - Decrypt OK uname=FJKLMDHOGC cs=64c9a6fd51b63518af71b619145db475
[2026-03-15 23:26:06] getdata.php - Lib loaded name=libalone.so size=4376231
[2026-03-15 23:26:06] getdata.php - Response ready
[2026-03-15 23:33:17] getdata.php - Token param length=344
[2026-03-15 23:33:17] getdata.php - Base64 token decode length=258
[2026-03-15 23:33:17] getdata.php - EncData length=172 Hash length=64
[2026-03-15 23:33:17] getdata.php - EncData base64 decode length=128
[2026-03-15 23:33:17] getdata.php - Decrypt OK uname=FJKLMDHOGC cs=321587fe2f6d35ef9d288b3278d12c68
[2026-03-15 23:33:17] getdata.php - Lib loaded name=libalone.so size=4376231
[2026-03-15 23:33:17] getdata.php - Response ready
[2026-03-16 00:03:04] getdata.php - Token param length=348
[2026-03-16 00:03:04] getdata.php - Base64 token decode length=260
[2026-03-16 00:03:04] getdata.php - EncData length=172 Hash length=64
[2026-03-16 00:03:04] getdata.php - EncData base64 decode length=128
[2026-03-16 00:03:04] getdata.php - Decrypt OK uname=FJKLMDHOGC cs=64c9a6fd51b63518af71b619145db475
[2026-03-16 00:03:04] getdata.php - Lib loaded name=libalone.so size=4376231
[2026-03-16 00:03:04] getdata.php - Response ready
[2026-03-16 00:28:00] getdata.php - Token param length=348
[2026-03-16 00:28:00] getdata.php - Base64 token decode length=260
[2026-03-16 00:28:00] getdata.php - EncData length=172 Hash length=64
[2026-03-16 00:28:00] getdata.php - EncData base64 decode length=128
[2026-03-16 00:28:00] getdata.php - Decrypt OK uname=FJKLMDHOGC cs=d8bf6276ecbe321e9f4e3951caaf89f8
[2026-03-16 00:28:00] getdata.php - Lib loaded name=libalone.so size=4376231
[2026-03-16 00:28:00] getdata.php - Response ready
[2026-03-16 00:53:20] getdata.php - Token param length=348
[2026-03-16 00:53:20] getdata.php - Base64 token decode length=260
[2026-03-16 00:53:20] getdata.php - EncData length=172 Hash length=64
[2026-03-16 00:53:20] getdata.php - EncData base64 decode length=128
[2026-03-16 00:53:20] getdata.php - Decrypt OK uname=FJKLMDHOGC cs=c68a5f896c2137ddbe353d2e4f7f9cbd
[2026-03-16 00:53:20] getdata.php - Lib loaded name=libalone.so size=4376231
[2026-03-16 00:53:20] getdata.php - Response ready
[2026-03-16 00:56:04] getdata.php - Token param length=348
[2026-03-16 00:56:04] getdata.php - Base64 token decode length=261
[2026-03-16 00:56:04] getdata.php - EncData length=172 Hash length=64
[2026-03-16 00:56:04] getdata.php - EncData base64 decode length=128
[2026-03-16 00:56:04] getdata.php - Decrypt OK uname=FJKLMDHOGC cs=64c9a6fd51b63518af71b619145db475
[2026-03-16 00:56:04] getdata.php - Lib loaded name=libalone.so size=4376231
[2026-03-16 00:56:04] getdata.php - Response ready
[2026-03-16 00:56:24] getdata.php - Token param length=348
[2026-03-16 00:56:24] getdata.php - Base64 token decode length=259
[2026-03-16 00:56:24] getdata.php - EncData length=172 Hash length=64
[2026-03-16 00:56:24] getdata.php - EncData base64 decode length=128
[2026-03-16 00:56:24] getdata.php - Decrypt OK uname=FJKLMDHOGC cs=64c9a6fd51b63518af71b619145db475
[2026-03-16 00:56:24] getdata.php - Lib loaded name=libalone.so size=4376231
[2026-03-16 00:56:24] getdata.php - Response ready
[2026-03-16 01:32:32] getdata.php - Token param length=352
[2026-03-16 01:32:32] getdata.php - Base64 token decode length=263
[2026-03-16 01:32:32] getdata.php - EncData length=172 Hash length=64
[2026-03-16 01:32:32] getdata.php - EncData base64 decode length=128
[2026-03-16 01:32:32] getdata.php - Decrypt OK uname=FJKLMDHOGC cs=6ba32f7578a63dbdad4f6fa65d3b7e92
[2026-03-16 01:32:32] getdata.php - Lib loaded name=libalone.so size=4376231
[2026-03-16 01:32:32] getdata.php - Response ready
[2026-03-16 01:32:35] getdata.php - Token param length=348
[2026-03-16 01:32:35] getdata.php - Base64 token decode length=259
[2026-03-16 01:32:35] getdata.php - EncData length=172 Hash length=64
[2026-03-16 01:32:35] getdata.php - EncData base64 decode length=128
[2026-03-16 01:32:35] getdata.php - Decrypt OK uname=FJKLMDHOGC cs=6ba32f7578a63dbdad4f6fa65d3b7e92
[2026-03-16 01:32:35] getdata.php - Lib loaded name=libalone.so size=4376231
[2026-03-16 01:32:35] getdata.php - Response ready
[2026-03-16 01:34:24] getdata.php - Token param length=344
[2026-03-16 01:34:24] getdata.php - Base64 token decode length=258
[2026-03-16 01:34:24] getdata.php - EncData length=172 Hash length=64
[2026-03-16 01:34:24] getdata.php - EncData base64 decode length=128
[2026-03-16 01:34:24] getdata.php - Decrypt OK uname=FJKLMDHOGC cs=6ba32f7578a63dbdad4f6fa65d3b7e92
[2026-03-16 01:34:24] getdata.php - Lib loaded name=libalone.so size=4376231
[2026-03-16 01:34:24] getdata.php - Response ready
[2026-03-16 01:40:51] getdata.php - Token param length=348
[2026-03-16 01:40:51] getdata.php - Base64 token decode length=260
[2026-03-16 01:40:51] getdata.php - EncData length=172 Hash length=64
[2026-03-16 01:40:51] getdata.php - EncData base64 decode length=128
[2026-03-16 01:40:51] getdata.php - Decrypt OK uname=FJKLMDHOGC cs=64c9a6fd51b63518af71b619145db475
[2026-03-16 01:40:51] getdata.php - Lib loaded name=libalone.so size=4376231
[2026-03-16 01:40:51] getdata.php - Response ready
[2026-03-16 02:02:31] getdata.php - Token param length=344
[2026-03-16 02:02:31] getdata.php - Base64 token decode length=258
[2026-03-16 02:02:31] getdata.php - EncData length=172 Hash length=64
[2026-03-16 02:02:31] getdata.php - EncData base64 decode length=128
[2026-03-16 02:02:31] getdata.php - Decrypt OK uname=FJKLMDHOGC cs=64c9a6fd51b63518af71b619145db475
[2026-03-16 02:02:31] getdata.php - Lib loaded name=libalone.so size=4376231
[2026-03-16 02:02:31] getdata.php - Response ready
[2026-03-16 02:12:51] getdata.php - Token param length=352
[2026-03-16 02:12:51] getdata.php - Base64 token decode length=262
[2026-03-16 02:12:51] getdata.php - EncData length=172 Hash length=64
[2026-03-16 02:12:51] getdata.php - EncData base64 decode length=128
[2026-03-16 02:12:51] getdata.php - Decrypt OK uname=FJKLMDHOGC cs=b8fe12c7e3423fd2ab31806c67a30243
[2026-03-16 02:12:51] getdata.php - Lib loaded name=libalone.so size=4376231
[2026-03-16 02:12:51] getdata.php - Response ready
[2026-03-16 02:14:42] getdata.php - Token param length=348
[2026-03-16 02:14:42] getdata.php - Base64 token decode length=259
[2026-03-16 02:14:42] getdata.php - EncData length=172 Hash length=64
[2026-03-16 02:14:42] getdata.php - EncData base64 decode length=128
[2026-03-16 02:14:42] getdata.php - Decrypt OK uname=FJKLMDHOGC cs=b8fe12c7e3423fd2ab31806c67a30243
[2026-03-16 02:14:42] getdata.php - Lib loaded name=libalone.so size=4376231
[2026-03-16 02:14:42] getdata.php - Response ready
[2026-03-16 02:17:36] getdata.php - Token param length=348
[2026-03-16 02:17:36] getdata.php - Base64 token decode length=260
[2026-03-16 02:17:36] getdata.php - EncData length=172 Hash length=64
[2026-03-16 02:17:36] getdata.php - EncData base64 decode length=128
[2026-03-16 02:17:36] getdata.php - Decrypt OK uname=FJKLMDHOGC cs=722723b640473ee5844786556534783d
[2026-03-16 02:17:36] getdata.php - Lib loaded name=libalone.so size=4376231
[2026-03-16 02:17:36] getdata.php - Response ready
[2026-03-16 02:22:02] getdata.php - Token param length=344
[2026-03-16 02:22:02] getdata.php - Base64 token decode length=258
[2026-03-16 02:22:02] getdata.php - EncData length=172 Hash length=64
[2026-03-16 02:22:02] getdata.php - EncData base64 decode length=128
[2026-03-16 02:22:02] getdata.php - Decrypt OK uname=FJKLMDHOGC cs=fc2998f8c421339fa38e76a8f7acb7c1
[2026-03-16 02:22:02] getdata.php - Lib loaded name=libalone.so size=4376231
[2026-03-16 02:22:02] getdata.php - Response ready
[2026-03-16 02:34:13] getdata.php - Token param length=344
[2026-03-16 02:34:13] getdata.php - Base64 token decode length=258
[2026-03-16 02:34:13] getdata.php - EncData length=172 Hash length=64
[2026-03-16 02:34:13] getdata.php - EncData base64 decode length=128
[2026-03-16 02:34:13] getdata.php - Decrypt OK uname=FJKLMDHOGC cs=64c9a6fd51b63518af71b619145db475
[2026-03-16 02:34:13] getdata.php - Lib loaded name=libalone.so size=4376231
[2026-03-16 02:34:13] getdata.php - Response ready
[2026-03-16 02:55:17] getdata.php - Token param length=348
[2026-03-16 02:55:17] getdata.php - Base64 token decode length=261
[2026-03-16 02:55:17] getdata.php - EncData length=172 Hash length=64
[2026-03-16 02:55:17] getdata.php - EncData base64 decode length=128
[2026-03-16 02:55:17] getdata.php - Decrypt OK uname=FJKLMDHOGC cs=768d440320353a0b9b43a9835269eafd
[2026-03-16 02:55:17] getdata.php - Lib loaded name=libalone.so size=4376231
[2026-03-16 02:55:17] getdata.php - Response ready
[2026-03-16 03:00:49] getdata.php - Token param length=352
[2026-03-16 03:00:49] getdata.php - Base64 token decode length=262
[2026-03-16 03:00:49] getdata.php - EncData length=172 Hash length=64
[2026-03-16 03:00:49] getdata.php - EncData base64 decode length=128
[2026-03-16 03:00:49] getdata.php - Decrypt OK uname=FJKLMDHOGC cs=876f325fd6923307845b2d10ad05b080
[2026-03-16 03:00:49] getdata.php - Lib loaded name=libalone.so size=4376231
[2026-03-16 03:00:49] getdata.php - Response ready
[2026-03-16 03:24:00] getdata.php - Token param length=348
[2026-03-16 03:24:00] getdata.php - Base64 token decode length=261
[2026-03-16 03:24:00] getdata.php - EncData length=172 Hash length=64
[2026-03-16 03:24:00] getdata.php - EncData base64 decode length=128
[2026-03-16 03:24:00] getdata.php - Decrypt OK uname=FJKLMDHOGC cs=eec138dbaad3383ebe01f333547a121b
[2026-03-16 03:24:00] getdata.php - Lib loaded name=libalone.so size=4376231
[2026-03-16 03:24:00] getdata.php - Response ready
[2026-03-16 03:25:35] getdata.php - Token param length=344
[2026-03-16 03:25:35] getdata.php - Base64 token decode length=258
[2026-03-16 03:25:35] getdata.php - EncData length=172 Hash length=64
[2026-03-16 03:25:35] getdata.php - EncData base64 decode length=128
[2026-03-16 03:25:35] getdata.php - Decrypt OK uname=FJKLMDHOGC cs=eec138dbaad3383ebe01f333547a121b
[2026-03-16 03:25:35] getdata.php - Lib loaded name=libalone.so size=4376231
[2026-03-16 03:25:35] getdata.php - Response ready
[2026-03-16 03:26:02] getdata.php - Token param length=348
[2026-03-16 03:26:02] getdata.php - Base64 token decode length=259
[2026-03-16 03:26:02] getdata.php - EncData length=172 Hash length=64
[2026-03-16 03:26:02] getdata.php - EncData base64 decode length=128
[2026-03-16 03:26:02] getdata.php - Decrypt OK uname=FJKLMDHOGC cs=eec138dbaad3383ebe01f333547a121b
[2026-03-16 03:26:02] getdata.php - Lib loaded name=libalone.so size=4376231
[2026-03-16 03:26:02] getdata.php - Response ready
[2026-03-16 03:29:21] getdata.php - Token param length=348
[2026-03-16 03:29:21] getdata.php - Base64 token decode length=259
[2026-03-16 03:29:21] getdata.php - EncData length=172 Hash length=64
[2026-03-16 03:29:21] getdata.php - EncData base64 decode length=128
[2026-03-16 03:29:21] getdata.php - Decrypt OK uname=FJKLMDHOGC cs=eec138dbaad3383ebe01f333547a121b
[2026-03-16 03:29:21] getdata.php - Lib loaded name=libalone.so size=4376231
[2026-03-16 03:29:21] getdata.php - Response ready
[2026-03-16 03:30:03] getdata.php - Token param length=348
[2026-03-16 03:30:03] getdata.php - Base64 token decode length=259
[2026-03-16 03:30:03] getdata.php - EncData length=172 Hash length=64
[2026-03-16 03:30:03] getdata.php - EncData base64 decode length=128
[2026-03-16 03:30:03] getdata.php - Decrypt OK uname=FJKLMDHOGC cs=eec138dbaad3383ebe01f333547a121b
[2026-03-16 03:30:03] getdata.php - Lib loaded name=libalone.so size=4376231
[2026-03-16 03:30:03] getdata.php - Response ready
[2026-03-16 03:30:26] getdata.php - Token param length=348
[2026-03-16 03:30:26] getdata.php - Base64 token decode length=260
[2026-03-16 03:30:26] getdata.php - EncData length=172 Hash length=64
[2026-03-16 03:30:26] getdata.php - EncData base64 decode length=128
[2026-03-16 03:30:26] getdata.php - Decrypt OK uname=FJKLMDHOGC cs=eec138dbaad3383ebe01f333547a121b
[2026-03-16 03:30:26] getdata.php - Lib loaded name=libalone.so size=4376231
[2026-03-16 03:30:26] getdata.php - Response ready
[2026-03-16 03:32:37] getdata.php - Token param length=348
[2026-03-16 03:32:37] getdata.php - Base64 token decode length=261
[2026-03-16 03:32:37] getdata.php - EncData length=172 Hash length=64
[2026-03-16 03:32:37] getdata.php - EncData base64 decode length=128
[2026-03-16 03:32:37] getdata.php - Decrypt OK uname=FJKLMDHOGC cs=eec138dbaad3383ebe01f333547a121b
[2026-03-16 03:32:37] getdata.php - Lib loaded name=libalone.so size=4376231
[2026-03-16 03:32:37] getdata.php - Response ready
[2026-03-16 03:33:46] getdata.php - Token param length=348
[2026-03-16 03:33:46] getdata.php - Base64 token decode length=261
[2026-03-16 03:33:46] getdata.php - EncData length=172 Hash length=64
[2026-03-16 03:33:46] getdata.php - EncData base64 decode length=128
[2026-03-16 03:33:46] getdata.php - Decrypt OK uname=FJKLMDHOGC cs=eec138dbaad3383ebe01f333547a121b
[2026-03-16 03:33:46] getdata.php - Lib loaded name=libalone.so size=4376231
[2026-03-16 03:33:46] getdata.php - Response ready
[2026-03-16 05:13:01] getdata.php - Token param length=344
[2026-03-16 05:13:01] getdata.php - Base64 token decode length=258
[2026-03-16 05:13:01] getdata.php - EncData length=172 Hash length=64
[2026-03-16 05:13:01] getdata.php - EncData base64 decode length=128
[2026-03-16 05:13:01] getdata.php - Decrypt OK uname=FJKLMDHOGC cs=c5218ae46f643be2891263e49d98083b
[2026-03-16 05:13:01] getdata.php - Lib loaded name=libalone.so size=4376231
[2026-03-16 05:13:01] getdata.php - Response ready
[2026-03-16 05:13:29] getdata.php - Token param length=344
[2026-03-16 05:13:29] getdata.php - Base64 token decode length=258
[2026-03-16 05:13:29] getdata.php - EncData length=172 Hash length=64
[2026-03-16 05:13:29] getdata.php - EncData base64 decode length=128
[2026-03-16 05:13:29] getdata.php - Decrypt OK uname=FJKLMDHOGC cs=7063d12900d13c50b0165b0bb9d35a0c
[2026-03-16 05:13:29] getdata.php - Lib loaded name=libalone.so size=4376231
[2026-03-16 05:13:29] getdata.php - Response ready
[2026-03-16 05:38:28] getdata.php - Token param length=348
[2026-03-16 05:38:28] getdata.php - Base64 token decode length=261
[2026-03-16 05:38:28] getdata.php - EncData length=172 Hash length=64
[2026-03-16 05:38:28] getdata.php - EncData base64 decode length=128
[2026-03-16 05:38:28] getdata.php - Decrypt OK uname=FJKLMDHOGC cs=442805f29a9032879f455904241b39ba
[2026-03-16 05:38:28] getdata.php - Lib loaded name=libalone.so size=4376231
[2026-03-16 05:38:28] getdata.php - Response ready
[2026-03-16 05:48:42] getdata.php - Token param length=348
[2026-03-16 05:48:42] getdata.php - Base64 token decode length=259
[2026-03-16 05:48:42] getdata.php - EncData length=172 Hash length=64
[2026-03-16 05:48:42] getdata.php - EncData base64 decode length=128
[2026-03-16 05:48:42] getdata.php - Decrypt OK uname=FJKLMDHOGC cs=722723b640473ee5844786556534783d
[2026-03-16 05:48:42] getdata.php - Lib loaded name=libalone.so size=4376231
[2026-03-16 05:48:42] getdata.php - Response ready
[2026-03-16 06:05:24] getdata.php - Token param length=348
[2026-03-16 06:05:24] getdata.php - Base64 token decode length=260
[2026-03-16 06:05:24] getdata.php - EncData length=172 Hash length=64
[2026-03-16 06:05:24] getdata.php - EncData base64 decode length=128
[2026-03-16 06:05:24] getdata.php - Decrypt OK uname=FJKLMDHOGC cs=f57161c9d060358a9a449613cd1d8f59
[2026-03-16 06:05:24] getdata.php - Lib loaded name=libalone.so size=4376231
[2026-03-16 06:05:24] getdata.php - Response ready
[2026-03-16 06:09:40] getdata.php - Token param length=344
[2026-03-16 06:09:40] getdata.php - Base64 token decode length=257
[2026-03-16 06:09:40] getdata.php - EncData length=172 Hash length=64
[2026-03-16 06:09:40] getdata.php - EncData base64 decode length=128
[2026-03-16 06:09:40] getdata.php - Decrypt OK uname=FJKLMDHOGC cs=98cebd64e3cf30e7aed5ab875bdf760d
[2026-03-16 06:09:40] getdata.php - Lib loaded name=libalone.so size=4376231
[2026-03-16 06:09:40] getdata.php - Response ready
[2026-03-16 06:20:19] getdata.php - Token param length=356
[2026-03-16 06:20:19] getdata.php - Base64 token decode length=266
[2026-03-16 06:20:19] getdata.php - EncData length=172 Hash length=64
[2026-03-16 06:20:19] getdata.php - EncData base64 decode length=128
[2026-03-16 06:20:19] getdata.php - Decrypt OK uname=FJKLMDHOGC cs=d8bf6276ecbe321e9f4e3951caaf89f8
[2026-03-16 06:20:19] getdata.php - Lib loaded name=libalone.so size=4376231
[2026-03-16 06:20:19] getdata.php - Response ready
[2026-03-16 06:20:29] getdata.php - Token param length=348
[2026-03-16 06:20:29] getdata.php - Base64 token decode length=259
[2026-03-16 06:20:29] getdata.php - EncData length=172 Hash length=64
[2026-03-16 06:20:29] getdata.php - EncData base64 decode length=128
[2026-03-16 06:20:29] getdata.php - Decrypt OK uname=FJKLMDHOGC cs=d8bf6276ecbe321e9f4e3951caaf89f8
[2026-03-16 06:20:29] getdata.php - Lib loaded name=libalone.so size=4376231
[2026-03-16 06:20:29] getdata.php - Response ready
[2026-03-16 06:42:24] getdata.php - Token param length=352
[2026-03-16 06:42:24] getdata.php - Base64 token decode length=263
[2026-03-16 06:42:24] getdata.php - EncData length=172 Hash length=64
[2026-03-16 06:42:24] getdata.php - EncData base64 decode length=128
[2026-03-16 06:42:24] getdata.php - Decrypt OK uname=FJKLMDHOGC cs=9bf905cc3ff83a8ba53b215700242660
[2026-03-16 06:42:24] getdata.php - Lib loaded name=libalone.so size=4376231
[2026-03-16 06:42:24] getdata.php - Response ready
[2026-03-16 06:52:48] getdata.php - Token param length=344
[2026-03-16 06:52:48] getdata.php - Base64 token decode length=258
[2026-03-16 06:52:48] getdata.php - EncData length=172 Hash length=64
[2026-03-16 06:52:48] getdata.php - EncData base64 decode length=128
[2026-03-16 06:52:48] getdata.php - Decrypt OK uname=FJKLMDHOGC cs=8cb3b42372503e6893710a70d31232e1
[2026-03-16 06:52:48] getdata.php - Lib loaded name=libalone.so size=4376231
[2026-03-16 06:52:48] getdata.php - Response ready
[2026-03-16 07:34:02] getdata.php - Token param length=348
[2026-03-16 07:34:02] getdata.php - Base64 token decode length=260
[2026-03-16 07:34:02] getdata.php - EncData length=172 Hash length=64
[2026-03-16 07:34:02] getdata.php - EncData base64 decode length=128
[2026-03-16 07:34:02] getdata.php - Decrypt OK uname=FJKLMDHOGC cs=722723b640473ee5844786556534783d
[2026-03-16 07:34:02] getdata.php - Lib loaded name=libalone.so size=4376231
[2026-03-16 07:34:02] getdata.php - Response ready
[2026-03-16 07:42:50] getdata.php - Token param length=348
[2026-03-16 07:42:50] getdata.php - Base64 token decode length=260
[2026-03-16 07:42:50] getdata.php - EncData length=172 Hash length=64
[2026-03-16 07:42:50] getdata.php - EncData base64 decode length=128
[2026-03-16 07:42:50] getdata.php - Decrypt OK uname=FJKLMDHOGC cs=55b5b5351cb63a9789cd48a593276c55
[2026-03-16 07:42:50] getdata.php - Lib loaded name=libalone.so size=4376231
[2026-03-16 07:42:50] getdata.php - Response ready
[2026-03-16 07:51:36] getdata.php - Token param length=348
[2026-03-16 07:51:36] getdata.php - Base64 token decode length=261
[2026-03-16 07:51:36] getdata.php - EncData length=172 Hash length=64
[2026-03-16 07:51:36] getdata.php - EncData base64 decode length=128
[2026-03-16 07:51:36] getdata.php - Decrypt OK uname=FJKLMDHOGC cs=f5c195a9e4413fd6aa26779905c46254
[2026-03-16 07:51:36] getdata.php - Lib loaded name=libalone.so size=4376231
[2026-03-16 07:51:36] getdata.php - Response ready
[2026-03-16 07:57:19] getdata.php - Token param length=348
[2026-03-16 07:57:19] getdata.php - Base64 token decode length=259
[2026-03-16 07:57:19] getdata.php - EncData length=172 Hash length=64
[2026-03-16 07:57:19] getdata.php - EncData base64 decode length=128
[2026-03-16 07:57:19] getdata.php - Decrypt OK uname=FJKLMDHOGC cs=8cb3b42372503e6893710a70d31232e1
[2026-03-16 07:57:19] getdata.php - Lib loaded name=libalone.so size=4376231
[2026-03-16 07:57:19] getdata.php - Response ready
[2026-03-16 08:07:42] getdata.php - Token param length=348
[2026-03-16 08:07:42] getdata.php - Base64 token decode length=259
[2026-03-16 08:07:42] getdata.php - EncData length=172 Hash length=64
[2026-03-16 08:07:42] getdata.php - EncData base64 decode length=128
[2026-03-16 08:07:42] getdata.php - Decrypt OK uname=FJKLMDHOGC cs=64c9a6fd51b63518af71b619145db475
[2026-03-16 08:07:42] getdata.php - Lib loaded name=libalone.so size=4376231
[2026-03-16 08:07:42] getdata.php - Response ready
[2026-03-16 08:11:23] getdata.php - Token param length=348
[2026-03-16 08:11:23] getdata.php - Base64 token decode length=260
[2026-03-16 08:11:23] getdata.php - EncData length=172 Hash length=64
[2026-03-16 08:11:23] getdata.php - EncData base64 decode length=128
[2026-03-16 08:11:24] getdata.php - Decrypt OK uname=FJKLMDHOGC cs=876f325fd6923307845b2d10ad05b080
[2026-03-16 08:11:24] getdata.php - Lib loaded name=libalone.so size=4376231
[2026-03-16 08:11:24] getdata.php - Response ready
[2026-03-16 08:25:22] getdata.php - Token param length=344
[2026-03-16 08:25:22] getdata.php - Base64 token decode length=257
[2026-03-16 08:25:22] getdata.php - EncData length=172 Hash length=64
[2026-03-16 08:25:22] getdata.php - EncData base64 decode length=128
[2026-03-16 08:25:22] getdata.php - Decrypt OK uname=FJKLMDHOGC cs=722723b640473ee5844786556534783d
[2026-03-16 08:25:22] getdata.php - Lib loaded name=libalone.so size=4376231
[2026-03-16 08:25:22] getdata.php - Response ready
[2026-03-16 08:55:28] getdata.php - Token param length=348
[2026-03-16 08:55:28] getdata.php - Base64 token decode length=260
[2026-03-16 08:55:28] getdata.php - EncData length=172 Hash length=64
[2026-03-16 08:55:28] getdata.php - EncData base64 decode length=128
[2026-03-16 08:55:28] getdata.php - Decrypt OK uname=FJKLMDHOGC cs=c5218ae46f643be2891263e49d98083b
[2026-03-16 08:55:28] getdata.php - Lib loaded name=libalone.so size=4376231
[2026-03-16 08:55:28] getdata.php - Response ready
[2026-03-16 08:59:37] getdata.php - Token param length=344
[2026-03-16 08:59:37] getdata.php - Base64 token decode length=258
[2026-03-16 08:59:37] getdata.php - EncData length=172 Hash length=64
[2026-03-16 08:59:37] getdata.php - EncData base64 decode length=128
[2026-03-16 08:59:37] getdata.php - Decrypt OK uname=FJKLMDHOGC cs=5e470ff763ed312b9ea951724732042f
[2026-03-16 08:59:37] getdata.php - Lib loaded name=libalone.so size=4376231
[2026-03-16 08:59:37] getdata.php - Response ready
[2026-03-16 09:01:18] getdata.php - Token param length=344
[2026-03-16 09:01:18] getdata.php - Base64 token decode length=258
[2026-03-16 09:01:18] getdata.php - EncData length=172 Hash length=64
[2026-03-16 09:01:18] getdata.php - EncData base64 decode length=128
[2026-03-16 09:01:18] getdata.php - Decrypt OK uname=FJKLMDHOGC cs=5e470ff763ed312b9ea951724732042f
[2026-03-16 09:01:18] getdata.php - Lib loaded name=libalone.so size=4376231
[2026-03-16 09:01:18] getdata.php - Response ready
[2026-03-16 09:02:54] getdata.php - Token param length=348
[2026-03-16 09:02:54] getdata.php - Base64 token decode length=261
[2026-03-16 09:02:54] getdata.php - EncData length=172 Hash length=64
[2026-03-16 09:02:54] getdata.php - EncData base64 decode length=128
[2026-03-16 09:02:54] getdata.php - Decrypt OK uname=FJKLMDHOGC cs=722723b640473ee5844786556534783d
[2026-03-16 09:02:54] getdata.php - Lib loaded name=libalone.so size=4376231
[2026-03-16 09:02:54] getdata.php - Response ready
[2026-03-16 09:26:47] getdata.php - Token param length=352
[2026-03-16 09:26:47] getdata.php - Base64 token decode length=264
[2026-03-16 09:26:47] getdata.php - EncData length=172 Hash length=64
[2026-03-16 09:26:47] getdata.php - EncData base64 decode length=128
[2026-03-16 09:26:47] getdata.php - Decrypt OK uname=FJKLMDHOGC cs=f96c31b09955378c812f6fc7ac52edaf
[2026-03-16 09:26:47] getdata.php - Lib loaded name=libalone.so size=4376231
[2026-03-16 09:26:47] getdata.php - Response ready
[2026-03-16 09:45:09] getdata.php - Token param length=348
[2026-03-16 09:45:09] getdata.php - Base64 token decode length=260
[2026-03-16 09:45:09] getdata.php - EncData length=172 Hash length=64
[2026-03-16 09:45:09] getdata.php - EncData base64 decode length=128
[2026-03-16 09:45:09] getdata.php - Decrypt OK uname=FJKLMDHOGC cs=843cfc8f188d30ea8a275ebdc36daa3b
[2026-03-16 09:45:09] getdata.php - Lib loaded name=libalone.so size=4376231
[2026-03-16 09:45:09] getdata.php - Response ready
[2026-03-16 09:46:27] getdata.php - Token param length=348
[2026-03-16 09:46:27] getdata.php - Base64 token decode length=260
[2026-03-16 09:46:27] getdata.php - EncData length=172 Hash length=64
[2026-03-16 09:46:27] getdata.php - EncData base64 decode length=128
[2026-03-16 09:46:27] getdata.php - Decrypt OK uname=FJKLMDHOGC cs=876f325fd6923307845b2d10ad05b080
[2026-03-16 09:46:27] getdata.php - Lib loaded name=libalone.so size=4376231
[2026-03-16 09:46:27] getdata.php - Response ready
[2026-03-16 09:47:27] getdata.php - Token param length=348
[2026-03-16 09:47:27] getdata.php - Base64 token decode length=261
[2026-03-16 09:47:27] getdata.php - EncData length=172 Hash length=64
[2026-03-16 09:47:27] getdata.php - EncData base64 decode length=128
[2026-03-16 09:47:27] getdata.php - Decrypt OK uname=FJKLMDHOGC cs=876f325fd6923307845b2d10ad05b080
[2026-03-16 09:47:27] getdata.php - Lib loaded name=libalone.so size=4376231
[2026-03-16 09:47:27] getdata.php - Response ready
[2026-03-16 09:48:37] getdata.php - Token param length=348
[2026-03-16 09:48:37] getdata.php - Base64 token decode length=261
[2026-03-16 09:48:37] getdata.php - EncData length=172 Hash length=64
[2026-03-16 09:48:37] getdata.php - EncData base64 decode length=128
[2026-03-16 09:48:37] getdata.php - Decrypt OK uname=FJKLMDHOGC cs=876f325fd6923307845b2d10ad05b080
[2026-03-16 09:48:37] getdata.php - Lib loaded name=libalone.so size=4376231
[2026-03-16 09:48:37] getdata.php - Response ready
[2026-03-16 09:49:23] getdata.php - Token param length=348
[2026-03-16 09:49:23] getdata.php - Base64 token decode length=259
[2026-03-16 09:49:23] getdata.php - EncData length=172 Hash length=64
[2026-03-16 09:49:23] getdata.php - EncData base64 decode length=128
[2026-03-16 09:49:23] getdata.php - Decrypt OK uname=FJKLMDHOGC cs=843cfc8f188d30ea8a275ebdc36daa3b
[2026-03-16 09:49:23] getdata.php - Lib loaded name=libalone.so size=4376231
[2026-03-16 09:49:23] getdata.php - Response ready
[2026-03-16 10:11:09] getdata.php - Token param length=348
[2026-03-16 10:11:09] getdata.php - Base64 token decode length=259
[2026-03-16 10:11:09] getdata.php - EncData length=172 Hash length=64
[2026-03-16 10:11:09] getdata.php - EncData base64 decode length=128
[2026-03-16 10:11:09] getdata.php - Decrypt OK uname=FJKLMDHOGC cs=876f325fd6923307845b2d10ad05b080
[2026-03-16 10:11:09] getdata.php - Lib loaded name=libalone.so size=4376231
[2026-03-16 10:11:09] getdata.php - Response ready
[2026-03-16 10:24:58] getdata.php - Token param length=352
[2026-03-16 10:24:58] getdata.php - Base64 token decode length=262
[2026-03-16 10:24:58] getdata.php - EncData length=172 Hash length=64
[2026-03-16 10:24:58] getdata.php - EncData base64 decode length=128
[2026-03-16 10:24:58] getdata.php - Decrypt OK uname=FJKLMDHOGC cs=41db87bad6323126972c15a89b025cc0
[2026-03-16 10:24:58] getdata.php - Lib loaded name=libalone.so size=4376231
[2026-03-16 10:24:58] getdata.php - Response ready
[2026-03-16 10:25:28] getdata.php - Token param length=352
[2026-03-16 10:25:28] getdata.php - Base64 token decode length=263
[2026-03-16 10:25:28] getdata.php - EncData length=172 Hash length=64
[2026-03-16 10:25:28] getdata.php - EncData base64 decode length=128
[2026-03-16 10:25:28] getdata.php - Decrypt OK uname=FJKLMDHOGC cs=41db87bad6323126972c15a89b025cc0
[2026-03-16 10:25:28] getdata.php - Lib loaded name=libalone.so size=4376231
[2026-03-16 10:25:28] getdata.php - Response ready
[2026-03-16 10:27:26] getdata.php - Token param length=348
[2026-03-16 10:27:26] getdata.php - Base64 token decode length=260
[2026-03-16 10:27:26] getdata.php - EncData length=172 Hash length=64
[2026-03-16 10:27:26] getdata.php - EncData base64 decode length=128
[2026-03-16 10:27:26] getdata.php - Decrypt OK uname=FJKLMDHOGC cs=41db87bad6323126972c15a89b025cc0
[2026-03-16 10:27:26] getdata.php - Lib loaded name=libalone.so size=4376231
[2026-03-16 10:27:26] getdata.php - Response ready
[2026-03-16 10:29:49] getdata.php - Token param length=352
[2026-03-16 10:29:49] getdata.php - Base64 token decode length=262
[2026-03-16 10:29:49] getdata.php - EncData length=172 Hash length=64
[2026-03-16 10:29:49] getdata.php - EncData base64 decode length=128
[2026-03-16 10:29:49] getdata.php - Decrypt OK uname=FJKLMDHOGC cs=876f325fd6923307845b2d10ad05b080
[2026-03-16 10:29:49] getdata.php - Lib loaded name=libalone.so size=4376231
[2026-03-16 10:29:49] getdata.php - Response ready
[2026-03-16 10:31:00] getdata.php - Token param length=348
[2026-03-16 10:31:00] getdata.php - Base64 token decode length=261
[2026-03-16 10:31:00] getdata.php - EncData length=172 Hash length=64
[2026-03-16 10:31:00] getdata.php - EncData base64 decode length=128
[2026-03-16 10:31:00] getdata.php - Decrypt OK uname=FJKLMDHOGC cs=876f325fd6923307845b2d10ad05b080
[2026-03-16 10:31:00] getdata.php - Lib loaded name=libalone.so size=4376231
[2026-03-16 10:31:00] getdata.php - Response ready
[2026-03-16 11:11:06] getdata.php - Token param length=348
[2026-03-16 11:11:06] getdata.php - Base64 token decode length=261
[2026-03-16 11:11:06] getdata.php - EncData length=172 Hash length=64
[2026-03-16 11:11:06] getdata.php - EncData base64 decode length=128
[2026-03-16 11:11:06] getdata.php - Decrypt OK uname=FJKLMDHOGC cs=732d3fd8a1383d9bb22e35c9ff6eaaf9
[2026-03-16 11:11:06] getdata.php - Lib loaded name=libalone.so size=4376231
[2026-03-16 11:11:06] getdata.php - Response ready
[2026-03-16 11:37:35] getdata.php - Token param length=348
[2026-03-16 11:37:35] getdata.php - Base64 token decode length=261
[2026-03-16 11:37:35] getdata.php - EncData length=172 Hash length=64
[2026-03-16 11:37:35] getdata.php - EncData base64 decode length=128
[2026-03-16 11:37:35] getdata.php - Decrypt OK uname=FJKLMDHOGC cs=732d3fd8a1383d9bb22e35c9ff6eaaf9
[2026-03-16 11:37:35] getdata.php - Lib loaded name=libalone.so size=4376231
[2026-03-16 11:37:35] getdata.php - Response ready
[2026-03-16 11:38:34] getdata.php - Token param length=348
[2026-03-16 11:38:34] getdata.php - Base64 token decode length=260
[2026-03-16 11:38:34] getdata.php - EncData length=172 Hash length=64
[2026-03-16 11:38:34] getdata.php - EncData base64 decode length=128
[2026-03-16 11:38:34] getdata.php - Decrypt OK uname=FJKLMDHOGC cs=0d1e279a6bc33d38b91b9a7ac1d0e892
[2026-03-16 11:38:34] getdata.php - Lib loaded name=libalone.so size=4376231
[2026-03-16 11:38:34] getdata.php - Response ready
[2026-03-16 11:39:33] getdata.php - Token param length=344
[2026-03-16 11:39:33] getdata.php - Base64 token decode length=258
[2026-03-16 11:39:33] getdata.php - EncData length=172 Hash length=64
[2026-03-16 11:39:33] getdata.php - EncData base64 decode length=128
[2026-03-16 11:39:33] getdata.php - Decrypt OK uname=FJKLMDHOGC cs=732d3fd8a1383d9bb22e35c9ff6eaaf9
[2026-03-16 11:39:33] getdata.php - Lib loaded name=libalone.so size=4376231
[2026-03-16 11:39:33] getdata.php - Response ready
[2026-03-16 11:40:43] getdata.php - Token param length=348
[2026-03-16 11:40:43] getdata.php - Base64 token decode length=261
[2026-03-16 11:40:43] getdata.php - EncData length=172 Hash length=64
[2026-03-16 11:40:43] getdata.php - EncData base64 decode length=128
[2026-03-16 11:40:43] getdata.php - Decrypt OK uname=FJKLMDHOGC cs=0d1e279a6bc33d38b91b9a7ac1d0e892
[2026-03-16 11:40:43] getdata.php - Lib loaded name=libalone.so size=4376231
[2026-03-16 11:40:43] getdata.php - Response ready
[2026-03-16 11:41:28] getdata.php - Token param length=348
[2026-03-16 11:41:28] getdata.php - Base64 token decode length=260
[2026-03-16 11:41:28] getdata.php - EncData length=172 Hash length=64
[2026-03-16 11:41:28] getdata.php - EncData base64 decode length=128
[2026-03-16 11:41:28] getdata.php - Decrypt OK uname=FJKLMDHOGC cs=732d3fd8a1383d9bb22e35c9ff6eaaf9
[2026-03-16 11:41:28] getdata.php - Lib loaded name=libalone.so size=4376231
[2026-03-16 11:41:28] getdata.php - Response ready
[2026-03-16 11:41:32] getdata.php - Token param length=348
[2026-03-16 11:41:32] getdata.php - Base64 token decode length=259
[2026-03-16 11:41:32] getdata.php - EncData length=172 Hash length=64
[2026-03-16 11:41:32] getdata.php - EncData base64 decode length=128
[2026-03-16 11:41:32] getdata.php - Decrypt OK uname=FJKLMDHOGC cs=0d1e279a6bc33d38b91b9a7ac1d0e892
[2026-03-16 11:41:32] getdata.php - Lib loaded name=libalone.so size=4376231
[2026-03-16 11:41:32] getdata.php - Response ready
[2026-03-16 11:42:33] getdata.php - Token param length=344
[2026-03-16 11:42:33] getdata.php - Base64 token decode length=258
[2026-03-16 11:42:33] getdata.php - EncData length=172 Hash length=64
[2026-03-16 11:42:33] getdata.php - EncData base64 decode length=128
[2026-03-16 11:42:33] getdata.php - Decrypt OK uname=FJKLMDHOGC cs=732d3fd8a1383d9bb22e35c9ff6eaaf9
[2026-03-16 11:42:33] getdata.php - Lib loaded name=libalone.so size=4376231
[2026-03-16 11:42:33] getdata.php - Response ready
[2026-03-16 11:42:43] getdata.php - Token param length=348
[2026-03-16 11:42:43] getdata.php - Base64 token decode length=260
[2026-03-16 11:42:43] getdata.php - EncData length=172 Hash length=64
[2026-03-16 11:42:43] getdata.php - EncData base64 decode length=128
[2026-03-16 11:42:43] getdata.php - Decrypt OK uname=FJKLMDHOGC cs=732d3fd8a1383d9bb22e35c9ff6eaaf9
[2026-03-16 11:42:43] getdata.php - Lib loaded name=libalone.so size=4376231
[2026-03-16 11:42:43] getdata.php - Response ready
[2026-03-16 11:43:10] getdata.php - Token param length=344
[2026-03-16 11:43:10] getdata.php - Base64 token decode length=258
[2026-03-16 11:43:10] getdata.php - EncData length=172 Hash length=64
[2026-03-16 11:43:10] getdata.php - EncData base64 decode length=128
[2026-03-16 11:43:10] getdata.php - Decrypt OK uname=FJKLMDHOGC cs=732d3fd8a1383d9bb22e35c9ff6eaaf9
[2026-03-16 11:43:10] getdata.php - Lib loaded name=libalone.so size=4376231
[2026-03-16 11:43:10] getdata.php - Response ready
[2026-03-16 11:44:25] getdata.php - Token param length=348
[2026-03-16 11:44:25] getdata.php - Base64 token decode length=260
[2026-03-16 11:44:25] getdata.php - EncData length=172 Hash length=64
[2026-03-16 11:44:25] getdata.php - EncData base64 decode length=128
[2026-03-16 11:44:25] getdata.php - Decrypt OK uname=FJKLMDHOGC cs=732d3fd8a1383d9bb22e35c9ff6eaaf9
[2026-03-16 11:44:25] getdata.php - Lib loaded name=libalone.so size=4376231
[2026-03-16 11:44:25] getdata.php - Response ready
[2026-03-16 11:49:25] getdata.php - Token param length=348
[2026-03-16 11:49:25] getdata.php - Base64 token decode length=259
[2026-03-16 11:49:25] getdata.php - EncData length=172 Hash length=64
[2026-03-16 11:49:25] getdata.php - EncData base64 decode length=128
[2026-03-16 11:49:25] getdata.php - Decrypt OK uname=FJKLMDHOGC cs=732d3fd8a1383d9bb22e35c9ff6eaaf9
[2026-03-16 11:49:25] getdata.php - Lib loaded name=libalone.so size=4376231
[2026-03-16 11:49:25] getdata.php - Response ready
[2026-03-16 11:49:55] getdata.php - Token param length=348
[2026-03-16 11:49:55] getdata.php - Base64 token decode length=261
[2026-03-16 11:49:55] getdata.php - EncData length=172 Hash length=64
[2026-03-16 11:49:55] getdata.php - EncData base64 decode length=128
[2026-03-16 11:49:55] getdata.php - Decrypt OK uname=FJKLMDHOGC cs=732d3fd8a1383d9bb22e35c9ff6eaaf9
[2026-03-16 11:49:55] getdata.php - Lib loaded name=libalone.so size=4376231
[2026-03-16 11:49:55] getdata.php - Response ready
[2026-03-16 12:16:38] getdata.php - Token param length=348
[2026-03-16 12:16:38] getdata.php - Base64 token decode length=260
[2026-03-16 12:16:38] getdata.php - EncData length=172 Hash length=64
[2026-03-16 12:16:38] getdata.php - EncData base64 decode length=128
[2026-03-16 12:16:38] getdata.php - Decrypt OK uname=FJKLMDHOGC cs=91bce5ab76443795aed03ff340e81cca
[2026-03-16 12:16:38] getdata.php - Lib loaded name=libalone.so size=4376231
[2026-03-16 12:16:38] getdata.php - Response ready
[2026-03-16 12:16:48] getdata.php - Token param length=344
[2026-03-16 12:16:48] getdata.php - Base64 token decode length=258
[2026-03-16 12:16:48] getdata.php - EncData length=172 Hash length=64
[2026-03-16 12:16:48] getdata.php - EncData base64 decode length=128
[2026-03-16 12:16:48] getdata.php - Decrypt OK uname=FJKLMDHOGC cs=91bce5ab76443795aed03ff340e81cca
[2026-03-16 12:16:48] getdata.php - Lib loaded name=libalone.so size=4376231
[2026-03-16 12:16:48] getdata.php - Response ready
[2026-03-16 12:18:14] getdata.php - Token param length=344
[2026-03-16 12:18:14] getdata.php - Base64 token decode length=257
[2026-03-16 12:18:14] getdata.php - EncData length=172 Hash length=64
[2026-03-16 12:18:14] getdata.php - EncData base64 decode length=128
[2026-03-16 12:18:14] getdata.php - Decrypt OK uname=FJKLMDHOGC cs=91bce5ab76443795aed03ff340e81cca
[2026-03-16 12:18:14] getdata.php - Lib loaded name=libalone.so size=4376231
[2026-03-16 12:18:14] getdata.php - Response ready
[2026-03-16 12:19:10] getdata.php - Token param length=348
[2026-03-16 12:19:10] getdata.php - Base64 token decode length=260
[2026-03-16 12:19:10] getdata.php - EncData length=172 Hash length=64
[2026-03-16 12:19:10] getdata.php - EncData base64 decode length=128
[2026-03-16 12:19:10] getdata.php - Decrypt OK uname=FJKLMDHOGC cs=91bce5ab76443795aed03ff340e81cca
[2026-03-16 12:19:10] getdata.php - Lib loaded name=libalone.so size=4376231
[2026-03-16 12:19:10] getdata.php - Response ready
[2026-03-16 12:22:37] getdata.php - Token param length=352
[2026-03-16 12:22:37] getdata.php - Base64 token decode length=263
[2026-03-16 12:22:37] getdata.php - EncData length=172 Hash length=64
[2026-03-16 12:22:37] getdata.php - EncData base64 decode length=128
[2026-03-16 12:22:37] getdata.php - Decrypt OK uname=FJKLMDHOGC cs=e8d89d33a71c3c5eba09b14a9f481386
[2026-03-16 12:22:37] getdata.php - Lib loaded name=libalone.so size=4376231
[2026-03-16 12:22:37] getdata.php - Response ready
[2026-03-16 13:47:37] getdata.php - Token param length=352
[2026-03-16 13:47:37] getdata.php - Base64 token decode length=262
[2026-03-16 13:47:37] getdata.php - EncData length=172 Hash length=64
[2026-03-16 13:47:37] getdata.php - EncData base64 decode length=128
[2026-03-16 13:47:37] getdata.php - Decrypt OK uname=FJKLMDHOGC cs=e4a92e7985bb3196b5130ed8d0df5283
[2026-03-16 13:47:37] getdata.php - Lib loaded name=libalone.so size=4376231
[2026-03-16 13:47:37] getdata.php - Response ready
[2026-03-16 13:49:58] getdata.php - Token param length=352
[2026-03-16 13:49:58] getdata.php - Base64 token decode length=262
[2026-03-16 13:49:58] getdata.php - EncData length=172 Hash length=64
[2026-03-16 13:49:58] getdata.php - EncData base64 decode length=128
[2026-03-16 13:49:58] getdata.php - Decrypt OK uname=FJKLMDHOGC cs=e4a92e7985bb3196b5130ed8d0df5283
[2026-03-16 13:49:58] getdata.php - Lib loaded name=libalone.so size=4376231
[2026-03-16 13:49:58] getdata.php - Response ready
[2026-03-16 13:51:29] getdata.php - Token param length=348
[2026-03-16 13:51:29] getdata.php - Base64 token decode length=260
[2026-03-16 13:51:29] getdata.php - EncData length=172 Hash length=64
[2026-03-16 13:51:29] getdata.php - EncData base64 decode length=128
[2026-03-16 13:51:29] getdata.php - Decrypt OK uname=FJKLMDHOGC cs=82105c45678a3a7ea2d1181c75a8edba
[2026-03-16 13:51:29] getdata.php - Lib loaded name=libalone.so size=4376231
[2026-03-16 13:51:29] getdata.php - Response ready
[2026-03-16 15:00:19] getdata.php - Token param length=344
[2026-03-16 15:00:19] getdata.php - Base64 token decode length=258
[2026-03-16 15:00:19] getdata.php - EncData length=172 Hash length=64
[2026-03-16 15:00:19] getdata.php - EncData base64 decode length=128
[2026-03-16 15:00:19] getdata.php - Decrypt OK uname=FJKLMDHOGC cs=d0fd212eb3cf3bc6870505a0ea456dd8
[2026-03-16 15:00:19] getdata.php - Lib loaded name=libalone.so size=4376231
[2026-03-16 15:00:19] getdata.php - Response ready
[2026-03-16 15:00:20] getdata.php - Token param length=348
[2026-03-16 15:00:20] getdata.php - Base64 token decode length=260
[2026-03-16 15:00:20] getdata.php - EncData length=172 Hash length=64
[2026-03-16 15:00:20] getdata.php - EncData base64 decode length=128
[2026-03-16 15:00:20] getdata.php - Decrypt OK uname=FJKLMDHOGC cs=dd632312051236edb912acd28b5906ea
[2026-03-16 15:00:20] getdata.php - Lib loaded name=libalone.so size=4376231
[2026-03-16 15:00:20] getdata.php - Response ready
[2026-03-16 15:03:26] getdata.php - Token param length=344
[2026-03-16 15:03:26] getdata.php - Base64 token decode length=258
[2026-03-16 15:03:26] getdata.php - EncData length=172 Hash length=64
[2026-03-16 15:03:26] getdata.php - EncData base64 decode length=128
[2026-03-16 15:03:26] getdata.php - Decrypt OK uname=FJKLMDHOGC cs=d0e6d2f3c79837ab9dfd5a78c4c56330
[2026-03-16 15:03:26] getdata.php - Lib loaded name=libalone.so size=4376231
[2026-03-16 15:03:26] getdata.php - Response ready
[2026-03-16 15:07:49] getdata.php - Token param length=344
[2026-03-16 15:07:49] getdata.php - Base64 token decode length=258
[2026-03-16 15:07:49] getdata.php - EncData length=172 Hash length=64
[2026-03-16 15:07:49] getdata.php - EncData base64 decode length=128
[2026-03-16 15:07:49] getdata.php - Decrypt OK uname=FJKLMDHOGC cs=1b025a451d4c321ebb5bd910557cd781
[2026-03-16 15:07:49] getdata.php - Lib loaded name=libalone.so size=4376231
[2026-03-16 15:07:49] getdata.php - Response ready
[2026-03-16 15:11:56] getdata.php - Token param length=348
[2026-03-16 15:11:56] getdata.php - Base64 token decode length=259
[2026-03-16 15:11:56] getdata.php - EncData length=172 Hash length=64
[2026-03-16 15:11:56] getdata.php - EncData base64 decode length=128
[2026-03-16 15:11:56] getdata.php - Decrypt OK uname=FJKLMDHOGC cs=1b025a451d4c321ebb5bd910557cd781
[2026-03-16 15:11:56] getdata.php - Lib loaded name=libalone.so size=4376231
[2026-03-16 15:11:56] getdata.php - Response ready
[2026-03-16 15:17:53] getdata.php - Token param length=348
[2026-03-16 15:17:53] getdata.php - Base64 token decode length=261
[2026-03-16 15:17:53] getdata.php - EncData length=172 Hash length=64
[2026-03-16 15:17:53] getdata.php - EncData base64 decode length=128
[2026-03-16 15:17:53] getdata.php - Decrypt OK uname=FJKLMDHOGC cs=1b025a451d4c321ebb5bd910557cd781
[2026-03-16 15:17:53] getdata.php - Lib loaded name=libalone.so size=4376231
[2026-03-16 15:17:53] getdata.php - Response ready
[2026-03-16 15:28:13] getdata.php - Token param length=348
[2026-03-16 15:28:13] getdata.php - Base64 token decode length=259
[2026-03-16 15:28:13] getdata.php - EncData length=172 Hash length=64
[2026-03-16 15:28:13] getdata.php - EncData base64 decode length=128
[2026-03-16 15:28:13] getdata.php - Decrypt OK uname=FJKLMDHOGC cs=1b025a451d4c321ebb5bd910557cd781
[2026-03-16 15:28:13] getdata.php - Lib loaded name=libalone.so size=4376231
[2026-03-16 15:28:13] getdata.php - Response ready
[2026-03-16 15:55:43] getdata.php - Token param length=344
[2026-03-16 15:55:43] getdata.php - Base64 token decode length=258
[2026-03-16 15:55:43] getdata.php - EncData length=172 Hash length=64
[2026-03-16 15:55:43] getdata.php - EncData base64 decode length=128
[2026-03-16 15:55:43] getdata.php - Decrypt OK uname=FJKLMDHOGC cs=7b93b9f51519391990cc42084d9a5871
[2026-03-16 15:55:43] getdata.php - Lib loaded name=libalone.so size=4376231
[2026-03-16 15:55:43] getdata.php - Response ready
[2026-03-16 16:07:29] getdata.php - Token param length=348
[2026-03-16 16:07:29] getdata.php - Base64 token decode length=261
[2026-03-16 16:07:29] getdata.php - EncData length=172 Hash length=64
[2026-03-16 16:07:29] getdata.php - EncData base64 decode length=128
[2026-03-16 16:07:29] getdata.php - Decrypt OK uname=FJKLMDHOGC cs=c214f8f308e6376da10d71a06cf40fdb
[2026-03-16 16:07:30] getdata.php - Lib loaded name=libalone.so size=4376231
[2026-03-16 16:07:30] getdata.php - Response ready
[2026-03-16 16:30:59] getdata.php - Token param length=348
[2026-03-16 16:30:59] getdata.php - Base64 token decode length=259
[2026-03-16 16:30:59] getdata.php - EncData length=172 Hash length=64
[2026-03-16 16:30:59] getdata.php - EncData base64 decode length=128
[2026-03-16 16:30:59] getdata.php - Decrypt OK uname=FJKLMDHOGC cs=365069347de83f69b25a0340a02fa6d2
[2026-03-16 16:30:59] getdata.php - Lib loaded name=libalone.so size=4376231
[2026-03-16 16:30:59] getdata.php - Response ready
[2026-03-16 16:31:44] getdata.php - Token param length=348
[2026-03-16 16:31:44] getdata.php - Base64 token decode length=260
[2026-03-16 16:31:44] getdata.php - EncData length=172 Hash length=64
[2026-03-16 16:31:44] getdata.php - EncData base64 decode length=128
[2026-03-16 16:31:44] getdata.php - Decrypt OK uname=FJKLMDHOGC cs=cd2a9d0d4bef35fc885f0f0861b89283
[2026-03-16 16:31:44] getdata.php - Lib loaded name=libalone.so size=4376231
[2026-03-16 16:31:44] getdata.php - Response ready
[2026-03-16 16:32:37] getdata.php - Token param length=348
[2026-03-16 16:32:37] getdata.php - Base64 token decode length=259
[2026-03-16 16:32:37] getdata.php - EncData length=172 Hash length=64
[2026-03-16 16:32:37] getdata.php - EncData base64 decode length=128
[2026-03-16 16:32:37] getdata.php - Decrypt OK uname=FJKLMDHOGC cs=cd2a9d0d4bef35fc885f0f0861b89283
[2026-03-16 16:32:37] getdata.php - Lib loaded name=libalone.so size=4376231
[2026-03-16 16:32:37] getdata.php - Response ready
[2026-03-16 16:39:29] getdata.php - Token param length=348
[2026-03-16 16:39:29] getdata.php - Base64 token decode length=259
[2026-03-16 16:39:29] getdata.php - EncData length=172 Hash length=64
[2026-03-16 16:39:29] getdata.php - EncData base64 decode length=128
[2026-03-16 16:39:29] getdata.php - Decrypt OK uname=FJKLMDHOGC cs=0fca721ed6ad3fa2bc7116cf15f4f6e5
[2026-03-16 16:39:29] getdata.php - Lib loaded name=libalone.so size=4376231
[2026-03-16 16:39:29] getdata.php - Response ready
[2026-03-16 16:55:24] getdata.php - Token param length=352
[2026-03-16 16:55:24] getdata.php - Base64 token decode length=262
[2026-03-16 16:55:24] getdata.php - EncData length=172 Hash length=64
[2026-03-16 16:55:24] getdata.php - EncData base64 decode length=128
[2026-03-16 16:55:24] getdata.php - Decrypt OK uname=FJKLMDHOGC cs=a58e79e2d7d43c4185bc705e1b674b5f
[2026-03-16 16:55:24] getdata.php - Lib loaded name=libalone.so size=4376231
[2026-03-16 16:55:24] getdata.php - Response ready
[2026-03-16 16:55:41] getdata.php - Token param length=348
[2026-03-16 16:55:41] getdata.php - Base64 token decode length=259
[2026-03-16 16:55:41] getdata.php - EncData length=172 Hash length=64
[2026-03-16 16:55:41] getdata.php - EncData base64 decode length=128
[2026-03-16 16:55:41] getdata.php - Decrypt OK uname=FJKLMDHOGC cs=9f685cc8ff17344abd1f5e3d1367c582
[2026-03-16 16:55:41] getdata.php - Lib loaded name=libalone.so size=4376231
[2026-03-16 16:55:41] getdata.php - Response ready
[2026-03-16 16:56:40] getdata.php - Token param length=348
[2026-03-16 16:56:40] getdata.php - Base64 token decode length=259
[2026-03-16 16:56:40] getdata.php - EncData length=172 Hash length=64
[2026-03-16 16:56:40] getdata.php - EncData base64 decode length=128
[2026-03-16 16:56:40] getdata.php - Decrypt OK uname=FJKLMDHOGC cs=a58e79e2d7d43c4185bc705e1b674b5f
[2026-03-16 16:56:40] getdata.php - Lib loaded name=libalone.so size=4376231
[2026-03-16 16:56:40] getdata.php - Response ready
[2026-03-16 16:56:49] getdata.php - Token param length=348
[2026-03-16 16:56:49] getdata.php - Base64 token decode length=259
[2026-03-16 16:56:49] getdata.php - EncData length=172 Hash length=64
[2026-03-16 16:56:49] getdata.php - EncData base64 decode length=128
[2026-03-16 16:56:49] getdata.php - Decrypt OK uname=FJKLMDHOGC cs=a58e79e2d7d43c4185bc705e1b674b5f
[2026-03-16 16:56:50] getdata.php - Lib loaded name=libalone.so size=4376231
[2026-03-16 16:56:50] getdata.php - Response ready
[2026-03-16 16:59:12] getdata.php - Token param length=348
[2026-03-16 16:59:12] getdata.php - Base64 token decode length=260
[2026-03-16 16:59:12] getdata.php - EncData length=172 Hash length=64
[2026-03-16 16:59:12] getdata.php - EncData base64 decode length=128
[2026-03-16 16:59:12] getdata.php - Decrypt OK uname=FJKLMDHOGC cs=9f685cc8ff17344abd1f5e3d1367c582
[2026-03-16 16:59:12] getdata.php - Lib loaded name=libalone.so size=4376231
[2026-03-16 16:59:12] getdata.php - Response ready
[2026-03-16 17:03:20] getdata.php - Token param length=348
[2026-03-16 17:03:20] getdata.php - Base64 token decode length=259
[2026-03-16 17:03:20] getdata.php - EncData length=172 Hash length=64
[2026-03-16 17:03:20] getdata.php - EncData base64 decode length=128
[2026-03-16 17:03:20] getdata.php - Decrypt OK uname=FJKLMDHOGC cs=9f685cc8ff17344abd1f5e3d1367c582
[2026-03-16 17:03:20] getdata.php - Lib loaded name=libalone.so size=4376231
[2026-03-16 17:03:20] getdata.php - Response ready
[2026-03-16 17:04:33] getdata.php - Token param length=352
[2026-03-16 17:04:33] getdata.php - Base64 token decode length=263
[2026-03-16 17:04:33] getdata.php - EncData length=172 Hash length=64
[2026-03-16 17:04:33] getdata.php - EncData base64 decode length=128
[2026-03-16 17:04:33] getdata.php - Decrypt OK uname=FJKLMDHOGC cs=9f685cc8ff17344abd1f5e3d1367c582
[2026-03-16 17:04:33] getdata.php - Lib loaded name=libalone.so size=4376231
[2026-03-16 17:04:33] getdata.php - Response ready
[2026-03-16 18:35:14] getdata.php - Token param length=348
[2026-03-16 18:35:14] getdata.php - Base64 token decode length=259
[2026-03-16 18:35:14] getdata.php - EncData length=172 Hash length=64
[2026-03-16 18:35:14] getdata.php - EncData base64 decode length=128
[2026-03-16 18:35:14] getdata.php - Decrypt OK uname=FJKLMDHOGC cs=732d3fd8a1383d9bb22e35c9ff6eaaf9
[2026-03-16 18:35:14] getdata.php - Lib loaded name=libalone.so size=4376231
[2026-03-16 18:35:14] getdata.php - Response ready
[2026-03-16 18:35:36] getdata.php - Token param length=348
[2026-03-16 18:35:36] getdata.php - Base64 token decode length=259
[2026-03-16 18:35:36] getdata.php - EncData length=172 Hash length=64
[2026-03-16 18:35:36] getdata.php - EncData base64 decode length=128
[2026-03-16 18:35:36] getdata.php - Decrypt OK uname=FJKLMDHOGC cs=f46d897075bb309bb5fdd27884334ead
[2026-03-16 18:35:36] getdata.php - Lib loaded name=libalone.so size=4376231
[2026-03-16 18:35:36] getdata.php - Response ready
[2026-03-16 18:39:10] getdata.php - Token param length=348
[2026-03-16 18:39:10] getdata.php - Base64 token decode length=261
[2026-03-16 18:39:10] getdata.php - EncData length=172 Hash length=64
[2026-03-16 18:39:10] getdata.php - EncData base64 decode length=128
[2026-03-16 18:39:10] getdata.php - Decrypt OK uname=FJKLMDHOGC cs=732d3fd8a1383d9bb22e35c9ff6eaaf9
[2026-03-16 18:39:10] getdata.php - Lib loaded name=libalone.so size=4376231
[2026-03-16 18:39:10] getdata.php - Response ready
[2026-03-16 19:01:02] getdata.php - Token param length=352
[2026-03-16 19:01:02] getdata.php - Base64 token decode length=262
[2026-03-16 19:01:02] getdata.php - EncData length=172 Hash length=64
[2026-03-16 19:01:02] getdata.php - EncData base64 decode length=128
[2026-03-16 19:01:02] getdata.php - Decrypt OK uname=FJKLMDHOGC cs=732d3fd8a1383d9bb22e35c9ff6eaaf9
[2026-03-16 19:01:02] getdata.php - Lib loaded name=libalone.so size=4376231
[2026-03-16 19:01:02] getdata.php - Response ready
[2026-03-16 19:01:10] getdata.php - Token param length=348
[2026-03-16 19:01:10] getdata.php - Base64 token decode length=259
[2026-03-16 19:01:10] getdata.php - EncData length=172 Hash length=64
[2026-03-16 19:01:10] getdata.php - EncData base64 decode length=128
[2026-03-16 19:01:10] getdata.php - Decrypt OK uname=FJKLMDHOGC cs=732d3fd8a1383d9bb22e35c9ff6eaaf9
[2026-03-16 19:01:10] getdata.php - Lib loaded name=libalone.so size=4376231
[2026-03-16 19:01:10] getdata.php - Response ready
[2026-03-16 19:01:44] getdata.php - Token param length=348
[2026-03-16 19:01:44] getdata.php - Base64 token decode length=261
[2026-03-16 19:01:44] getdata.php - EncData length=172 Hash length=64
[2026-03-16 19:01:44] getdata.php - EncData base64 decode length=128
[2026-03-16 19:01:45] getdata.php - Decrypt OK uname=FJKLMDHOGC cs=732d3fd8a1383d9bb22e35c9ff6eaaf9
[2026-03-16 19:01:45] getdata.php - Lib loaded name=libalone.so size=4376231
[2026-03-16 19:01:45] getdata.php - Response ready
[2026-03-16 19:03:52] getdata.php - Token param length=352
[2026-03-16 19:03:52] getdata.php - Base64 token decode length=263
[2026-03-16 19:03:52] getdata.php - EncData length=172 Hash length=64
[2026-03-16 19:03:52] getdata.php - EncData base64 decode length=128
[2026-03-16 19:03:52] getdata.php - Decrypt OK uname=FJKLMDHOGC cs=732d3fd8a1383d9bb22e35c9ff6eaaf9
[2026-03-16 19:03:52] getdata.php - Lib loaded name=libalone.so size=4376231
[2026-03-16 19:03:52] getdata.php - Response ready
[2026-03-16 19:04:14] getdata.php - Token param length=348
[2026-03-16 19:04:14] getdata.php - Base64 token decode length=260
[2026-03-16 19:04:14] getdata.php - EncData length=172 Hash length=64
[2026-03-16 19:04:14] getdata.php - EncData base64 decode length=128
[2026-03-16 19:04:14] getdata.php - Decrypt OK uname=FJKLMDHOGC cs=732d3fd8a1383d9bb22e35c9ff6eaaf9
[2026-03-16 19:04:14] getdata.php - Lib loaded name=libalone.so size=4376231
[2026-03-16 19:04:14] getdata.php - Response ready
[2026-03-16 19:41:35] getdata.php - Token param length=344
[2026-03-16 19:41:35] getdata.php - Base64 token decode length=258
[2026-03-16 19:41:35] getdata.php - EncData length=172 Hash length=64
[2026-03-16 19:41:35] getdata.php - EncData base64 decode length=128
[2026-03-16 19:41:35] getdata.php - Decrypt OK uname=FJKLMDHOGC cs=fa9a9e1794f23ccb927a3ab5b45d6c12
[2026-03-16 19:41:35] getdata.php - Lib loaded name=libalone.so size=4376231
[2026-03-16 19:41:35] getdata.php - Response ready
[2026-03-16 19:43:35] getdata.php - Token param length=348
[2026-03-16 19:43:35] getdata.php - Base64 token decode length=259
[2026-03-16 19:43:35] getdata.php - EncData length=172 Hash length=64
[2026-03-16 19:43:35] getdata.php - EncData base64 decode length=128
[2026-03-16 19:43:35] getdata.php - Decrypt OK uname=FJKLMDHOGC cs=14e616d10d3734b0be857431a7eb7bf1
[2026-03-16 19:43:35] getdata.php - Lib loaded name=libalone.so size=4376231
[2026-03-16 19:43:35] getdata.php - Response ready
[2026-03-16 20:25:46] getdata.php - Token param length=348
[2026-03-16 20:25:46] getdata.php - Base64 token decode length=260
[2026-03-16 20:25:46] getdata.php - EncData length=172 Hash length=64
[2026-03-16 20:25:46] getdata.php - EncData base64 decode length=128
[2026-03-16 20:25:46] getdata.php - Decrypt OK uname=FJKLMDHOGC cs=599a5116a31d39ce9663dee2a07d4886
[2026-03-16 20:25:46] getdata.php - Lib loaded name=libalone.so size=4376231
[2026-03-16 20:25:46] getdata.php - Response ready
[2026-03-16 20:40:31] getdata.php - Token param length=348
[2026-03-16 20:40:31] getdata.php - Base64 token decode length=259
[2026-03-16 20:40:31] getdata.php - EncData length=172 Hash length=64
[2026-03-16 20:40:31] getdata.php - EncData base64 decode length=128
[2026-03-16 20:40:31] getdata.php - Decrypt OK uname=FJKLMDHOGC cs=ce7506832c093015beab505fb19ad4f8
[2026-03-16 20:40:31] getdata.php - Lib loaded name=libalone.so size=4376231
[2026-03-16 20:40:31] getdata.php - Response ready
[2026-03-16 20:42:15] getdata.php - Token param length=348
[2026-03-16 20:42:15] getdata.php - Base64 token decode length=259
[2026-03-16 20:42:15] getdata.php - EncData length=172 Hash length=64
[2026-03-16 20:42:15] getdata.php - EncData base64 decode length=128
[2026-03-16 20:42:15] getdata.php - Decrypt OK uname=FJKLMDHOGC cs=ce7506832c093015beab505fb19ad4f8
[2026-03-16 20:42:15] getdata.php - Lib loaded name=libalone.so size=4376231
[2026-03-16 20:42:15] getdata.php - Response ready
[2026-03-16 20:45:44] getdata.php - Token param length=348
[2026-03-16 20:45:44] getdata.php - Base64 token decode length=259
[2026-03-16 20:45:44] getdata.php - EncData length=172 Hash length=64
[2026-03-16 20:45:44] getdata.php - EncData base64 decode length=128
[2026-03-16 20:45:44] getdata.php - Decrypt OK uname=FJKLMDHOGC cs=ce7506832c093015beab505fb19ad4f8
[2026-03-16 20:45:44] getdata.php - Lib loaded name=libalone.so size=4376231
[2026-03-16 20:45:44] getdata.php - Response ready
[2026-03-16 21:07:09] getdata.php - Token param length=348
[2026-03-16 21:07:09] getdata.php - Base64 token decode length=259
[2026-03-16 21:07:09] getdata.php - EncData length=172 Hash length=64
[2026-03-16 21:07:09] getdata.php - EncData base64 decode length=128
[2026-03-16 21:07:09] getdata.php - Decrypt OK uname=FJKLMDHOGC cs=64c9a6fd51b63518af71b619145db475
[2026-03-16 21:07:09] getdata.php - Lib loaded name=libalone.so size=4376231
[2026-03-16 21:07:09] getdata.php - Response ready
[2026-03-16 21:08:11] getdata.php - Token param length=348
[2026-03-16 21:08:11] getdata.php - Base64 token decode length=261
[2026-03-16 21:08:11] getdata.php - EncData length=172 Hash length=64
[2026-03-16 21:08:11] getdata.php - EncData base64 decode length=128
[2026-03-16 21:08:11] getdata.php - Decrypt OK uname=FJKLMDHOGC cs=14e616d10d3734b0be857431a7eb7bf1
[2026-03-16 21:08:11] getdata.php - Lib loaded name=libalone.so size=4376231
[2026-03-16 21:08:11] getdata.php - Response ready
[2026-03-16 21:13:42] getdata.php - Token param length=348
[2026-03-16 21:13:42] getdata.php - Base64 token decode length=259
[2026-03-16 21:13:42] getdata.php - EncData length=172 Hash length=64
[2026-03-16 21:13:42] getdata.php - EncData base64 decode length=128
[2026-03-16 21:13:42] getdata.php - Decrypt OK uname=FJKLMDHOGC cs=14e616d10d3734b0be857431a7eb7bf1
[2026-03-16 21:13:42] getdata.php - Lib loaded name=libalone.so size=4376231
[2026-03-16 21:13:42] getdata.php - Response ready
[2026-03-16 21:14:24] getdata.php - Token param length=344
[2026-03-16 21:14:24] getdata.php - Base64 token decode length=258
[2026-03-16 21:14:24] getdata.php - EncData length=172 Hash length=64
[2026-03-16 21:14:24] getdata.php - EncData base64 decode length=128
[2026-03-16 21:14:24] getdata.php - Decrypt OK uname=FJKLMDHOGC cs=14e616d10d3734b0be857431a7eb7bf1
[2026-03-16 21:14:24] getdata.php - Lib loaded name=libalone.so size=4376231
[2026-03-16 21:14:24] getdata.php - Response ready
[2026-03-16 21:16:09] getdata.php - Token param length=348
[2026-03-16 21:16:09] getdata.php - Base64 token decode length=260
[2026-03-16 21:16:09] getdata.php - EncData length=172 Hash length=64
[2026-03-16 21:16:09] getdata.php - EncData base64 decode length=128
[2026-03-16 21:16:09] getdata.php - Decrypt OK uname=FJKLMDHOGC cs=14e616d10d3734b0be857431a7eb7bf1
[2026-03-16 21:16:09] getdata.php - Lib loaded name=libalone.so size=4376231
[2026-03-16 21:16:09] getdata.php - Response ready
[2026-03-16 21:18:45] getdata.php - Token param length=348
[2026-03-16 21:18:45] getdata.php - Base64 token decode length=260
[2026-03-16 21:18:45] getdata.php - EncData length=172 Hash length=64
[2026-03-16 21:18:45] getdata.php - EncData base64 decode length=128
[2026-03-16 21:18:45] getdata.php - Decrypt OK uname=FJKLMDHOGC cs=14e616d10d3734b0be857431a7eb7bf1
[2026-03-16 21:18:45] getdata.php - Lib loaded name=libalone.so size=4376231
[2026-03-16 21:18:45] getdata.php - Response ready
[2026-03-16 21:20:09] getdata.php - Token param length=348
[2026-03-16 21:20:09] getdata.php - Base64 token decode length=259
[2026-03-16 21:20:09] getdata.php - EncData length=172 Hash length=64
[2026-03-16 21:20:09] getdata.php - EncData base64 decode length=128
[2026-03-16 21:20:09] getdata.php - Decrypt OK uname=FJKLMDHOGC cs=14e616d10d3734b0be857431a7eb7bf1
[2026-03-16 21:20:09] getdata.php - Lib loaded name=libalone.so size=4376231
[2026-03-16 21:20:09] getdata.php - Response ready
[2026-03-16 21:41:49] getdata.php - Token param length=348
[2026-03-16 21:41:49] getdata.php - Base64 token decode length=260
[2026-03-16 21:41:49] getdata.php - EncData length=172 Hash length=64
[2026-03-16 21:41:49] getdata.php - EncData base64 decode length=128
[2026-03-16 21:41:49] getdata.php - Decrypt OK uname=FJKLMDHOGC cs=7ec39d4f62a23ffa945f8ce842a28b4c
[2026-03-16 21:41:49] getdata.php - Lib loaded name=libalone.so size=4376231
[2026-03-16 21:41:49] getdata.php - Response ready
[2026-03-16 21:42:36] getdata.php - Token param length=352
[2026-03-16 21:42:36] getdata.php - Base64 token decode length=262
[2026-03-16 21:42:36] getdata.php - EncData length=172 Hash length=64
[2026-03-16 21:42:36] getdata.php - EncData base64 decode length=128
[2026-03-16 21:42:36] getdata.php - Decrypt OK uname=FJKLMDHOGC cs=7ec39d4f62a23ffa945f8ce842a28b4c
[2026-03-16 21:42:36] getdata.php - Lib loaded name=libalone.so size=4376231
[2026-03-16 21:42:36] getdata.php - Response ready
[2026-03-16 21:43:20] getdata.php - Token param length=348
[2026-03-16 21:43:20] getdata.php - Base64 token decode length=259
[2026-03-16 21:43:20] getdata.php - EncData length=172 Hash length=64
[2026-03-16 21:43:20] getdata.php - EncData base64 decode length=128
[2026-03-16 21:43:20] getdata.php - Decrypt OK uname=FJKLMDHOGC cs=d4bd91b2f5fc3627a7826604c7f438c6
[2026-03-16 21:43:20] getdata.php - Lib loaded name=libalone.so size=4376231
[2026-03-16 21:43:20] getdata.php - Response ready
[2026-03-16 21:47:44] getdata.php - Token param length=348
[2026-03-16 21:47:44] getdata.php - Base64 token decode length=260
[2026-03-16 21:47:44] getdata.php - EncData length=172 Hash length=64
[2026-03-16 21:47:44] getdata.php - EncData base64 decode length=128
[2026-03-16 21:47:44] getdata.php - Decrypt OK uname=FJKLMDHOGC cs=14aade8c36643e0c8c0c1b033563782b
[2026-03-16 21:47:44] getdata.php - Lib loaded name=libalone.so size=4376231
[2026-03-16 21:47:44] getdata.php - Response ready
[2026-03-16 21:57:55] getdata.php - Token param length=348
[2026-03-16 21:57:55] getdata.php - Base64 token decode length=259
[2026-03-16 21:57:55] getdata.php - EncData length=172 Hash length=64
[2026-03-16 21:57:55] getdata.php - EncData base64 decode length=128
[2026-03-16 21:57:55] getdata.php - Decrypt OK uname=FJKLMDHOGC cs=14e616d10d3734b0be857431a7eb7bf1
[2026-03-16 21:57:55] getdata.php - Lib loaded name=libalone.so size=4376231
[2026-03-16 21:57:55] getdata.php - Response ready
[2026-03-16 21:58:48] getdata.php - Token param length=348
[2026-03-16 21:58:48] getdata.php - Base64 token decode length=260
[2026-03-16 21:58:48] getdata.php - EncData length=172 Hash length=64
[2026-03-16 21:58:48] getdata.php - EncData base64 decode length=128
[2026-03-16 21:58:48] getdata.php - Decrypt OK uname=FJKLMDHOGC cs=599a5116a31d39ce9663dee2a07d4886
[2026-03-16 21:58:48] getdata.php - Lib loaded name=libalone.so size=4376231
[2026-03-16 21:58:48] getdata.php - Response ready
[2026-03-16 22:03:22] getdata.php - Token param length=348
[2026-03-16 22:03:22] getdata.php - Base64 token decode length=260
[2026-03-16 22:03:22] getdata.php - EncData length=172 Hash length=64
[2026-03-16 22:03:22] getdata.php - EncData base64 decode length=128
[2026-03-16 22:03:22] getdata.php - Decrypt OK uname=FJKLMDHOGC cs=14e616d10d3734b0be857431a7eb7bf1
[2026-03-16 22:03:22] getdata.php - Lib loaded name=libalone.so size=4376231
[2026-03-16 22:03:22] getdata.php - Response ready
[2026-03-16 22:04:02] getdata.php - Token param length=348
[2026-03-16 22:04:02] getdata.php - Base64 token decode length=260
[2026-03-16 22:04:02] getdata.php - EncData length=172 Hash length=64
[2026-03-16 22:04:02] getdata.php - EncData base64 decode length=128
[2026-03-16 22:04:02] getdata.php - Decrypt OK uname=FJKLMDHOGC cs=14e616d10d3734b0be857431a7eb7bf1
[2026-03-16 22:04:02] getdata.php - Lib loaded name=libalone.so size=4376231
[2026-03-16 22:04:02] getdata.php - Response ready
[2026-03-16 22:04:08] getdata.php - Token param length=348
[2026-03-16 22:04:08] getdata.php - Base64 token decode length=260
[2026-03-16 22:04:08] getdata.php - EncData length=172 Hash length=64
[2026-03-16 22:04:08] getdata.php - EncData base64 decode length=128
[2026-03-16 22:04:08] getdata.php - Decrypt OK uname=FJKLMDHOGC cs=c5218ae46f643be2891263e49d98083b
[2026-03-16 22:04:08] getdata.php - Lib loaded name=libalone.so size=4376231
[2026-03-16 22:04:08] getdata.php - Response ready
[2026-03-16 22:08:56] getdata.php - Token param length=352
[2026-03-16 22:08:56] getdata.php - Base64 token decode length=262
[2026-03-16 22:08:56] getdata.php - EncData length=172 Hash length=64
[2026-03-16 22:08:56] getdata.php - EncData base64 decode length=128
[2026-03-16 22:08:56] getdata.php - Decrypt OK uname=FJKLMDHOGC cs=5b4780c9770b39bfb9425f952399d0fb
[2026-03-16 22:08:56] getdata.php - Lib loaded name=libalone.so size=4376231
[2026-03-16 22:08:56] getdata.php - Response ready
[2026-03-16 22:18:13] getdata.php - Token param length=348
[2026-03-16 22:18:13] getdata.php - Base64 token decode length=259
[2026-03-16 22:18:13] getdata.php - EncData length=172 Hash length=64
[2026-03-16 22:18:13] getdata.php - EncData base64 decode length=128
[2026-03-16 22:18:13] getdata.php - Decrypt OK uname=FJKLMDHOGC cs=64c5564e8b8a3a188b79884a960a192a
[2026-03-16 22:18:13] getdata.php - Lib loaded name=libalone.so size=4376231
[2026-03-16 22:18:13] getdata.php - Response ready
[2026-03-16 22:19:25] getdata.php - Token param length=348
[2026-03-16 22:19:25] getdata.php - Base64 token decode length=260
[2026-03-16 22:19:25] getdata.php - EncData length=172 Hash length=64
[2026-03-16 22:19:25] getdata.php - EncData base64 decode length=128
[2026-03-16 22:19:25] getdata.php - Decrypt OK uname=FJKLMDHOGC cs=64c5564e8b8a3a188b79884a960a192a
[2026-03-16 22:19:25] getdata.php - Lib loaded name=libalone.so size=4376231
[2026-03-16 22:19:25] getdata.php - Response ready
[2026-03-16 22:32:19] getdata.php - Token param length=344
[2026-03-16 22:32:19] getdata.php - Base64 token decode length=258
[2026-03-16 22:32:19] getdata.php - EncData length=172 Hash length=64
[2026-03-16 22:32:19] getdata.php - EncData base64 decode length=128
[2026-03-16 22:32:19] getdata.php - Decrypt OK uname=FJKLMDHOGC cs=722723b640473ee5844786556534783d
[2026-03-16 22:32:19] getdata.php - Lib loaded name=libalone.so size=4376231
[2026-03-16 22:32:19] getdata.php - Response ready
[2026-03-16 22:35:57] getdata.php - Token param length=348
[2026-03-16 22:35:57] getdata.php - Base64 token decode length=261
[2026-03-16 22:35:57] getdata.php - EncData length=172 Hash length=64
[2026-03-16 22:35:57] getdata.php - EncData base64 decode length=128
[2026-03-16 22:35:57] getdata.php - Decrypt OK uname=FJKLMDHOGC cs=722723b640473ee5844786556534783d
[2026-03-16 22:35:57] getdata.php - Lib loaded name=libalone.so size=4376231
[2026-03-16 22:35:57] getdata.php - Response ready
[2026-03-16 22:36:02] getdata.php - Token param length=348
[2026-03-16 22:36:02] getdata.php - Base64 token decode length=259
[2026-03-16 22:36:02] getdata.php - EncData length=172 Hash length=64
[2026-03-16 22:36:02] getdata.php - EncData base64 decode length=128
[2026-03-16 22:36:02] getdata.php - Decrypt OK uname=FJKLMDHOGC cs=3c0eed18ca48364d937c242ef66bf8b1
[2026-03-16 22:36:02] getdata.php - Lib loaded name=libalone.so size=4376231
[2026-03-16 22:36:02] getdata.php - Response ready
[2026-03-16 22:53:24] getdata.php - Token param length=348
[2026-03-16 22:53:24] getdata.php - Base64 token decode length=259
[2026-03-16 22:53:24] getdata.php - EncData length=172 Hash length=64
[2026-03-16 22:53:24] getdata.php - EncData base64 decode length=128
[2026-03-16 22:53:24] getdata.php - Decrypt OK uname=FJKLMDHOGC cs=722723b640473ee5844786556534783d
[2026-03-16 22:53:25] getdata.php - Lib loaded name=libalone.so size=4376231
[2026-03-16 22:53:25] getdata.php - Response ready
[2026-03-16 23:04:19] getdata.php - Token param length=344
[2026-03-16 23:04:19] getdata.php - Base64 token decode length=258
[2026-03-16 23:04:19] getdata.php - EncData length=172 Hash length=64
[2026-03-16 23:04:19] getdata.php - EncData base64 decode length=128
[2026-03-16 23:04:19] getdata.php - Decrypt OK uname=FJKLMDHOGC cs=c5218ae46f643be2891263e49d98083b
[2026-03-16 23:04:19] getdata.php - Lib loaded name=libalone.so size=4376231
[2026-03-16 23:04:19] getdata.php - Response ready
[2026-03-16 23:05:07] getdata.php - Token param length=352
[2026-03-16 23:05:07] getdata.php - Base64 token decode length=262
[2026-03-16 23:05:07] getdata.php - EncData length=172 Hash length=64
[2026-03-16 23:05:07] getdata.php - EncData base64 decode length=128
[2026-03-16 23:05:07] getdata.php - Decrypt OK uname=FJKLMDHOGC cs=c5218ae46f643be2891263e49d98083b
[2026-03-16 23:05:07] getdata.php - Lib loaded name=libalone.so size=4376231
[2026-03-16 23:05:07] getdata.php - Response ready
[2026-03-16 23:06:32] getdata.php - Token param length=348
[2026-03-16 23:06:32] getdata.php - Base64 token decode length=259
[2026-03-16 23:06:32] getdata.php - EncData length=172 Hash length=64
[2026-03-16 23:06:32] getdata.php - EncData base64 decode length=128
[2026-03-16 23:06:32] getdata.php - Decrypt OK uname=FJKLMDHOGC cs=c5218ae46f643be2891263e49d98083b
[2026-03-16 23:06:33] getdata.php - Lib loaded name=libalone.so size=4376231
[2026-03-16 23:06:33] getdata.php - Response ready
[2026-03-16 23:07:12] getdata.php - Token param length=348
[2026-03-16 23:07:12] getdata.php - Base64 token decode length=261
[2026-03-16 23:07:12] getdata.php - EncData length=172 Hash length=64
[2026-03-16 23:07:12] getdata.php - EncData base64 decode length=128
[2026-03-16 23:07:12] getdata.php - Decrypt OK uname=FJKLMDHOGC cs=c5218ae46f643be2891263e49d98083b
[2026-03-16 23:07:12] getdata.php - Lib loaded name=libalone.so size=4376231
[2026-03-16 23:07:12] getdata.php - Response ready
[2026-03-16 23:08:17] getdata.php - Token param length=352
[2026-03-16 23:08:17] getdata.php - Base64 token decode length=263
[2026-03-16 23:08:17] getdata.php - EncData length=172 Hash length=64
[2026-03-16 23:08:17] getdata.php - EncData base64 decode length=128
[2026-03-16 23:08:17] getdata.php - Decrypt OK uname=FJKLMDHOGC cs=c5218ae46f643be2891263e49d98083b
[2026-03-16 23:08:17] getdata.php - Lib loaded name=libalone.so size=4376231
[2026-03-16 23:08:17] getdata.php - Response ready
[2026-03-16 23:17:19] getdata.php - Token param length=348
[2026-03-16 23:17:19] getdata.php - Base64 token decode length=260
[2026-03-16 23:17:19] getdata.php - EncData length=172 Hash length=64
[2026-03-16 23:17:19] getdata.php - EncData base64 decode length=128
[2026-03-16 23:17:19] getdata.php - Decrypt OK uname=FJKLMDHOGC cs=3c0eed18ca48364d937c242ef66bf8b1
[2026-03-16 23:17:19] getdata.php - Lib loaded name=libalone.so size=4376231
[2026-03-16 23:17:19] getdata.php - Response ready
[2026-03-16 23:17:47] getdata.php - Token param length=344
[2026-03-16 23:17:47] getdata.php - Base64 token decode length=258
[2026-03-16 23:17:47] getdata.php - EncData length=172 Hash length=64
[2026-03-16 23:17:47] getdata.php - EncData base64 decode length=128
[2026-03-16 23:17:47] getdata.php - Decrypt OK uname=FJKLMDHOGC cs=3c0eed18ca48364d937c242ef66bf8b1
[2026-03-16 23:17:47] getdata.php - Lib loaded name=libalone.so size=4376231
[2026-03-16 23:17:47] getdata.php - Response ready
[2026-03-16 23:35:42] getdata.php - Token param length=344
[2026-03-16 23:35:42] getdata.php - Base64 token decode length=258
[2026-03-16 23:35:42] getdata.php - EncData length=172 Hash length=64
[2026-03-16 23:35:42] getdata.php - EncData base64 decode length=128
[2026-03-16 23:35:42] getdata.php - Decrypt OK uname=FJKLMDHOGC cs=5b9b670d288338dd86ab98d0cb0c07e7
[2026-03-16 23:35:42] getdata.php - Lib loaded name=libalone.so size=4376231
[2026-03-16 23:35:42] getdata.php - Response ready
[2026-03-16 23:47:09] getdata.php - Token param length=344
[2026-03-16 23:47:09] getdata.php - Base64 token decode length=257
[2026-03-16 23:47:09] getdata.php - EncData length=172 Hash length=64
[2026-03-16 23:47:09] getdata.php - EncData base64 decode length=128
[2026-03-16 23:47:09] getdata.php - Decrypt OK uname=FJKLMDHOGC cs=722723b640473ee5844786556534783d
[2026-03-16 23:47:09] getdata.php - Lib loaded name=libalone.so size=4376231
[2026-03-16 23:47:09] getdata.php - Response ready
[2026-03-17 00:07:08] getdata.php - Token param length=344
[2026-03-17 00:07:08] getdata.php - Base64 token decode length=258
[2026-03-17 00:07:08] getdata.php - EncData length=172 Hash length=64
[2026-03-17 00:07:08] getdata.php - EncData base64 decode length=128
[2026-03-17 00:07:08] getdata.php - Decrypt OK uname=FJKLMDHOGC cs=722723b640473ee5844786556534783d
[2026-03-17 00:07:08] getdata.php - Lib loaded name=libalone.so size=4376231
[2026-03-17 00:07:08] getdata.php - Response ready
[2026-03-17 00:11:14] getdata.php - Token param length=348
[2026-03-17 00:11:14] getdata.php - Base64 token decode length=260
[2026-03-17 00:11:14] getdata.php - EncData length=172 Hash length=64
[2026-03-17 00:11:14] getdata.php - EncData base64 decode length=128
[2026-03-17 00:11:14] getdata.php - Decrypt OK uname=FJKLMDHOGC cs=c5218ae46f643be2891263e49d98083b
[2026-03-17 00:11:14] getdata.php - Lib loaded name=libalone.so size=4376231
[2026-03-17 00:11:14] getdata.php - Response ready
[2026-03-17 00:19:04] getdata.php - Token param length=348
[2026-03-17 00:19:04] getdata.php - Base64 token decode length=260
[2026-03-17 00:19:04] getdata.php - EncData length=172 Hash length=64
[2026-03-17 00:19:04] getdata.php - EncData base64 decode length=128
[2026-03-17 00:19:04] getdata.php - Decrypt OK uname=FJKLMDHOGC cs=64c9a6fd51b63518af71b619145db475
[2026-03-17 00:19:04] getdata.php - Lib loaded name=libalone.so size=4376231
[2026-03-17 00:19:04] getdata.php - Response ready
[2026-03-17 00:19:18] getdata.php - Token param length=348
[2026-03-17 00:19:18] getdata.php - Base64 token decode length=261
[2026-03-17 00:19:18] getdata.php - EncData length=172 Hash length=64
[2026-03-17 00:19:18] getdata.php - EncData base64 decode length=128
[2026-03-17 00:19:18] getdata.php - Decrypt OK uname=FJKLMDHOGC cs=64c9a6fd51b63518af71b619145db475
[2026-03-17 00:19:18] getdata.php - Lib loaded name=libalone.so size=4376231
[2026-03-17 00:19:18] getdata.php - Response ready
[2026-03-17 01:08:59] getdata.php - Token param length=348
[2026-03-17 01:08:59] getdata.php - Base64 token decode length=260
[2026-03-17 01:08:59] getdata.php - EncData length=172 Hash length=64
[2026-03-17 01:08:59] getdata.php - EncData base64 decode length=128
[2026-03-17 01:08:59] getdata.php - Decrypt OK uname=FJKLMDHOGC cs=722723b640473ee5844786556534783d
[2026-03-17 01:08:59] getdata.php - Lib loaded name=libalone.so size=4376231
[2026-03-17 01:08:59] getdata.php - Response ready
[2026-03-17 01:52:45] getdata.php - Token param length=352
[2026-03-17 01:52:45] getdata.php - Base64 token decode length=262
[2026-03-17 01:52:45] getdata.php - EncData length=172 Hash length=64
[2026-03-17 01:52:45] getdata.php - EncData base64 decode length=128
[2026-03-17 01:52:45] getdata.php - Decrypt OK uname=FJKLMDHOGC cs=d8bf6276ecbe321e9f4e3951caaf89f8
[2026-03-17 01:52:45] getdata.php - Lib loaded name=libalone.so size=4376231
[2026-03-17 01:52:45] getdata.php - Response ready
[2026-03-17 01:53:14] getdata.php - Token param length=344
[2026-03-17 01:53:14] getdata.php - Base64 token decode length=258
[2026-03-17 01:53:14] getdata.php - EncData length=172 Hash length=64
[2026-03-17 01:53:14] getdata.php - EncData base64 decode length=128
[2026-03-17 01:53:14] getdata.php - Decrypt OK uname=FJKLMDHOGC cs=d8bf6276ecbe321e9f4e3951caaf89f8
[2026-03-17 01:53:14] getdata.php - Lib loaded name=libalone.so size=4376231
[2026-03-17 01:53:14] getdata.php - Response ready
[2026-03-17 01:53:50] getdata.php - Token param length=344
[2026-03-17 01:53:50] getdata.php - Base64 token decode length=257
[2026-03-17 01:53:50] getdata.php - EncData length=172 Hash length=64
[2026-03-17 01:53:50] getdata.php - EncData base64 decode length=128
[2026-03-17 01:53:50] getdata.php - Decrypt OK uname=FJKLMDHOGC cs=d8bf6276ecbe321e9f4e3951caaf89f8
[2026-03-17 01:53:50] getdata.php - Lib loaded name=libalone.so size=4376231
[2026-03-17 01:53:50] getdata.php - Response ready
[2026-03-17 02:01:18] getdata.php - Token param length=348
[2026-03-17 02:01:18] getdata.php - Base64 token decode length=259
[2026-03-17 02:01:18] getdata.php - EncData length=172 Hash length=64
[2026-03-17 02:01:18] getdata.php - EncData base64 decode length=128
[2026-03-17 02:01:18] getdata.php - Decrypt OK uname=FJKLMDHOGC cs=d8bf6276ecbe321e9f4e3951caaf89f8
[2026-03-17 02:01:18] getdata.php - Lib loaded name=libalone.so size=4376231
[2026-03-17 02:01:18] getdata.php - Response ready
[2026-03-17 02:02:19] getdata.php - Token param length=348
[2026-03-17 02:02:19] getdata.php - Base64 token decode length=261
[2026-03-17 02:02:19] getdata.php - EncData length=172 Hash length=64
[2026-03-17 02:02:19] getdata.php - EncData base64 decode length=128
[2026-03-17 02:02:19] getdata.php - Decrypt OK uname=FJKLMDHOGC cs=54c9769cde863bf99c6cff7744e1fdbf
[2026-03-17 02:02:19] getdata.php - Lib loaded name=libalone.so size=4376231
[2026-03-17 02:02:19] getdata.php - Response ready
[2026-03-17 02:02:57] getdata.php - Token param length=348
[2026-03-17 02:02:57] getdata.php - Base64 token decode length=260
[2026-03-17 02:02:57] getdata.php - EncData length=172 Hash length=64
[2026-03-17 02:02:57] getdata.php - EncData base64 decode length=128
[2026-03-17 02:02:57] getdata.php - Decrypt OK uname=FJKLMDHOGC cs=54c9769cde863bf99c6cff7744e1fdbf
[2026-03-17 02:02:57] getdata.php - Lib loaded name=libalone.so size=4376231
[2026-03-17 02:02:57] getdata.php - Response ready
[2026-03-17 02:03:35] getdata.php - Token param length=348
[2026-03-17 02:03:35] getdata.php - Base64 token decode length=259
[2026-03-17 02:03:35] getdata.php - EncData length=172 Hash length=64
[2026-03-17 02:03:35] getdata.php - EncData base64 decode length=128
[2026-03-17 02:03:35] getdata.php - Decrypt OK uname=FJKLMDHOGC cs=722723b640473ee5844786556534783d
[2026-03-17 02:03:35] getdata.php - Lib loaded name=libalone.so size=4376231
[2026-03-17 02:03:35] getdata.php - Response ready
[2026-03-17 02:04:45] getdata.php - Token param length=348
[2026-03-17 02:04:45] getdata.php - Base64 token decode length=261
[2026-03-17 02:04:45] getdata.php - EncData length=172 Hash length=64
[2026-03-17 02:04:45] getdata.php - EncData base64 decode length=128
[2026-03-17 02:04:45] getdata.php - Decrypt OK uname=FJKLMDHOGC cs=c5218ae46f643be2891263e49d98083b
[2026-03-17 02:04:46] getdata.php - Lib loaded name=libalone.so size=4376231
[2026-03-17 02:04:46] getdata.php - Response ready
[2026-03-17 02:07:06] getdata.php - Token param length=352
[2026-03-17 02:07:06] getdata.php - Base64 token decode length=262
[2026-03-17 02:07:06] getdata.php - EncData length=172 Hash length=64
[2026-03-17 02:07:06] getdata.php - EncData base64 decode length=128
[2026-03-17 02:07:06] getdata.php - Decrypt OK uname=FJKLMDHOGC cs=d8bf6276ecbe321e9f4e3951caaf89f8
[2026-03-17 02:07:06] getdata.php - Lib loaded name=libalone.so size=4376231
[2026-03-17 02:07:06] getdata.php - Response ready
[2026-03-17 02:07:10] getdata.php - Token param length=348
[2026-03-17 02:07:10] getdata.php - Base64 token decode length=259
[2026-03-17 02:07:10] getdata.php - EncData length=172 Hash length=64
[2026-03-17 02:07:10] getdata.php - EncData base64 decode length=128
[2026-03-17 02:07:10] getdata.php - Decrypt OK uname=FJKLMDHOGC cs=d8bf6276ecbe321e9f4e3951caaf89f8
[2026-03-17 02:07:10] getdata.php - Lib loaded name=libalone.so size=4376231
[2026-03-17 02:07:10] getdata.php - Response ready
[2026-03-17 02:07:29] getdata.php - Token param length=344
[2026-03-17 02:07:29] getdata.php - Base64 token decode length=257
[2026-03-17 02:07:29] getdata.php - EncData length=172 Hash length=64
[2026-03-17 02:07:29] getdata.php - EncData base64 decode length=128
[2026-03-17 02:07:29] getdata.php - Decrypt OK uname=FJKLMDHOGC cs=d8bf6276ecbe321e9f4e3951caaf89f8
[2026-03-17 02:07:29] getdata.php - Lib loaded name=libalone.so size=4376231
[2026-03-17 02:07:29] getdata.php - Response ready
[2026-03-17 02:07:33] getdata.php - Token param length=344
[2026-03-17 02:07:33] getdata.php - Base64 token decode length=258
[2026-03-17 02:07:33] getdata.php - EncData length=172 Hash length=64
[2026-03-17 02:07:33] getdata.php - EncData base64 decode length=128
[2026-03-17 02:07:33] getdata.php - Decrypt OK uname=FJKLMDHOGC cs=d8bf6276ecbe321e9f4e3951caaf89f8
[2026-03-17 02:07:33] getdata.php - Lib loaded name=libalone.so size=4376231
[2026-03-17 02:07:33] getdata.php - Response ready
[2026-03-17 02:07:36] getdata.php - Token param length=352
[2026-03-17 02:07:36] getdata.php - Base64 token decode length=262
[2026-03-17 02:07:36] getdata.php - EncData length=172 Hash length=64
[2026-03-17 02:07:36] getdata.php - EncData base64 decode length=128
[2026-03-17 02:07:36] getdata.php - Decrypt OK uname=FJKLMDHOGC cs=d8bf6276ecbe321e9f4e3951caaf89f8
[2026-03-17 02:07:36] getdata.php - Lib loaded name=libalone.so size=4376231
[2026-03-17 02:07:36] getdata.php - Response ready
[2026-03-17 02:10:03] getdata.php - Token param length=348
[2026-03-17 02:10:03] getdata.php - Base64 token decode length=259
[2026-03-17 02:10:03] getdata.php - EncData length=172 Hash length=64
[2026-03-17 02:10:03] getdata.php - EncData base64 decode length=128
[2026-03-17 02:10:03] getdata.php - Decrypt OK uname=FJKLMDHOGC cs=cc143e49dc0336eeb1fddb2433a5d5e3
[2026-03-17 02:10:03] getdata.php - Lib loaded name=libalone.so size=4376231
[2026-03-17 02:10:03] getdata.php - Response ready
[2026-03-17 02:10:20] getdata.php - Token param length=344
[2026-03-17 02:10:20] getdata.php - Base64 token decode length=258
[2026-03-17 02:10:20] getdata.php - EncData length=172 Hash length=64
[2026-03-17 02:10:20] getdata.php - EncData base64 decode length=128
[2026-03-17 02:10:20] getdata.php - Decrypt OK uname=FJKLMDHOGC cs=cc143e49dc0336eeb1fddb2433a5d5e3
[2026-03-17 02:10:20] getdata.php - Lib loaded name=libalone.so size=4376231
[2026-03-17 02:10:20] getdata.php - Response ready
[2026-03-17 02:11:03] getdata.php - Token param length=348
[2026-03-17 02:11:03] getdata.php - Base64 token decode length=260
[2026-03-17 02:11:03] getdata.php - EncData length=172 Hash length=64
[2026-03-17 02:11:03] getdata.php - EncData base64 decode length=128
[2026-03-17 02:11:03] getdata.php - Decrypt OK uname=FJKLMDHOGC cs=cc143e49dc0336eeb1fddb2433a5d5e3
[2026-03-17 02:11:03] getdata.php - Lib loaded name=libalone.so size=4376231
[2026-03-17 02:11:03] getdata.php - Response ready
[2026-03-17 02:12:12] getdata.php - Token param length=348
[2026-03-17 02:12:12] getdata.php - Base64 token decode length=260
[2026-03-17 02:12:12] getdata.php - EncData length=172 Hash length=64
[2026-03-17 02:12:12] getdata.php - EncData base64 decode length=128
[2026-03-17 02:12:12] getdata.php - Decrypt OK uname=FJKLMDHOGC cs=13f918d68346380593e338e929b47b18
[2026-03-17 02:12:12] getdata.php - Lib loaded name=libalone.so size=4376231
[2026-03-17 02:12:12] getdata.php - Response ready
[2026-03-17 02:23:47] getdata.php - Token param length=344
[2026-03-17 02:23:47] getdata.php - Base64 token decode length=258
[2026-03-17 02:23:47] getdata.php - EncData length=172 Hash length=64
[2026-03-17 02:23:47] getdata.php - EncData base64 decode length=128
[2026-03-17 02:23:47] getdata.php - Decrypt OK uname=FJKLMDHOGC cs=7574bf35e5df3afd92df170c8c297148
[2026-03-17 02:23:47] getdata.php - Lib loaded name=libalone.so size=4376231
[2026-03-17 02:23:47] getdata.php - Response ready
[2026-03-17 02:27:43] getdata.php - Token param length=348
[2026-03-17 02:27:43] getdata.php - Base64 token decode length=260
[2026-03-17 02:27:43] getdata.php - EncData length=172 Hash length=64
[2026-03-17 02:27:43] getdata.php - EncData base64 decode length=128
[2026-03-17 02:27:43] getdata.php - Decrypt OK uname=FJKLMDHOGC cs=686cc547a4813ac88551611c61b8bc48
[2026-03-17 02:27:43] getdata.php - Lib loaded name=libalone.so size=4376231
[2026-03-17 02:27:43] getdata.php - Response ready
[2026-03-17 02:46:58] getdata.php - Token param length=348
[2026-03-17 02:46:58] getdata.php - Base64 token decode length=259
[2026-03-17 02:46:58] getdata.php - EncData length=172 Hash length=64
[2026-03-17 02:46:58] getdata.php - EncData base64 decode length=128
[2026-03-17 02:46:59] getdata.php - Decrypt OK uname=FJKLMDHOGC cs=040b64f49fe734fe87dd1586096c8949
[2026-03-17 02:46:59] getdata.php - Lib loaded name=libalone.so size=4376231
[2026-03-17 02:46:59] getdata.php - Response ready
[2026-03-17 03:17:55] getdata.php - Token param length=352
[2026-03-17 03:17:55] getdata.php - Base64 token decode length=262
[2026-03-17 03:17:55] getdata.php - EncData length=172 Hash length=64
[2026-03-17 03:17:55] getdata.php - EncData base64 decode length=128
[2026-03-17 03:17:55] getdata.php - Decrypt OK uname=FJKLMDHOGC cs=265e38c6fe5b32ce924e2cf848de3a98
[2026-03-17 03:17:55] getdata.php - Lib loaded name=libalone.so size=4376231
[2026-03-17 03:17:55] getdata.php - Response ready
[2026-03-17 03:26:15] getdata.php - Token param length=344
[2026-03-17 03:26:15] getdata.php - Base64 token decode length=257
[2026-03-17 03:26:15] getdata.php - EncData length=172 Hash length=64
[2026-03-17 03:26:15] getdata.php - EncData base64 decode length=128
[2026-03-17 03:26:15] getdata.php - Decrypt OK uname=FJKLMDHOGC cs=265e38c6fe5b32ce924e2cf848de3a98
[2026-03-17 03:26:15] getdata.php - Lib loaded name=libalone.so size=4376231
[2026-03-17 03:26:15] getdata.php - Response ready
[2026-03-17 03:33:37] getdata.php - Token param length=352
[2026-03-17 03:33:37] getdata.php - Base64 token decode length=264
[2026-03-17 03:33:37] getdata.php - EncData length=172 Hash length=64
[2026-03-17 03:33:37] getdata.php - EncData base64 decode length=128
[2026-03-17 03:33:37] getdata.php - Decrypt OK uname=FJKLMDHOGC cs=336b3bb38aa83705832da92b04810552
[2026-03-17 03:33:37] getdata.php - Lib loaded name=libalone.so size=4376231
[2026-03-17 03:33:37] getdata.php - Response ready
[2026-03-17 03:33:45] getdata.php - Token param length=348
[2026-03-17 03:33:45] getdata.php - Base64 token decode length=260
[2026-03-17 03:33:45] getdata.php - EncData length=172 Hash length=64
[2026-03-17 03:33:45] getdata.php - EncData base64 decode length=128
[2026-03-17 03:33:45] getdata.php - Decrypt OK uname=FJKLMDHOGC cs=5369570ebf9031e091d3857305549092
[2026-03-17 03:33:45] getdata.php - Lib loaded name=libalone.so size=4376231
[2026-03-17 03:33:45] getdata.php - Response ready
[2026-03-17 03:34:05] getdata.php - Token param length=348
[2026-03-17 03:34:05] getdata.php - Base64 token decode length=261
[2026-03-17 03:34:05] getdata.php - EncData length=172 Hash length=64
[2026-03-17 03:34:05] getdata.php - EncData base64 decode length=128
[2026-03-17 03:34:05] getdata.php - Decrypt OK uname=FJKLMDHOGC cs=5369570ebf9031e091d3857305549092
[2026-03-17 03:34:05] getdata.php - Lib loaded name=libalone.so size=4376231
[2026-03-17 03:34:05] getdata.php - Response ready
[2026-03-17 03:34:36] getdata.php - Token param length=344
[2026-03-17 03:34:36] getdata.php - Base64 token decode length=258
[2026-03-17 03:34:36] getdata.php - EncData length=172 Hash length=64
[2026-03-17 03:34:36] getdata.php - EncData base64 decode length=128
[2026-03-17 03:34:36] getdata.php - Decrypt OK uname=FJKLMDHOGC cs=336b3bb38aa83705832da92b04810552
[2026-03-17 03:34:36] getdata.php - Lib loaded name=libalone.so size=4376231
[2026-03-17 03:34:36] getdata.php - Response ready
[2026-03-17 03:34:40] getdata.php - Token param length=344
[2026-03-17 03:34:40] getdata.php - Base64 token decode length=258
[2026-03-17 03:34:40] getdata.php - EncData length=172 Hash length=64
[2026-03-17 03:34:40] getdata.php - EncData base64 decode length=128
[2026-03-17 03:34:40] getdata.php - Decrypt OK uname=FJKLMDHOGC cs=5369570ebf9031e091d3857305549092
[2026-03-17 03:34:40] getdata.php - Lib loaded name=libalone.so size=4376231
[2026-03-17 03:34:40] getdata.php - Response ready
[2026-03-17 03:53:08] getdata.php - Token param length=348
[2026-03-17 03:53:08] getdata.php - Base64 token decode length=260
[2026-03-17 03:53:08] getdata.php - EncData length=172 Hash length=64
[2026-03-17 03:53:08] getdata.php - EncData base64 decode length=128
[2026-03-17 03:53:08] getdata.php - Decrypt OK uname=FJKLMDHOGC cs=0d3fd423fa9c30cdaa489091e209a209
[2026-03-17 03:53:08] getdata.php - Lib loaded name=libalone.so size=4376231
[2026-03-17 03:53:08] getdata.php - Response ready
[2026-03-17 03:56:59] getdata.php - Token param length=344
[2026-03-17 03:56:59] getdata.php - Base64 token decode length=258
[2026-03-17 03:56:59] getdata.php - EncData length=172 Hash length=64
[2026-03-17 03:56:59] getdata.php - EncData base64 decode length=128
[2026-03-17 03:56:59] getdata.php - Decrypt OK uname=FJKLMDHOGC cs=336b3bb38aa83705832da92b04810552
[2026-03-17 03:56:59] getdata.php - Lib loaded name=libalone.so size=4376231
[2026-03-17 03:56:59] getdata.php - Response ready
[2026-03-17 04:11:03] getdata.php - Token param length=348
[2026-03-17 04:11:03] getdata.php - Base64 token decode length=260
[2026-03-17 04:11:03] getdata.php - EncData length=172 Hash length=64
[2026-03-17 04:11:03] getdata.php - EncData base64 decode length=128
[2026-03-17 04:11:03] getdata.php - Decrypt OK uname=FJKLMDHOGC cs=040b64f49fe734fe87dd1586096c8949
[2026-03-17 04:11:03] getdata.php - Lib loaded name=libalone.so size=4376231
[2026-03-17 04:11:03] getdata.php - Response ready
[2026-03-17 04:11:32] getdata.php - Token param length=344
[2026-03-17 04:11:32] getdata.php - Base64 token decode length=258
[2026-03-17 04:11:32] getdata.php - EncData length=172 Hash length=64
[2026-03-17 04:11:32] getdata.php - EncData base64 decode length=128
[2026-03-17 04:11:32] getdata.php - Decrypt OK uname=FJKLMDHOGC cs=040b64f49fe734fe87dd1586096c8949
[2026-03-17 04:11:32] getdata.php - Lib loaded name=libalone.so size=4376231
[2026-03-17 04:11:32] getdata.php - Response ready
[2026-03-17 04:31:38] getdata.php - Token param length=344
[2026-03-17 04:31:38] getdata.php - Base64 token decode length=258
[2026-03-17 04:31:38] getdata.php - EncData length=172 Hash length=64
[2026-03-17 04:31:38] getdata.php - EncData base64 decode length=128
[2026-03-17 04:31:38] getdata.php - Decrypt OK uname=FJKLMDHOGC cs=040b64f49fe734fe87dd1586096c8949
[2026-03-17 04:31:38] getdata.php - Lib loaded name=libalone.so size=4376231
[2026-03-17 04:31:38] getdata.php - Response ready
[2026-03-17 04:33:22] getdata.php - Token param length=348
[2026-03-17 04:33:22] getdata.php - Base64 token decode length=260
[2026-03-17 04:33:22] getdata.php - EncData length=172 Hash length=64
[2026-03-17 04:33:22] getdata.php - EncData base64 decode length=128
[2026-03-17 04:33:22] getdata.php - Decrypt OK uname=FJKLMDHOGC cs=040b64f49fe734fe87dd1586096c8949
[2026-03-17 04:33:22] getdata.php - Lib loaded name=libalone.so size=4376231
[2026-03-17 04:33:22] getdata.php - Response ready
[2026-03-17 04:41:54] getdata.php - Token param length=344
[2026-03-17 04:41:54] getdata.php - Base64 token decode length=258
[2026-03-17 04:41:54] getdata.php - EncData length=172 Hash length=64
[2026-03-17 04:41:54] getdata.php - EncData base64 decode length=128
[2026-03-17 04:41:54] getdata.php - Decrypt OK uname=FJKLMDHOGC cs=c5218ae46f643be2891263e49d98083b
[2026-03-17 04:41:54] getdata.php - Lib loaded name=libalone.so size=4376231
[2026-03-17 04:41:54] getdata.php - Response ready
[2026-03-17 04:51:28] getdata.php - Token param length=348
[2026-03-17 04:51:28] getdata.php - Base64 token decode length=259
[2026-03-17 04:51:28] getdata.php - EncData length=172 Hash length=64
[2026-03-17 04:51:28] getdata.php - EncData base64 decode length=128
[2026-03-17 04:51:28] getdata.php - Decrypt OK uname=FJKLMDHOGC cs=7ec39d4f62a23ffa945f8ce842a28b4c
[2026-03-17 04:51:28] getdata.php - Lib loaded name=libalone.so size=4376231
[2026-03-17 04:51:28] getdata.php - Response ready
[2026-03-17 04:57:16] getdata.php - Token param length=348
[2026-03-17 04:57:16] getdata.php - Base64 token decode length=260
[2026-03-17 04:57:16] getdata.php - EncData length=172 Hash length=64
[2026-03-17 04:57:16] getdata.php - EncData base64 decode length=128
[2026-03-17 04:57:16] getdata.php - Decrypt OK uname=FJKLMDHOGC cs=f1661628151b34a58627064232509ead
[2026-03-17 04:57:16] getdata.php - Lib loaded name=libalone.so size=4376231
[2026-03-17 04:57:16] getdata.php - Response ready
[2026-03-17 05:22:14] getdata.php - Token param length=348
[2026-03-17 05:22:14] getdata.php - Base64 token decode length=259
[2026-03-17 05:22:14] getdata.php - EncData length=172 Hash length=64
[2026-03-17 05:22:14] getdata.php - EncData base64 decode length=128
[2026-03-17 05:22:14] getdata.php - Decrypt OK uname=FJKLMDHOGC cs=7ec39d4f62a23ffa945f8ce842a28b4c
[2026-03-17 05:22:14] getdata.php - Lib loaded name=libalone.so size=4376231
[2026-03-17 05:22:14] getdata.php - Response ready
[2026-03-17 05:42:35] getdata.php - Token param length=348
[2026-03-17 05:42:35] getdata.php - Base64 token decode length=259
[2026-03-17 05:42:35] getdata.php - EncData length=172 Hash length=64
[2026-03-17 05:42:35] getdata.php - EncData base64 decode length=128
[2026-03-17 05:42:35] getdata.php - Decrypt OK uname=FJKLMDHOGC cs=d8c258fcffb8352ba66199d1321a1e48
[2026-03-17 05:42:35] getdata.php - Lib loaded name=libalone.so size=4376231
[2026-03-17 05:42:35] getdata.php - Response ready
[2026-03-17 05:42:55] getdata.php - Token param length=348
[2026-03-17 05:42:55] getdata.php - Base64 token decode length=261
[2026-03-17 05:42:55] getdata.php - EncData length=172 Hash length=64
[2026-03-17 05:42:55] getdata.php - EncData base64 decode length=128
[2026-03-17 05:42:55] getdata.php - Decrypt OK uname=FJKLMDHOGC cs=d8c258fcffb8352ba66199d1321a1e48
[2026-03-17 05:42:55] getdata.php - Lib loaded name=libalone.so size=4376231
[2026-03-17 05:42:55] getdata.php - Response ready
[2026-03-17 05:45:01] getdata.php - Token param length=348
[2026-03-17 05:45:01] getdata.php - Base64 token decode length=261
[2026-03-17 05:45:01] getdata.php - EncData length=172 Hash length=64
[2026-03-17 05:45:01] getdata.php - EncData base64 decode length=128
[2026-03-17 05:45:01] getdata.php - Decrypt OK uname=FJKLMDHOGC cs=c5218ae46f643be2891263e49d98083b
[2026-03-17 05:45:01] getdata.php - Lib loaded name=libalone.so size=4376231
[2026-03-17 05:45:01] getdata.php - Response ready
[2026-03-17 06:05:14] getdata.php - Token param length=344
[2026-03-17 06:05:14] getdata.php - Base64 token decode length=258
[2026-03-17 06:05:14] getdata.php - EncData length=172 Hash length=64
[2026-03-17 06:05:14] getdata.php - EncData base64 decode length=128
[2026-03-17 06:05:14] getdata.php - Decrypt OK uname=FJKLMDHOGC cs=c5218ae46f643be2891263e49d98083b
[2026-03-17 06:05:14] getdata.php - Lib loaded name=libalone.so size=4376231
[2026-03-17 06:05:14] getdata.php - Response ready
[2026-03-17 06:08:29] getdata.php - Token param length=348
[2026-03-17 06:08:29] getdata.php - Base64 token decode length=260
[2026-03-17 06:08:29] getdata.php - EncData length=172 Hash length=64
[2026-03-17 06:08:29] getdata.php - EncData base64 decode length=128
[2026-03-17 06:08:29] getdata.php - Decrypt OK uname=FJKLMDHOGC cs=c5218ae46f643be2891263e49d98083b
[2026-03-17 06:08:29] getdata.php - Lib loaded name=libalone.so size=4376231
[2026-03-17 06:08:29] getdata.php - Response ready
[2026-03-17 06:16:58] getdata.php - Token param length=348
[2026-03-17 06:16:58] getdata.php - Base64 token decode length=261
[2026-03-17 06:16:58] getdata.php - EncData length=172 Hash length=64
[2026-03-17 06:16:58] getdata.php - EncData base64 decode length=128
[2026-03-17 06:16:58] getdata.php - Decrypt OK uname=FJKLMDHOGC cs=c5218ae46f643be2891263e49d98083b
[2026-03-17 06:16:58] getdata.php - Lib loaded name=libalone.so size=4376231
[2026-03-17 06:16:58] getdata.php - Response ready
[2026-03-17 06:27:36] getdata.php - Token param length=348
[2026-03-17 06:27:36] getdata.php - Base64 token decode length=261
[2026-03-17 06:27:36] getdata.php - EncData length=172 Hash length=64
[2026-03-17 06:27:36] getdata.php - EncData base64 decode length=128
[2026-03-17 06:27:36] getdata.php - Decrypt OK uname=FJKLMDHOGC cs=7ec39d4f62a23ffa945f8ce842a28b4c
[2026-03-17 06:27:36] getdata.php - Lib loaded name=libalone.so size=4376231
[2026-03-17 06:27:36] getdata.php - Response ready
[2026-03-17 06:32:54] getdata.php - Token param length=344
[2026-03-17 06:32:54] getdata.php - Base64 token decode length=257
[2026-03-17 06:32:54] getdata.php - EncData length=172 Hash length=64
[2026-03-17 06:32:54] getdata.php - EncData base64 decode length=128
[2026-03-17 06:32:54] getdata.php - Decrypt OK uname=FJKLMDHOGC cs=1b025a451d4c321ebb5bd910557cd781
[2026-03-17 06:32:54] getdata.php - Lib loaded name=libalone.so size=4376231
[2026-03-17 06:32:54] getdata.php - Response ready
[2026-03-17 06:45:53] getdata.php - Token param length=348
[2026-03-17 06:45:53] getdata.php - Base64 token decode length=260
[2026-03-17 06:45:53] getdata.php - EncData length=172 Hash length=64
[2026-03-17 06:45:53] getdata.php - EncData base64 decode length=128
[2026-03-17 06:45:53] getdata.php - Decrypt OK uname=FJKLMDHOGC cs=b8abb9927b663e009e78a2f60e53310f
[2026-03-17 06:45:53] getdata.php - Lib loaded name=libalone.so size=4376231
[2026-03-17 06:45:53] getdata.php - Response ready
[2026-03-17 06:46:07] getdata.php - Token param length=348
[2026-03-17 06:46:07] getdata.php - Base64 token decode length=259
[2026-03-17 06:46:07] getdata.php - EncData length=172 Hash length=64
[2026-03-17 06:46:07] getdata.php - EncData base64 decode length=128
[2026-03-17 06:46:07] getdata.php - Decrypt OK uname=FJKLMDHOGC cs=b8abb9927b663e009e78a2f60e53310f
[2026-03-17 06:46:07] getdata.php - Lib loaded name=libalone.so size=4376231
[2026-03-17 06:46:07] getdata.php - Response ready
[2026-03-17 07:02:23] getdata.php - Token param length=344
[2026-03-17 07:02:23] getdata.php - Base64 token decode length=258
[2026-03-17 07:02:23] getdata.php - EncData length=172 Hash length=64
[2026-03-17 07:02:23] getdata.php - EncData base64 decode length=128
[2026-03-17 07:02:23] getdata.php - Decrypt OK uname=FJKLMDHOGC cs=f0e085c650d93869b24adc5304393732
[2026-03-17 07:02:23] getdata.php - Lib loaded name=libalone.so size=4376231
[2026-03-17 07:02:23] getdata.php - Response ready
[2026-03-17 07:02:33] getdata.php - Token param length=348
[2026-03-17 07:02:33] getdata.php - Base64 token decode length=259
[2026-03-17 07:02:33] getdata.php - EncData length=172 Hash length=64
[2026-03-17 07:02:33] getdata.php - EncData base64 decode length=128
[2026-03-17 07:02:33] getdata.php - Decrypt OK uname=FJKLMDHOGC cs=f0e085c650d93869b24adc5304393732
[2026-03-17 07:02:33] getdata.php - Lib loaded name=libalone.so size=4376231
[2026-03-17 07:02:33] getdata.php - Response ready
[2026-03-17 07:02:59] getdata.php - Token param length=352
[2026-03-17 07:02:59] getdata.php - Base64 token decode length=263
[2026-03-17 07:02:59] getdata.php - EncData length=172 Hash length=64
[2026-03-17 07:02:59] getdata.php - EncData base64 decode length=128
[2026-03-17 07:02:59] getdata.php - Decrypt OK uname=FJKLMDHOGC cs=f0e085c650d93869b24adc5304393732
[2026-03-17 07:02:59] getdata.php - Lib loaded name=libalone.so size=4376231
[2026-03-17 07:02:59] getdata.php - Response ready
[2026-03-17 07:09:54] getdata.php - Token param length=348
[2026-03-17 07:09:54] getdata.php - Base64 token decode length=260
[2026-03-17 07:09:54] getdata.php - EncData length=172 Hash length=64
[2026-03-17 07:09:54] getdata.php - EncData base64 decode length=128
[2026-03-17 07:09:54] getdata.php - Decrypt OK uname=FJKLMDHOGC cs=43876102f03537b1b6df4daaa38e9935
[2026-03-17 07:09:54] getdata.php - Lib loaded name=libalone.so size=4376231
[2026-03-17 07:09:54] getdata.php - Response ready
[2026-03-17 07:14:57] getdata.php - Token param length=352
[2026-03-17 07:14:57] getdata.php - Base64 token decode length=263
[2026-03-17 07:14:57] getdata.php - EncData length=172 Hash length=64
[2026-03-17 07:14:57] getdata.php - EncData base64 decode length=128
[2026-03-17 07:14:57] getdata.php - Decrypt OK uname=FJKLMDHOGC cs=f3a4195c944937bbbfa3380801f39569
[2026-03-17 07:14:57] getdata.php - Lib loaded name=libalone.so size=4376231
[2026-03-17 07:14:57] getdata.php - Response ready
[2026-03-17 07:15:08] getdata.php - Token param length=348
[2026-03-17 07:15:08] getdata.php - Base64 token decode length=261
[2026-03-17 07:15:08] getdata.php - EncData length=172 Hash length=64
[2026-03-17 07:15:08] getdata.php - EncData base64 decode length=128
[2026-03-17 07:15:08] getdata.php - Decrypt OK uname=FJKLMDHOGC cs=f3a4195c944937bbbfa3380801f39569
[2026-03-17 07:15:08] getdata.php - Lib loaded name=libalone.so size=4376231
[2026-03-17 07:15:08] getdata.php - Response ready
[2026-03-17 07:15:14] getdata.php - Token param length=344
[2026-03-17 07:15:14] getdata.php - Base64 token decode length=258
[2026-03-17 07:15:14] getdata.php - EncData length=172 Hash length=64
[2026-03-17 07:15:14] getdata.php - EncData base64 decode length=128
[2026-03-17 07:15:14] getdata.php - Decrypt OK uname=FJKLMDHOGC cs=c5218ae46f643be2891263e49d98083b
[2026-03-17 07:15:14] getdata.php - Lib loaded name=libalone.so size=4376231
[2026-03-17 07:15:14] getdata.php - Response ready
[2026-03-17 07:15:28] getdata.php - Token param length=348
[2026-03-17 07:15:28] getdata.php - Base64 token decode length=260
[2026-03-17 07:15:28] getdata.php - EncData length=172 Hash length=64
[2026-03-17 07:15:28] getdata.php - EncData base64 decode length=128
[2026-03-17 07:15:28] getdata.php - Decrypt OK uname=FJKLMDHOGC cs=f3a4195c944937bbbfa3380801f39569
[2026-03-17 07:15:28] getdata.php - Lib loaded name=libalone.so size=4376231
[2026-03-17 07:15:28] getdata.php - Response ready
[2026-03-17 07:28:38] getdata.php - Token param length=356
[2026-03-17 07:28:38] getdata.php - Base64 token decode length=265
[2026-03-17 07:28:38] getdata.php - EncData length=172 Hash length=64
[2026-03-17 07:28:38] getdata.php - EncData base64 decode length=128
[2026-03-17 07:28:38] getdata.php - Decrypt OK uname=FJKLMDHOGC cs=9bf905cc3ff83a8ba53b215700242660
[2026-03-17 07:28:38] getdata.php - Lib loaded name=libalone.so size=4376231
[2026-03-17 07:28:38] getdata.php - Response ready
[2026-03-17 07:45:01] getdata.php - Token param length=344
[2026-03-17 07:45:01] getdata.php - Base64 token decode length=258
[2026-03-17 07:45:01] getdata.php - EncData length=172 Hash length=64
[2026-03-17 07:45:01] getdata.php - EncData base64 decode length=128
[2026-03-17 07:45:01] getdata.php - Decrypt OK uname=FJKLMDHOGC cs=bd8a529656c333a1b39f9494c0dc2f7f
[2026-03-17 07:45:01] getdata.php - Lib loaded name=libalone.so size=4376231
[2026-03-17 07:45:01] getdata.php - Response ready
[2026-03-17 07:54:30] getdata.php - Token param length=352
[2026-03-17 07:54:30] getdata.php - Base64 token decode length=262
[2026-03-17 07:54:30] getdata.php - EncData length=172 Hash length=64
[2026-03-17 07:54:30] getdata.php - EncData base64 decode length=128
[2026-03-17 07:54:30] getdata.php - Decrypt OK uname=FJKLMDHOGC cs=bc4bc17b8ea43df288869e8cb348436c
[2026-03-17 07:54:30] getdata.php - Lib loaded name=libalone.so size=4376231
[2026-03-17 07:54:30] getdata.php - Response ready
[2026-03-17 07:54:54] getdata.php - Token param length=348
[2026-03-17 07:54:54] getdata.php - Base64 token decode length=261
[2026-03-17 07:54:54] getdata.php - EncData length=172 Hash length=64
[2026-03-17 07:54:54] getdata.php - EncData base64 decode length=128
[2026-03-17 07:54:55] getdata.php - Decrypt OK uname=FJKLMDHOGC cs=bc4bc17b8ea43df288869e8cb348436c
[2026-03-17 07:54:55] getdata.php - Lib loaded name=libalone.so size=4376231
[2026-03-17 07:54:55] getdata.php - Response ready
[2026-03-17 07:55:14] getdata.php - Token param length=348
[2026-03-17 07:55:14] getdata.php - Base64 token decode length=259
[2026-03-17 07:55:14] getdata.php - EncData length=172 Hash length=64
[2026-03-17 07:55:14] getdata.php - EncData base64 decode length=128
[2026-03-17 07:55:14] getdata.php - Decrypt OK uname=FJKLMDHOGC cs=bc4bc17b8ea43df288869e8cb348436c
[2026-03-17 07:55:14] getdata.php - Lib loaded name=libalone.so size=4376231
[2026-03-17 07:55:14] getdata.php - Response ready
[2026-03-17 07:56:07] getdata.php - Token param length=348
[2026-03-17 07:56:07] getdata.php - Base64 token decode length=261
[2026-03-17 07:56:07] getdata.php - EncData length=172 Hash length=64
[2026-03-17 07:56:07] getdata.php - EncData base64 decode length=128
[2026-03-17 07:56:07] getdata.php - Decrypt OK uname=FJKLMDHOGC cs=c5218ae46f643be2891263e49d98083b
[2026-03-17 07:56:07] getdata.php - Lib loaded name=libalone.so size=4376231
[2026-03-17 07:56:07] getdata.php - Response ready
[2026-03-17 07:57:27] getdata.php - Token param length=348
[2026-03-17 07:57:27] getdata.php - Base64 token decode length=260
[2026-03-17 07:57:27] getdata.php - EncData length=172 Hash length=64
[2026-03-17 07:57:27] getdata.php - EncData base64 decode length=128
[2026-03-17 07:57:27] getdata.php - Decrypt OK uname=FJKLMDHOGC cs=c5218ae46f643be2891263e49d98083b
[2026-03-17 07:57:27] getdata.php - Lib loaded name=libalone.so size=4376231
[2026-03-17 07:57:27] getdata.php - Response ready
[2026-03-17 07:59:13] getdata.php - Token param length=348
[2026-03-17 07:59:13] getdata.php - Base64 token decode length=261
[2026-03-17 07:59:13] getdata.php - EncData length=172 Hash length=64
[2026-03-17 07:59:13] getdata.php - EncData base64 decode length=128
[2026-03-17 07:59:13] getdata.php - Decrypt OK uname=FJKLMDHOGC cs=c5218ae46f643be2891263e49d98083b
[2026-03-17 07:59:13] getdata.php - Lib loaded name=libalone.so size=4376231
[2026-03-17 07:59:13] getdata.php - Response ready
[2026-03-17 08:05:08] getdata.php - Token param length=344
[2026-03-17 08:05:08] getdata.php - Base64 token decode length=258
[2026-03-17 08:05:08] getdata.php - EncData length=172 Hash length=64
[2026-03-17 08:05:08] getdata.php - EncData base64 decode length=128
[2026-03-17 08:05:08] getdata.php - Decrypt OK uname=FJKLMDHOGC cs=c5218ae46f643be2891263e49d98083b
[2026-03-17 08:05:08] getdata.php - Lib loaded name=libalone.so size=4376231
[2026-03-17 08:05:08] getdata.php - Response ready
[2026-03-17 08:06:50] getdata.php - Token param length=348
[2026-03-17 08:06:50] getdata.php - Base64 token decode length=261
[2026-03-17 08:06:50] getdata.php - EncData length=172 Hash length=64
[2026-03-17 08:06:50] getdata.php - EncData base64 decode length=128
[2026-03-17 08:06:50] getdata.php - Decrypt OK uname=FJKLMDHOGC cs=c5218ae46f643be2891263e49d98083b
[2026-03-17 08:06:50] getdata.php - Lib loaded name=libalone.so size=4376231
[2026-03-17 08:06:50] getdata.php - Response ready
[2026-03-17 08:12:51] getdata.php - Token param length=344
[2026-03-17 08:12:51] getdata.php - Base64 token decode length=258
[2026-03-17 08:12:51] getdata.php - EncData length=172 Hash length=64
[2026-03-17 08:12:51] getdata.php - EncData base64 decode length=128
[2026-03-17 08:12:51] getdata.php - Decrypt OK uname=FJKLMDHOGC cs=c5218ae46f643be2891263e49d98083b
[2026-03-17 08:12:51] getdata.php - Lib loaded name=libalone.so size=4376231
[2026-03-17 08:12:51] getdata.php - Response ready
[2026-03-17 08:20:26] getdata.php - Token param length=352
[2026-03-17 08:20:26] getdata.php - Base64 token decode length=262
[2026-03-17 08:20:26] getdata.php - EncData length=172 Hash length=64
[2026-03-17 08:20:26] getdata.php - EncData base64 decode length=128
[2026-03-17 08:20:26] getdata.php - Decrypt OK uname=FJKLMDHOGC cs=b7c1c08d3dbb362fb38f2f5d8859c058
[2026-03-17 08:20:26] getdata.php - Lib loaded name=libalone.so size=4376231
[2026-03-17 08:20:26] getdata.php - Response ready
[2026-03-17 08:21:21] getdata.php - Token param length=344
[2026-03-17 08:21:21] getdata.php - Base64 token decode length=257
[2026-03-17 08:21:21] getdata.php - EncData length=172 Hash length=64
[2026-03-17 08:21:21] getdata.php - EncData base64 decode length=128
[2026-03-17 08:21:21] getdata.php - Decrypt OK uname=FJKLMDHOGC cs=9dbe0c39144b388bab61fee2c7ce82b9
[2026-03-17 08:21:21] getdata.php - Lib loaded name=libalone.so size=4376231
[2026-03-17 08:21:21] getdata.php - Response ready
[2026-03-17 08:22:33] getdata.php - Token param length=348
[2026-03-17 08:22:33] getdata.php - Base64 token decode length=259
[2026-03-17 08:22:33] getdata.php - EncData length=172 Hash length=64
[2026-03-17 08:22:33] getdata.php - EncData base64 decode length=128
[2026-03-17 08:22:33] getdata.php - Decrypt OK uname=FJKLMDHOGC cs=b7c1c08d3dbb362fb38f2f5d8859c058
[2026-03-17 08:22:33] getdata.php - Lib loaded name=libalone.so size=4376231
[2026-03-17 08:22:33] getdata.php - Response ready
[2026-03-17 08:23:12] getdata.php - Token param length=348
[2026-03-17 08:23:12] getdata.php - Base64 token decode length=260
[2026-03-17 08:23:12] getdata.php - EncData length=172 Hash length=64
[2026-03-17 08:23:12] getdata.php - EncData base64 decode length=128
[2026-03-17 08:23:12] getdata.php - Decrypt OK uname=FJKLMDHOGC cs=9dbe0c39144b388bab61fee2c7ce82b9
[2026-03-17 08:23:12] getdata.php - Lib loaded name=libalone.so size=4376231
[2026-03-17 08:23:12] getdata.php - Response ready
[2026-03-17 08:24:40] getdata.php - Token param length=352
[2026-03-17 08:24:40] getdata.php - Base64 token decode length=263
[2026-03-17 08:24:40] getdata.php - EncData length=172 Hash length=64
[2026-03-17 08:24:40] getdata.php - EncData base64 decode length=128
[2026-03-17 08:24:40] getdata.php - Decrypt OK uname=FJKLMDHOGC cs=b7c1c08d3dbb362fb38f2f5d8859c058
[2026-03-17 08:24:40] getdata.php - Lib loaded name=libalone.so size=4376231
[2026-03-17 08:24:40] getdata.php - Response ready
[2026-03-17 08:28:34] getdata.php - Token param length=344
[2026-03-17 08:28:34] getdata.php - Base64 token decode length=258
[2026-03-17 08:28:34] getdata.php - EncData length=172 Hash length=64
[2026-03-17 08:28:34] getdata.php - EncData base64 decode length=128
[2026-03-17 08:28:34] getdata.php - Decrypt OK uname=FJKLMDHOGC cs=b7c1c08d3dbb362fb38f2f5d8859c058
[2026-03-17 08:28:34] getdata.php - Lib loaded name=libalone.so size=4376231
[2026-03-17 08:28:34] getdata.php - Response ready
[2026-03-17 08:33:11] getdata.php - Token param length=348
[2026-03-17 08:33:11] getdata.php - Base64 token decode length=259
[2026-03-17 08:33:11] getdata.php - EncData length=172 Hash length=64
[2026-03-17 08:33:11] getdata.php - EncData base64 decode length=128
[2026-03-17 08:33:11] getdata.php - Decrypt OK uname=FJKLMDHOGC cs=b7c1c08d3dbb362fb38f2f5d8859c058
[2026-03-17 08:33:11] getdata.php - Lib loaded name=libalone.so size=4376231
[2026-03-17 08:33:11] getdata.php - Response ready
[2026-03-17 08:35:00] getdata.php - Token param length=352
[2026-03-17 08:35:00] getdata.php - Base64 token decode length=262
[2026-03-17 08:35:00] getdata.php - EncData length=172 Hash length=64
[2026-03-17 08:35:00] getdata.php - EncData base64 decode length=128
[2026-03-17 08:35:00] getdata.php - Decrypt OK uname=FJKLMDHOGC cs=b7c1c08d3dbb362fb38f2f5d8859c058
[2026-03-17 08:35:00] getdata.php - Lib loaded name=libalone.so size=4376231
[2026-03-17 08:35:00] getdata.php - Response ready
[2026-03-17 08:36:53] getdata.php - Token param length=348
[2026-03-17 08:36:53] getdata.php - Base64 token decode length=261
[2026-03-17 08:36:53] getdata.php - EncData length=172 Hash length=64
[2026-03-17 08:36:53] getdata.php - EncData base64 decode length=128
[2026-03-17 08:36:53] getdata.php - Decrypt OK uname=FJKLMDHOGC cs=b7c1c08d3dbb362fb38f2f5d8859c058
[2026-03-17 08:36:53] getdata.php - Lib loaded name=libalone.so size=4376231
[2026-03-17 08:36:53] getdata.php - Response ready
[2026-03-17 08:37:48] getdata.php - Token param length=344
[2026-03-17 08:37:48] getdata.php - Base64 token decode length=257
[2026-03-17 08:37:48] getdata.php - EncData length=172 Hash length=64
[2026-03-17 08:37:48] getdata.php - EncData base64 decode length=128
[2026-03-17 08:37:48] getdata.php - Decrypt OK uname=FJKLMDHOGC cs=b7c1c08d3dbb362fb38f2f5d8859c058
[2026-03-17 08:37:48] getdata.php - Lib loaded name=libalone.so size=4376231
[2026-03-17 08:37:48] getdata.php - Response ready
[2026-03-17 08:52:31] getdata.php - Token param length=348
[2026-03-17 08:52:31] getdata.php - Base64 token decode length=260
[2026-03-17 08:52:31] getdata.php - EncData length=172 Hash length=64
[2026-03-17 08:52:31] getdata.php - EncData base64 decode length=128
[2026-03-17 08:52:31] getdata.php - Decrypt OK uname=FJKLMDHOGC cs=54c9769cde863bf99c6cff7744e1fdbf
[2026-03-17 08:52:31] getdata.php - Lib loaded name=libalone.so size=4376231
[2026-03-17 08:52:31] getdata.php - Response ready
[2026-03-17 08:52:59] getdata.php - Token param length=344
[2026-03-17 08:52:59] getdata.php - Base64 token decode length=257
[2026-03-17 08:52:59] getdata.php - EncData length=172 Hash length=64
[2026-03-17 08:52:59] getdata.php - EncData base64 decode length=128
[2026-03-17 08:52:59] getdata.php - Decrypt OK uname=FJKLMDHOGC cs=54c9769cde863bf99c6cff7744e1fdbf
[2026-03-17 08:52:59] getdata.php - Lib loaded name=libalone.so size=4376231
[2026-03-17 08:52:59] getdata.php - Response ready
[2026-03-17 08:53:14] getdata.php - Token param length=344
[2026-03-17 08:53:14] getdata.php - Base64 token decode length=258
[2026-03-17 08:53:14] getdata.php - EncData length=172 Hash length=64
[2026-03-17 08:53:14] getdata.php - EncData base64 decode length=128
[2026-03-17 08:53:14] getdata.php - Decrypt OK uname=FJKLMDHOGC cs=54c9769cde863bf99c6cff7744e1fdbf
[2026-03-17 08:53:14] getdata.php - Lib loaded name=libalone.so size=4376231
[2026-03-17 08:53:14] getdata.php - Response ready
[2026-03-17 08:59:01] getdata.php - Token param length=344
[2026-03-17 08:59:01] getdata.php - Base64 token decode length=258
[2026-03-17 08:59:01] getdata.php - EncData length=172 Hash length=64
[2026-03-17 08:59:01] getdata.php - EncData base64 decode length=128
[2026-03-17 08:59:01] getdata.php - Decrypt OK uname=FJKLMDHOGC cs=85d90488c66934959f541b9b6099f3f6
[2026-03-17 08:59:01] getdata.php - Lib loaded name=libalone.so size=4376231
[2026-03-17 08:59:01] getdata.php - Response ready
[2026-03-17 08:59:07] getdata.php - Token param length=348
[2026-03-17 08:59:07] getdata.php - Base64 token decode length=259
[2026-03-17 08:59:07] getdata.php - EncData length=172 Hash length=64
[2026-03-17 08:59:07] getdata.php - EncData base64 decode length=128
[2026-03-17 08:59:07] getdata.php - Decrypt OK uname=FJKLMDHOGC cs=d0e6d2f3c79837ab9dfd5a78c4c56330
[2026-03-17 08:59:08] getdata.php - Lib loaded name=libalone.so size=4376231
[2026-03-17 08:59:08] getdata.php - Response ready
[2026-03-17 09:05:04] getdata.php - Token param length=348
[2026-03-17 09:05:04] getdata.php - Base64 token decode length=259
[2026-03-17 09:05:04] getdata.php - EncData length=172 Hash length=64
[2026-03-17 09:05:04] getdata.php - EncData base64 decode length=128
[2026-03-17 09:05:04] getdata.php - Decrypt OK uname=FJKLMDHOGC cs=d0e6d2f3c79837ab9dfd5a78c4c56330
[2026-03-17 09:05:04] getdata.php - Lib loaded name=libalone.so size=4376231
[2026-03-17 09:05:04] getdata.php - Response ready
[2026-03-17 09:05:39] getdata.php - Token param length=348
[2026-03-17 09:05:39] getdata.php - Base64 token decode length=259
[2026-03-17 09:05:39] getdata.php - EncData length=172 Hash length=64
[2026-03-17 09:05:39] getdata.php - EncData base64 decode length=128
[2026-03-17 09:05:39] getdata.php - Decrypt OK uname=FJKLMDHOGC cs=d0e6d2f3c79837ab9dfd5a78c4c56330
[2026-03-17 09:05:39] getdata.php - Lib loaded name=libalone.so size=4376231
[2026-03-17 09:05:39] getdata.php - Response ready
[2026-03-17 09:09:58] getdata.php - Missing token params
[2026-03-17 09:10:55] getdata.php - Token param length=348
[2026-03-17 09:10:55] getdata.php - Base64 token decode length=259
[2026-03-17 09:10:55] getdata.php - EncData length=172 Hash length=64
[2026-03-17 09:10:55] getdata.php - EncData base64 decode length=128
[2026-03-17 09:10:55] getdata.php - Decrypt OK uname=FJKLMDHOGC cs=876f325fd6923307845b2d10ad05b080
[2026-03-17 09:10:55] getdata.php - Lib loaded name=libalone.so size=4376231
[2026-03-17 09:10:55] getdata.php - Response ready
[2026-03-17 09:15:31] getdata.php - Token param length=348
[2026-03-17 09:15:31] getdata.php - Base64 token decode length=261
[2026-03-17 09:15:31] getdata.php - EncData length=172 Hash length=64
[2026-03-17 09:15:31] getdata.php - EncData base64 decode length=128
[2026-03-17 09:15:31] getdata.php - Decrypt OK uname=FJKLMDHOGC cs=d0e6d2f3c79837ab9dfd5a78c4c56330
[2026-03-17 09:15:31] getdata.php - Lib loaded name=libalone.so size=4376231
[2026-03-17 09:15:31] getdata.php - Response ready
[2026-03-17 09:16:51] getdata.php - Missing token params
[2026-03-17 09:18:41] getdata.php - Token param length=344
[2026-03-17 09:18:41] getdata.php - Base64 token decode length=258
[2026-03-17 09:18:41] getdata.php - EncData length=172 Hash length=64
[2026-03-17 09:18:41] getdata.php - EncData base64 decode length=128
[2026-03-17 09:18:41] getdata.php - Decrypt OK uname=FJKLMDHOGC cs=b7c1c08d3dbb362fb38f2f5d8859c058
[2026-03-17 09:18:41] getdata.php - Lib loaded name=libalone.so size=4376231
[2026-03-17 09:18:41] getdata.php - Response ready
[2026-03-17 09:21:32] getdata.php - Token param length=348
[2026-03-17 09:21:32] getdata.php - Base64 token decode length=259
[2026-03-17 09:21:32] getdata.php - EncData length=172 Hash length=64
[2026-03-17 09:21:32] getdata.php - EncData base64 decode length=128
[2026-03-17 09:21:32] getdata.php - Decrypt OK uname=FJKLMDHOGC cs=54c9769cde863bf99c6cff7744e1fdbf
[2026-03-17 09:21:32] getdata.php - Lib loaded name=libalone.so size=4376231
[2026-03-17 09:21:32] getdata.php - Response ready
[2026-03-17 09:47:24] getdata.php - Token param length=348
[2026-03-17 09:47:24] getdata.php - Base64 token decode length=261
[2026-03-17 09:47:24] getdata.php - EncData length=172 Hash length=64
[2026-03-17 09:47:24] getdata.php - EncData base64 decode length=128
[2026-03-17 09:47:24] getdata.php - Decrypt OK uname=FJKLMDHOGC cs=876f325fd6923307845b2d10ad05b080
[2026-03-17 09:47:24] getdata.php - Lib loaded name=libalone.so size=4376231
[2026-03-17 09:47:24] getdata.php - Response ready
[2026-03-17 10:02:26] getdata.php - Token param length=344
[2026-03-17 10:02:26] getdata.php - Base64 token decode length=257
[2026-03-17 10:02:26] getdata.php - EncData length=172 Hash length=64
[2026-03-17 10:02:26] getdata.php - EncData base64 decode length=128
[2026-03-17 10:02:26] getdata.php - Decrypt OK uname=FJKLMDHOGC cs=6b7aacff5e0d3b19bcad89542cf25774
[2026-03-17 10:02:26] getdata.php - Lib loaded name=libalone.so size=4376231
[2026-03-17 10:02:26] getdata.php - Response ready
[2026-03-17 10:02:54] getdata.php - Token param length=348
[2026-03-17 10:02:54] getdata.php - Base64 token decode length=259
[2026-03-17 10:02:54] getdata.php - EncData length=172 Hash length=64
[2026-03-17 10:02:54] getdata.php - EncData base64 decode length=128
[2026-03-17 10:02:54] getdata.php - Decrypt OK uname=FJKLMDHOGC cs=6b7aacff5e0d3b19bcad89542cf25774
[2026-03-17 10:02:54] getdata.php - Lib loaded name=libalone.so size=4376231
[2026-03-17 10:02:54] getdata.php - Response ready
[2026-03-17 10:33:56] getdata.php - Token param length=348
[2026-03-17 10:33:56] getdata.php - Base64 token decode length=260
[2026-03-17 10:33:56] getdata.php - EncData length=172 Hash length=64
[2026-03-17 10:33:56] getdata.php - EncData base64 decode length=128
[2026-03-17 10:33:56] getdata.php - Decrypt OK uname=FJKLMDHOGC cs=54c9769cde863bf99c6cff7744e1fdbf
[2026-03-17 10:33:56] getdata.php - Lib loaded name=libalone.so size=4376231
[2026-03-17 10:33:56] getdata.php - Response ready
[2026-03-17 11:06:47] getdata.php - Token param length=348
[2026-03-17 11:06:47] getdata.php - Base64 token decode length=260
[2026-03-17 11:06:47] getdata.php - EncData length=172 Hash length=64
[2026-03-17 11:06:47] getdata.php - EncData base64 decode length=128
[2026-03-17 11:06:47] getdata.php - Decrypt OK uname=FJKLMDHOGC cs=7ec39d4f62a23ffa945f8ce842a28b4c
[2026-03-17 11:06:48] getdata.php - Lib loaded name=libalone.so size=4376231
[2026-03-17 11:06:48] getdata.php - Response ready
[2026-03-17 11:10:35] getdata.php - Token param length=348
[2026-03-17 11:10:35] getdata.php - Base64 token decode length=260
[2026-03-17 11:10:35] getdata.php - EncData length=172 Hash length=64
[2026-03-17 11:10:35] getdata.php - EncData base64 decode length=128
[2026-03-17 11:10:35] getdata.php - Decrypt OK uname=FJKLMDHOGC cs=c9b738fcf3a53f84a2d3165330c66db9
[2026-03-17 11:10:35] getdata.php - Lib loaded name=libalone.so size=4376231
[2026-03-17 11:10:35] getdata.php - Response ready
[2026-03-17 11:14:23] getdata.php - Token param length=348
[2026-03-17 11:14:23] getdata.php - Base64 token decode length=260
[2026-03-17 11:14:23] getdata.php - EncData length=172 Hash length=64
[2026-03-17 11:14:23] getdata.php - EncData base64 decode length=128
[2026-03-17 11:14:23] getdata.php - Decrypt OK uname=FJKLMDHOGC cs=c9b738fcf3a53f84a2d3165330c66db9
[2026-03-17 11:14:23] getdata.php - Lib loaded name=libalone.so size=4376231
[2026-03-17 11:14:23] getdata.php - Response ready
[2026-03-17 11:14:37] getdata.php - Token param length=344
[2026-03-17 11:14:37] getdata.php - Base64 token decode length=258
[2026-03-17 11:14:37] getdata.php - EncData length=172 Hash length=64
[2026-03-17 11:14:37] getdata.php - EncData base64 decode length=128
[2026-03-17 11:14:37] getdata.php - Decrypt OK uname=FJKLMDHOGC cs=c9b738fcf3a53f84a2d3165330c66db9
[2026-03-17 11:14:37] getdata.php - Lib loaded name=libalone.so size=4376231
[2026-03-17 11:14:37] getdata.php - Response ready
[2026-03-17 11:43:40] getdata.php - Token param length=348
[2026-03-17 11:43:40] getdata.php - Base64 token decode length=260
[2026-03-17 11:43:40] getdata.php - EncData length=172 Hash length=64
[2026-03-17 11:43:40] getdata.php - EncData base64 decode length=128
[2026-03-17 11:43:40] getdata.php - Decrypt OK uname=FJKLMDHOGC cs=722723b640473ee5844786556534783d
[2026-03-17 11:43:40] getdata.php - Lib loaded name=libalone.so size=4376231
[2026-03-17 11:43:40] getdata.php - Response ready
[2026-03-17 11:57:53] getdata.php - Token param length=352
[2026-03-17 11:57:53] getdata.php - Base64 token decode length=264
[2026-03-17 11:57:53] getdata.php - EncData length=172 Hash length=64
[2026-03-17 11:57:53] getdata.php - EncData base64 decode length=128
[2026-03-17 11:57:53] getdata.php - Decrypt OK uname=FJKLMDHOGC cs=722723b640473ee5844786556534783d
[2026-03-17 11:57:53] getdata.php - Lib loaded name=libalone.so size=4376231
[2026-03-17 11:57:53] getdata.php - Response ready
[2026-03-17 12:01:08] getdata.php - Token param length=348
[2026-03-17 12:01:08] getdata.php - Base64 token decode length=259
[2026-03-17 12:01:08] getdata.php - EncData length=172 Hash length=64
[2026-03-17 12:01:08] getdata.php - EncData base64 decode length=128
[2026-03-17 12:01:08] getdata.php - Decrypt OK uname=FJKLMDHOGC cs=722723b640473ee5844786556534783d
[2026-03-17 12:01:08] getdata.php - Lib loaded name=libalone.so size=4376231
[2026-03-17 12:01:08] getdata.php - Response ready
[2026-03-17 12:06:36] getdata.php - Token param length=348
[2026-03-17 12:06:36] getdata.php - Base64 token decode length=260
[2026-03-17 12:06:36] getdata.php - EncData length=172 Hash length=64
[2026-03-17 12:06:36] getdata.php - EncData base64 decode length=128
[2026-03-17 12:06:36] getdata.php - Decrypt OK uname=FJKLMDHOGC cs=722723b640473ee5844786556534783d
[2026-03-17 12:06:36] getdata.php - Lib loaded name=libalone.so size=4376231
[2026-03-17 12:06:36] getdata.php - Response ready
[2026-03-17 12:20:19] getdata.php - Token param length=344
[2026-03-17 12:20:19] getdata.php - Base64 token decode length=258
[2026-03-17 12:20:19] getdata.php - EncData length=172 Hash length=64
[2026-03-17 12:20:19] getdata.php - EncData base64 decode length=128
[2026-03-17 12:20:19] getdata.php - Decrypt OK uname=FJKLMDHOGC cs=14e616d10d3734b0be857431a7eb7bf1
[2026-03-17 12:20:19] getdata.php - Lib loaded name=libalone.so size=4376231
[2026-03-17 12:20:19] getdata.php - Response ready
[2026-03-17 12:23:18] getdata.php - Token param length=348
[2026-03-17 12:23:18] getdata.php - Base64 token decode length=259
[2026-03-17 12:23:18] getdata.php - EncData length=172 Hash length=64
[2026-03-17 12:23:18] getdata.php - EncData base64 decode length=128
[2026-03-17 12:23:18] getdata.php - Decrypt OK uname=FJKLMDHOGC cs=14e616d10d3734b0be857431a7eb7bf1
[2026-03-17 12:23:18] getdata.php - Lib loaded name=libalone.so size=4376231
[2026-03-17 12:23:18] getdata.php - Response ready
[2026-03-17 12:25:23] getdata.php - Token param length=348
[2026-03-17 12:25:23] getdata.php - Base64 token decode length=259
[2026-03-17 12:25:23] getdata.php - EncData length=172 Hash length=64
[2026-03-17 12:25:23] getdata.php - EncData base64 decode length=128
[2026-03-17 12:25:23] getdata.php - Decrypt OK uname=FJKLMDHOGC cs=8991720ff4e43f85acab63f9e3b777dd
[2026-03-17 12:25:23] getdata.php - Lib loaded name=libalone.so size=4376231
[2026-03-17 12:25:23] getdata.php - Response ready
[2026-03-17 12:26:20] getdata.php - Token param length=348
[2026-03-17 12:26:20] getdata.php - Base64 token decode length=260
[2026-03-17 12:26:20] getdata.php - EncData length=172 Hash length=64
[2026-03-17 12:26:20] getdata.php - EncData base64 decode length=128
[2026-03-17 12:26:20] getdata.php - Decrypt OK uname=FJKLMDHOGC cs=8991720ff4e43f85acab63f9e3b777dd
[2026-03-17 12:26:21] getdata.php - Lib loaded name=libalone.so size=4376231
[2026-03-17 12:26:21] getdata.php - Response ready
[2026-03-17 12:27:02] getdata.php - Token param length=348
[2026-03-17 12:27:02] getdata.php - Base64 token decode length=259
[2026-03-17 12:27:02] getdata.php - EncData length=172 Hash length=64
[2026-03-17 12:27:02] getdata.php - EncData base64 decode length=128
[2026-03-17 12:27:02] getdata.php - Decrypt OK uname=FJKLMDHOGC cs=8991720ff4e43f85acab63f9e3b777dd
[2026-03-17 12:27:02] getdata.php - Lib loaded name=libalone.so size=4376231
[2026-03-17 12:27:02] getdata.php - Response ready
[2026-03-17 12:28:18] getdata.php - Token param length=348
[2026-03-17 12:28:18] getdata.php - Base64 token decode length=260
[2026-03-17 12:28:18] getdata.php - EncData length=172 Hash length=64
[2026-03-17 12:28:18] getdata.php - EncData base64 decode length=128
[2026-03-17 12:28:18] getdata.php - Decrypt OK uname=FJKLMDHOGC cs=b7c1c08d3dbb362fb38f2f5d8859c058
[2026-03-17 12:28:18] getdata.php - Lib loaded name=libalone.so size=4376231
[2026-03-17 12:28:18] getdata.php - Response ready
[2026-03-17 12:35:00] getdata.php - Token param length=352
[2026-03-17 12:35:00] getdata.php - Base64 token decode length=262
[2026-03-17 12:35:00] getdata.php - EncData length=172 Hash length=64
[2026-03-17 12:35:00] getdata.php - EncData base64 decode length=128
[2026-03-17 12:35:00] getdata.php - Decrypt OK uname=FJKLMDHOGC cs=848c503d4e8432a2933f3d8c0037f15b
[2026-03-17 12:35:00] getdata.php - Lib loaded name=libalone.so size=4376231
[2026-03-17 12:35:00] getdata.php - Response ready
[2026-03-17 12:35:07] getdata.php - Token param length=344
[2026-03-17 12:35:07] getdata.php - Base64 token decode length=258
[2026-03-17 12:35:07] getdata.php - EncData length=172 Hash length=64
[2026-03-17 12:35:07] getdata.php - EncData base64 decode length=128
[2026-03-17 12:35:07] getdata.php - Decrypt OK uname=FJKLMDHOGC cs=848c503d4e8432a2933f3d8c0037f15b
[2026-03-17 12:35:07] getdata.php - Lib loaded name=libalone.so size=4376231
[2026-03-17 12:35:07] getdata.php - Response ready
[2026-03-17 12:37:20] getdata.php - Token param length=348
[2026-03-17 12:37:20] getdata.php - Base64 token decode length=261
[2026-03-17 12:37:20] getdata.php - EncData length=172 Hash length=64
[2026-03-17 12:37:20] getdata.php - EncData base64 decode length=128
[2026-03-17 12:37:20] getdata.php - Decrypt OK uname=FJKLMDHOGC cs=cde1a2bc92e4379c80f7c92c24569155
[2026-03-17 12:37:20] getdata.php - Lib loaded name=libalone.so size=4376231
[2026-03-17 12:37:20] getdata.php - Response ready
[2026-03-17 12:44:31] getdata.php - Token param length=348
[2026-03-17 12:44:31] getdata.php - Base64 token decode length=260
[2026-03-17 12:44:31] getdata.php - EncData length=172 Hash length=64
[2026-03-17 12:44:31] getdata.php - EncData base64 decode length=128
[2026-03-17 12:44:31] getdata.php - Decrypt OK uname=FJKLMDHOGC cs=14e616d10d3734b0be857431a7eb7bf1
[2026-03-17 12:44:31] getdata.php - Lib loaded name=libalone.so size=4376231
[2026-03-17 12:44:31] getdata.php - Response ready
[2026-03-17 12:46:56] getdata.php - Token param length=352
[2026-03-17 12:46:56] getdata.php - Base64 token decode length=263
[2026-03-17 12:46:56] getdata.php - EncData length=172 Hash length=64
[2026-03-17 12:46:56] getdata.php - EncData base64 decode length=128
[2026-03-17 12:46:56] getdata.php - Decrypt OK uname=FJKLMDHOGC cs=d67f6917722231e988edc4f87eaa6399
[2026-03-17 12:46:56] getdata.php - Lib loaded name=libalone.so size=4376231
[2026-03-17 12:46:56] getdata.php - Response ready
[2026-03-17 12:47:31] getdata.php - Token param length=348
[2026-03-17 12:47:31] getdata.php - Base64 token decode length=259
[2026-03-17 12:47:31] getdata.php - EncData length=172 Hash length=64
[2026-03-17 12:47:31] getdata.php - EncData base64 decode length=128
[2026-03-17 12:47:31] getdata.php - Decrypt OK uname=FJKLMDHOGC cs=d67f6917722231e988edc4f87eaa6399
[2026-03-17 12:47:31] getdata.php - Lib loaded name=libalone.so size=4376231
[2026-03-17 12:47:31] getdata.php - Response ready
[2026-03-17 12:49:37] getdata.php - Token param length=344
[2026-03-17 12:49:37] getdata.php - Base64 token decode length=257
[2026-03-17 12:49:37] getdata.php - EncData length=172 Hash length=64
[2026-03-17 12:49:37] getdata.php - EncData base64 decode length=128
[2026-03-17 12:49:37] getdata.php - Decrypt OK uname=FJKLMDHOGC cs=d67f6917722231e988edc4f87eaa6399
[2026-03-17 12:49:38] getdata.php - Lib loaded name=libalone.so size=4376231
[2026-03-17 12:49:38] getdata.php - Response ready
[2026-03-17 12:50:24] getdata.php - Token param length=348
[2026-03-17 12:50:24] getdata.php - Base64 token decode length=259
[2026-03-17 12:50:24] getdata.php - EncData length=172 Hash length=64
[2026-03-17 12:50:24] getdata.php - EncData base64 decode length=128
[2026-03-17 12:50:24] getdata.php - Decrypt OK uname=FJKLMDHOGC cs=d67f6917722231e988edc4f87eaa6399
[2026-03-17 12:50:24] getdata.php - Lib loaded name=libalone.so size=4376231
[2026-03-17 12:50:24] getdata.php - Response ready
[2026-03-17 12:53:07] getdata.php - Token param length=348
[2026-03-17 12:53:07] getdata.php - Base64 token decode length=261
[2026-03-17 12:53:07] getdata.php - EncData length=172 Hash length=64
[2026-03-17 12:53:07] getdata.php - EncData base64 decode length=128
[2026-03-17 12:53:07] getdata.php - Decrypt OK uname=FJKLMDHOGC cs=d67f6917722231e988edc4f87eaa6399
[2026-03-17 12:53:07] getdata.php - Lib loaded name=libalone.so size=4376231
[2026-03-17 12:53:07] getdata.php - Response ready
[2026-03-17 12:53:40] getdata.php - Token param length=348
[2026-03-17 12:53:40] getdata.php - Base64 token decode length=259
[2026-03-17 12:53:40] getdata.php - EncData length=172 Hash length=64
[2026-03-17 12:53:40] getdata.php - EncData base64 decode length=128
[2026-03-17 12:53:40] getdata.php - Decrypt OK uname=FJKLMDHOGC cs=d67f6917722231e988edc4f87eaa6399
[2026-03-17 12:53:40] getdata.php - Lib loaded name=libalone.so size=4376231
[2026-03-17 12:53:40] getdata.php - Response ready
[2026-03-17 12:55:37] getdata.php - Token param length=344
[2026-03-17 12:55:37] getdata.php - Base64 token decode length=258
[2026-03-17 12:55:37] getdata.php - EncData length=172 Hash length=64
[2026-03-17 12:55:37] getdata.php - EncData base64 decode length=128
[2026-03-17 12:55:37] getdata.php - Decrypt OK uname=FJKLMDHOGC cs=d67f6917722231e988edc4f87eaa6399
[2026-03-17 12:55:37] getdata.php - Lib loaded name=libalone.so size=4376231
[2026-03-17 12:55:37] getdata.php - Response ready
[2026-03-17 13:04:31] getdata.php - Token param length=348
[2026-03-17 13:04:31] getdata.php - Base64 token decode length=261
[2026-03-17 13:04:31] getdata.php - EncData length=172 Hash length=64
[2026-03-17 13:04:31] getdata.php - EncData base64 decode length=128
[2026-03-17 13:04:31] getdata.php - Decrypt OK uname=FJKLMDHOGC cs=d67f6917722231e988edc4f87eaa6399
[2026-03-17 13:04:31] getdata.php - Lib loaded name=libalone.so size=4376231
[2026-03-17 13:04:31] getdata.php - Response ready
[2026-03-17 13:04:46] getdata.php - Token param length=348
[2026-03-17 13:04:46] getdata.php - Base64 token decode length=259
[2026-03-17 13:04:46] getdata.php - EncData length=172 Hash length=64
[2026-03-17 13:04:46] getdata.php - EncData base64 decode length=128
[2026-03-17 13:04:46] getdata.php - Decrypt OK uname=FJKLMDHOGC cs=d67f6917722231e988edc4f87eaa6399
[2026-03-17 13:04:46] getdata.php - Lib loaded name=libalone.so size=4376231
[2026-03-17 13:04:46] getdata.php - Response ready
[2026-03-17 13:08:08] getdata.php - Token param length=348
[2026-03-17 13:08:08] getdata.php - Base64 token decode length=259
[2026-03-17 13:08:08] getdata.php - EncData length=172 Hash length=64
[2026-03-17 13:08:08] getdata.php - EncData base64 decode length=128
[2026-03-17 13:08:08] getdata.php - Decrypt OK uname=FJKLMDHOGC cs=d67f6917722231e988edc4f87eaa6399
[2026-03-17 13:08:08] getdata.php - Lib loaded name=libalone.so size=4376231
[2026-03-17 13:08:08] getdata.php - Response ready
[2026-03-17 13:08:30] getdata.php - Token param length=352
[2026-03-17 13:08:30] getdata.php - Base64 token decode length=262
[2026-03-17 13:08:30] getdata.php - EncData length=172 Hash length=64
[2026-03-17 13:08:30] getdata.php - EncData base64 decode length=128
[2026-03-17 13:08:30] getdata.php - Decrypt OK uname=FJKLMDHOGC cs=d67f6917722231e988edc4f87eaa6399
[2026-03-17 13:08:30] getdata.php - Lib loaded name=libalone.so size=4376231
[2026-03-17 13:08:30] getdata.php - Response ready
[2026-03-17 13:10:53] getdata.php - Token param length=344
[2026-03-17 13:10:53] getdata.php - Base64 token decode length=258
[2026-03-17 13:10:53] getdata.php - EncData length=172 Hash length=64
[2026-03-17 13:10:53] getdata.php - EncData base64 decode length=128
[2026-03-17 13:10:53] getdata.php - Decrypt OK uname=FJKLMDHOGC cs=d67f6917722231e988edc4f87eaa6399
[2026-03-17 13:10:53] getdata.php - Lib loaded name=libalone.so size=4376231
[2026-03-17 13:10:53] getdata.php - Response ready
[2026-03-17 13:11:07] getdata.php - Token param length=348
[2026-03-17 13:11:07] getdata.php - Base64 token decode length=261
[2026-03-17 13:11:07] getdata.php - EncData length=172 Hash length=64
[2026-03-17 13:11:07] getdata.php - EncData base64 decode length=128
[2026-03-17 13:11:07] getdata.php - Decrypt OK uname=FJKLMDHOGC cs=d67f6917722231e988edc4f87eaa6399
[2026-03-17 13:11:07] getdata.php - Lib loaded name=libalone.so size=4376231
[2026-03-17 13:11:07] getdata.php - Response ready
[2026-03-17 13:11:40] getdata.php - Token param length=348
[2026-03-17 13:11:40] getdata.php - Base64 token decode length=259
[2026-03-17 13:11:40] getdata.php - EncData length=172 Hash length=64
[2026-03-17 13:11:40] getdata.php - EncData base64 decode length=128
[2026-03-17 13:11:40] getdata.php - Decrypt OK uname=FJKLMDHOGC cs=c8aeec1c0ff1378f8a1a00252a0c75cf
[2026-03-17 13:11:40] getdata.php - Lib loaded name=libalone.so size=4376231
[2026-03-17 13:11:40] getdata.php - Response ready
[2026-03-17 13:12:40] getdata.php - Token param length=344
[2026-03-17 13:12:40] getdata.php - Base64 token decode length=258
[2026-03-17 13:12:40] getdata.php - EncData length=172 Hash length=64
[2026-03-17 13:12:40] getdata.php - EncData base64 decode length=128
[2026-03-17 13:12:40] getdata.php - Decrypt OK uname=FJKLMDHOGC cs=c8aeec1c0ff1378f8a1a00252a0c75cf
[2026-03-17 13:12:40] getdata.php - Lib loaded name=libalone.so size=4376231
[2026-03-17 13:12:40] getdata.php - Response ready
[2026-03-17 13:15:27] getdata.php - Token param length=348
[2026-03-17 13:15:27] getdata.php - Base64 token decode length=259
[2026-03-17 13:15:27] getdata.php - EncData length=172 Hash length=64
[2026-03-17 13:15:27] getdata.php - EncData base64 decode length=128
[2026-03-17 13:15:27] getdata.php - Decrypt OK uname=FJKLMDHOGC cs=d67f6917722231e988edc4f87eaa6399
[2026-03-17 13:15:27] getdata.php - Lib loaded name=libalone.so size=4376231
[2026-03-17 13:15:27] getdata.php - Response ready
[2026-03-17 13:15:46] getdata.php - Token param length=348
[2026-03-17 13:15:46] getdata.php - Base64 token decode length=259
[2026-03-17 13:15:46] getdata.php - EncData length=172 Hash length=64
[2026-03-17 13:15:46] getdata.php - EncData base64 decode length=128
[2026-03-17 13:15:46] getdata.php - Decrypt OK uname=FJKLMDHOGC cs=d67f6917722231e988edc4f87eaa6399
[2026-03-17 13:15:46] getdata.php - Lib loaded name=libalone.so size=4376231
[2026-03-17 13:15:46] getdata.php - Response ready
[2026-03-17 13:16:48] getdata.php - Token param length=348
[2026-03-17 13:16:48] getdata.php - Base64 token decode length=259
[2026-03-17 13:16:48] getdata.php - EncData length=172 Hash length=64
[2026-03-17 13:16:48] getdata.php - EncData base64 decode length=128
[2026-03-17 13:16:48] getdata.php - Decrypt OK uname=FJKLMDHOGC cs=d67f6917722231e988edc4f87eaa6399
[2026-03-17 13:16:48] getdata.php - Lib loaded name=libalone.so size=4376231
[2026-03-17 13:16:48] getdata.php - Response ready
[2026-03-17 13:47:01] getdata.php - Token param length=348
[2026-03-17 13:47:01] getdata.php - Base64 token decode length=260
[2026-03-17 13:47:01] getdata.php - EncData length=172 Hash length=64
[2026-03-17 13:47:01] getdata.php - EncData base64 decode length=128
[2026-03-17 13:47:01] getdata.php - Decrypt OK uname=FJKLMDHOGC cs=0cd1340ec6b2355b9f30773d01eb69de
[2026-03-17 13:47:01] getdata.php - Lib loaded name=libalone.so size=4376231
[2026-03-17 13:47:01] getdata.php - Response ready
[2026-03-17 13:47:05] getdata.php - Token param length=344
[2026-03-17 13:47:05] getdata.php - Base64 token decode length=258
[2026-03-17 13:47:05] getdata.php - EncData length=172 Hash length=64
[2026-03-17 13:47:05] getdata.php - EncData base64 decode length=128
[2026-03-17 13:47:05] getdata.php - Decrypt OK uname=FJKLMDHOGC cs=0cd1340ec6b2355b9f30773d01eb69de
[2026-03-17 13:47:05] getdata.php - Lib loaded name=libalone.so size=4376231
[2026-03-17 13:47:05] getdata.php - Response ready
[2026-03-17 13:47:16] getdata.php - Token param length=344
[2026-03-17 13:47:16] getdata.php - Base64 token decode length=258
[2026-03-17 13:47:16] getdata.php - EncData length=172 Hash length=64
[2026-03-17 13:47:16] getdata.php - EncData base64 decode length=128
[2026-03-17 13:47:16] getdata.php - Decrypt OK uname=FJKLMDHOGC cs=0cd1340ec6b2355b9f30773d01eb69de
[2026-03-17 13:47:16] getdata.php - Lib loaded name=libalone.so size=4376231
[2026-03-17 13:47:16] getdata.php - Response ready
[2026-03-17 13:47:34] getdata.php - Token param length=348
[2026-03-17 13:47:34] getdata.php - Base64 token decode length=261
[2026-03-17 13:47:34] getdata.php - EncData length=172 Hash length=64
[2026-03-17 13:47:34] getdata.php - EncData base64 decode length=128
[2026-03-17 13:47:34] getdata.php - Decrypt OK uname=FJKLMDHOGC cs=0cd1340ec6b2355b9f30773d01eb69de
[2026-03-17 13:47:34] getdata.php - Lib loaded name=libalone.so size=4376231
[2026-03-17 13:47:34] getdata.php - Response ready
[2026-03-17 13:47:37] getdata.php - Token param length=348
[2026-03-17 13:47:37] getdata.php - Base64 token decode length=260
[2026-03-17 13:47:37] getdata.php - EncData length=172 Hash length=64
[2026-03-17 13:47:37] getdata.php - EncData base64 decode length=128
[2026-03-17 13:47:37] getdata.php - Decrypt OK uname=FJKLMDHOGC cs=0cd1340ec6b2355b9f30773d01eb69de
[2026-03-17 13:47:37] getdata.php - Lib loaded name=libalone.so size=4376231
[2026-03-17 13:47:37] getdata.php - Response ready
[2026-03-17 13:48:31] getdata.php - Token param length=344
[2026-03-17 13:48:31] getdata.php - Base64 token decode length=258
[2026-03-17 13:48:31] getdata.php - EncData length=172 Hash length=64
[2026-03-17 13:48:31] getdata.php - EncData base64 decode length=128
[2026-03-17 13:48:31] getdata.php - Decrypt OK uname=FJKLMDHOGC cs=0cd1340ec6b2355b9f30773d01eb69de
[2026-03-17 13:48:31] getdata.php - Lib loaded name=libalone.so size=4376231
[2026-03-17 13:48:31] getdata.php - Response ready
[2026-03-17 13:48:43] getdata.php - Token param length=348
[2026-03-17 13:48:43] getdata.php - Base64 token decode length=260
[2026-03-17 13:48:43] getdata.php - EncData length=172 Hash length=64
[2026-03-17 13:48:43] getdata.php - EncData base64 decode length=128
[2026-03-17 13:48:43] getdata.php - Decrypt OK uname=FJKLMDHOGC cs=0cd1340ec6b2355b9f30773d01eb69de
[2026-03-17 13:48:43] getdata.php - Lib loaded name=libalone.so size=4376231
[2026-03-17 13:48:43] getdata.php - Response ready
[2026-03-17 13:48:47] getdata.php - Token param length=344
[2026-03-17 13:48:47] getdata.php - Base64 token decode length=258
[2026-03-17 13:48:47] getdata.php - EncData length=172 Hash length=64
[2026-03-17 13:48:47] getdata.php - EncData base64 decode length=128
[2026-03-17 13:48:47] getdata.php - Decrypt OK uname=FJKLMDHOGC cs=0cd1340ec6b2355b9f30773d01eb69de
[2026-03-17 13:48:47] getdata.php - Lib loaded name=libalone.so size=4376231
[2026-03-17 13:48:47] getdata.php - Response ready
[2026-03-17 13:49:56] getdata.php - Token param length=348
[2026-03-17 13:49:56] getdata.php - Base64 token decode length=260
[2026-03-17 13:49:56] getdata.php - EncData length=172 Hash length=64
[2026-03-17 13:49:56] getdata.php - EncData base64 decode length=128
[2026-03-17 13:49:56] getdata.php - Decrypt OK uname=FJKLMDHOGC cs=0cd1340ec6b2355b9f30773d01eb69de
[2026-03-17 13:49:56] getdata.php - Lib loaded name=libalone.so size=4376231
[2026-03-17 13:49:56] getdata.php - Response ready
[2026-03-17 13:49:59] getdata.php - Token param length=344
[2026-03-17 13:49:59] getdata.php - Base64 token decode length=258
[2026-03-17 13:49:59] getdata.php - EncData length=172 Hash length=64
[2026-03-17 13:49:59] getdata.php - EncData base64 decode length=128
[2026-03-17 13:49:59] getdata.php - Decrypt OK uname=FJKLMDHOGC cs=0cd1340ec6b2355b9f30773d01eb69de
[2026-03-17 13:49:59] getdata.php - Lib loaded name=libalone.so size=4376231
[2026-03-17 13:49:59] getdata.php - Response ready
[2026-03-17 13:50:03] getdata.php - Token param length=348
[2026-03-17 13:50:03] getdata.php - Base64 token decode length=259
[2026-03-17 13:50:03] getdata.php - EncData length=172 Hash length=64
[2026-03-17 13:50:03] getdata.php - EncData base64 decode length=128
[2026-03-17 13:50:03] getdata.php - Decrypt OK uname=FJKLMDHOGC cs=0cd1340ec6b2355b9f30773d01eb69de
[2026-03-17 13:50:03] getdata.php - Lib loaded name=libalone.so size=4376231
[2026-03-17 13:50:03] getdata.php - Response ready
[2026-03-17 13:50:07] getdata.php - Token param length=348
[2026-03-17 13:50:07] getdata.php - Base64 token decode length=261
[2026-03-17 13:50:07] getdata.php - EncData length=172 Hash length=64
[2026-03-17 13:50:07] getdata.php - EncData base64 decode length=128
[2026-03-17 13:50:07] getdata.php - Decrypt OK uname=FJKLMDHOGC cs=0cd1340ec6b2355b9f30773d01eb69de
[2026-03-17 13:50:07] getdata.php - Lib loaded name=libalone.so size=4376231
[2026-03-17 13:50:07] getdata.php - Response ready
[2026-03-17 13:52:17] getdata.php - Token param length=344
[2026-03-17 13:52:17] getdata.php - Base64 token decode length=258
[2026-03-17 13:52:17] getdata.php - EncData length=172 Hash length=64
[2026-03-17 13:52:17] getdata.php - EncData base64 decode length=128
[2026-03-17 13:52:18] getdata.php - Decrypt OK uname=FJKLMDHOGC cs=0cd1340ec6b2355b9f30773d01eb69de
[2026-03-17 13:52:18] getdata.php - Lib loaded name=libalone.so size=4376231
[2026-03-17 13:52:18] getdata.php - Response ready
[2026-03-17 13:52:21] getdata.php - Token param length=344
[2026-03-17 13:52:21] getdata.php - Base64 token decode length=258
[2026-03-17 13:52:21] getdata.php - EncData length=172 Hash length=64
[2026-03-17 13:52:21] getdata.php - EncData base64 decode length=128
[2026-03-17 13:52:21] getdata.php - Decrypt OK uname=FJKLMDHOGC cs=0cd1340ec6b2355b9f30773d01eb69de
[2026-03-17 13:52:21] getdata.php - Lib loaded name=libalone.so size=4376231
[2026-03-17 13:52:21] getdata.php - Response ready
[2026-03-17 13:53:05] getdata.php - Token param length=348
[2026-03-17 13:53:05] getdata.php - Base64 token decode length=259
[2026-03-17 13:53:05] getdata.php - EncData length=172 Hash length=64
[2026-03-17 13:53:05] getdata.php - EncData base64 decode length=128
[2026-03-17 13:53:05] getdata.php - Decrypt OK uname=FJKLMDHOGC cs=0cd1340ec6b2355b9f30773d01eb69de
[2026-03-17 13:53:05] getdata.php - Lib loaded name=libalone.so size=4376231
[2026-03-17 13:53:05] getdata.php - Response ready
[2026-03-17 13:53:26] getdata.php - Token param length=344
[2026-03-17 13:53:26] getdata.php - Base64 token decode length=257
[2026-03-17 13:53:26] getdata.php - EncData length=172 Hash length=64
[2026-03-17 13:53:26] getdata.php - EncData base64 decode length=128
[2026-03-17 13:53:26] getdata.php - Decrypt OK uname=FJKLMDHOGC cs=0cd1340ec6b2355b9f30773d01eb69de
[2026-03-17 13:53:26] getdata.php - Lib loaded name=libalone.so size=4376231
[2026-03-17 13:53:26] getdata.php - Response ready
[2026-03-17 13:53:33] getdata.php - Token param length=344
[2026-03-17 13:53:33] getdata.php - Base64 token decode length=258
[2026-03-17 13:53:33] getdata.php - EncData length=172 Hash length=64
[2026-03-17 13:53:33] getdata.php - EncData base64 decode length=128
[2026-03-17 13:53:33] getdata.php - Decrypt OK uname=FJKLMDHOGC cs=0cd1340ec6b2355b9f30773d01eb69de
[2026-03-17 13:53:33] getdata.php - Lib loaded name=libalone.so size=4376231
[2026-03-17 13:53:33] getdata.php - Response ready
[2026-03-17 13:53:38] getdata.php - Token param length=352
[2026-03-17 13:53:38] getdata.php - Base64 token decode length=262
[2026-03-17 13:53:38] getdata.php - EncData length=172 Hash length=64
[2026-03-17 13:53:38] getdata.php - EncData base64 decode length=128
[2026-03-17 13:53:39] getdata.php - Decrypt OK uname=FJKLMDHOGC cs=0cd1340ec6b2355b9f30773d01eb69de
[2026-03-17 13:53:39] getdata.php - Lib loaded name=libalone.so size=4376231
[2026-03-17 13:53:39] getdata.php - Response ready
[2026-03-17 13:54:23] getdata.php - Token param length=348
[2026-03-17 13:54:23] getdata.php - Base64 token decode length=261
[2026-03-17 13:54:23] getdata.php - EncData length=172 Hash length=64
[2026-03-17 13:54:23] getdata.php - EncData base64 decode length=128
[2026-03-17 13:54:23] getdata.php - Decrypt OK uname=FJKLMDHOGC cs=8dc346bdd12638eab9654277445afc2f
[2026-03-17 13:54:23] getdata.php - Lib loaded name=libalone.so size=4376231
[2026-03-17 13:54:23] getdata.php - Response ready
[2026-03-17 14:49:25] getdata.php - Token param length=344
[2026-03-17 14:49:25] getdata.php - Base64 token decode length=258
[2026-03-17 14:49:25] getdata.php - EncData length=172 Hash length=64
[2026-03-17 14:49:25] getdata.php - EncData base64 decode length=128
[2026-03-17 14:49:25] getdata.php - Decrypt OK uname=FJKLMDHOGC cs=d67f6917722231e988edc4f87eaa6399
[2026-03-17 14:49:25] getdata.php - Lib loaded name=libalone.so size=4376231
[2026-03-17 14:49:25] getdata.php - Response ready
[2026-03-17 14:53:24] getdata.php - Token param length=352
[2026-03-17 14:53:24] getdata.php - Base64 token decode length=264
[2026-03-17 14:53:24] getdata.php - EncData length=172 Hash length=64
[2026-03-17 14:53:24] getdata.php - EncData base64 decode length=128
[2026-03-17 14:53:24] getdata.php - Decrypt OK uname=FJKLMDHOGC cs=d67f6917722231e988edc4f87eaa6399
[2026-03-17 14:53:24] getdata.php - Lib loaded name=libalone.so size=4376231
[2026-03-17 14:53:24] getdata.php - Response ready
[2026-03-17 15:36:56] getdata.php - Token param length=348
[2026-03-17 15:36:56] getdata.php - Base64 token decode length=260
[2026-03-17 15:36:56] getdata.php - EncData length=172 Hash length=64
[2026-03-17 15:36:56] getdata.php - EncData base64 decode length=128
[2026-03-17 15:36:56] getdata.php - Decrypt OK uname=FJKLMDHOGC cs=7b93b9f51519391990cc42084d9a5871
[2026-03-17 15:36:56] getdata.php - Lib loaded name=libalone.so size=4376231
[2026-03-17 15:36:56] getdata.php - Response ready
[2026-03-17 16:15:17] getdata.php - Token param length=348
[2026-03-17 16:15:17] getdata.php - Base64 token decode length=261
[2026-03-17 16:15:17] getdata.php - EncData length=172 Hash length=64
[2026-03-17 16:15:17] getdata.php - EncData base64 decode length=128
[2026-03-17 16:15:17] getdata.php - Decrypt OK uname=FJKLMDHOGC cs=722723b640473ee5844786556534783d
[2026-03-17 16:15:17] getdata.php - Lib loaded name=libalone.so size=4376231
[2026-03-17 16:15:17] getdata.php - Response ready
[2026-03-17 16:28:02] getdata.php - Token param length=352
[2026-03-17 16:28:02] getdata.php - Base64 token decode length=264
[2026-03-17 16:28:02] getdata.php - EncData length=172 Hash length=64
[2026-03-17 16:28:02] getdata.php - EncData base64 decode length=128
[2026-03-17 16:28:02] getdata.php - Decrypt OK uname=FJKLMDHOGC cs=732d3fd8a1383d9bb22e35c9ff6eaaf9
[2026-03-17 16:28:02] getdata.php - Lib loaded name=libalone.so size=4376231
[2026-03-17 16:28:02] getdata.php - Response ready
[2026-03-17 16:29:20] getdata.php - Token param length=348
[2026-03-17 16:29:20] getdata.php - Base64 token decode length=260
[2026-03-17 16:29:20] getdata.php - EncData length=172 Hash length=64
[2026-03-17 16:29:20] getdata.php - EncData base64 decode length=128
[2026-03-17 16:29:20] getdata.php - Decrypt OK uname=FJKLMDHOGC cs=732d3fd8a1383d9bb22e35c9ff6eaaf9
[2026-03-17 16:29:20] getdata.php - Lib loaded name=libalone.so size=4376231
[2026-03-17 16:29:20] getdata.php - Response ready
[2026-03-17 16:30:05] getdata.php - Token param length=352
[2026-03-17 16:30:06] getdata.php - Base64 token decode length=264
[2026-03-17 16:30:06] getdata.php - EncData length=172 Hash length=64
[2026-03-17 16:30:06] getdata.php - EncData base64 decode length=128
[2026-03-17 16:30:06] getdata.php - Decrypt OK uname=FJKLMDHOGC cs=732d3fd8a1383d9bb22e35c9ff6eaaf9
[2026-03-17 16:30:06] getdata.php - Lib loaded name=libalone.so size=4376231
[2026-03-17 16:30:06] getdata.php - Response ready
[2026-03-17 16:30:47] getdata.php - Token param length=348
[2026-03-17 16:30:47] getdata.php - Base64 token decode length=259
[2026-03-17 16:30:47] getdata.php - EncData length=172 Hash length=64
[2026-03-17 16:30:47] getdata.php - EncData base64 decode length=128
[2026-03-17 16:30:47] getdata.php - Decrypt OK uname=FJKLMDHOGC cs=732d3fd8a1383d9bb22e35c9ff6eaaf9
[2026-03-17 16:30:47] getdata.php - Lib loaded name=libalone.so size=4376231
[2026-03-17 16:30:47] getdata.php - Response ready
[2026-03-17 16:32:40] getdata.php - Token param length=344
[2026-03-17 16:32:40] getdata.php - Base64 token decode length=258
[2026-03-17 16:32:40] getdata.php - EncData length=172 Hash length=64
[2026-03-17 16:32:40] getdata.php - EncData base64 decode length=128
[2026-03-17 16:32:40] getdata.php - Decrypt OK uname=FJKLMDHOGC cs=732d3fd8a1383d9bb22e35c9ff6eaaf9
[2026-03-17 16:32:40] getdata.php - Lib loaded name=libalone.so size=4376231
[2026-03-17 16:32:40] getdata.php - Response ready
[2026-03-17 16:50:57] getdata.php - Token param length=344
[2026-03-17 16:50:57] getdata.php - Base64 token decode length=257
[2026-03-17 16:50:57] getdata.php - EncData length=172 Hash length=64
[2026-03-17 16:50:57] getdata.php - EncData base64 decode length=128
[2026-03-17 16:50:57] getdata.php - Decrypt OK uname=FJKLMDHOGC cs=d0430993aada3e6fb93035d592cf5b9b
[2026-03-17 16:50:57] getdata.php - Lib loaded name=libalone.so size=4376231
[2026-03-17 16:50:57] getdata.php - Response ready
[2026-03-17 16:59:24] getdata.php - Token param length=344
[2026-03-17 16:59:24] getdata.php - Base64 token decode length=258
[2026-03-17 16:59:24] getdata.php - EncData length=172 Hash length=64
[2026-03-17 16:59:24] getdata.php - EncData base64 decode length=128
[2026-03-17 16:59:24] getdata.php - Decrypt OK uname=FJKLMDHOGC cs=14e616d10d3734b0be857431a7eb7bf1
[2026-03-17 16:59:24] getdata.php - Lib loaded name=libalone.so size=4376231
[2026-03-17 16:59:24] getdata.php - Response ready
[2026-03-17 18:26:47] getdata.php - Token param length=344
[2026-03-17 18:26:47] getdata.php - Base64 token decode length=257
[2026-03-17 18:26:47] getdata.php - EncData length=172 Hash length=64
[2026-03-17 18:26:47] getdata.php - EncData base64 decode length=128
[2026-03-17 18:26:47] getdata.php - Decrypt OK uname=FJKLMDHOGC cs=1923bed153c839cdb56b83b558c7f517
[2026-03-17 18:26:47] getdata.php - Lib loaded name=libalone.so size=4376231
[2026-03-17 18:26:47] getdata.php - Response ready
[2026-03-17 18:26:53] getdata.php - Token param length=352
[2026-03-17 18:26:53] getdata.php - Base64 token decode length=262
[2026-03-17 18:26:53] getdata.php - EncData length=172 Hash length=64
[2026-03-17 18:26:53] getdata.php - EncData base64 decode length=128
[2026-03-17 18:26:53] getdata.php - Decrypt OK uname=FJKLMDHOGC cs=1923bed153c839cdb56b83b558c7f517
[2026-03-17 18:26:53] getdata.php - Lib loaded name=libalone.so size=4376231
[2026-03-17 18:26:53] getdata.php - Response ready
[2026-03-17 18:26:58] getdata.php - Token param length=348
[2026-03-17 18:26:58] getdata.php - Base64 token decode length=260
[2026-03-17 18:26:58] getdata.php - EncData length=172 Hash length=64
[2026-03-17 18:26:58] getdata.php - EncData base64 decode length=128
[2026-03-17 18:26:58] getdata.php - Decrypt OK uname=FJKLMDHOGC cs=1923bed153c839cdb56b83b558c7f517
[2026-03-17 18:26:59] getdata.php - Lib loaded name=libalone.so size=4376231
[2026-03-17 18:26:59] getdata.php - Response ready
[2026-03-17 18:27:05] getdata.php - Token param length=348
[2026-03-17 18:27:05] getdata.php - Base64 token decode length=259
[2026-03-17 18:27:05] getdata.php - EncData length=172 Hash length=64
[2026-03-17 18:27:05] getdata.php - EncData base64 decode length=128
[2026-03-17 18:27:05] getdata.php - Decrypt OK uname=FJKLMDHOGC cs=1923bed153c839cdb56b83b558c7f517
[2026-03-17 18:27:05] getdata.php - Lib loaded name=libalone.so size=4376231
[2026-03-17 18:27:05] getdata.php - Response ready
[2026-03-17 19:48:18] getdata.php - Token param length=348
[2026-03-17 19:48:18] getdata.php - Base64 token decode length=261
[2026-03-17 19:48:18] getdata.php - EncData length=172 Hash length=64
[2026-03-17 19:48:18] getdata.php - EncData base64 decode length=128
[2026-03-17 19:48:19] getdata.php - Decrypt OK uname=FJKLMDHOGC cs=f68f90cee23d3abdaa5d6f7839ead4b9
[2026-03-17 19:48:19] getdata.php - Lib loaded name=libalone.so size=4376231
[2026-03-17 19:48:19] getdata.php - Response ready
[2026-03-17 19:48:54] getdata.php - Token param length=348
[2026-03-17 19:48:54] getdata.php - Base64 token decode length=259
[2026-03-17 19:48:54] getdata.php - EncData length=172 Hash length=64
[2026-03-17 19:48:54] getdata.php - EncData base64 decode length=128
[2026-03-17 19:48:54] getdata.php - Decrypt OK uname=FJKLMDHOGC cs=f68f90cee23d3abdaa5d6f7839ead4b9
[2026-03-17 19:48:54] getdata.php - Lib loaded name=libalone.so size=4376231
[2026-03-17 19:48:54] getdata.php - Response ready
[2026-03-17 19:59:46] getdata.php - Token param length=344
[2026-03-17 19:59:46] getdata.php - Base64 token decode length=258
[2026-03-17 19:59:46] getdata.php - EncData length=172 Hash length=64
[2026-03-17 19:59:46] getdata.php - EncData base64 decode length=128
[2026-03-17 19:59:46] getdata.php - Decrypt OK uname=FJKLMDHOGC cs=f68f90cee23d3abdaa5d6f7839ead4b9
[2026-03-17 19:59:46] getdata.php - Lib loaded name=libalone.so size=4376231
[2026-03-17 19:59:46] getdata.php - Response ready
[2026-03-17 20:51:52] getdata.php - Token param length=348
[2026-03-17 20:51:52] getdata.php - Base64 token decode length=259
[2026-03-17 20:51:52] getdata.php - EncData length=172 Hash length=64
[2026-03-17 20:51:52] getdata.php - EncData base64 decode length=128
[2026-03-17 20:51:52] getdata.php - Decrypt OK uname=FJKLMDHOGC cs=54c9769cde863bf99c6cff7744e1fdbf
[2026-03-17 20:51:52] getdata.php - Lib loaded name=libalone.so size=4376231
[2026-03-17 20:51:52] getdata.php - Response ready
[2026-03-17 21:55:17] getdata.php - Token param length=352
[2026-03-17 21:55:17] getdata.php - Base64 token decode length=262
[2026-03-17 21:55:17] getdata.php - EncData length=172 Hash length=64
[2026-03-17 21:55:17] getdata.php - EncData base64 decode length=128
[2026-03-17 21:55:17] getdata.php - Decrypt OK uname=FJKLMDHOGC cs=722723b640473ee5844786556534783d
[2026-03-17 21:55:17] getdata.php - Lib loaded name=libalone.so size=4376231
[2026-03-17 21:55:17] getdata.php - Response ready
[2026-03-17 22:06:45] getdata.php - Token param length=344
[2026-03-17 22:06:45] getdata.php - Base64 token decode length=258
[2026-03-17 22:06:45] getdata.php - EncData length=172 Hash length=64
[2026-03-17 22:06:45] getdata.php - EncData base64 decode length=128
[2026-03-17 22:06:45] getdata.php - Decrypt OK uname=FJKLMDHOGC cs=1923bed153c839cdb56b83b558c7f517
[2026-03-17 22:06:45] getdata.php - Lib loaded name=libalone.so size=4376231
[2026-03-17 22:06:45] getdata.php - Response ready
[2026-03-17 22:06:51] getdata.php - Token param length=348
[2026-03-17 22:06:51] getdata.php - Base64 token decode length=260
[2026-03-17 22:06:51] getdata.php - EncData length=172 Hash length=64
[2026-03-17 22:06:51] getdata.php - EncData base64 decode length=128
[2026-03-17 22:06:51] getdata.php - Decrypt OK uname=FJKLMDHOGC cs=1923bed153c839cdb56b83b558c7f517
[2026-03-17 22:06:51] getdata.php - Lib loaded name=libalone.so size=4376231
[2026-03-17 22:06:51] getdata.php - Response ready
[2026-03-17 22:07:06] getdata.php - Token param length=348
[2026-03-17 22:07:06] getdata.php - Base64 token decode length=260
[2026-03-17 22:07:06] getdata.php - EncData length=172 Hash length=64
[2026-03-17 22:07:06] getdata.php - EncData base64 decode length=128
[2026-03-17 22:07:06] getdata.php - Decrypt OK uname=FJKLMDHOGC cs=1923bed153c839cdb56b83b558c7f517
[2026-03-17 22:07:06] getdata.php - Lib loaded name=libalone.so size=4376231
[2026-03-17 22:07:06] getdata.php - Response ready
[2026-03-17 22:07:08] getdata.php - Token param length=344
[2026-03-17 22:07:08] getdata.php - Base64 token decode length=257
[2026-03-17 22:07:08] getdata.php - EncData length=172 Hash length=64
[2026-03-17 22:07:08] getdata.php - EncData base64 decode length=128
[2026-03-17 22:07:08] getdata.php - Decrypt OK uname=FJKLMDHOGC cs=54c9769cde863bf99c6cff7744e1fdbf
[2026-03-17 22:07:08] getdata.php - Lib loaded name=libalone.so size=4376231
[2026-03-17 22:07:08] getdata.php - Response ready
[2026-03-17 22:07:12] getdata.php - Token param length=348
[2026-03-17 22:07:12] getdata.php - Base64 token decode length=259
[2026-03-17 22:07:12] getdata.php - EncData length=172 Hash length=64
[2026-03-17 22:07:12] getdata.php - EncData base64 decode length=128
[2026-03-17 22:07:12] getdata.php - Decrypt OK uname=FJKLMDHOGC cs=1923bed153c839cdb56b83b558c7f517
[2026-03-17 22:07:12] getdata.php - Lib loaded name=libalone.so size=4376231
[2026-03-17 22:07:12] getdata.php - Response ready
[2026-03-17 22:07:31] getdata.php - Token param length=348
[2026-03-17 22:07:31] getdata.php - Base64 token decode length=259
[2026-03-17 22:07:31] getdata.php - EncData length=172 Hash length=64
[2026-03-17 22:07:31] getdata.php - EncData base64 decode length=128
[2026-03-17 22:07:31] getdata.php - Decrypt OK uname=FJKLMDHOGC cs=54c9769cde863bf99c6cff7744e1fdbf
[2026-03-17 22:07:31] getdata.php - Lib loaded name=libalone.so size=4376231
[2026-03-17 22:07:31] getdata.php - Response ready
[2026-03-17 22:07:44] getdata.php - Token param length=348
[2026-03-17 22:07:44] getdata.php - Base64 token decode length=261
[2026-03-17 22:07:44] getdata.php - EncData length=172 Hash length=64
[2026-03-17 22:07:44] getdata.php - EncData base64 decode length=128
[2026-03-17 22:07:44] getdata.php - Decrypt OK uname=FJKLMDHOGC cs=54c9769cde863bf99c6cff7744e1fdbf
[2026-03-17 22:07:44] getdata.php - Lib loaded name=libalone.so size=4376231
[2026-03-17 22:07:44] getdata.php - Response ready
[2026-03-17 22:07:53] getdata.php - Token param length=348
[2026-03-17 22:07:53] getdata.php - Base64 token decode length=260
[2026-03-17 22:07:53] getdata.php - EncData length=172 Hash length=64
[2026-03-17 22:07:53] getdata.php - EncData base64 decode length=128
[2026-03-17 22:07:53] getdata.php - Decrypt OK uname=FJKLMDHOGC cs=54c9769cde863bf99c6cff7744e1fdbf
[2026-03-17 22:07:53] getdata.php - Lib loaded name=libalone.so size=4376231
[2026-03-17 22:07:53] getdata.php - Response ready
[2026-03-17 22:16:46] getdata.php - Token param length=348
[2026-03-17 22:16:46] getdata.php - Base64 token decode length=260
[2026-03-17 22:16:46] getdata.php - EncData length=172 Hash length=64
[2026-03-17 22:16:46] getdata.php - EncData base64 decode length=128
[2026-03-17 22:16:46] getdata.php - Decrypt OK uname=FJKLMDHOGC cs=1923bed153c839cdb56b83b558c7f517
[2026-03-17 22:16:46] getdata.php - Lib loaded name=libalone.so size=4376231
[2026-03-17 22:16:46] getdata.php - Response ready
[2026-03-17 22:16:52] getdata.php - Token param length=352
[2026-03-17 22:16:52] getdata.php - Base64 token decode length=262
[2026-03-17 22:16:52] getdata.php - EncData length=172 Hash length=64
[2026-03-17 22:16:52] getdata.php - EncData base64 decode length=128
[2026-03-17 22:16:52] getdata.php - Decrypt OK uname=FJKLMDHOGC cs=1923bed153c839cdb56b83b558c7f517
[2026-03-17 22:16:52] getdata.php - Lib loaded name=libalone.so size=4376231
[2026-03-17 22:16:52] getdata.php - Response ready
[2026-03-17 22:17:04] getdata.php - Token param length=348
[2026-03-17 22:17:04] getdata.php - Base64 token decode length=260
[2026-03-17 22:17:04] getdata.php - EncData length=172 Hash length=64
[2026-03-17 22:17:04] getdata.php - EncData base64 decode length=128
[2026-03-17 22:17:04] getdata.php - Decrypt OK uname=FJKLMDHOGC cs=1923bed153c839cdb56b83b558c7f517
[2026-03-17 22:17:04] getdata.php - Lib loaded name=libalone.so size=4376231
[2026-03-17 22:17:04] getdata.php - Response ready
[2026-03-17 22:17:10] getdata.php - Token param length=344
[2026-03-17 22:17:10] getdata.php - Base64 token decode length=258
[2026-03-17 22:17:10] getdata.php - EncData length=172 Hash length=64
[2026-03-17 22:17:10] getdata.php - EncData base64 decode length=128
[2026-03-17 22:17:10] getdata.php - Decrypt OK uname=FJKLMDHOGC cs=1923bed153c839cdb56b83b558c7f517
[2026-03-17 22:17:10] getdata.php - Lib loaded name=libalone.so size=4376231
[2026-03-17 22:17:10] getdata.php - Response ready
[2026-03-17 22:17:16] getdata.php - Token param length=348
[2026-03-17 22:17:16] getdata.php - Base64 token decode length=260
[2026-03-17 22:17:16] getdata.php - EncData length=172 Hash length=64
[2026-03-17 22:17:16] getdata.php - EncData base64 decode length=128
[2026-03-17 22:17:16] getdata.php - Decrypt OK uname=FJKLMDHOGC cs=1923bed153c839cdb56b83b558c7f517
[2026-03-17 22:17:16] getdata.php - Lib loaded name=libalone.so size=4376231
[2026-03-17 22:17:16] getdata.php - Response ready
[2026-03-17 22:17:23] getdata.php - Token param length=348
[2026-03-17 22:17:23] getdata.php - Base64 token decode length=261
[2026-03-17 22:17:23] getdata.php - EncData length=172 Hash length=64
[2026-03-17 22:17:23] getdata.php - EncData base64 decode length=128
[2026-03-17 22:17:23] getdata.php - Decrypt OK uname=FJKLMDHOGC cs=1923bed153c839cdb56b83b558c7f517
[2026-03-17 22:17:23] getdata.php - Lib loaded name=libalone.so size=4376231
[2026-03-17 22:17:23] getdata.php - Response ready
[2026-03-17 22:41:17] getdata.php - Token param length=344
[2026-03-17 22:41:17] getdata.php - Base64 token decode length=258
[2026-03-17 22:41:17] getdata.php - EncData length=172 Hash length=64
[2026-03-17 22:41:17] getdata.php - EncData base64 decode length=128
[2026-03-17 22:41:17] getdata.php - Decrypt OK uname=FJKLMDHOGC cs=26e4b962affd397ba4fb8a185aa919c8
[2026-03-17 22:41:17] getdata.php - Lib loaded name=libalone.so size=4376231
[2026-03-17 22:41:17] getdata.php - Response ready
[2026-03-17 22:50:54] getdata.php - Token param length=348
[2026-03-17 22:50:54] getdata.php - Base64 token decode length=261
[2026-03-17 22:50:54] getdata.php - EncData length=172 Hash length=64
[2026-03-17 22:50:54] getdata.php - EncData base64 decode length=128
[2026-03-17 22:50:54] getdata.php - Decrypt OK uname=FJKLMDHOGC cs=4d53297608b83f19acc0a15ea02680fb
[2026-03-17 22:50:54] getdata.php - Lib loaded name=libalone.so size=4376231
[2026-03-17 22:50:54] getdata.php - Response ready
[2026-03-17 22:54:26] getdata.php - Token param length=344
[2026-03-17 22:54:26] getdata.php - Base64 token decode length=257
[2026-03-17 22:54:26] getdata.php - EncData length=172 Hash length=64
[2026-03-17 22:54:26] getdata.php - EncData base64 decode length=128
[2026-03-17 22:54:26] getdata.php - Decrypt OK uname=FJKLMDHOGC cs=4d53297608b83f19acc0a15ea02680fb
[2026-03-17 22:54:26] getdata.php - Lib loaded name=libalone.so size=4376231
[2026-03-17 22:54:26] getdata.php - Response ready
[2026-03-17 22:55:20] getdata.php - Token param length=344
[2026-03-17 22:55:20] getdata.php - Base64 token decode length=258
[2026-03-17 22:55:20] getdata.php - EncData length=172 Hash length=64
[2026-03-17 22:55:20] getdata.php - EncData base64 decode length=128
[2026-03-17 22:55:20] getdata.php - Decrypt OK uname=FJKLMDHOGC cs=599a5116a31d39ce9663dee2a07d4886
[2026-03-17 22:55:20] getdata.php - Lib loaded name=libalone.so size=4376231
[2026-03-17 22:55:20] getdata.php - Response ready
[2026-03-17 23:57:44] getdata.php - Token param length=352
[2026-03-17 23:57:44] getdata.php - Base64 token decode length=263
[2026-03-17 23:57:44] getdata.php - EncData length=172 Hash length=64
[2026-03-17 23:57:44] getdata.php - EncData base64 decode length=128
[2026-03-17 23:57:44] getdata.php - Decrypt OK uname=FJKLMDHOGC cs=9d78a420a99a3df3b6833298e9cbdc6b
[2026-03-17 23:57:44] getdata.php - Lib loaded name=libalone.so size=4376231
[2026-03-17 23:57:44] getdata.php - Response ready
[2026-03-18 00:46:09] getdata.php - Token param length=344
[2026-03-18 00:46:09] getdata.php - Base64 token decode length=258
[2026-03-18 00:46:09] getdata.php - EncData length=172 Hash length=64
[2026-03-18 00:46:09] getdata.php - EncData base64 decode length=128
[2026-03-18 00:46:09] getdata.php - Decrypt OK uname=FJKLMDHOGC cs=b7c1c08d3dbb362fb38f2f5d8859c058
[2026-03-18 00:46:10] getdata.php - Lib loaded name=libalone.so size=4376231
[2026-03-18 00:46:10] getdata.php - Response ready
[2026-03-18 01:04:08] getdata.php - Token param length=344
[2026-03-18 01:04:08] getdata.php - Base64 token decode length=257
[2026-03-18 01:04:08] getdata.php - EncData length=172 Hash length=64
[2026-03-18 01:04:08] getdata.php - EncData base64 decode length=128
[2026-03-18 01:04:08] getdata.php - Decrypt OK uname=FJKLMDHOGC cs=43876102f03537b1b6df4daaa38e9935
[2026-03-18 01:04:09] getdata.php - Lib loaded name=libalone.so size=4376231
[2026-03-18 01:04:09] getdata.php - Response ready
[2026-03-18 01:59:30] getdata.php - Token param length=348
[2026-03-18 01:59:30] getdata.php - Base64 token decode length=261
[2026-03-18 01:59:30] getdata.php - EncData length=172 Hash length=64
[2026-03-18 01:59:30] getdata.php - EncData base64 decode length=128
[2026-03-18 01:59:30] getdata.php - Decrypt OK uname=FJKLMDHOGC cs=7ec39d4f62a23ffa945f8ce842a28b4c
[2026-03-18 01:59:30] getdata.php - Lib loaded name=libalone.so size=4376231
[2026-03-18 01:59:30] getdata.php - Response ready
[2026-03-18 02:01:26] getdata.php - Token param length=348
[2026-03-18 02:01:26] getdata.php - Base64 token decode length=261
[2026-03-18 02:01:26] getdata.php - EncData length=172 Hash length=64
[2026-03-18 02:01:26] getdata.php - EncData base64 decode length=128
[2026-03-18 02:01:26] getdata.php - Decrypt OK uname=FJKLMDHOGC cs=6cf36bc6f2c93ce381d79c812e033171
[2026-03-18 02:01:26] getdata.php - Lib loaded name=libalone.so size=4376231
[2026-03-18 02:01:26] getdata.php - Response ready
[2026-03-18 02:36:23] getdata.php - Token param length=348
[2026-03-18 02:36:23] getdata.php - Base64 token decode length=259
[2026-03-18 02:36:23] getdata.php - EncData length=172 Hash length=64
[2026-03-18 02:36:23] getdata.php - EncData base64 decode length=128
[2026-03-18 02:36:23] getdata.php - Decrypt OK uname=FJKLMDHOGC cs=420fe1383d3837fe97b056b89e8808e7
[2026-03-18 02:36:23] getdata.php - Lib loaded name=libalone.so size=4376231
[2026-03-18 02:36:23] getdata.php - Response ready
[2026-03-18 02:36:45] getdata.php - Token param length=348
[2026-03-18 02:36:45] getdata.php - Base64 token decode length=261
[2026-03-18 02:36:45] getdata.php - EncData length=172 Hash length=64
[2026-03-18 02:36:45] getdata.php - EncData base64 decode length=128
[2026-03-18 02:36:45] getdata.php - Decrypt OK uname=FJKLMDHOGC cs=420fe1383d3837fe97b056b89e8808e7
[2026-03-18 02:36:45] getdata.php - Lib loaded name=libalone.so size=4376231
[2026-03-18 02:36:45] getdata.php - Response ready
[2026-03-18 03:47:41] getdata.php - Token param length=348
[2026-03-18 03:47:41] getdata.php - Base64 token decode length=260
[2026-03-18 03:47:41] getdata.php - EncData length=172 Hash length=64
[2026-03-18 03:47:41] getdata.php - EncData base64 decode length=128
[2026-03-18 03:47:41] getdata.php - Decrypt OK uname=FJKLMDHOGC cs=9bf905cc3ff83a8ba53b215700242660
[2026-03-18 03:47:41] getdata.php - Lib loaded name=libalone.so size=4376231
[2026-03-18 03:47:41] getdata.php - Response ready
[2026-03-18 03:57:58] getdata.php - Token param length=344
[2026-03-18 03:57:58] getdata.php - Base64 token decode length=258
[2026-03-18 03:57:58] getdata.php - EncData length=172 Hash length=64
[2026-03-18 03:57:58] getdata.php - EncData base64 decode length=128
[2026-03-18 03:57:58] getdata.php - Decrypt OK uname=FJKLMDHOGC cs=4d53297608b83f19acc0a15ea02680fb
[2026-03-18 03:57:58] getdata.php - Lib loaded name=libalone.so size=4376231
[2026-03-18 03:57:58] getdata.php - Response ready
[2026-03-18 04:04:45] getdata.php - Token param length=348
[2026-03-18 04:04:45] getdata.php - Base64 token decode length=259
[2026-03-18 04:04:45] getdata.php - EncData length=172 Hash length=64
[2026-03-18 04:04:45] getdata.php - EncData base64 decode length=128
[2026-03-18 04:04:45] getdata.php - Decrypt OK uname=FJKLMDHOGC cs=7fe735f763993000904a66a6cf340fac
[2026-03-18 04:04:45] getdata.php - Lib loaded name=libalone.so size=4376231
[2026-03-18 04:04:45] getdata.php - Response ready
[2026-03-18 04:23:21] getdata.php - Token param length=344
[2026-03-18 04:23:21] getdata.php - Base64 token decode length=258
[2026-03-18 04:23:21] getdata.php - EncData length=172 Hash length=64
[2026-03-18 04:23:21] getdata.php - EncData base64 decode length=128
[2026-03-18 04:23:21] getdata.php - Decrypt OK uname=FJKLMDHOGC cs=7ec39d4f62a23ffa945f8ce842a28b4c
[2026-03-18 04:23:21] getdata.php - Lib loaded name=libalone.so size=4376231
[2026-03-18 04:23:21] getdata.php - Response ready
[2026-03-18 04:40:38] getdata.php - Token param length=344
[2026-03-18 04:40:38] getdata.php - Base64 token decode length=257
[2026-03-18 04:40:38] getdata.php - EncData length=172 Hash length=64
[2026-03-18 04:40:38] getdata.php - EncData base64 decode length=128
[2026-03-18 04:40:38] getdata.php - Decrypt OK uname=FJKLMDHOGC cs=147845d7348c3d06a51e3d5bade9e2bc
[2026-03-18 04:40:38] getdata.php - Lib loaded name=libalone.so size=4376231
[2026-03-18 04:40:38] getdata.php - Response ready
[2026-03-18 04:41:08] getdata.php - Token param length=348
[2026-03-18 04:41:08] getdata.php - Base64 token decode length=261
[2026-03-18 04:41:08] getdata.php - EncData length=172 Hash length=64
[2026-03-18 04:41:08] getdata.php - EncData base64 decode length=128
[2026-03-18 04:41:08] getdata.php - Decrypt OK uname=FJKLMDHOGC cs=147845d7348c3d06a51e3d5bade9e2bc
[2026-03-18 04:41:08] getdata.php - Lib loaded name=libalone.so size=4376231
[2026-03-18 04:41:08] getdata.php - Response ready
[2026-03-18 05:09:08] getdata.php - Token param length=344
[2026-03-18 05:09:08] getdata.php - Base64 token decode length=258
[2026-03-18 05:09:08] getdata.php - EncData length=172 Hash length=64
[2026-03-18 05:09:08] getdata.php - EncData base64 decode length=128
[2026-03-18 05:09:08] getdata.php - Decrypt OK uname=FJKLMDHOGC cs=59e99177c7e8323b99467cfcaee292b4
[2026-03-18 05:09:08] getdata.php - Lib loaded name=libalone.so size=4376231
[2026-03-18 05:09:08] getdata.php - Response ready
[2026-03-18 05:53:21] getdata.php - Token param length=348
[2026-03-18 05:53:21] getdata.php - Base64 token decode length=261
[2026-03-18 05:53:21] getdata.php - EncData length=172 Hash length=64
[2026-03-18 05:53:21] getdata.php - EncData base64 decode length=128
[2026-03-18 05:53:21] getdata.php - Decrypt OK uname=FJKLMDHOGC cs=83bda10ba6023ca58745a2a95172092c
[2026-03-18 05:53:21] getdata.php - Lib loaded name=libalone.so size=4376231
[2026-03-18 05:53:21] getdata.php - Response ready
[2026-03-18 06:34:29] getdata.php - Token param length=344
[2026-03-18 06:34:29] getdata.php - Base64 token decode length=257
[2026-03-18 06:34:29] getdata.php - EncData length=172 Hash length=64
[2026-03-18 06:34:29] getdata.php - EncData base64 decode length=128
[2026-03-18 06:34:29] getdata.php - Decrypt OK uname=FJKLMDHOGC cs=420fe1383d3837fe97b056b89e8808e7
[2026-03-18 06:34:29] getdata.php - Lib loaded name=libalone.so size=4376231
[2026-03-18 06:34:29] getdata.php - Response ready
[2026-03-18 06:35:15] getdata.php - Token param length=344
[2026-03-18 06:35:15] getdata.php - Base64 token decode length=258
[2026-03-18 06:35:15] getdata.php - EncData length=172 Hash length=64
[2026-03-18 06:35:15] getdata.php - EncData base64 decode length=128
[2026-03-18 06:35:15] getdata.php - Decrypt OK uname=FJKLMDHOGC cs=420fe1383d3837fe97b056b89e8808e7
[2026-03-18 06:35:15] getdata.php - Lib loaded name=libalone.so size=4376231
[2026-03-18 06:35:15] getdata.php - Response ready
[2026-03-18 06:35:23] getdata.php - Token param length=344
[2026-03-18 06:35:23] getdata.php - Base64 token decode length=258
[2026-03-18 06:35:23] getdata.php - EncData length=172 Hash length=64
[2026-03-18 06:35:23] getdata.php - EncData base64 decode length=128
[2026-03-18 06:35:23] getdata.php - Decrypt OK uname=FJKLMDHOGC cs=420fe1383d3837fe97b056b89e8808e7
[2026-03-18 06:35:23] getdata.php - Lib loaded name=libalone.so size=4376231
[2026-03-18 06:35:23] getdata.php - Response ready
[2026-03-18 06:35:46] getdata.php - Token param length=348
[2026-03-18 06:35:46] getdata.php - Base64 token decode length=261
[2026-03-18 06:35:46] getdata.php - EncData length=172 Hash length=64
[2026-03-18 06:35:46] getdata.php - EncData base64 decode length=128
[2026-03-18 06:35:46] getdata.php - Decrypt OK uname=FJKLMDHOGC cs=420fe1383d3837fe97b056b89e8808e7
[2026-03-18 06:35:46] getdata.php - Lib loaded name=libalone.so size=4376231
[2026-03-18 06:35:46] getdata.php - Response ready
[2026-03-18 06:39:22] getdata.php - Token param length=356
[2026-03-18 06:39:22] getdata.php - Base64 token decode length=265
[2026-03-18 06:39:22] getdata.php - EncData length=172 Hash length=64
[2026-03-18 06:39:22] getdata.php - EncData base64 decode length=128
[2026-03-18 06:39:22] getdata.php - Decrypt OK uname=FJKLMDHOGC cs=5e83dce840963d62b5cae3d34bdcabc4
[2026-03-18 06:39:22] getdata.php - Lib loaded name=libalone.so size=4376231
[2026-03-18 06:39:22] getdata.php - Response ready
[2026-03-18 06:46:51] getdata.php - Token param length=348
[2026-03-18 06:46:51] getdata.php - Base64 token decode length=261
[2026-03-18 06:46:51] getdata.php - EncData length=172 Hash length=64
[2026-03-18 06:46:51] getdata.php - EncData base64 decode length=128
[2026-03-18 06:46:51] getdata.php - Decrypt OK uname=FJKLMDHOGC cs=76b87ad90fe3332caa5187b8609e3f03
[2026-03-18 06:46:51] getdata.php - Lib loaded name=libalone.so size=4376231
[2026-03-18 06:46:51] getdata.php - Response ready
[2026-03-18 06:56:26] getdata.php - Token param length=344
[2026-03-18 06:56:26] getdata.php - Base64 token decode length=257
[2026-03-18 06:56:26] getdata.php - EncData length=172 Hash length=64
[2026-03-18 06:56:26] getdata.php - EncData base64 decode length=128
[2026-03-18 06:56:26] getdata.php - Decrypt OK uname=FJKLMDHOGC cs=1923bed153c839cdb56b83b558c7f517
[2026-03-18 06:56:26] getdata.php - Lib loaded name=libalone.so size=4376231
[2026-03-18 06:56:26] getdata.php - Response ready
[2026-03-18 06:56:31] getdata.php - Token param length=348
[2026-03-18 06:56:31] getdata.php - Base64 token decode length=259
[2026-03-18 06:56:31] getdata.php - EncData length=172 Hash length=64
[2026-03-18 06:56:31] getdata.php - EncData base64 decode length=128
[2026-03-18 06:56:31] getdata.php - Decrypt OK uname=FJKLMDHOGC cs=1923bed153c839cdb56b83b558c7f517
[2026-03-18 06:56:31] getdata.php - Lib loaded name=libalone.so size=4376231
[2026-03-18 06:56:31] getdata.php - Response ready
[2026-03-18 07:00:32] getdata.php - Token param length=352
[2026-03-18 07:00:32] getdata.php - Base64 token decode length=262
[2026-03-18 07:00:32] getdata.php - EncData length=172 Hash length=64
[2026-03-18 07:00:32] getdata.php - EncData base64 decode length=128
[2026-03-18 07:00:32] getdata.php - Decrypt OK uname=FJKLMDHOGC cs=76b87ad90fe3332caa5187b8609e3f03
[2026-03-18 07:00:32] getdata.php - Lib loaded name=libalone.so size=4376231
[2026-03-18 07:00:32] getdata.php - Response ready
[2026-03-18 07:02:24] getdata.php - Token param length=348
[2026-03-18 07:02:24] getdata.php - Base64 token decode length=259
[2026-03-18 07:02:24] getdata.php - EncData length=172 Hash length=64
[2026-03-18 07:02:24] getdata.php - EncData base64 decode length=128
[2026-03-18 07:02:24] getdata.php - Decrypt OK uname=FJKLMDHOGC cs=1923bed153c839cdb56b83b558c7f517
[2026-03-18 07:02:24] getdata.php - Lib loaded name=libalone.so size=4376231
[2026-03-18 07:02:24] getdata.php - Response ready
[2026-03-18 07:02:31] getdata.php - Token param length=348
[2026-03-18 07:02:31] getdata.php - Base64 token decode length=260
[2026-03-18 07:02:31] getdata.php - EncData length=172 Hash length=64
[2026-03-18 07:02:31] getdata.php - EncData base64 decode length=128
[2026-03-18 07:02:31] getdata.php - Decrypt OK uname=FJKLMDHOGC cs=1923bed153c839cdb56b83b558c7f517
[2026-03-18 07:02:31] getdata.php - Lib loaded name=libalone.so size=4376231
[2026-03-18 07:02:31] getdata.php - Response ready
[2026-03-18 07:07:29] getdata.php - Token param length=344
[2026-03-18 07:07:29] getdata.php - Base64 token decode length=258
[2026-03-18 07:07:29] getdata.php - EncData length=172 Hash length=64
[2026-03-18 07:07:29] getdata.php - EncData base64 decode length=128
[2026-03-18 07:07:29] getdata.php - Decrypt OK uname=FJKLMDHOGC cs=1923bed153c839cdb56b83b558c7f517
[2026-03-18 07:07:29] getdata.php - Lib loaded name=libalone.so size=4376231
[2026-03-18 07:07:29] getdata.php - Response ready
[2026-03-18 07:07:36] getdata.php - Token param length=348
[2026-03-18 07:07:36] getdata.php - Base64 token decode length=261
[2026-03-18 07:07:36] getdata.php - EncData length=172 Hash length=64
[2026-03-18 07:07:36] getdata.php - EncData base64 decode length=128
[2026-03-18 07:07:36] getdata.php - Decrypt OK uname=FJKLMDHOGC cs=1923bed153c839cdb56b83b558c7f517
[2026-03-18 07:07:36] getdata.php - Lib loaded name=libalone.so size=4376231
[2026-03-18 07:07:36] getdata.php - Response ready
[2026-03-18 07:10:50] getdata.php - Token param length=344
[2026-03-18 07:10:50] getdata.php - Base64 token decode length=258
[2026-03-18 07:10:50] getdata.php - EncData length=172 Hash length=64
[2026-03-18 07:10:50] getdata.php - EncData base64 decode length=128
[2026-03-18 07:10:51] getdata.php - Decrypt OK uname=FJKLMDHOGC cs=1923bed153c839cdb56b83b558c7f517
[2026-03-18 07:10:51] getdata.php - Lib loaded name=libalone.so size=4376231
[2026-03-18 07:10:51] getdata.php - Response ready
[2026-03-18 07:10:56] getdata.php - Token param length=348
[2026-03-18 07:10:56] getdata.php - Base64 token decode length=259
[2026-03-18 07:10:56] getdata.php - EncData length=172 Hash length=64
[2026-03-18 07:10:56] getdata.php - EncData base64 decode length=128
[2026-03-18 07:10:56] getdata.php - Decrypt OK uname=FJKLMDHOGC cs=1923bed153c839cdb56b83b558c7f517
[2026-03-18 07:10:56] getdata.php - Lib loaded name=libalone.so size=4376231
[2026-03-18 07:10:56] getdata.php - Response ready
[2026-03-18 07:11:01] getdata.php - Token param length=348
[2026-03-18 07:11:01] getdata.php - Base64 token decode length=259
[2026-03-18 07:11:01] getdata.php - EncData length=172 Hash length=64
[2026-03-18 07:11:01] getdata.php - EncData base64 decode length=128
[2026-03-18 07:11:01] getdata.php - Decrypt OK uname=FJKLMDHOGC cs=1923bed153c839cdb56b83b558c7f517
[2026-03-18 07:11:01] getdata.php - Lib loaded name=libalone.so size=4376231
[2026-03-18 07:11:01] getdata.php - Response ready
[2026-03-18 07:11:11] getdata.php - Token param length=352
[2026-03-18 07:11:11] getdata.php - Base64 token decode length=262
[2026-03-18 07:11:11] getdata.php - EncData length=172 Hash length=64
[2026-03-18 07:11:11] getdata.php - EncData base64 decode length=128
[2026-03-18 07:11:11] getdata.php - Decrypt OK uname=FJKLMDHOGC cs=1923bed153c839cdb56b83b558c7f517
[2026-03-18 07:11:11] getdata.php - Lib loaded name=libalone.so size=4376231
[2026-03-18 07:11:11] getdata.php - Response ready
[2026-03-18 07:11:18] getdata.php - Token param length=348
[2026-03-18 07:11:18] getdata.php - Base64 token decode length=261
[2026-03-18 07:11:18] getdata.php - EncData length=172 Hash length=64
[2026-03-18 07:11:18] getdata.php - EncData base64 decode length=128
[2026-03-18 07:11:18] getdata.php - Decrypt OK uname=FJKLMDHOGC cs=1923bed153c839cdb56b83b558c7f517
[2026-03-18 07:11:18] getdata.php - Lib loaded name=libalone.so size=4376231
[2026-03-18 07:11:18] getdata.php - Response ready
[2026-03-18 07:11:26] getdata.php - Token param length=344
[2026-03-18 07:11:26] getdata.php - Base64 token decode length=258
[2026-03-18 07:11:26] getdata.php - EncData length=172 Hash length=64
[2026-03-18 07:11:26] getdata.php - EncData base64 decode length=128
[2026-03-18 07:11:26] getdata.php - Decrypt OK uname=FJKLMDHOGC cs=1923bed153c839cdb56b83b558c7f517
[2026-03-18 07:11:26] getdata.php - Lib loaded name=libalone.so size=4376231
[2026-03-18 07:11:26] getdata.php - Response ready
[2026-03-18 07:32:50] getdata.php - Token param length=348
[2026-03-18 07:32:50] getdata.php - Base64 token decode length=259
[2026-03-18 07:32:50] getdata.php - EncData length=172 Hash length=64
[2026-03-18 07:32:50] getdata.php - EncData base64 decode length=128
[2026-03-18 07:32:50] getdata.php - Decrypt OK uname=FJKLMDHOGC cs=b67f4179a82d369b99dcb6cf59951d8f
[2026-03-18 07:32:50] getdata.php - Lib loaded name=libalone.so size=4376231
[2026-03-18 07:32:50] getdata.php - Response ready
[2026-03-18 07:34:22] getdata.php - Token param length=348
[2026-03-18 07:34:22] getdata.php - Base64 token decode length=259
[2026-03-18 07:34:22] getdata.php - EncData length=172 Hash length=64
[2026-03-18 07:34:22] getdata.php - EncData base64 decode length=128
[2026-03-18 07:34:22] getdata.php - Decrypt OK uname=FJKLMDHOGC cs=b67f4179a82d369b99dcb6cf59951d8f
[2026-03-18 07:34:22] getdata.php - Lib loaded name=libalone.so size=4376231
[2026-03-18 07:34:22] getdata.php - Response ready
[2026-03-18 07:35:34] getdata.php - Token param length=344
[2026-03-18 07:35:34] getdata.php - Base64 token decode length=258
[2026-03-18 07:35:34] getdata.php - EncData length=172 Hash length=64
[2026-03-18 07:35:34] getdata.php - EncData base64 decode length=128
[2026-03-18 07:35:34] getdata.php - Decrypt OK uname=FJKLMDHOGC cs=b67f4179a82d369b99dcb6cf59951d8f
[2026-03-18 07:35:34] getdata.php - Lib loaded name=libalone.so size=4376231
[2026-03-18 07:35:34] getdata.php - Response ready
[2026-03-18 07:36:56] getdata.php - Token param length=348
[2026-03-18 07:36:56] getdata.php - Base64 token decode length=260
[2026-03-18 07:36:56] getdata.php - EncData length=172 Hash length=64
[2026-03-18 07:36:56] getdata.php - EncData base64 decode length=128
[2026-03-18 07:36:56] getdata.php - Decrypt OK uname=FJKLMDHOGC cs=b67f4179a82d369b99dcb6cf59951d8f
[2026-03-18 07:36:56] getdata.php - Lib loaded name=libalone.so size=4376231
[2026-03-18 07:36:56] getdata.php - Response ready
[2026-03-18 07:38:35] getdata.php - Token param length=348
[2026-03-18 07:38:35] getdata.php - Base64 token decode length=260
[2026-03-18 07:38:35] getdata.php - EncData length=172 Hash length=64
[2026-03-18 07:38:35] getdata.php - EncData base64 decode length=128
[2026-03-18 07:38:35] getdata.php - Decrypt OK uname=FJKLMDHOGC cs=b67f4179a82d369b99dcb6cf59951d8f
[2026-03-18 07:38:35] getdata.php - Lib loaded name=libalone.so size=4376231
[2026-03-18 07:38:35] getdata.php - Response ready
[2026-03-18 07:42:27] getdata.php - Token param length=344
[2026-03-18 07:42:27] getdata.php - Base64 token decode length=258
[2026-03-18 07:42:27] getdata.php - EncData length=172 Hash length=64
[2026-03-18 07:42:27] getdata.php - EncData base64 decode length=128
[2026-03-18 07:42:27] getdata.php - Decrypt OK uname=FJKLMDHOGC cs=b67f4179a82d369b99dcb6cf59951d8f
[2026-03-18 07:42:27] getdata.php - Lib loaded name=libalone.so size=4376231
[2026-03-18 07:42:27] getdata.php - Response ready
[2026-03-18 08:19:52] getdata.php - Token param length=344
[2026-03-18 08:19:52] getdata.php - Base64 token decode length=258
[2026-03-18 08:19:52] getdata.php - EncData length=172 Hash length=64
[2026-03-18 08:19:52] getdata.php - EncData base64 decode length=128
[2026-03-18 08:19:52] getdata.php - Decrypt OK uname=FJKLMDHOGC cs=1923bed153c839cdb56b83b558c7f517
[2026-03-18 08:19:52] getdata.php - Lib loaded name=libalone.so size=4376231
[2026-03-18 08:19:52] getdata.php - Response ready
[2026-03-18 08:19:58] getdata.php - Token param length=344
[2026-03-18 08:19:58] getdata.php - Base64 token decode length=258
[2026-03-18 08:19:58] getdata.php - EncData length=172 Hash length=64
[2026-03-18 08:19:58] getdata.php - EncData base64 decode length=128
[2026-03-18 08:19:58] getdata.php - Decrypt OK uname=FJKLMDHOGC cs=1923bed153c839cdb56b83b558c7f517
[2026-03-18 08:19:58] getdata.php - Lib loaded name=libalone.so size=4376231
[2026-03-18 08:19:58] getdata.php - Response ready
[2026-03-18 08:30:37] getdata.php - Token param length=348
[2026-03-18 08:30:37] getdata.php - Base64 token decode length=261
[2026-03-18 08:30:37] getdata.php - EncData length=172 Hash length=64
[2026-03-18 08:30:37] getdata.php - EncData base64 decode length=128
[2026-03-18 08:30:37] getdata.php - Decrypt OK uname=FJKLMDHOGC cs=876f325fd6923307845b2d10ad05b080
[2026-03-18 08:30:37] getdata.php - Lib loaded name=libalone.so size=4376231
[2026-03-18 08:30:37] getdata.php - Response ready
[2026-03-18 08:32:02] getdata.php - Token param length=344
[2026-03-18 08:32:02] getdata.php - Base64 token decode length=258
[2026-03-18 08:32:02] getdata.php - EncData length=172 Hash length=64
[2026-03-18 08:32:02] getdata.php - EncData base64 decode length=128
[2026-03-18 08:32:02] getdata.php - Decrypt OK uname=FJKLMDHOGC cs=876f325fd6923307845b2d10ad05b080
[2026-03-18 08:32:02] getdata.php - Lib loaded name=libalone.so size=4376231
[2026-03-18 08:32:02] getdata.php - Response ready
[2026-03-18 08:33:10] getdata.php - Token param length=344
[2026-03-18 08:33:10] getdata.php - Base64 token decode length=257
[2026-03-18 08:33:10] getdata.php - EncData length=172 Hash length=64
[2026-03-18 08:33:10] getdata.php - EncData base64 decode length=128
[2026-03-18 08:33:10] getdata.php - Decrypt OK uname=FJKLMDHOGC cs=876f325fd6923307845b2d10ad05b080
[2026-03-18 08:33:10] getdata.php - Lib loaded name=libalone.so size=4376231
[2026-03-18 08:33:10] getdata.php - Response ready
[2026-03-18 08:34:40] getdata.php - Token param length=348
[2026-03-18 08:34:40] getdata.php - Base64 token decode length=261
[2026-03-18 08:34:40] getdata.php - EncData length=172 Hash length=64
[2026-03-18 08:34:40] getdata.php - EncData base64 decode length=128
[2026-03-18 08:34:40] getdata.php - Decrypt OK uname=FJKLMDHOGC cs=876f325fd6923307845b2d10ad05b080
[2026-03-18 08:34:41] getdata.php - Lib loaded name=libalone.so size=4376231
[2026-03-18 08:34:41] getdata.php - Response ready
[2026-03-18 08:38:46] getdata.php - Token param length=348
[2026-03-18 08:38:46] getdata.php - Base64 token decode length=260
[2026-03-18 08:38:46] getdata.php - EncData length=172 Hash length=64
[2026-03-18 08:38:46] getdata.php - EncData base64 decode length=128
[2026-03-18 08:38:46] getdata.php - Decrypt OK uname=FJKLMDHOGC cs=876f325fd6923307845b2d10ad05b080
[2026-03-18 08:38:46] getdata.php - Lib loaded name=libalone.so size=4376231
[2026-03-18 08:38:46] getdata.php - Response ready
[2026-03-18 08:42:45] getdata.php - Token param length=348
[2026-03-18 08:42:45] getdata.php - Base64 token decode length=259
[2026-03-18 08:42:45] getdata.php - EncData length=172 Hash length=64
[2026-03-18 08:42:45] getdata.php - EncData base64 decode length=128
[2026-03-18 08:42:45] getdata.php - Decrypt OK uname=FJKLMDHOGC cs=876f325fd6923307845b2d10ad05b080
[2026-03-18 08:42:45] getdata.php - Lib loaded name=libalone.so size=4376231
[2026-03-18 08:42:45] getdata.php - Response ready
[2026-03-18 08:44:55] getdata.php - Token param length=348
[2026-03-18 08:44:55] getdata.php - Base64 token decode length=259
[2026-03-18 08:44:55] getdata.php - EncData length=172 Hash length=64
[2026-03-18 08:44:55] getdata.php - EncData base64 decode length=128
[2026-03-18 08:44:55] getdata.php - Decrypt OK uname=FJKLMDHOGC cs=876f325fd6923307845b2d10ad05b080
[2026-03-18 08:44:55] getdata.php - Lib loaded name=libalone.so size=4376231
[2026-03-18 08:44:55] getdata.php - Response ready
[2026-03-18 08:47:28] getdata.php - Token param length=348
[2026-03-18 08:47:28] getdata.php - Base64 token decode length=259
[2026-03-18 08:47:28] getdata.php - EncData length=172 Hash length=64
[2026-03-18 08:47:28] getdata.php - EncData base64 decode length=128
[2026-03-18 08:47:28] getdata.php - Decrypt OK uname=FJKLMDHOGC cs=876f325fd6923307845b2d10ad05b080
[2026-03-18 08:47:28] getdata.php - Lib loaded name=libalone.so size=4376231
[2026-03-18 08:47:28] getdata.php - Response ready
[2026-03-18 08:50:04] getdata.php - Token param length=344
[2026-03-18 08:50:04] getdata.php - Base64 token decode length=258
[2026-03-18 08:50:04] getdata.php - EncData length=172 Hash length=64
[2026-03-18 08:50:04] getdata.php - EncData base64 decode length=128
[2026-03-18 08:50:04] getdata.php - Decrypt OK uname=FJKLMDHOGC cs=876f325fd6923307845b2d10ad05b080
[2026-03-18 08:50:04] getdata.php - Lib loaded name=libalone.so size=4376231
[2026-03-18 08:50:04] getdata.php - Response ready
[2026-03-18 09:01:23] getdata.php - Token param length=344
[2026-03-18 09:01:23] getdata.php - Base64 token decode length=258
[2026-03-18 09:01:23] getdata.php - EncData length=172 Hash length=64
[2026-03-18 09:01:23] getdata.php - EncData base64 decode length=128
[2026-03-18 09:01:23] getdata.php - Decrypt OK uname=FJKLMDHOGC cs=70f1e35c29fa3b6c90babc8c3a4bc677
[2026-03-18 09:01:23] getdata.php - Lib loaded name=libalone.so size=4376231
[2026-03-18 09:01:23] getdata.php - Response ready
[2026-03-18 09:02:42] getdata.php - Token param length=344
[2026-03-18 09:02:42] getdata.php - Base64 token decode length=258
[2026-03-18 09:02:42] getdata.php - EncData length=172 Hash length=64
[2026-03-18 09:02:42] getdata.php - EncData base64 decode length=128
[2026-03-18 09:02:42] getdata.php - Decrypt OK uname=FJKLMDHOGC cs=7ec39d4f62a23ffa945f8ce842a28b4c
[2026-03-18 09:02:42] getdata.php - Lib loaded name=libalone.so size=4376231
[2026-03-18 09:02:42] getdata.php - Response ready
[2026-03-18 09:02:56] getdata.php - Token param length=348
[2026-03-18 09:02:56] getdata.php - Base64 token decode length=261
[2026-03-18 09:02:56] getdata.php - EncData length=172 Hash length=64
[2026-03-18 09:02:56] getdata.php - EncData base64 decode length=128
[2026-03-18 09:02:56] getdata.php - Decrypt OK uname=FJKLMDHOGC cs=7ec39d4f62a23ffa945f8ce842a28b4c
[2026-03-18 09:02:56] getdata.php - Lib loaded name=libalone.so size=4376231
[2026-03-18 09:02:56] getdata.php - Response ready
[2026-03-18 09:03:17] getdata.php - Token param length=344
[2026-03-18 09:03:17] getdata.php - Base64 token decode length=258
[2026-03-18 09:03:17] getdata.php - EncData length=172 Hash length=64
[2026-03-18 09:03:17] getdata.php - EncData base64 decode length=128
[2026-03-18 09:03:17] getdata.php - Decrypt OK uname=FJKLMDHOGC cs=7ec39d4f62a23ffa945f8ce842a28b4c
[2026-03-18 09:03:17] getdata.php - Lib loaded name=libalone.so size=4376231
[2026-03-18 09:03:17] getdata.php - Response ready
[2026-03-18 09:03:32] getdata.php - Token param length=344
[2026-03-18 09:03:32] getdata.php - Base64 token decode length=258
[2026-03-18 09:03:32] getdata.php - EncData length=172 Hash length=64
[2026-03-18 09:03:32] getdata.php - EncData base64 decode length=128
[2026-03-18 09:03:32] getdata.php - Decrypt OK uname=FJKLMDHOGC cs=70f1e35c29fa3b6c90babc8c3a4bc677
[2026-03-18 09:03:32] getdata.php - Lib loaded name=libalone.so size=4376231
[2026-03-18 09:03:32] getdata.php - Response ready
[2026-03-18 09:19:05] getdata.php - Token param length=344
[2026-03-18 09:19:05] getdata.php - Base64 token decode length=258
[2026-03-18 09:19:05] getdata.php - EncData length=172 Hash length=64
[2026-03-18 09:19:05] getdata.php - EncData base64 decode length=128
[2026-03-18 09:19:05] getdata.php - Decrypt OK uname=FJKLMDHOGC cs=7ec39d4f62a23ffa945f8ce842a28b4c
[2026-03-18 09:19:05] getdata.php - Lib loaded name=libalone.so size=4376231
[2026-03-18 09:19:05] getdata.php - Response ready
[2026-03-18 09:36:53] getdata.php - Token param length=352
[2026-03-18 09:36:53] getdata.php - Base64 token decode length=262
[2026-03-18 09:36:53] getdata.php - EncData length=172 Hash length=64
[2026-03-18 09:36:53] getdata.php - EncData base64 decode length=128
[2026-03-18 09:36:53] getdata.php - Decrypt OK uname=FJKLMDHOGC cs=ed7f39cab35d3c94b44d194b7faa9e8b
[2026-03-18 09:36:53] getdata.php - Lib loaded name=libalone.so size=4376231
[2026-03-18 09:36:53] getdata.php - Response ready
[2026-03-18 09:43:03] getdata.php - Token param length=348
[2026-03-18 09:43:03] getdata.php - Base64 token decode length=260
[2026-03-18 09:43:03] getdata.php - EncData length=172 Hash length=64
[2026-03-18 09:43:03] getdata.php - EncData base64 decode length=128
[2026-03-18 09:43:03] getdata.php - Decrypt OK uname=FJKLMDHOGC cs=64c9a6fd51b63518af71b619145db475
[2026-03-18 09:43:03] getdata.php - Lib loaded name=libalone.so size=4376231
[2026-03-18 09:43:03] getdata.php - Response ready
[2026-03-18 10:39:23] getdata.php - Token param length=348
[2026-03-18 10:39:23] getdata.php - Base64 token decode length=261
[2026-03-18 10:39:23] getdata.php - EncData length=172 Hash length=64
[2026-03-18 10:39:23] getdata.php - EncData base64 decode length=128
[2026-03-18 10:39:23] getdata.php - Decrypt OK uname=FJKLMDHOGC cs=54c9769cde863bf99c6cff7744e1fdbf
[2026-03-18 10:39:23] getdata.php - Lib loaded name=libalone.so size=4376231
[2026-03-18 10:39:23] getdata.php - Response ready
[2026-03-18 10:50:10] getdata.php - Token param length=348
[2026-03-18 10:50:10] getdata.php - Base64 token decode length=259
[2026-03-18 10:50:10] getdata.php - EncData length=172 Hash length=64
[2026-03-18 10:50:10] getdata.php - EncData base64 decode length=128
[2026-03-18 10:50:10] getdata.php - Decrypt OK uname=FJKLMDHOGC cs=ded8529c0e4c3bb9b47d098c37c24749
[2026-03-18 10:50:10] getdata.php - Lib loaded name=libalone.so size=4376231
[2026-03-18 10:50:10] getdata.php - Response ready
[2026-03-18 10:50:24] getdata.php - Token param length=352
[2026-03-18 10:50:24] getdata.php - Base64 token decode length=264
[2026-03-18 10:50:24] getdata.php - EncData length=172 Hash length=64
[2026-03-18 10:50:24] getdata.php - EncData base64 decode length=128
[2026-03-18 10:50:24] getdata.php - Decrypt OK uname=FJKLMDHOGC cs=ded8529c0e4c3bb9b47d098c37c24749
[2026-03-18 10:50:24] getdata.php - Lib loaded name=libalone.so size=4376231
[2026-03-18 10:50:24] getdata.php - Response ready
[2026-03-18 10:59:28] getdata.php - Token param length=344
[2026-03-18 10:59:28] getdata.php - Base64 token decode length=257
[2026-03-18 10:59:28] getdata.php - EncData length=172 Hash length=64
[2026-03-18 10:59:28] getdata.php - EncData base64 decode length=128
[2026-03-18 10:59:28] getdata.php - Decrypt OK uname=FJKLMDHOGC cs=14e616d10d3734b0be857431a7eb7bf1
[2026-03-18 10:59:28] getdata.php - Lib loaded name=libalone.so size=4376231
[2026-03-18 10:59:28] getdata.php - Response ready
[2026-03-18 11:28:38] getdata.php - Token param length=344
[2026-03-18 11:28:38] getdata.php - Base64 token decode length=258
[2026-03-18 11:28:38] getdata.php - EncData length=172 Hash length=64
[2026-03-18 11:28:38] getdata.php - EncData base64 decode length=128
[2026-03-18 11:28:38] getdata.php - Decrypt OK uname=FJKLMDHOGC cs=1923bed153c839cdb56b83b558c7f517
[2026-03-18 11:28:38] getdata.php - Lib loaded name=libalone.so size=4376231
[2026-03-18 11:28:38] getdata.php - Response ready
[2026-03-18 11:28:57] getdata.php - Token param length=352
[2026-03-18 11:28:57] getdata.php - Base64 token decode length=263
[2026-03-18 11:28:57] getdata.php - EncData length=172 Hash length=64
[2026-03-18 11:28:57] getdata.php - EncData base64 decode length=128
[2026-03-18 11:28:57] getdata.php - Decrypt OK uname=FJKLMDHOGC cs=1923bed153c839cdb56b83b558c7f517
[2026-03-18 11:28:57] getdata.php - Lib loaded name=libalone.so size=4376231
[2026-03-18 11:28:57] getdata.php - Response ready
[2026-03-18 12:20:58] getdata.php - Token param length=348
[2026-03-18 12:20:58] getdata.php - Base64 token decode length=260
[2026-03-18 12:20:58] getdata.php - EncData length=172 Hash length=64
[2026-03-18 12:20:58] getdata.php - EncData base64 decode length=128
[2026-03-18 12:20:58] getdata.php - Decrypt OK uname=FJKLMDHOGC cs=4d53297608b83f19acc0a15ea02680fb
[2026-03-18 12:20:58] getdata.php - Lib loaded name=libalone.so size=4376231
[2026-03-18 12:20:58] getdata.php - Response ready
[2026-03-18 12:25:39] getdata.php - Token param length=348
[2026-03-18 12:25:39] getdata.php - Base64 token decode length=259
[2026-03-18 12:25:39] getdata.php - EncData length=172 Hash length=64
[2026-03-18 12:25:39] getdata.php - EncData base64 decode length=128
[2026-03-18 12:25:39] getdata.php - Decrypt OK uname=FJKLMDHOGC cs=4d53297608b83f19acc0a15ea02680fb
[2026-03-18 12:25:39] getdata.php - Lib loaded name=libalone.so size=4376231
[2026-03-18 12:25:39] getdata.php - Response ready
[2026-03-18 12:56:22] getdata.php - Token param length=348
[2026-03-18 12:56:22] getdata.php - Base64 token decode length=259
[2026-03-18 12:56:22] getdata.php - EncData length=172 Hash length=64
[2026-03-18 12:56:22] getdata.php - EncData base64 decode length=128
[2026-03-18 12:56:23] getdata.php - Decrypt OK uname=FJKLMDHOGC cs=57685d037c793fdc82a7fae759500ea0
[2026-03-18 12:56:23] getdata.php - Lib loaded name=libalone.so size=4376231
[2026-03-18 12:56:23] getdata.php - Response ready
[2026-03-18 12:58:38] getdata.php - Token param length=348
[2026-03-18 12:58:38] getdata.php - Base64 token decode length=259
[2026-03-18 12:58:38] getdata.php - EncData length=172 Hash length=64
[2026-03-18 12:58:38] getdata.php - EncData base64 decode length=128
[2026-03-18 12:58:38] getdata.php - Decrypt OK uname=FJKLMDHOGC cs=57685d037c793fdc82a7fae759500ea0
[2026-03-18 12:58:38] getdata.php - Lib loaded name=libalone.so size=4376231
[2026-03-18 12:58:38] getdata.php - Response ready
[2026-03-18 13:00:07] getdata.php - Token param length=348
[2026-03-18 13:00:07] getdata.php - Base64 token decode length=260
[2026-03-18 13:00:07] getdata.php - EncData length=172 Hash length=64
[2026-03-18 13:00:07] getdata.php - EncData base64 decode length=128
[2026-03-18 13:00:07] getdata.php - Decrypt OK uname=FJKLMDHOGC cs=0f7925b5d7db32e88a5ab925e81b4b5a
[2026-03-18 13:00:07] getdata.php - Lib loaded name=libalone.so size=4376231
[2026-03-18 13:00:07] getdata.php - Response ready
[2026-03-18 13:41:37] getdata.php - Token param length=344
[2026-03-18 13:41:37] getdata.php - Base64 token decode length=258
[2026-03-18 13:41:37] getdata.php - EncData length=172 Hash length=64
[2026-03-18 13:41:37] getdata.php - EncData base64 decode length=128
[2026-03-18 13:41:37] getdata.php - Decrypt OK uname=FJKLMDHOGC cs=7574bf35e5df3afd92df170c8c297148
[2026-03-18 13:41:37] getdata.php - Lib loaded name=libalone.so size=4376231
[2026-03-18 13:41:37] getdata.php - Response ready
[2026-03-18 14:05:36] getdata.php - Token param length=344
[2026-03-18 14:05:36] getdata.php - Base64 token decode length=258
[2026-03-18 14:05:36] getdata.php - EncData length=172 Hash length=64
[2026-03-18 14:05:36] getdata.php - EncData base64 decode length=128
[2026-03-18 14:05:36] getdata.php - Decrypt OK uname=FJKLMDHOGC cs=d8bf6276ecbe321e9f4e3951caaf89f8
[2026-03-18 14:05:36] getdata.php - Lib loaded name=libalone.so size=4376231
[2026-03-18 14:05:36] getdata.php - Response ready
[2026-03-18 14:07:40] getdata.php - Token param length=348
[2026-03-18 14:07:40] getdata.php - Base64 token decode length=259
[2026-03-18 14:07:40] getdata.php - EncData length=172 Hash length=64
[2026-03-18 14:07:40] getdata.php - EncData base64 decode length=128
[2026-03-18 14:07:40] getdata.php - Decrypt OK uname=FJKLMDHOGC cs=d8bf6276ecbe321e9f4e3951caaf89f8
[2026-03-18 14:07:40] getdata.php - Lib loaded name=libalone.so size=4376231
[2026-03-18 14:07:40] getdata.php - Response ready
[2026-03-18 14:28:37] getdata.php - Token param length=348
[2026-03-18 14:28:37] getdata.php - Base64 token decode length=260
[2026-03-18 14:28:37] getdata.php - EncData length=172 Hash length=64
[2026-03-18 14:28:37] getdata.php - EncData base64 decode length=128
[2026-03-18 14:28:37] getdata.php - Decrypt OK uname=FJKLMDHOGC cs=6a2539deb3c730d68536ebf9551dd032
[2026-03-18 14:28:37] getdata.php - Lib loaded name=libalone.so size=4376231
[2026-03-18 14:28:37] getdata.php - Response ready
[2026-03-18 16:20:05] getdata.php - Token param length=348
[2026-03-18 16:20:05] getdata.php - Base64 token decode length=260
[2026-03-18 16:20:05] getdata.php - EncData length=172 Hash length=64
[2026-03-18 16:20:05] getdata.php - EncData base64 decode length=128
[2026-03-18 16:20:05] getdata.php - Decrypt OK uname=FJKLMDHOGC cs=b12ae40c64ae344399b03ff1c9965d80
[2026-03-18 16:20:05] getdata.php - Lib loaded name=libalone.so size=4376231
[2026-03-18 16:20:05] getdata.php - Response ready
[2026-03-18 16:21:35] getdata.php - Token param length=348
[2026-03-18 16:21:35] getdata.php - Base64 token decode length=259
[2026-03-18 16:21:35] getdata.php - EncData length=172 Hash length=64
[2026-03-18 16:21:35] getdata.php - EncData base64 decode length=128
[2026-03-18 16:21:35] getdata.php - Decrypt OK uname=FJKLMDHOGC cs=b12ae40c64ae344399b03ff1c9965d80
[2026-03-18 16:21:35] getdata.php - Lib loaded name=libalone.so size=4376231
[2026-03-18 16:21:35] getdata.php - Response ready
[2026-03-18 16:21:52] getdata.php - Token param length=348
[2026-03-18 16:21:52] getdata.php - Base64 token decode length=259
[2026-03-18 16:21:52] getdata.php - EncData length=172 Hash length=64
[2026-03-18 16:21:52] getdata.php - EncData base64 decode length=128
[2026-03-18 16:21:52] getdata.php - Decrypt OK uname=FJKLMDHOGC cs=64c5564e8b8a3a188b79884a960a192a
[2026-03-18 16:21:52] getdata.php - Lib loaded name=libalone.so size=4376231
[2026-03-18 16:21:52] getdata.php - Response ready
[2026-03-18 16:22:42] getdata.php - Token param length=344
[2026-03-18 16:22:42] getdata.php - Base64 token decode length=258
[2026-03-18 16:22:42] getdata.php - EncData length=172 Hash length=64
[2026-03-18 16:22:42] getdata.php - EncData base64 decode length=128
[2026-03-18 16:22:42] getdata.php - Decrypt OK uname=FJKLMDHOGC cs=64c5564e8b8a3a188b79884a960a192a
[2026-03-18 16:22:42] getdata.php - Lib loaded name=libalone.so size=4376231
[2026-03-18 16:22:42] getdata.php - Response ready
[2026-03-18 16:22:59] getdata.php - Token param length=348
[2026-03-18 16:22:59] getdata.php - Base64 token decode length=261
[2026-03-18 16:22:59] getdata.php - EncData length=172 Hash length=64
[2026-03-18 16:22:59] getdata.php - EncData base64 decode length=128
[2026-03-18 16:22:59] getdata.php - Decrypt OK uname=FJKLMDHOGC cs=64c5564e8b8a3a188b79884a960a192a
[2026-03-18 16:22:59] getdata.php - Lib loaded name=libalone.so size=4376231
[2026-03-18 16:22:59] getdata.php - Response ready
[2026-03-18 16:23:12] getdata.php - Token param length=344
[2026-03-18 16:23:12] getdata.php - Base64 token decode length=258
[2026-03-18 16:23:12] getdata.php - EncData length=172 Hash length=64
[2026-03-18 16:23:12] getdata.php - EncData base64 decode length=128
[2026-03-18 16:23:12] getdata.php - Decrypt OK uname=FJKLMDHOGC cs=64c5564e8b8a3a188b79884a960a192a
[2026-03-18 16:23:12] getdata.php - Lib loaded name=libalone.so size=4376231
[2026-03-18 16:23:12] getdata.php - Response ready
[2026-03-18 16:58:23] getdata.php - Token param length=352
[2026-03-18 16:58:23] getdata.php - Base64 token decode length=262
[2026-03-18 16:58:23] getdata.php - EncData length=172 Hash length=64
[2026-03-18 16:58:23] getdata.php - EncData base64 decode length=128
[2026-03-18 16:58:23] getdata.php - Decrypt OK uname=FJKLMDHOGC cs=599a5116a31d39ce9663dee2a07d4886
[2026-03-18 16:58:23] getdata.php - Lib loaded name=libalone.so size=4376231
[2026-03-18 16:58:23] getdata.php - Response ready
[2026-03-18 17:17:44] getdata.php - Token param length=348
[2026-03-18 17:17:44] getdata.php - Base64 token decode length=259
[2026-03-18 17:17:44] getdata.php - EncData length=172 Hash length=64
[2026-03-18 17:17:44] getdata.php - EncData base64 decode length=128
[2026-03-18 17:17:44] getdata.php - Decrypt OK uname=FJKLMDHOGC cs=599a5116a31d39ce9663dee2a07d4886
[2026-03-18 17:17:45] getdata.php - Lib loaded name=libalone.so size=4376231
[2026-03-18 17:17:45] getdata.php - Response ready
[2026-03-18 17:36:06] getdata.php - Token param length=352
[2026-03-18 17:36:06] getdata.php - Base64 token decode length=263
[2026-03-18 17:36:06] getdata.php - EncData length=172 Hash length=64
[2026-03-18 17:36:06] getdata.php - EncData base64 decode length=128
[2026-03-18 17:36:06] getdata.php - Decrypt OK uname=FJKLMDHOGC cs=7b93b9f51519391990cc42084d9a5871
[2026-03-18 17:36:06] getdata.php - Lib loaded name=libalone.so size=4376231
[2026-03-18 17:36:06] getdata.php - Response ready
[2026-03-18 18:52:08] getdata.php - Token param length=344
[2026-03-18 18:52:08] getdata.php - Base64 token decode length=257
[2026-03-18 18:52:08] getdata.php - EncData length=172 Hash length=64
[2026-03-18 18:52:08] getdata.php - EncData base64 decode length=128
[2026-03-18 18:52:08] getdata.php - Decrypt OK uname=FJKLMDHOGC cs=64c9a6fd51b63518af71b619145db475
[2026-03-18 18:52:08] getdata.php - Lib loaded name=libalone.so size=4376231
[2026-03-18 18:52:08] getdata.php - Response ready
[2026-03-18 19:26:00] getdata.php - Token param length=352
[2026-03-18 19:26:00] getdata.php - Base64 token decode length=262
[2026-03-18 19:26:00] getdata.php - EncData length=172 Hash length=64
[2026-03-18 19:26:00] getdata.php - EncData base64 decode length=128
[2026-03-18 19:26:00] getdata.php - Decrypt OK uname=FJKLMDHOGC cs=7ec39d4f62a23ffa945f8ce842a28b4c
[2026-03-18 19:26:00] getdata.php - Lib loaded name=libalone.so size=4376231
[2026-03-18 19:26:00] getdata.php - Response ready
[2026-03-18 19:27:02] getdata.php - Token param length=348
[2026-03-18 19:27:02] getdata.php - Base64 token decode length=260
[2026-03-18 19:27:02] getdata.php - EncData length=172 Hash length=64
[2026-03-18 19:27:02] getdata.php - EncData base64 decode length=128
[2026-03-18 19:27:02] getdata.php - Decrypt OK uname=FJKLMDHOGC cs=7ec39d4f62a23ffa945f8ce842a28b4c
[2026-03-18 19:27:02] getdata.php - Lib loaded name=libalone.so size=4376231
[2026-03-18 19:27:02] getdata.php - Response ready
[2026-03-18 20:36:32] getdata.php - Token param length=352
[2026-03-18 20:36:32] getdata.php - Base64 token decode length=263
[2026-03-18 20:36:32] getdata.php - EncData length=172 Hash length=64
[2026-03-18 20:36:32] getdata.php - EncData base64 decode length=128
[2026-03-18 20:36:32] getdata.php - Decrypt OK uname=FJKLMDHOGC cs=54c9769cde863bf99c6cff7744e1fdbf
[2026-03-18 20:36:32] getdata.php - Lib loaded name=libalone.so size=4376231
[2026-03-18 20:36:32] getdata.php - Response ready
[2026-03-18 21:48:32] getdata.php - Token param length=348
[2026-03-18 21:48:32] getdata.php - Base64 token decode length=260
[2026-03-18 21:48:32] getdata.php - EncData length=172 Hash length=64
[2026-03-18 21:48:32] getdata.php - EncData base64 decode length=128
[2026-03-18 21:48:32] getdata.php - Decrypt OK uname=FJKLMDHOGC cs=6a2539deb3c730d68536ebf9551dd032
[2026-03-18 21:48:32] getdata.php - Lib loaded name=libalone.so size=4376231
[2026-03-18 21:48:32] getdata.php - Response ready
[2026-03-18 22:11:21] getdata.php - Token param length=348
[2026-03-18 22:11:21] getdata.php - Base64 token decode length=261
[2026-03-18 22:11:21] getdata.php - EncData length=172 Hash length=64
[2026-03-18 22:11:21] getdata.php - EncData base64 decode length=128
[2026-03-18 22:11:21] getdata.php - Decrypt OK uname=FJKLMDHOGC cs=cc81f79e3e7631e0825f1dd07d9da927
[2026-03-18 22:11:21] getdata.php - Lib loaded name=libalone.so size=4376231
[2026-03-18 22:11:21] getdata.php - Response ready
[2026-03-18 22:16:48] getdata.php - Token param length=348
[2026-03-18 22:16:48] getdata.php - Base64 token decode length=259
[2026-03-18 22:16:48] getdata.php - EncData length=172 Hash length=64
[2026-03-18 22:16:48] getdata.php - EncData base64 decode length=128
[2026-03-18 22:16:48] getdata.php - Decrypt OK uname=FJKLMDHOGC cs=6a2539deb3c730d68536ebf9551dd032
[2026-03-18 22:16:48] getdata.php - Lib loaded name=libalone.so size=4376231
[2026-03-18 22:16:48] getdata.php - Response ready
[2026-03-18 22:31:38] getdata.php - Token param length=352
[2026-03-18 22:31:38] getdata.php - Base64 token decode length=262
[2026-03-18 22:31:38] getdata.php - EncData length=172 Hash length=64
[2026-03-18 22:31:38] getdata.php - EncData base64 decode length=128
[2026-03-18 22:31:38] getdata.php - Decrypt OK uname=FJKLMDHOGC cs=6a2539deb3c730d68536ebf9551dd032
[2026-03-18 22:31:38] getdata.php - Lib loaded name=libalone.so size=4376231
[2026-03-18 22:31:38] getdata.php - Response ready
[2026-03-18 22:48:09] getdata.php - Token param length=348
[2026-03-18 22:48:09] getdata.php - Base64 token decode length=261
[2026-03-18 22:48:09] getdata.php - EncData length=172 Hash length=64
[2026-03-18 22:48:09] getdata.php - EncData base64 decode length=128
[2026-03-18 22:48:09] getdata.php - Decrypt OK uname=FJKLMDHOGC cs=59641e6835503721b78b1a1caf164359
[2026-03-18 22:48:09] getdata.php - Lib loaded name=libalone.so size=4376231
[2026-03-18 22:48:09] getdata.php - Response ready
[2026-03-18 22:49:09] getdata.php - Token param length=348
[2026-03-18 22:49:09] getdata.php - Base64 token decode length=260
[2026-03-18 22:49:09] getdata.php - EncData length=172 Hash length=64
[2026-03-18 22:49:09] getdata.php - EncData base64 decode length=128
[2026-03-18 22:49:09] getdata.php - Decrypt OK uname=FJKLMDHOGC cs=59641e6835503721b78b1a1caf164359
[2026-03-18 22:49:09] getdata.php - Lib loaded name=libalone.so size=4376231
[2026-03-18 22:49:09] getdata.php - Response ready
[2026-03-18 22:51:10] getdata.php - Token param length=348
[2026-03-18 22:51:10] getdata.php - Base64 token decode length=259
[2026-03-18 22:51:10] getdata.php - EncData length=172 Hash length=64
[2026-03-18 22:51:10] getdata.php - EncData base64 decode length=128
[2026-03-18 22:51:10] getdata.php - Decrypt OK uname=FJKLMDHOGC cs=59641e6835503721b78b1a1caf164359
[2026-03-18 22:51:10] getdata.php - Lib loaded name=libalone.so size=4376231
[2026-03-18 22:51:10] getdata.php - Response ready
[2026-03-18 22:54:33] getdata.php - Token param length=344
[2026-03-18 22:54:33] getdata.php - Base64 token decode length=257
[2026-03-18 22:54:33] getdata.php - EncData length=172 Hash length=64
[2026-03-18 22:54:33] getdata.php - EncData base64 decode length=128
[2026-03-18 22:54:33] getdata.php - Decrypt OK uname=FJKLMDHOGC cs=59641e6835503721b78b1a1caf164359
[2026-03-18 22:54:33] getdata.php - Lib loaded name=libalone.so size=4376231
[2026-03-18 22:54:33] getdata.php - Response ready
[2026-03-18 23:18:02] getdata.php - Token param length=348
[2026-03-18 23:18:02] getdata.php - Base64 token decode length=261
[2026-03-18 23:18:02] getdata.php - EncData length=172 Hash length=64
[2026-03-18 23:18:02] getdata.php - EncData base64 decode length=128
[2026-03-18 23:18:02] getdata.php - Decrypt OK uname=FJKLMDHOGC cs=54c9769cde863bf99c6cff7744e1fdbf
[2026-03-18 23:18:02] getdata.php - Lib loaded name=libalone.so size=4376231
[2026-03-18 23:18:02] getdata.php - Response ready
