CRITICAL - 2025-12-02 19:47:33 --> mysqli_connect(): (HY000/1045): Access denied for user 'hikarimo_bantiopp'@'localhost' (using password: YES)
#0 [internal function]: CodeIgniter\Debug\Exceptions->errorHandler(2, 'mysqli_connect(...', '/home/hikarimo/...', 8, Array)
#1 /home/hikarimo/public_html/conn.php(8): mysqli_connect('localhost', 'hikarimo_bantio...', 'hikarimo_bantio...', 'hikarimo_bantio...')
#2 /home/hikarimo/public_html/app/Controllers/Connect.php(13): include('/home/hikarimo/...')
#3 /home/hikarimo/public_html/vendor/codeigniter4/framework/system/CodeIgniter.php(801): App\Controllers\Connect->__construct()
#4 /home/hikarimo/public_html/vendor/codeigniter4/framework/system/CodeIgniter.php(401): CodeIgniter\CodeIgniter->createController()
#5 /home/hikarimo/public_html/vendor/codeigniter4/framework/system/CodeIgniter.php(318): CodeIgniter\CodeIgniter->handleRequest(NULL, Object(Config\Cache), false)
#6 /home/hikarimo/public_html/index.php(37): CodeIgniter\CodeIgniter->run()
#7 {main}
CRITICAL - 2025-12-02 19:47:40 --> mysqli_connect(): (HY000/1045): Access denied for user 'hikarimo_bantiopp'@'localhost' (using password: YES)
#0 [internal function]: CodeIgniter\Debug\Exceptions->errorHandler(2, 'mysqli_connect(...', '/home/hikarimo/...', 8, Array)
#1 /home/hikarimo/public_html/conn.php(8): mysqli_connect('localhost', 'hikarimo_bantio...', 'hikarimo_bantio...', 'hikarimo_bantio...')
#2 /home/hikarimo/public_html/app/Controllers/Connect.php(13): include('/home/hikarimo/...')
#3 /home/hikarimo/public_html/vendor/codeigniter4/framework/system/CodeIgniter.php(801): App\Controllers\Connect->__construct()
#4 /home/hikarimo/public_html/vendor/codeigniter4/framework/system/CodeIgniter.php(401): CodeIgniter\CodeIgniter->createController()
#5 /home/hikarimo/public_html/vendor/codeigniter4/framework/system/CodeIgniter.php(318): CodeIgniter\CodeIgniter->handleRequest(NULL, Object(Config\Cache), false)
#6 /home/hikarimo/public_html/index.php(37): CodeIgniter\CodeIgniter->run()
#7 {main}
CRITICAL - 2025-12-02 19:47:44 --> mysqli_connect(): (HY000/1045): Access denied for user 'hikarimo_bantiopp'@'localhost' (using password: YES)
#0 [internal function]: CodeIgniter\Debug\Exceptions->errorHandler(2, 'mysqli_connect(...', '/home/hikarimo/...', 8, Array)
#1 /home/hikarimo/public_html/conn.php(8): mysqli_connect('localhost', 'hikarimo_bantio...', 'hikarimo_bantio...', 'hikarimo_bantio...')
#2 /home/hikarimo/public_html/app/Controllers/Connect.php(13): include('/home/hikarimo/...')
#3 /home/hikarimo/public_html/vendor/codeigniter4/framework/system/CodeIgniter.php(801): App\Controllers\Connect->__construct()
#4 /home/hikarimo/public_html/vendor/codeigniter4/framework/system/CodeIgniter.php(401): CodeIgniter\CodeIgniter->createController()
#5 /home/hikarimo/public_html/vendor/codeigniter4/framework/system/CodeIgniter.php(318): CodeIgniter\CodeIgniter->handleRequest(NULL, Object(Config\Cache), false)
#6 /home/hikarimo/public_html/index.php(37): CodeIgniter\CodeIgniter->run()
#7 {main}
CRITICAL - 2025-12-02 19:47:46 --> mysqli_connect(): (HY000/1045): Access denied for user 'hikarimo_bantiopp'@'localhost' (using password: YES)
#0 [internal function]: CodeIgniter\Debug\Exceptions->errorHandler(2, 'mysqli_connect(...', '/home/hikarimo/...', 8, Array)
#1 /home/hikarimo/public_html/conn.php(8): mysqli_connect('localhost', 'hikarimo_bantio...', 'hikarimo_bantio...', 'hikarimo_bantio...')
#2 /home/hikarimo/public_html/app/Controllers/Connect.php(13): include('/home/hikarimo/...')
#3 /home/hikarimo/public_html/vendor/codeigniter4/framework/system/CodeIgniter.php(801): App\Controllers\Connect->__construct()
#4 /home/hikarimo/public_html/vendor/codeigniter4/framework/system/CodeIgniter.php(401): CodeIgniter\CodeIgniter->createController()
#5 /home/hikarimo/public_html/vendor/codeigniter4/framework/system/CodeIgniter.php(318): CodeIgniter\CodeIgniter->handleRequest(NULL, Object(Config\Cache), false)
#6 /home/hikarimo/public_html/index.php(37): CodeIgniter\CodeIgniter->run()
#7 {main}
CRITICAL - 2025-12-02 19:47:49 --> mysqli_connect(): (HY000/1045): Access denied for user 'hikarimo_bantiopp'@'localhost' (using password: YES)
#0 [internal function]: CodeIgniter\Debug\Exceptions->errorHandler(2, 'mysqli_connect(...', '/home/hikarimo/...', 8, Array)
#1 /home/hikarimo/public_html/conn.php(8): mysqli_connect('localhost', 'hikarimo_bantio...', 'hikarimo_bantio...', 'hikarimo_bantio...')
#2 /home/hikarimo/public_html/app/Controllers/Connect.php(13): include('/home/hikarimo/...')
#3 /home/hikarimo/public_html/vendor/codeigniter4/framework/system/CodeIgniter.php(801): App\Controllers\Connect->__construct()
#4 /home/hikarimo/public_html/vendor/codeigniter4/framework/system/CodeIgniter.php(401): CodeIgniter\CodeIgniter->createController()
#5 /home/hikarimo/public_html/vendor/codeigniter4/framework/system/CodeIgniter.php(318): CodeIgniter\CodeIgniter->handleRequest(NULL, Object(Config\Cache), false)
#6 /home/hikarimo/public_html/index.php(37): CodeIgniter\CodeIgniter->run()
#7 {main}
CRITICAL - 2025-12-02 19:47:52 --> mysqli_connect(): (HY000/1045): Access denied for user 'hikarimo_bantiopp'@'localhost' (using password: YES)
#0 [internal function]: CodeIgniter\Debug\Exceptions->errorHandler(2, 'mysqli_connect(...', '/home/hikarimo/...', 8, Array)
#1 /home/hikarimo/public_html/conn.php(8): mysqli_connect('localhost', 'hikarimo_bantio...', 'hikarimo_bantio...', 'hikarimo_bantio...')
#2 /home/hikarimo/public_html/app/Controllers/Connect.php(13): include('/home/hikarimo/...')
#3 /home/hikarimo/public_html/vendor/codeigniter4/framework/system/CodeIgniter.php(801): App\Controllers\Connect->__construct()
#4 /home/hikarimo/public_html/vendor/codeigniter4/framework/system/CodeIgniter.php(401): CodeIgniter\CodeIgniter->createController()
#5 /home/hikarimo/public_html/vendor/codeigniter4/framework/system/CodeIgniter.php(318): CodeIgniter\CodeIgniter->handleRequest(NULL, Object(Config\Cache), false)
#6 /home/hikarimo/public_html/index.php(37): CodeIgniter\CodeIgniter->run()
#7 {main}
CRITICAL - 2025-12-02 19:47:54 --> mysqli_connect(): (HY000/1045): Access denied for user 'hikarimo_bantiopp'@'localhost' (using password: YES)
#0 [internal function]: CodeIgniter\Debug\Exceptions->errorHandler(2, 'mysqli_connect(...', '/home/hikarimo/...', 8, Array)
#1 /home/hikarimo/public_html/conn.php(8): mysqli_connect('localhost', 'hikarimo_bantio...', 'hikarimo_bantio...', 'hikarimo_bantio...')
#2 /home/hikarimo/public_html/app/Controllers/Connect.php(13): include('/home/hikarimo/...')
#3 /home/hikarimo/public_html/vendor/codeigniter4/framework/system/CodeIgniter.php(801): App\Controllers\Connect->__construct()
#4 /home/hikarimo/public_html/vendor/codeigniter4/framework/system/CodeIgniter.php(401): CodeIgniter\CodeIgniter->createController()
#5 /home/hikarimo/public_html/vendor/codeigniter4/framework/system/CodeIgniter.php(318): CodeIgniter\CodeIgniter->handleRequest(NULL, Object(Config\Cache), false)
#6 /home/hikarimo/public_html/index.php(37): CodeIgniter\CodeIgniter->run()
#7 {main}
CRITICAL - 2025-12-02 19:47:59 --> mysqli_connect(): (HY000/1045): Access denied for user 'hikarimo_bantiopp'@'localhost' (using password: YES)
#0 [internal function]: CodeIgniter\Debug\Exceptions->errorHandler(2, 'mysqli_connect(...', '/home/hikarimo/...', 8, Array)
#1 /home/hikarimo/public_html/conn.php(8): mysqli_connect('localhost', 'hikarimo_bantio...', 'hikarimo_bantio...', 'hikarimo_bantio...')
#2 /home/hikarimo/public_html/app/Controllers/Connect.php(13): include('/home/hikarimo/...')
#3 /home/hikarimo/public_html/vendor/codeigniter4/framework/system/CodeIgniter.php(801): App\Controllers\Connect->__construct()
#4 /home/hikarimo/public_html/vendor/codeigniter4/framework/system/CodeIgniter.php(401): CodeIgniter\CodeIgniter->createController()
#5 /home/hikarimo/public_html/vendor/codeigniter4/framework/system/CodeIgniter.php(318): CodeIgniter\CodeIgniter->handleRequest(NULL, Object(Config\Cache), false)
#6 /home/hikarimo/public_html/index.php(37): CodeIgniter\CodeIgniter->run()
#7 {main}
CRITICAL - 2025-12-02 19:48:02 --> mysqli_connect(): (HY000/1045): Access denied for user 'hikarimo_bantiopp'@'localhost' (using password: YES)
#0 [internal function]: CodeIgniter\Debug\Exceptions->errorHandler(2, 'mysqli_connect(...', '/home/hikarimo/...', 8, Array)
#1 /home/hikarimo/public_html/conn.php(8): mysqli_connect('localhost', 'hikarimo_bantio...', 'hikarimo_bantio...', 'hikarimo_bantio...')
#2 /home/hikarimo/public_html/app/Controllers/Connect.php(13): include('/home/hikarimo/...')
#3 /home/hikarimo/public_html/vendor/codeigniter4/framework/system/CodeIgniter.php(801): App\Controllers\Connect->__construct()
#4 /home/hikarimo/public_html/vendor/codeigniter4/framework/system/CodeIgniter.php(401): CodeIgniter\CodeIgniter->createController()
#5 /home/hikarimo/public_html/vendor/codeigniter4/framework/system/CodeIgniter.php(318): CodeIgniter\CodeIgniter->handleRequest(NULL, Object(Config\Cache), false)
#6 /home/hikarimo/public_html/index.php(37): CodeIgniter\CodeIgniter->run()
#7 {main}
CRITICAL - 2025-12-02 19:48:07 --> mysqli_connect(): (HY000/1045): Access denied for user 'hikarimo_bantiopp'@'localhost' (using password: YES)
#0 [internal function]: CodeIgniter\Debug\Exceptions->errorHandler(2, 'mysqli_connect(...', '/home/hikarimo/...', 8, Array)
#1 /home/hikarimo/public_html/conn.php(8): mysqli_connect('localhost', 'hikarimo_bantio...', 'hikarimo_bantio...', 'hikarimo_bantio...')
#2 /home/hikarimo/public_html/app/Controllers/Connect.php(13): include('/home/hikarimo/...')
#3 /home/hikarimo/public_html/vendor/codeigniter4/framework/system/CodeIgniter.php(801): App\Controllers\Connect->__construct()
#4 /home/hikarimo/public_html/vendor/codeigniter4/framework/system/CodeIgniter.php(401): CodeIgniter\CodeIgniter->createController()
#5 /home/hikarimo/public_html/vendor/codeigniter4/framework/system/CodeIgniter.php(318): CodeIgniter\CodeIgniter->handleRequest(NULL, Object(Config\Cache), false)
#6 /home/hikarimo/public_html/index.php(37): CodeIgniter\CodeIgniter->run()
#7 {main}
CRITICAL - 2025-12-02 19:48:09 --> mysqli_connect(): (HY000/1045): Access denied for user 'hikarimo_bantiopp'@'localhost' (using password: YES)
#0 [internal function]: CodeIgniter\Debug\Exceptions->errorHandler(2, 'mysqli_connect(...', '/home/hikarimo/...', 8, Array)
#1 /home/hikarimo/public_html/conn.php(8): mysqli_connect('localhost', 'hikarimo_bantio...', 'hikarimo_bantio...', 'hikarimo_bantio...')
#2 /home/hikarimo/public_html/app/Controllers/Connect.php(13): include('/home/hikarimo/...')
#3 /home/hikarimo/public_html/vendor/codeigniter4/framework/system/CodeIgniter.php(801): App\Controllers\Connect->__construct()
#4 /home/hikarimo/public_html/vendor/codeigniter4/framework/system/CodeIgniter.php(401): CodeIgniter\CodeIgniter->createController()
#5 /home/hikarimo/public_html/vendor/codeigniter4/framework/system/CodeIgniter.php(318): CodeIgniter\CodeIgniter->handleRequest(NULL, Object(Config\Cache), false)
#6 /home/hikarimo/public_html/index.php(37): CodeIgniter\CodeIgniter->run()
#7 {main}
CRITICAL - 2025-12-02 19:48:11 --> mysqli_connect(): (HY000/1045): Access denied for user 'hikarimo_bantiopp'@'localhost' (using password: YES)
#0 [internal function]: CodeIgniter\Debug\Exceptions->errorHandler(2, 'mysqli_connect(...', '/home/hikarimo/...', 8, Array)
#1 /home/hikarimo/public_html/conn.php(8): mysqli_connect('localhost', 'hikarimo_bantio...', 'hikarimo_bantio...', 'hikarimo_bantio...')
#2 /home/hikarimo/public_html/app/Controllers/Connect.php(13): include('/home/hikarimo/...')
#3 /home/hikarimo/public_html/vendor/codeigniter4/framework/system/CodeIgniter.php(801): App\Controllers\Connect->__construct()
#4 /home/hikarimo/public_html/vendor/codeigniter4/framework/system/CodeIgniter.php(401): CodeIgniter\CodeIgniter->createController()
#5 /home/hikarimo/public_html/vendor/codeigniter4/framework/system/CodeIgniter.php(318): CodeIgniter\CodeIgniter->handleRequest(NULL, Object(Config\Cache), false)
#6 /home/hikarimo/public_html/index.php(37): CodeIgniter\CodeIgniter->run()
#7 {main}
CRITICAL - 2025-12-02 19:48:13 --> mysqli_connect(): (HY000/1045): Access denied for user 'hikarimo_bantiopp'@'localhost' (using password: YES)
#0 [internal function]: CodeIgniter\Debug\Exceptions->errorHandler(2, 'mysqli_connect(...', '/home/hikarimo/...', 8, Array)
#1 /home/hikarimo/public_html/conn.php(8): mysqli_connect('localhost', 'hikarimo_bantio...', 'hikarimo_bantio...', 'hikarimo_bantio...')
#2 /home/hikarimo/public_html/app/Controllers/Connect.php(13): include('/home/hikarimo/...')
#3 /home/hikarimo/public_html/vendor/codeigniter4/framework/system/CodeIgniter.php(801): App\Controllers\Connect->__construct()
#4 /home/hikarimo/public_html/vendor/codeigniter4/framework/system/CodeIgniter.php(401): CodeIgniter\CodeIgniter->createController()
#5 /home/hikarimo/public_html/vendor/codeigniter4/framework/system/CodeIgniter.php(318): CodeIgniter\CodeIgniter->handleRequest(NULL, Object(Config\Cache), false)
#6 /home/hikarimo/public_html/index.php(37): CodeIgniter\CodeIgniter->run()
#7 {main}
CRITICAL - 2025-12-02 19:48:14 --> mysqli_connect(): (HY000/1045): Access denied for user 'hikarimo_bantiopp'@'localhost' (using password: YES)
#0 [internal function]: CodeIgniter\Debug\Exceptions->errorHandler(2, 'mysqli_connect(...', '/home/hikarimo/...', 8, Array)
#1 /home/hikarimo/public_html/conn.php(8): mysqli_connect('localhost', 'hikarimo_bantio...', 'hikarimo_bantio...', 'hikarimo_bantio...')
#2 /home/hikarimo/public_html/app/Controllers/Connect.php(13): include('/home/hikarimo/...')
#3 /home/hikarimo/public_html/vendor/codeigniter4/framework/system/CodeIgniter.php(801): App\Controllers\Connect->__construct()
#4 /home/hikarimo/public_html/vendor/codeigniter4/framework/system/CodeIgniter.php(401): CodeIgniter\CodeIgniter->createController()
#5 /home/hikarimo/public_html/vendor/codeigniter4/framework/system/CodeIgniter.php(318): CodeIgniter\CodeIgniter->handleRequest(NULL, Object(Config\Cache), false)
#6 /home/hikarimo/public_html/index.php(37): CodeIgniter\CodeIgniter->run()
#7 {main}
CRITICAL - 2025-12-02 19:48:16 --> mysqli_connect(): (HY000/1045): Access denied for user 'hikarimo_bantiopp'@'localhost' (using password: YES)
#0 [internal function]: CodeIgniter\Debug\Exceptions->errorHandler(2, 'mysqli_connect(...', '/home/hikarimo/...', 8, Array)
#1 /home/hikarimo/public_html/conn.php(8): mysqli_connect('localhost', 'hikarimo_bantio...', 'hikarimo_bantio...', 'hikarimo_bantio...')
#2 /home/hikarimo/public_html/app/Controllers/Connect.php(13): include('/home/hikarimo/...')
#3 /home/hikarimo/public_html/vendor/codeigniter4/framework/system/CodeIgniter.php(801): App\Controllers\Connect->__construct()
#4 /home/hikarimo/public_html/vendor/codeigniter4/framework/system/CodeIgniter.php(401): CodeIgniter\CodeIgniter->createController()
#5 /home/hikarimo/public_html/vendor/codeigniter4/framework/system/CodeIgniter.php(318): CodeIgniter\CodeIgniter->handleRequest(NULL, Object(Config\Cache), false)
#6 /home/hikarimo/public_html/index.php(37): CodeIgniter\CodeIgniter->run()
#7 {main}
CRITICAL - 2025-12-02 19:48:18 --> mysqli_connect(): (HY000/1045): Access denied for user 'hikarimo_bantiopp'@'localhost' (using password: YES)
#0 [internal function]: CodeIgniter\Debug\Exceptions->errorHandler(2, 'mysqli_connect(...', '/home/hikarimo/...', 8, Array)
#1 /home/hikarimo/public_html/conn.php(8): mysqli_connect('localhost', 'hikarimo_bantio...', 'hikarimo_bantio...', 'hikarimo_bantio...')
#2 /home/hikarimo/public_html/app/Controllers/Connect.php(13): include('/home/hikarimo/...')
#3 /home/hikarimo/public_html/vendor/codeigniter4/framework/system/CodeIgniter.php(801): App\Controllers\Connect->__construct()
#4 /home/hikarimo/public_html/vendor/codeigniter4/framework/system/CodeIgniter.php(401): CodeIgniter\CodeIgniter->createController()
#5 /home/hikarimo/public_html/vendor/codeigniter4/framework/system/CodeIgniter.php(318): CodeIgniter\CodeIgniter->handleRequest(NULL, Object(Config\Cache), false)
#6 /home/hikarimo/public_html/index.php(37): CodeIgniter\CodeIgniter->run()
#7 {main}
CRITICAL - 2025-12-02 19:48:19 --> mysqli_connect(): (HY000/1045): Access denied for user 'hikarimo_bantiopp'@'localhost' (using password: YES)
#0 [internal function]: CodeIgniter\Debug\Exceptions->errorHandler(2, 'mysqli_connect(...', '/home/hikarimo/...', 8, Array)
#1 /home/hikarimo/public_html/conn.php(8): mysqli_connect('localhost', 'hikarimo_bantio...', 'hikarimo_bantio...', 'hikarimo_bantio...')
#2 /home/hikarimo/public_html/app/Controllers/Connect.php(13): include('/home/hikarimo/...')
#3 /home/hikarimo/public_html/vendor/codeigniter4/framework/system/CodeIgniter.php(801): App\Controllers\Connect->__construct()
#4 /home/hikarimo/public_html/vendor/codeigniter4/framework/system/CodeIgniter.php(401): CodeIgniter\CodeIgniter->createController()
#5 /home/hikarimo/public_html/vendor/codeigniter4/framework/system/CodeIgniter.php(318): CodeIgniter\CodeIgniter->handleRequest(NULL, Object(Config\Cache), false)
#6 /home/hikarimo/public_html/index.php(37): CodeIgniter\CodeIgniter->run()
#7 {main}
CRITICAL - 2025-12-02 19:48:22 --> mysqli_connect(): (HY000/1045): Access denied for user 'hikarimo_bantiopp'@'localhost' (using password: YES)
#0 [internal function]: CodeIgniter\Debug\Exceptions->errorHandler(2, 'mysqli_connect(...', '/home/hikarimo/...', 8, Array)
#1 /home/hikarimo/public_html/conn.php(8): mysqli_connect('localhost', 'hikarimo_bantio...', 'hikarimo_bantio...', 'hikarimo_bantio...')
#2 /home/hikarimo/public_html/app/Controllers/Connect.php(13): include('/home/hikarimo/...')
#3 /home/hikarimo/public_html/vendor/codeigniter4/framework/system/CodeIgniter.php(801): App\Controllers\Connect->__construct()
#4 /home/hikarimo/public_html/vendor/codeigniter4/framework/system/CodeIgniter.php(401): CodeIgniter\CodeIgniter->createController()
#5 /home/hikarimo/public_html/vendor/codeigniter4/framework/system/CodeIgniter.php(318): CodeIgniter\CodeIgniter->handleRequest(NULL, Object(Config\Cache), false)
#6 /home/hikarimo/public_html/index.php(37): CodeIgniter\CodeIgniter->run()
#7 {main}
CRITICAL - 2025-12-02 19:48:23 --> mysqli_connect(): (HY000/1045): Access denied for user 'hikarimo_bantiopp'@'localhost' (using password: YES)
#0 [internal function]: CodeIgniter\Debug\Exceptions->errorHandler(2, 'mysqli_connect(...', '/home/hikarimo/...', 8, Array)
#1 /home/hikarimo/public_html/conn.php(8): mysqli_connect('localhost', 'hikarimo_bantio...', 'hikarimo_bantio...', 'hikarimo_bantio...')
#2 /home/hikarimo/public_html/app/Controllers/Connect.php(13): include('/home/hikarimo/...')
#3 /home/hikarimo/public_html/vendor/codeigniter4/framework/system/CodeIgniter.php(801): App\Controllers\Connect->__construct()
#4 /home/hikarimo/public_html/vendor/codeigniter4/framework/system/CodeIgniter.php(401): CodeIgniter\CodeIgniter->createController()
#5 /home/hikarimo/public_html/vendor/codeigniter4/framework/system/CodeIgniter.php(318): CodeIgniter\CodeIgniter->handleRequest(NULL, Object(Config\Cache), false)
#6 /home/hikarimo/public_html/index.php(37): CodeIgniter\CodeIgniter->run()
#7 {main}
CRITICAL - 2025-12-02 19:48:30 --> mysqli_connect(): (HY000/1045): Access denied for user 'hikarimo_bantiopp'@'localhost' (using password: YES)
#0 [internal function]: CodeIgniter\Debug\Exceptions->errorHandler(2, 'mysqli_connect(...', '/home/hikarimo/...', 8, Array)
#1 /home/hikarimo/public_html/conn.php(8): mysqli_connect('localhost', 'hikarimo_bantio...', 'hikarimo_bantio...', 'hikarimo_bantio...')
#2 /home/hikarimo/public_html/app/Controllers/Connect.php(13): include('/home/hikarimo/...')
#3 /home/hikarimo/public_html/vendor/codeigniter4/framework/system/CodeIgniter.php(801): App\Controllers\Connect->__construct()
#4 /home/hikarimo/public_html/vendor/codeigniter4/framework/system/CodeIgniter.php(401): CodeIgniter\CodeIgniter->createController()
#5 /home/hikarimo/public_html/vendor/codeigniter4/framework/system/CodeIgniter.php(318): CodeIgniter\CodeIgniter->handleRequest(NULL, Object(Config\Cache), false)
#6 /home/hikarimo/public_html/index.php(37): CodeIgniter\CodeIgniter->run()
#7 {main}
CRITICAL - 2025-12-02 19:48:34 --> mysqli_connect(): (HY000/1045): Access denied for user 'hikarimo_bantiopp'@'localhost' (using password: YES)
#0 [internal function]: CodeIgniter\Debug\Exceptions->errorHandler(2, 'mysqli_connect(...', '/home/hikarimo/...', 8, Array)
#1 /home/hikarimo/public_html/conn.php(8): mysqli_connect('localhost', 'hikarimo_bantio...', 'hikarimo_bantio...', 'hikarimo_bantio...')
#2 /home/hikarimo/public_html/app/Controllers/Connect.php(13): include('/home/hikarimo/...')
#3 /home/hikarimo/public_html/vendor/codeigniter4/framework/system/CodeIgniter.php(801): App\Controllers\Connect->__construct()
#4 /home/hikarimo/public_html/vendor/codeigniter4/framework/system/CodeIgniter.php(401): CodeIgniter\CodeIgniter->createController()
#5 /home/hikarimo/public_html/vendor/codeigniter4/framework/system/CodeIgniter.php(318): CodeIgniter\CodeIgniter->handleRequest(NULL, Object(Config\Cache), false)
#6 /home/hikarimo/public_html/index.php(37): CodeIgniter\CodeIgniter->run()
#7 {main}
CRITICAL - 2025-12-02 19:48:36 --> mysqli_connect(): (HY000/1045): Access denied for user 'hikarimo_bantiopp'@'localhost' (using password: YES)
#0 [internal function]: CodeIgniter\Debug\Exceptions->errorHandler(2, 'mysqli_connect(...', '/home/hikarimo/...', 8, Array)
#1 /home/hikarimo/public_html/conn.php(8): mysqli_connect('localhost', 'hikarimo_bantio...', 'hikarimo_bantio...', 'hikarimo_bantio...')
#2 /home/hikarimo/public_html/app/Controllers/Connect.php(13): include('/home/hikarimo/...')
#3 /home/hikarimo/public_html/vendor/codeigniter4/framework/system/CodeIgniter.php(801): App\Controllers\Connect->__construct()
#4 /home/hikarimo/public_html/vendor/codeigniter4/framework/system/CodeIgniter.php(401): CodeIgniter\CodeIgniter->createController()
#5 /home/hikarimo/public_html/vendor/codeigniter4/framework/system/CodeIgniter.php(318): CodeIgniter\CodeIgniter->handleRequest(NULL, Object(Config\Cache), false)
#6 /home/hikarimo/public_html/index.php(37): CodeIgniter\CodeIgniter->run()
#7 {main}
CRITICAL - 2025-12-02 19:48:38 --> mysqli_connect(): (HY000/1045): Access denied for user 'hikarimo_bantiopp'@'localhost' (using password: YES)
#0 [internal function]: CodeIgniter\Debug\Exceptions->errorHandler(2, 'mysqli_connect(...', '/home/hikarimo/...', 8, Array)
#1 /home/hikarimo/public_html/conn.php(8): mysqli_connect('localhost', 'hikarimo_bantio...', 'hikarimo_bantio...', 'hikarimo_bantio...')
#2 /home/hikarimo/public_html/app/Controllers/Connect.php(13): include('/home/hikarimo/...')
#3 /home/hikarimo/public_html/vendor/codeigniter4/framework/system/CodeIgniter.php(801): App\Controllers\Connect->__construct()
#4 /home/hikarimo/public_html/vendor/codeigniter4/framework/system/CodeIgniter.php(401): CodeIgniter\CodeIgniter->createController()
#5 /home/hikarimo/public_html/vendor/codeigniter4/framework/system/CodeIgniter.php(318): CodeIgniter\CodeIgniter->handleRequest(NULL, Object(Config\Cache), false)
#6 /home/hikarimo/public_html/index.php(37): CodeIgniter\CodeIgniter->run()
#7 {main}
CRITICAL - 2025-12-02 19:48:40 --> mysqli_connect(): (HY000/1045): Access denied for user 'hikarimo_bantiopp'@'localhost' (using password: YES)
#0 [internal function]: CodeIgniter\Debug\Exceptions->errorHandler(2, 'mysqli_connect(...', '/home/hikarimo/...', 8, Array)
#1 /home/hikarimo/public_html/conn.php(8): mysqli_connect('localhost', 'hikarimo_bantio...', 'hikarimo_bantio...', 'hikarimo_bantio...')
#2 /home/hikarimo/public_html/app/Controllers/Connect.php(13): include('/home/hikarimo/...')
#3 /home/hikarimo/public_html/vendor/codeigniter4/framework/system/CodeIgniter.php(801): App\Controllers\Connect->__construct()
#4 /home/hikarimo/public_html/vendor/codeigniter4/framework/system/CodeIgniter.php(401): CodeIgniter\CodeIgniter->createController()
#5 /home/hikarimo/public_html/vendor/codeigniter4/framework/system/CodeIgniter.php(318): CodeIgniter\CodeIgniter->handleRequest(NULL, Object(Config\Cache), false)
#6 /home/hikarimo/public_html/index.php(37): CodeIgniter\CodeIgniter->run()
#7 {main}
CRITICAL - 2025-12-02 19:48:40 --> mysqli_connect(): (HY000/1045): Access denied for user 'hikarimo_bantiopp'@'localhost' (using password: YES)
#0 [internal function]: CodeIgniter\Debug\Exceptions->errorHandler(2, 'mysqli_connect(...', '/home/hikarimo/...', 8, Array)
#1 /home/hikarimo/public_html/conn.php(8): mysqli_connect('localhost', 'hikarimo_bantio...', 'hikarimo_bantio...', 'hikarimo_bantio...')
#2 /home/hikarimo/public_html/app/Controllers/Connect.php(13): include('/home/hikarimo/...')
#3 /home/hikarimo/public_html/vendor/codeigniter4/framework/system/CodeIgniter.php(801): App\Controllers\Connect->__construct()
#4 /home/hikarimo/public_html/vendor/codeigniter4/framework/system/CodeIgniter.php(401): CodeIgniter\CodeIgniter->createController()
#5 /home/hikarimo/public_html/vendor/codeigniter4/framework/system/CodeIgniter.php(318): CodeIgniter\CodeIgniter->handleRequest(NULL, Object(Config\Cache), false)
#6 /home/hikarimo/public_html/index.php(37): CodeIgniter\CodeIgniter->run()
#7 {main}
CRITICAL - 2025-12-02 19:48:41 --> mysqli_connect(): (HY000/1045): Access denied for user 'hikarimo_bantiopp'@'localhost' (using password: YES)
#0 [internal function]: CodeIgniter\Debug\Exceptions->errorHandler(2, 'mysqli_connect(...', '/home/hikarimo/...', 8, Array)
#1 /home/hikarimo/public_html/conn.php(8): mysqli_connect('localhost', 'hikarimo_bantio...', 'hikarimo_bantio...', 'hikarimo_bantio...')
#2 /home/hikarimo/public_html/app/Controllers/Connect.php(13): include('/home/hikarimo/...')
#3 /home/hikarimo/public_html/vendor/codeigniter4/framework/system/CodeIgniter.php(801): App\Controllers\Connect->__construct()
#4 /home/hikarimo/public_html/vendor/codeigniter4/framework/system/CodeIgniter.php(401): CodeIgniter\CodeIgniter->createController()
#5 /home/hikarimo/public_html/vendor/codeigniter4/framework/system/CodeIgniter.php(318): CodeIgniter\CodeIgniter->handleRequest(NULL, Object(Config\Cache), false)
#6 /home/hikarimo/public_html/index.php(37): CodeIgniter\CodeIgniter->run()
#7 {main}
CRITICAL - 2025-12-02 19:48:43 --> mysqli_connect(): (HY000/1045): Access denied for user 'hikarimo_bantiopp'@'localhost' (using password: YES)
#0 [internal function]: CodeIgniter\Debug\Exceptions->errorHandler(2, 'mysqli_connect(...', '/home/hikarimo/...', 8, Array)
#1 /home/hikarimo/public_html/conn.php(8): mysqli_connect('localhost', 'hikarimo_bantio...', 'hikarimo_bantio...', 'hikarimo_bantio...')
#2 /home/hikarimo/public_html/app/Controllers/Connect.php(13): include('/home/hikarimo/...')
#3 /home/hikarimo/public_html/vendor/codeigniter4/framework/system/CodeIgniter.php(801): App\Controllers\Connect->__construct()
#4 /home/hikarimo/public_html/vendor/codeigniter4/framework/system/CodeIgniter.php(401): CodeIgniter\CodeIgniter->createController()
#5 /home/hikarimo/public_html/vendor/codeigniter4/framework/system/CodeIgniter.php(318): CodeIgniter\CodeIgniter->handleRequest(NULL, Object(Config\Cache), false)
#6 /home/hikarimo/public_html/index.php(37): CodeIgniter\CodeIgniter->run()
#7 {main}
CRITICAL - 2025-12-02 19:48:44 --> mysqli_connect(): (HY000/1045): Access denied for user 'hikarimo_bantiopp'@'localhost' (using password: YES)
#0 [internal function]: CodeIgniter\Debug\Exceptions->errorHandler(2, 'mysqli_connect(...', '/home/hikarimo/...', 8, Array)
#1 /home/hikarimo/public_html/conn.php(8): mysqli_connect('localhost', 'hikarimo_bantio...', 'hikarimo_bantio...', 'hikarimo_bantio...')
#2 /home/hikarimo/public_html/app/Controllers/Connect.php(13): include('/home/hikarimo/...')
#3 /home/hikarimo/public_html/vendor/codeigniter4/framework/system/CodeIgniter.php(801): App\Controllers\Connect->__construct()
#4 /home/hikarimo/public_html/vendor/codeigniter4/framework/system/CodeIgniter.php(401): CodeIgniter\CodeIgniter->createController()
#5 /home/hikarimo/public_html/vendor/codeigniter4/framework/system/CodeIgniter.php(318): CodeIgniter\CodeIgniter->handleRequest(NULL, Object(Config\Cache), false)
#6 /home/hikarimo/public_html/index.php(37): CodeIgniter\CodeIgniter->run()
#7 {main}
CRITICAL - 2025-12-02 19:48:45 --> mysqli_connect(): (HY000/1045): Access denied for user 'hikarimo_bantiopp'@'localhost' (using password: YES)
#0 [internal function]: CodeIgniter\Debug\Exceptions->errorHandler(2, 'mysqli_connect(...', '/home/hikarimo/...', 8, Array)
#1 /home/hikarimo/public_html/conn.php(8): mysqli_connect('localhost', 'hikarimo_bantio...', 'hikarimo_bantio...', 'hikarimo_bantio...')
#2 /home/hikarimo/public_html/app/Controllers/Connect.php(13): include('/home/hikarimo/...')
#3 /home/hikarimo/public_html/vendor/codeigniter4/framework/system/CodeIgniter.php(801): App\Controllers\Connect->__construct()
#4 /home/hikarimo/public_html/vendor/codeigniter4/framework/system/CodeIgniter.php(401): CodeIgniter\CodeIgniter->createController()
#5 /home/hikarimo/public_html/vendor/codeigniter4/framework/system/CodeIgniter.php(318): CodeIgniter\CodeIgniter->handleRequest(NULL, Object(Config\Cache), false)
#6 /home/hikarimo/public_html/index.php(37): CodeIgniter\CodeIgniter->run()
#7 {main}
CRITICAL - 2025-12-02 19:48:46 --> mysqli_connect(): (HY000/1045): Access denied for user 'hikarimo_bantiopp'@'localhost' (using password: YES)
#0 [internal function]: CodeIgniter\Debug\Exceptions->errorHandler(2, 'mysqli_connect(...', '/home/hikarimo/...', 8, Array)
#1 /home/hikarimo/public_html/conn.php(8): mysqli_connect('localhost', 'hikarimo_bantio...', 'hikarimo_bantio...', 'hikarimo_bantio...')
#2 /home/hikarimo/public_html/app/Controllers/Connect.php(13): include('/home/hikarimo/...')
#3 /home/hikarimo/public_html/vendor/codeigniter4/framework/system/CodeIgniter.php(801): App\Controllers\Connect->__construct()
#4 /home/hikarimo/public_html/vendor/codeigniter4/framework/system/CodeIgniter.php(401): CodeIgniter\CodeIgniter->createController()
#5 /home/hikarimo/public_html/vendor/codeigniter4/framework/system/CodeIgniter.php(318): CodeIgniter\CodeIgniter->handleRequest(NULL, Object(Config\Cache), false)
#6 /home/hikarimo/public_html/index.php(37): CodeIgniter\CodeIgniter->run()
#7 {main}
CRITICAL - 2025-12-02 19:48:47 --> mysqli_connect(): (HY000/1045): Access denied for user 'hikarimo_bantiopp'@'localhost' (using password: YES)
#0 [internal function]: CodeIgniter\Debug\Exceptions->errorHandler(2, 'mysqli_connect(...', '/home/hikarimo/...', 8, Array)
#1 /home/hikarimo/public_html/conn.php(8): mysqli_connect('localhost', 'hikarimo_bantio...', 'hikarimo_bantio...', 'hikarimo_bantio...')
#2 /home/hikarimo/public_html/app/Controllers/Connect.php(13): include('/home/hikarimo/...')
#3 /home/hikarimo/public_html/vendor/codeigniter4/framework/system/CodeIgniter.php(801): App\Controllers\Connect->__construct()
#4 /home/hikarimo/public_html/vendor/codeigniter4/framework/system/CodeIgniter.php(401): CodeIgniter\CodeIgniter->createController()
#5 /home/hikarimo/public_html/vendor/codeigniter4/framework/system/CodeIgniter.php(318): CodeIgniter\CodeIgniter->handleRequest(NULL, Object(Config\Cache), false)
#6 /home/hikarimo/public_html/index.php(37): CodeIgniter\CodeIgniter->run()
#7 {main}
CRITICAL - 2025-12-02 19:48:49 --> mysqli_connect(): (HY000/1045): Access denied for user 'hikarimo_bantiopp'@'localhost' (using password: YES)
#0 [internal function]: CodeIgniter\Debug\Exceptions->errorHandler(2, 'mysqli_connect(...', '/home/hikarimo/...', 8, Array)
#1 /home/hikarimo/public_html/conn.php(8): mysqli_connect('localhost', 'hikarimo_bantio...', 'hikarimo_bantio...', 'hikarimo_bantio...')
#2 /home/hikarimo/public_html/app/Controllers/Connect.php(13): include('/home/hikarimo/...')
#3 /home/hikarimo/public_html/vendor/codeigniter4/framework/system/CodeIgniter.php(801): App\Controllers\Connect->__construct()
#4 /home/hikarimo/public_html/vendor/codeigniter4/framework/system/CodeIgniter.php(401): CodeIgniter\CodeIgniter->createController()
#5 /home/hikarimo/public_html/vendor/codeigniter4/framework/system/CodeIgniter.php(318): CodeIgniter\CodeIgniter->handleRequest(NULL, Object(Config\Cache), false)
#6 /home/hikarimo/public_html/index.php(37): CodeIgniter\CodeIgniter->run()
#7 {main}
CRITICAL - 2025-12-02 19:48:50 --> mysqli_connect(): (HY000/1045): Access denied for user 'hikarimo_bantiopp'@'localhost' (using password: YES)
#0 [internal function]: CodeIgniter\Debug\Exceptions->errorHandler(2, 'mysqli_connect(...', '/home/hikarimo/...', 8, Array)
#1 /home/hikarimo/public_html/conn.php(8): mysqli_connect('localhost', 'hikarimo_bantio...', 'hikarimo_bantio...', 'hikarimo_bantio...')
#2 /home/hikarimo/public_html/app/Controllers/Connect.php(13): include('/home/hikarimo/...')
#3 /home/hikarimo/public_html/vendor/codeigniter4/framework/system/CodeIgniter.php(801): App\Controllers\Connect->__construct()
#4 /home/hikarimo/public_html/vendor/codeigniter4/framework/system/CodeIgniter.php(401): CodeIgniter\CodeIgniter->createController()
#5 /home/hikarimo/public_html/vendor/codeigniter4/framework/system/CodeIgniter.php(318): CodeIgniter\CodeIgniter->handleRequest(NULL, Object(Config\Cache), false)
#6 /home/hikarimo/public_html/index.php(37): CodeIgniter\CodeIgniter->run()
#7 {main}
CRITICAL - 2025-12-02 19:48:51 --> mysqli_connect(): (HY000/1045): Access denied for user 'hikarimo_bantiopp'@'localhost' (using password: YES)
#0 [internal function]: CodeIgniter\Debug\Exceptions->errorHandler(2, 'mysqli_connect(...', '/home/hikarimo/...', 8, Array)
#1 /home/hikarimo/public_html/conn.php(8): mysqli_connect('localhost', 'hikarimo_bantio...', 'hikarimo_bantio...', 'hikarimo_bantio...')
#2 /home/hikarimo/public_html/app/Controllers/Connect.php(13): include('/home/hikarimo/...')
#3 /home/hikarimo/public_html/vendor/codeigniter4/framework/system/CodeIgniter.php(801): App\Controllers\Connect->__construct()
#4 /home/hikarimo/public_html/vendor/codeigniter4/framework/system/CodeIgniter.php(401): CodeIgniter\CodeIgniter->createController()
#5 /home/hikarimo/public_html/vendor/codeigniter4/framework/system/CodeIgniter.php(318): CodeIgniter\CodeIgniter->handleRequest(NULL, Object(Config\Cache), false)
#6 /home/hikarimo/public_html/index.php(37): CodeIgniter\CodeIgniter->run()
#7 {main}
CRITICAL - 2025-12-02 19:48:51 --> mysqli_connect(): (HY000/1045): Access denied for user 'hikarimo_bantiopp'@'localhost' (using password: YES)
#0 [internal function]: CodeIgniter\Debug\Exceptions->errorHandler(2, 'mysqli_connect(...', '/home/hikarimo/...', 8, Array)
#1 /home/hikarimo/public_html/conn.php(8): mysqli_connect('localhost', 'hikarimo_bantio...', 'hikarimo_bantio...', 'hikarimo_bantio...')
#2 /home/hikarimo/public_html/app/Controllers/Connect.php(13): include('/home/hikarimo/...')
#3 /home/hikarimo/public_html/vendor/codeigniter4/framework/system/CodeIgniter.php(801): App\Controllers\Connect->__construct()
#4 /home/hikarimo/public_html/vendor/codeigniter4/framework/system/CodeIgniter.php(401): CodeIgniter\CodeIgniter->createController()
#5 /home/hikarimo/public_html/vendor/codeigniter4/framework/system/CodeIgniter.php(318): CodeIgniter\CodeIgniter->handleRequest(NULL, Object(Config\Cache), false)
#6 /home/hikarimo/public_html/index.php(37): CodeIgniter\CodeIgniter->run()
#7 {main}
CRITICAL - 2025-12-02 19:48:53 --> mysqli_connect(): (HY000/1045): Access denied for user 'hikarimo_bantiopp'@'localhost' (using password: YES)
#0 [internal function]: CodeIgniter\Debug\Exceptions->errorHandler(2, 'mysqli_connect(...', '/home/hikarimo/...', 8, Array)
#1 /home/hikarimo/public_html/conn.php(8): mysqli_connect('localhost', 'hikarimo_bantio...', 'hikarimo_bantio...', 'hikarimo_bantio...')
#2 /home/hikarimo/public_html/app/Controllers/Connect.php(13): include('/home/hikarimo/...')
#3 /home/hikarimo/public_html/vendor/codeigniter4/framework/system/CodeIgniter.php(801): App\Controllers\Connect->__construct()
#4 /home/hikarimo/public_html/vendor/codeigniter4/framework/system/CodeIgniter.php(401): CodeIgniter\CodeIgniter->createController()
#5 /home/hikarimo/public_html/vendor/codeigniter4/framework/system/CodeIgniter.php(318): CodeIgniter\CodeIgniter->handleRequest(NULL, Object(Config\Cache), false)
#6 /home/hikarimo/public_html/index.php(37): CodeIgniter\CodeIgniter->run()
#7 {main}
CRITICAL - 2025-12-02 19:48:55 --> mysqli_connect(): (HY000/1045): Access denied for user 'hikarimo_bantiopp'@'localhost' (using password: YES)
#0 [internal function]: CodeIgniter\Debug\Exceptions->errorHandler(2, 'mysqli_connect(...', '/home/hikarimo/...', 8, Array)
#1 /home/hikarimo/public_html/conn.php(8): mysqli_connect('localhost', 'hikarimo_bantio...', 'hikarimo_bantio...', 'hikarimo_bantio...')
#2 /home/hikarimo/public_html/app/Controllers/Connect.php(13): include('/home/hikarimo/...')
#3 /home/hikarimo/public_html/vendor/codeigniter4/framework/system/CodeIgniter.php(801): App\Controllers\Connect->__construct()
#4 /home/hikarimo/public_html/vendor/codeigniter4/framework/system/CodeIgniter.php(401): CodeIgniter\CodeIgniter->createController()
#5 /home/hikarimo/public_html/vendor/codeigniter4/framework/system/CodeIgniter.php(318): CodeIgniter\CodeIgniter->handleRequest(NULL, Object(Config\Cache), false)
#6 /home/hikarimo/public_html/index.php(37): CodeIgniter\CodeIgniter->run()
#7 {main}
CRITICAL - 2025-12-02 19:48:56 --> mysqli_connect(): (HY000/1045): Access denied for user 'hikarimo_bantiopp'@'localhost' (using password: YES)
#0 [internal function]: CodeIgniter\Debug\Exceptions->errorHandler(2, 'mysqli_connect(...', '/home/hikarimo/...', 8, Array)
#1 /home/hikarimo/public_html/conn.php(8): mysqli_connect('localhost', 'hikarimo_bantio...', 'hikarimo_bantio...', 'hikarimo_bantio...')
#2 /home/hikarimo/public_html/app/Controllers/Connect.php(13): include('/home/hikarimo/...')
#3 /home/hikarimo/public_html/vendor/codeigniter4/framework/system/CodeIgniter.php(801): App\Controllers\Connect->__construct()
#4 /home/hikarimo/public_html/vendor/codeigniter4/framework/system/CodeIgniter.php(401): CodeIgniter\CodeIgniter->createController()
#5 /home/hikarimo/public_html/vendor/codeigniter4/framework/system/CodeIgniter.php(318): CodeIgniter\CodeIgniter->handleRequest(NULL, Object(Config\Cache), false)
#6 /home/hikarimo/public_html/index.php(37): CodeIgniter\CodeIgniter->run()
#7 {main}
CRITICAL - 2025-12-02 19:48:58 --> mysqli_connect(): (HY000/1045): Access denied for user 'hikarimo_bantiopp'@'localhost' (using password: YES)
#0 [internal function]: CodeIgniter\Debug\Exceptions->errorHandler(2, 'mysqli_connect(...', '/home/hikarimo/...', 8, Array)
#1 /home/hikarimo/public_html/conn.php(8): mysqli_connect('localhost', 'hikarimo_bantio...', 'hikarimo_bantio...', 'hikarimo_bantio...')
#2 /home/hikarimo/public_html/app/Controllers/Connect.php(13): include('/home/hikarimo/...')
#3 /home/hikarimo/public_html/vendor/codeigniter4/framework/system/CodeIgniter.php(801): App\Controllers\Connect->__construct()
#4 /home/hikarimo/public_html/vendor/codeigniter4/framework/system/CodeIgniter.php(401): CodeIgniter\CodeIgniter->createController()
#5 /home/hikarimo/public_html/vendor/codeigniter4/framework/system/CodeIgniter.php(318): CodeIgniter\CodeIgniter->handleRequest(NULL, Object(Config\Cache), false)
#6 /home/hikarimo/public_html/index.php(37): CodeIgniter\CodeIgniter->run()
#7 {main}
CRITICAL - 2025-12-02 19:48:59 --> mysqli_connect(): (HY000/1045): Access denied for user 'hikarimo_bantiopp'@'localhost' (using password: YES)
#0 [internal function]: CodeIgniter\Debug\Exceptions->errorHandler(2, 'mysqli_connect(...', '/home/hikarimo/...', 8, Array)
#1 /home/hikarimo/public_html/conn.php(8): mysqli_connect('localhost', 'hikarimo_bantio...', 'hikarimo_bantio...', 'hikarimo_bantio...')
#2 /home/hikarimo/public_html/app/Controllers/Connect.php(13): include('/home/hikarimo/...')
#3 /home/hikarimo/public_html/vendor/codeigniter4/framework/system/CodeIgniter.php(801): App\Controllers\Connect->__construct()
#4 /home/hikarimo/public_html/vendor/codeigniter4/framework/system/CodeIgniter.php(401): CodeIgniter\CodeIgniter->createController()
#5 /home/hikarimo/public_html/vendor/codeigniter4/framework/system/CodeIgniter.php(318): CodeIgniter\CodeIgniter->handleRequest(NULL, Object(Config\Cache), false)
#6 /home/hikarimo/public_html/index.php(37): CodeIgniter\CodeIgniter->run()
#7 {main}
CRITICAL - 2025-12-02 19:49:00 --> mysqli_connect(): (HY000/1045): Access denied for user 'hikarimo_bantiopp'@'localhost' (using password: YES)
#0 [internal function]: CodeIgniter\Debug\Exceptions->errorHandler(2, 'mysqli_connect(...', '/home/hikarimo/...', 8, Array)
#1 /home/hikarimo/public_html/conn.php(8): mysqli_connect('localhost', 'hikarimo_bantio...', 'hikarimo_bantio...', 'hikarimo_bantio...')
#2 /home/hikarimo/public_html/app/Controllers/Connect.php(13): include('/home/hikarimo/...')
#3 /home/hikarimo/public_html/vendor/codeigniter4/framework/system/CodeIgniter.php(801): App\Controllers\Connect->__construct()
#4 /home/hikarimo/public_html/vendor/codeigniter4/framework/system/CodeIgniter.php(401): CodeIgniter\CodeIgniter->createController()
#5 /home/hikarimo/public_html/vendor/codeigniter4/framework/system/CodeIgniter.php(318): CodeIgniter\CodeIgniter->handleRequest(NULL, Object(Config\Cache), false)
#6 /home/hikarimo/public_html/index.php(37): CodeIgniter\CodeIgniter->run()
#7 {main}
CRITICAL - 2025-12-02 19:49:01 --> mysqli_connect(): (HY000/1045): Access denied for user 'hikarimo_bantiopp'@'localhost' (using password: YES)
#0 [internal function]: CodeIgniter\Debug\Exceptions->errorHandler(2, 'mysqli_connect(...', '/home/hikarimo/...', 8, Array)
#1 /home/hikarimo/public_html/conn.php(8): mysqli_connect('localhost', 'hikarimo_bantio...', 'hikarimo_bantio...', 'hikarimo_bantio...')
#2 /home/hikarimo/public_html/app/Controllers/Connect.php(13): include('/home/hikarimo/...')
#3 /home/hikarimo/public_html/vendor/codeigniter4/framework/system/CodeIgniter.php(801): App\Controllers\Connect->__construct()
#4 /home/hikarimo/public_html/vendor/codeigniter4/framework/system/CodeIgniter.php(401): CodeIgniter\CodeIgniter->createController()
#5 /home/hikarimo/public_html/vendor/codeigniter4/framework/system/CodeIgniter.php(318): CodeIgniter\CodeIgniter->handleRequest(NULL, Object(Config\Cache), false)
#6 /home/hikarimo/public_html/index.php(37): CodeIgniter\CodeIgniter->run()
#7 {main}
CRITICAL - 2025-12-02 19:49:03 --> mysqli_connect(): (HY000/1045): Access denied for user 'hikarimo_bantiopp'@'localhost' (using password: YES)
#0 [internal function]: CodeIgniter\Debug\Exceptions->errorHandler(2, 'mysqli_connect(...', '/home/hikarimo/...', 8, Array)
#1 /home/hikarimo/public_html/conn.php(8): mysqli_connect('localhost', 'hikarimo_bantio...', 'hikarimo_bantio...', 'hikarimo_bantio...')
#2 /home/hikarimo/public_html/app/Controllers/Connect.php(13): include('/home/hikarimo/...')
#3 /home/hikarimo/public_html/vendor/codeigniter4/framework/system/CodeIgniter.php(801): App\Controllers\Connect->__construct()
#4 /home/hikarimo/public_html/vendor/codeigniter4/framework/system/CodeIgniter.php(401): CodeIgniter\CodeIgniter->createController()
#5 /home/hikarimo/public_html/vendor/codeigniter4/framework/system/CodeIgniter.php(318): CodeIgniter\CodeIgniter->handleRequest(NULL, Object(Config\Cache), false)
#6 /home/hikarimo/public_html/index.php(37): CodeIgniter\CodeIgniter->run()
#7 {main}
CRITICAL - 2025-12-02 19:49:04 --> mysqli_connect(): (HY000/1045): Access denied for user 'hikarimo_bantiopp'@'localhost' (using password: YES)
#0 [internal function]: CodeIgniter\Debug\Exceptions->errorHandler(2, 'mysqli_connect(...', '/home/hikarimo/...', 8, Array)
#1 /home/hikarimo/public_html/conn.php(8): mysqli_connect('localhost', 'hikarimo_bantio...', 'hikarimo_bantio...', 'hikarimo_bantio...')
#2 /home/hikarimo/public_html/app/Controllers/Connect.php(13): include('/home/hikarimo/...')
#3 /home/hikarimo/public_html/vendor/codeigniter4/framework/system/CodeIgniter.php(801): App\Controllers\Connect->__construct()
#4 /home/hikarimo/public_html/vendor/codeigniter4/framework/system/CodeIgniter.php(401): CodeIgniter\CodeIgniter->createController()
#5 /home/hikarimo/public_html/vendor/codeigniter4/framework/system/CodeIgniter.php(318): CodeIgniter\CodeIgniter->handleRequest(NULL, Object(Config\Cache), false)
#6 /home/hikarimo/public_html/index.php(37): CodeIgniter\CodeIgniter->run()
#7 {main}
CRITICAL - 2025-12-02 19:49:06 --> mysqli_connect(): (HY000/1045): Access denied for user 'hikarimo_bantiopp'@'localhost' (using password: YES)
#0 [internal function]: CodeIgniter\Debug\Exceptions->errorHandler(2, 'mysqli_connect(...', '/home/hikarimo/...', 8, Array)
#1 /home/hikarimo/public_html/conn.php(8): mysqli_connect('localhost', 'hikarimo_bantio...', 'hikarimo_bantio...', 'hikarimo_bantio...')
#2 /home/hikarimo/public_html/app/Controllers/Connect.php(13): include('/home/hikarimo/...')
#3 /home/hikarimo/public_html/vendor/codeigniter4/framework/system/CodeIgniter.php(801): App\Controllers\Connect->__construct()
#4 /home/hikarimo/public_html/vendor/codeigniter4/framework/system/CodeIgniter.php(401): CodeIgniter\CodeIgniter->createController()
#5 /home/hikarimo/public_html/vendor/codeigniter4/framework/system/CodeIgniter.php(318): CodeIgniter\CodeIgniter->handleRequest(NULL, Object(Config\Cache), false)
#6 /home/hikarimo/public_html/index.php(37): CodeIgniter\CodeIgniter->run()
#7 {main}
CRITICAL - 2025-12-02 19:49:07 --> mysqli_connect(): (HY000/1045): Access denied for user 'hikarimo_bantiopp'@'localhost' (using password: YES)
#0 [internal function]: CodeIgniter\Debug\Exceptions->errorHandler(2, 'mysqli_connect(...', '/home/hikarimo/...', 8, Array)
#1 /home/hikarimo/public_html/conn.php(8): mysqli_connect('localhost', 'hikarimo_bantio...', 'hikarimo_bantio...', 'hikarimo_bantio...')
#2 /home/hikarimo/public_html/app/Controllers/Connect.php(13): include('/home/hikarimo/...')
#3 /home/hikarimo/public_html/vendor/codeigniter4/framework/system/CodeIgniter.php(801): App\Controllers\Connect->__construct()
#4 /home/hikarimo/public_html/vendor/codeigniter4/framework/system/CodeIgniter.php(401): CodeIgniter\CodeIgniter->createController()
#5 /home/hikarimo/public_html/vendor/codeigniter4/framework/system/CodeIgniter.php(318): CodeIgniter\CodeIgniter->handleRequest(NULL, Object(Config\Cache), false)
#6 /home/hikarimo/public_html/index.php(37): CodeIgniter\CodeIgniter->run()
#7 {main}
CRITICAL - 2025-12-02 19:49:08 --> mysqli_connect(): (HY000/1045): Access denied for user 'hikarimo_bantiopp'@'localhost' (using password: YES)
#0 [internal function]: CodeIgniter\Debug\Exceptions->errorHandler(2, 'mysqli_connect(...', '/home/hikarimo/...', 8, Array)
#1 /home/hikarimo/public_html/conn.php(8): mysqli_connect('localhost', 'hikarimo_bantio...', 'hikarimo_bantio...', 'hikarimo_bantio...')
#2 /home/hikarimo/public_html/app/Controllers/Connect.php(13): include('/home/hikarimo/...')
#3 /home/hikarimo/public_html/vendor/codeigniter4/framework/system/CodeIgniter.php(801): App\Controllers\Connect->__construct()
#4 /home/hikarimo/public_html/vendor/codeigniter4/framework/system/CodeIgniter.php(401): CodeIgniter\CodeIgniter->createController()
#5 /home/hikarimo/public_html/vendor/codeigniter4/framework/system/CodeIgniter.php(318): CodeIgniter\CodeIgniter->handleRequest(NULL, Object(Config\Cache), false)
#6 /home/hikarimo/public_html/index.php(37): CodeIgniter\CodeIgniter->run()
#7 {main}
CRITICAL - 2025-12-02 19:49:11 --> mysqli_connect(): (HY000/1045): Access denied for user 'hikarimo_bantiopp'@'localhost' (using password: YES)
#0 [internal function]: CodeIgniter\Debug\Exceptions->errorHandler(2, 'mysqli_connect(...', '/home/hikarimo/...', 8, Array)
#1 /home/hikarimo/public_html/conn.php(8): mysqli_connect('localhost', 'hikarimo_bantio...', 'hikarimo_bantio...', 'hikarimo_bantio...')
#2 /home/hikarimo/public_html/app/Controllers/Connect.php(13): include('/home/hikarimo/...')
#3 /home/hikarimo/public_html/vendor/codeigniter4/framework/system/CodeIgniter.php(801): App\Controllers\Connect->__construct()
#4 /home/hikarimo/public_html/vendor/codeigniter4/framework/system/CodeIgniter.php(401): CodeIgniter\CodeIgniter->createController()
#5 /home/hikarimo/public_html/vendor/codeigniter4/framework/system/CodeIgniter.php(318): CodeIgniter\CodeIgniter->handleRequest(NULL, Object(Config\Cache), false)
#6 /home/hikarimo/public_html/index.php(37): CodeIgniter\CodeIgniter->run()
#7 {main}
CRITICAL - 2025-12-02 19:49:12 --> mysqli_connect(): (HY000/1045): Access denied for user 'hikarimo_bantiopp'@'localhost' (using password: YES)
#0 [internal function]: CodeIgniter\Debug\Exceptions->errorHandler(2, 'mysqli_connect(...', '/home/hikarimo/...', 8, Array)
#1 /home/hikarimo/public_html/conn.php(8): mysqli_connect('localhost', 'hikarimo_bantio...', 'hikarimo_bantio...', 'hikarimo_bantio...')
#2 /home/hikarimo/public_html/app/Controllers/Connect.php(13): include('/home/hikarimo/...')
#3 /home/hikarimo/public_html/vendor/codeigniter4/framework/system/CodeIgniter.php(801): App\Controllers\Connect->__construct()
#4 /home/hikarimo/public_html/vendor/codeigniter4/framework/system/CodeIgniter.php(401): CodeIgniter\CodeIgniter->createController()
#5 /home/hikarimo/public_html/vendor/codeigniter4/framework/system/CodeIgniter.php(318): CodeIgniter\CodeIgniter->handleRequest(NULL, Object(Config\Cache), false)
#6 /home/hikarimo/public_html/index.php(37): CodeIgniter\CodeIgniter->run()
#7 {main}
CRITICAL - 2025-12-02 19:49:15 --> mysqli_connect(): (HY000/1045): Access denied for user 'hikarimo_bantiopp'@'localhost' (using password: YES)
#0 [internal function]: CodeIgniter\Debug\Exceptions->errorHandler(2, 'mysqli_connect(...', '/home/hikarimo/...', 8, Array)
#1 /home/hikarimo/public_html/conn.php(8): mysqli_connect('localhost', 'hikarimo_bantio...', 'hikarimo_bantio...', 'hikarimo_bantio...')
#2 /home/hikarimo/public_html/app/Controllers/Connect.php(13): include('/home/hikarimo/...')
#3 /home/hikarimo/public_html/vendor/codeigniter4/framework/system/CodeIgniter.php(801): App\Controllers\Connect->__construct()
#4 /home/hikarimo/public_html/vendor/codeigniter4/framework/system/CodeIgniter.php(401): CodeIgniter\CodeIgniter->createController()
#5 /home/hikarimo/public_html/vendor/codeigniter4/framework/system/CodeIgniter.php(318): CodeIgniter\CodeIgniter->handleRequest(NULL, Object(Config\Cache), false)
#6 /home/hikarimo/public_html/index.php(37): CodeIgniter\CodeIgniter->run()
#7 {main}
CRITICAL - 2025-12-02 19:49:18 --> mysqli_connect(): (HY000/1045): Access denied for user 'hikarimo_bantiopp'@'localhost' (using password: YES)
#0 [internal function]: CodeIgniter\Debug\Exceptions->errorHandler(2, 'mysqli_connect(...', '/home/hikarimo/...', 8, Array)
#1 /home/hikarimo/public_html/conn.php(8): mysqli_connect('localhost', 'hikarimo_bantio...', 'hikarimo_bantio...', 'hikarimo_bantio...')
#2 /home/hikarimo/public_html/app/Controllers/Connect.php(13): include('/home/hikarimo/...')
#3 /home/hikarimo/public_html/vendor/codeigniter4/framework/system/CodeIgniter.php(801): App\Controllers\Connect->__construct()
#4 /home/hikarimo/public_html/vendor/codeigniter4/framework/system/CodeIgniter.php(401): CodeIgniter\CodeIgniter->createController()
#5 /home/hikarimo/public_html/vendor/codeigniter4/framework/system/CodeIgniter.php(318): CodeIgniter\CodeIgniter->handleRequest(NULL, Object(Config\Cache), false)
#6 /home/hikarimo/public_html/index.php(37): CodeIgniter\CodeIgniter->run()
#7 {main}
CRITICAL - 2025-12-02 19:49:22 --> mysqli_connect(): (HY000/1045): Access denied for user 'hikarimo_bantiopp'@'localhost' (using password: YES)
#0 [internal function]: CodeIgniter\Debug\Exceptions->errorHandler(2, 'mysqli_connect(...', '/home/hikarimo/...', 8, Array)
#1 /home/hikarimo/public_html/conn.php(8): mysqli_connect('localhost', 'hikarimo_bantio...', 'hikarimo_bantio...', 'hikarimo_bantio...')
#2 /home/hikarimo/public_html/app/Controllers/Connect.php(13): include('/home/hikarimo/...')
#3 /home/hikarimo/public_html/vendor/codeigniter4/framework/system/CodeIgniter.php(801): App\Controllers\Connect->__construct()
#4 /home/hikarimo/public_html/vendor/codeigniter4/framework/system/CodeIgniter.php(401): CodeIgniter\CodeIgniter->createController()
#5 /home/hikarimo/public_html/vendor/codeigniter4/framework/system/CodeIgniter.php(318): CodeIgniter\CodeIgniter->handleRequest(NULL, Object(Config\Cache), false)
#6 /home/hikarimo/public_html/index.php(37): CodeIgniter\CodeIgniter->run()
#7 {main}
CRITICAL - 2025-12-02 19:49:24 --> mysqli_connect(): (HY000/1045): Access denied for user 'hikarimo_bantiopp'@'localhost' (using password: YES)
#0 [internal function]: CodeIgniter\Debug\Exceptions->errorHandler(2, 'mysqli_connect(...', '/home/hikarimo/...', 8, Array)
#1 /home/hikarimo/public_html/conn.php(8): mysqli_connect('localhost', 'hikarimo_bantio...', 'hikarimo_bantio...', 'hikarimo_bantio...')
#2 /home/hikarimo/public_html/app/Controllers/Connect.php(13): include('/home/hikarimo/...')
#3 /home/hikarimo/public_html/vendor/codeigniter4/framework/system/CodeIgniter.php(801): App\Controllers\Connect->__construct()
#4 /home/hikarimo/public_html/vendor/codeigniter4/framework/system/CodeIgniter.php(401): CodeIgniter\CodeIgniter->createController()
#5 /home/hikarimo/public_html/vendor/codeigniter4/framework/system/CodeIgniter.php(318): CodeIgniter\CodeIgniter->handleRequest(NULL, Object(Config\Cache), false)
#6 /home/hikarimo/public_html/index.php(37): CodeIgniter\CodeIgniter->run()
#7 {main}
CRITICAL - 2025-12-02 19:49:27 --> mysqli_connect(): (HY000/1045): Access denied for user 'hikarimo_bantiopp'@'localhost' (using password: YES)
#0 [internal function]: CodeIgniter\Debug\Exceptions->errorHandler(2, 'mysqli_connect(...', '/home/hikarimo/...', 8, Array)
#1 /home/hikarimo/public_html/conn.php(8): mysqli_connect('localhost', 'hikarimo_bantio...', 'hikarimo_bantio...', 'hikarimo_bantio...')
#2 /home/hikarimo/public_html/app/Controllers/Connect.php(13): include('/home/hikarimo/...')
#3 /home/hikarimo/public_html/vendor/codeigniter4/framework/system/CodeIgniter.php(801): App\Controllers\Connect->__construct()
#4 /home/hikarimo/public_html/vendor/codeigniter4/framework/system/CodeIgniter.php(401): CodeIgniter\CodeIgniter->createController()
#5 /home/hikarimo/public_html/vendor/codeigniter4/framework/system/CodeIgniter.php(318): CodeIgniter\CodeIgniter->handleRequest(NULL, Object(Config\Cache), false)
#6 /home/hikarimo/public_html/index.php(37): CodeIgniter\CodeIgniter->run()
#7 {main}
CRITICAL - 2025-12-02 19:49:28 --> mysqli_connect(): (HY000/1045): Access denied for user 'hikarimo_bantiopp'@'localhost' (using password: YES)
#0 [internal function]: CodeIgniter\Debug\Exceptions->errorHandler(2, 'mysqli_connect(...', '/home/hikarimo/...', 8, Array)
#1 /home/hikarimo/public_html/conn.php(8): mysqli_connect('localhost', 'hikarimo_bantio...', 'hikarimo_bantio...', 'hikarimo_bantio...')
#2 /home/hikarimo/public_html/app/Controllers/Connect.php(13): include('/home/hikarimo/...')
#3 /home/hikarimo/public_html/vendor/codeigniter4/framework/system/CodeIgniter.php(801): App\Controllers\Connect->__construct()
#4 /home/hikarimo/public_html/vendor/codeigniter4/framework/system/CodeIgniter.php(401): CodeIgniter\CodeIgniter->createController()
#5 /home/hikarimo/public_html/vendor/codeigniter4/framework/system/CodeIgniter.php(318): CodeIgniter\CodeIgniter->handleRequest(NULL, Object(Config\Cache), false)
#6 /home/hikarimo/public_html/index.php(37): CodeIgniter\CodeIgniter->run()
#7 {main}
CRITICAL - 2025-12-02 19:49:31 --> mysqli_connect(): (HY000/1045): Access denied for user 'hikarimo_bantiopp'@'localhost' (using password: YES)
#0 [internal function]: CodeIgniter\Debug\Exceptions->errorHandler(2, 'mysqli_connect(...', '/home/hikarimo/...', 8, Array)
#1 /home/hikarimo/public_html/conn.php(8): mysqli_connect('localhost', 'hikarimo_bantio...', 'hikarimo_bantio...', 'hikarimo_bantio...')
#2 /home/hikarimo/public_html/app/Controllers/Connect.php(13): include('/home/hikarimo/...')
#3 /home/hikarimo/public_html/vendor/codeigniter4/framework/system/CodeIgniter.php(801): App\Controllers\Connect->__construct()
#4 /home/hikarimo/public_html/vendor/codeigniter4/framework/system/CodeIgniter.php(401): CodeIgniter\CodeIgniter->createController()
#5 /home/hikarimo/public_html/vendor/codeigniter4/framework/system/CodeIgniter.php(318): CodeIgniter\CodeIgniter->handleRequest(NULL, Object(Config\Cache), false)
#6 /home/hikarimo/public_html/index.php(37): CodeIgniter\CodeIgniter->run()
#7 {main}
CRITICAL - 2025-12-02 19:49:32 --> mysqli_connect(): (HY000/1045): Access denied for user 'hikarimo_bantiopp'@'localhost' (using password: YES)
#0 [internal function]: CodeIgniter\Debug\Exceptions->errorHandler(2, 'mysqli_connect(...', '/home/hikarimo/...', 8, Array)
#1 /home/hikarimo/public_html/conn.php(8): mysqli_connect('localhost', 'hikarimo_bantio...', 'hikarimo_bantio...', 'hikarimo_bantio...')
#2 /home/hikarimo/public_html/app/Controllers/Connect.php(13): include('/home/hikarimo/...')
#3 /home/hikarimo/public_html/vendor/codeigniter4/framework/system/CodeIgniter.php(801): App\Controllers\Connect->__construct()
#4 /home/hikarimo/public_html/vendor/codeigniter4/framework/system/CodeIgniter.php(401): CodeIgniter\CodeIgniter->createController()
#5 /home/hikarimo/public_html/vendor/codeigniter4/framework/system/CodeIgniter.php(318): CodeIgniter\CodeIgniter->handleRequest(NULL, Object(Config\Cache), false)
#6 /home/hikarimo/public_html/index.php(37): CodeIgniter\CodeIgniter->run()
#7 {main}
CRITICAL - 2025-12-02 19:49:51 --> mysqli_connect(): (HY000/1045): Access denied for user 'hikarimo_bantiopp'@'localhost' (using password: YES)
#0 [internal function]: CodeIgniter\Debug\Exceptions->errorHandler(2, 'mysqli_connect(...', '/home/hikarimo/...', 8, Array)
#1 /home/hikarimo/public_html/conn.php(8): mysqli_connect('localhost', 'hikarimo_bantio...', 'hikarimo_bantio...', 'hikarimo_bantio...')
#2 /home/hikarimo/public_html/app/Controllers/Connect.php(13): include('/home/hikarimo/...')
#3 /home/hikarimo/public_html/vendor/codeigniter4/framework/system/CodeIgniter.php(801): App\Controllers\Connect->__construct()
#4 /home/hikarimo/public_html/vendor/codeigniter4/framework/system/CodeIgniter.php(401): CodeIgniter\CodeIgniter->createController()
#5 /home/hikarimo/public_html/vendor/codeigniter4/framework/system/CodeIgniter.php(318): CodeIgniter\CodeIgniter->handleRequest(NULL, Object(Config\Cache), false)
#6 /home/hikarimo/public_html/index.php(37): CodeIgniter\CodeIgniter->run()
#7 {main}
CRITICAL - 2025-12-02 19:49:52 --> mysqli_connect(): (HY000/1045): Access denied for user 'hikarimo_bantiopp'@'localhost' (using password: YES)
#0 [internal function]: CodeIgniter\Debug\Exceptions->errorHandler(2, 'mysqli_connect(...', '/home/hikarimo/...', 8, Array)
#1 /home/hikarimo/public_html/conn.php(8): mysqli_connect('localhost', 'hikarimo_bantio...', 'hikarimo_bantio...', 'hikarimo_bantio...')
#2 /home/hikarimo/public_html/app/Controllers/Connect.php(13): include('/home/hikarimo/...')
#3 /home/hikarimo/public_html/vendor/codeigniter4/framework/system/CodeIgniter.php(801): App\Controllers\Connect->__construct()
#4 /home/hikarimo/public_html/vendor/codeigniter4/framework/system/CodeIgniter.php(401): CodeIgniter\CodeIgniter->createController()
#5 /home/hikarimo/public_html/vendor/codeigniter4/framework/system/CodeIgniter.php(318): CodeIgniter\CodeIgniter->handleRequest(NULL, Object(Config\Cache), false)
#6 /home/hikarimo/public_html/index.php(37): CodeIgniter\CodeIgniter->run()
#7 {main}
CRITICAL - 2025-12-02 19:49:55 --> mysqli_connect(): (HY000/1045): Access denied for user 'hikarimo_bantiopp'@'localhost' (using password: YES)
#0 [internal function]: CodeIgniter\Debug\Exceptions->errorHandler(2, 'mysqli_connect(...', '/home/hikarimo/...', 8, Array)
#1 /home/hikarimo/public_html/conn.php(8): mysqli_connect('localhost', 'hikarimo_bantio...', 'hikarimo_bantio...', 'hikarimo_bantio...')
#2 /home/hikarimo/public_html/app/Controllers/Connect.php(13): include('/home/hikarimo/...')
#3 /home/hikarimo/public_html/vendor/codeigniter4/framework/system/CodeIgniter.php(801): App\Controllers\Connect->__construct()
#4 /home/hikarimo/public_html/vendor/codeigniter4/framework/system/CodeIgniter.php(401): CodeIgniter\CodeIgniter->createController()
#5 /home/hikarimo/public_html/vendor/codeigniter4/framework/system/CodeIgniter.php(318): CodeIgniter\CodeIgniter->handleRequest(NULL, Object(Config\Cache), false)
#6 /home/hikarimo/public_html/index.php(37): CodeIgniter\CodeIgniter->run()
#7 {main}
CRITICAL - 2025-12-02 19:49:56 --> mysqli_connect(): (HY000/1045): Access denied for user 'hikarimo_bantiopp'@'localhost' (using password: YES)
#0 [internal function]: CodeIgniter\Debug\Exceptions->errorHandler(2, 'mysqli_connect(...', '/home/hikarimo/...', 8, Array)
#1 /home/hikarimo/public_html/conn.php(8): mysqli_connect('localhost', 'hikarimo_bantio...', 'hikarimo_bantio...', 'hikarimo_bantio...')
#2 /home/hikarimo/public_html/app/Controllers/Connect.php(13): include('/home/hikarimo/...')
#3 /home/hikarimo/public_html/vendor/codeigniter4/framework/system/CodeIgniter.php(801): App\Controllers\Connect->__construct()
#4 /home/hikarimo/public_html/vendor/codeigniter4/framework/system/CodeIgniter.php(401): CodeIgniter\CodeIgniter->createController()
#5 /home/hikarimo/public_html/vendor/codeigniter4/framework/system/CodeIgniter.php(318): CodeIgniter\CodeIgniter->handleRequest(NULL, Object(Config\Cache), false)
#6 /home/hikarimo/public_html/index.php(37): CodeIgniter\CodeIgniter->run()
#7 {main}
CRITICAL - 2025-12-02 19:49:57 --> mysqli_connect(): (HY000/1045): Access denied for user 'hikarimo_bantiopp'@'localhost' (using password: YES)
#0 [internal function]: CodeIgniter\Debug\Exceptions->errorHandler(2, 'mysqli_connect(...', '/home/hikarimo/...', 8, Array)
#1 /home/hikarimo/public_html/conn.php(8): mysqli_connect('localhost', 'hikarimo_bantio...', 'hikarimo_bantio...', 'hikarimo_bantio...')
#2 /home/hikarimo/public_html/app/Controllers/Connect.php(13): include('/home/hikarimo/...')
#3 /home/hikarimo/public_html/vendor/codeigniter4/framework/system/CodeIgniter.php(801): App\Controllers\Connect->__construct()
#4 /home/hikarimo/public_html/vendor/codeigniter4/framework/system/CodeIgniter.php(401): CodeIgniter\CodeIgniter->createController()
#5 /home/hikarimo/public_html/vendor/codeigniter4/framework/system/CodeIgniter.php(318): CodeIgniter\CodeIgniter->handleRequest(NULL, Object(Config\Cache), false)
#6 /home/hikarimo/public_html/index.php(37): CodeIgniter\CodeIgniter->run()
#7 {main}
CRITICAL - 2025-12-02 19:50:02 --> mysqli_connect(): (HY000/1045): Access denied for user 'hikarimo_bantiopp'@'localhost' (using password: YES)
#0 [internal function]: CodeIgniter\Debug\Exceptions->errorHandler(2, 'mysqli_connect(...', '/home/hikarimo/...', 8, Array)
#1 /home/hikarimo/public_html/conn.php(8): mysqli_connect('localhost', 'hikarimo_bantio...', 'hikarimo_bantio...', 'hikarimo_bantio...')
#2 /home/hikarimo/public_html/app/Controllers/Connect.php(13): include('/home/hikarimo/...')
#3 /home/hikarimo/public_html/vendor/codeigniter4/framework/system/CodeIgniter.php(801): App\Controllers\Connect->__construct()
#4 /home/hikarimo/public_html/vendor/codeigniter4/framework/system/CodeIgniter.php(401): CodeIgniter\CodeIgniter->createController()
#5 /home/hikarimo/public_html/vendor/codeigniter4/framework/system/CodeIgniter.php(318): CodeIgniter\CodeIgniter->handleRequest(NULL, Object(Config\Cache), false)
#6 /home/hikarimo/public_html/index.php(37): CodeIgniter\CodeIgniter->run()
#7 {main}
CRITICAL - 2025-12-02 19:50:04 --> mysqli_connect(): (HY000/1045): Access denied for user 'hikarimo_bantiopp'@'localhost' (using password: YES)
#0 [internal function]: CodeIgniter\Debug\Exceptions->errorHandler(2, 'mysqli_connect(...', '/home/hikarimo/...', 8, Array)
#1 /home/hikarimo/public_html/conn.php(8): mysqli_connect('localhost', 'hikarimo_bantio...', 'hikarimo_bantio...', 'hikarimo_bantio...')
#2 /home/hikarimo/public_html/app/Controllers/Connect.php(13): include('/home/hikarimo/...')
#3 /home/hikarimo/public_html/vendor/codeigniter4/framework/system/CodeIgniter.php(801): App\Controllers\Connect->__construct()
#4 /home/hikarimo/public_html/vendor/codeigniter4/framework/system/CodeIgniter.php(401): CodeIgniter\CodeIgniter->createController()
#5 /home/hikarimo/public_html/vendor/codeigniter4/framework/system/CodeIgniter.php(318): CodeIgniter\CodeIgniter->handleRequest(NULL, Object(Config\Cache), false)
#6 /home/hikarimo/public_html/index.php(37): CodeIgniter\CodeIgniter->run()
#7 {main}
CRITICAL - 2025-12-02 19:50:06 --> mysqli_connect(): (HY000/1045): Access denied for user 'hikarimo_bantiopp'@'localhost' (using password: YES)
#0 [internal function]: CodeIgniter\Debug\Exceptions->errorHandler(2, 'mysqli_connect(...', '/home/hikarimo/...', 8, Array)
#1 /home/hikarimo/public_html/conn.php(8): mysqli_connect('localhost', 'hikarimo_bantio...', 'hikarimo_bantio...', 'hikarimo_bantio...')
#2 /home/hikarimo/public_html/app/Controllers/Connect.php(13): include('/home/hikarimo/...')
#3 /home/hikarimo/public_html/vendor/codeigniter4/framework/system/CodeIgniter.php(801): App\Controllers\Connect->__construct()
#4 /home/hikarimo/public_html/vendor/codeigniter4/framework/system/CodeIgniter.php(401): CodeIgniter\CodeIgniter->createController()
#5 /home/hikarimo/public_html/vendor/codeigniter4/framework/system/CodeIgniter.php(318): CodeIgniter\CodeIgniter->handleRequest(NULL, Object(Config\Cache), false)
#6 /home/hikarimo/public_html/index.php(37): CodeIgniter\CodeIgniter->run()
#7 {main}
CRITICAL - 2025-12-02 19:50:07 --> mysqli_connect(): (HY000/1045): Access denied for user 'hikarimo_bantiopp'@'localhost' (using password: YES)
#0 [internal function]: CodeIgniter\Debug\Exceptions->errorHandler(2, 'mysqli_connect(...', '/home/hikarimo/...', 8, Array)
#1 /home/hikarimo/public_html/conn.php(8): mysqli_connect('localhost', 'hikarimo_bantio...', 'hikarimo_bantio...', 'hikarimo_bantio...')
#2 /home/hikarimo/public_html/app/Controllers/Connect.php(13): include('/home/hikarimo/...')
#3 /home/hikarimo/public_html/vendor/codeigniter4/framework/system/CodeIgniter.php(801): App\Controllers\Connect->__construct()
#4 /home/hikarimo/public_html/vendor/codeigniter4/framework/system/CodeIgniter.php(401): CodeIgniter\CodeIgniter->createController()
#5 /home/hikarimo/public_html/vendor/codeigniter4/framework/system/CodeIgniter.php(318): CodeIgniter\CodeIgniter->handleRequest(NULL, Object(Config\Cache), false)
#6 /home/hikarimo/public_html/index.php(37): CodeIgniter\CodeIgniter->run()
#7 {main}
CRITICAL - 2025-12-02 19:50:10 --> mysqli_connect(): (HY000/1045): Access denied for user 'hikarimo_bantiopp'@'localhost' (using password: YES)
#0 [internal function]: CodeIgniter\Debug\Exceptions->errorHandler(2, 'mysqli_connect(...', '/home/hikarimo/...', 8, Array)
#1 /home/hikarimo/public_html/conn.php(8): mysqli_connect('localhost', 'hikarimo_bantio...', 'hikarimo_bantio...', 'hikarimo_bantio...')
#2 /home/hikarimo/public_html/app/Controllers/Connect.php(13): include('/home/hikarimo/...')
#3 /home/hikarimo/public_html/vendor/codeigniter4/framework/system/CodeIgniter.php(801): App\Controllers\Connect->__construct()
#4 /home/hikarimo/public_html/vendor/codeigniter4/framework/system/CodeIgniter.php(401): CodeIgniter\CodeIgniter->createController()
#5 /home/hikarimo/public_html/vendor/codeigniter4/framework/system/CodeIgniter.php(318): CodeIgniter\CodeIgniter->handleRequest(NULL, Object(Config\Cache), false)
#6 /home/hikarimo/public_html/index.php(37): CodeIgniter\CodeIgniter->run()
#7 {main}
CRITICAL - 2025-12-02 19:50:11 --> mysqli_connect(): (HY000/1045): Access denied for user 'hikarimo_bantiopp'@'localhost' (using password: YES)
#0 [internal function]: CodeIgniter\Debug\Exceptions->errorHandler(2, 'mysqli_connect(...', '/home/hikarimo/...', 8, Array)
#1 /home/hikarimo/public_html/conn.php(8): mysqli_connect('localhost', 'hikarimo_bantio...', 'hikarimo_bantio...', 'hikarimo_bantio...')
#2 /home/hikarimo/public_html/app/Controllers/Connect.php(13): include('/home/hikarimo/...')
#3 /home/hikarimo/public_html/vendor/codeigniter4/framework/system/CodeIgniter.php(801): App\Controllers\Connect->__construct()
#4 /home/hikarimo/public_html/vendor/codeigniter4/framework/system/CodeIgniter.php(401): CodeIgniter\CodeIgniter->createController()
#5 /home/hikarimo/public_html/vendor/codeigniter4/framework/system/CodeIgniter.php(318): CodeIgniter\CodeIgniter->handleRequest(NULL, Object(Config\Cache), false)
#6 /home/hikarimo/public_html/index.php(37): CodeIgniter\CodeIgniter->run()
#7 {main}
CRITICAL - 2025-12-02 19:50:12 --> mysqli_connect(): (HY000/1045): Access denied for user 'hikarimo_bantiopp'@'localhost' (using password: YES)
#0 [internal function]: CodeIgniter\Debug\Exceptions->errorHandler(2, 'mysqli_connect(...', '/home/hikarimo/...', 8, Array)
#1 /home/hikarimo/public_html/conn.php(8): mysqli_connect('localhost', 'hikarimo_bantio...', 'hikarimo_bantio...', 'hikarimo_bantio...')
#2 /home/hikarimo/public_html/app/Controllers/Connect.php(13): include('/home/hikarimo/...')
#3 /home/hikarimo/public_html/vendor/codeigniter4/framework/system/CodeIgniter.php(801): App\Controllers\Connect->__construct()
#4 /home/hikarimo/public_html/vendor/codeigniter4/framework/system/CodeIgniter.php(401): CodeIgniter\CodeIgniter->createController()
#5 /home/hikarimo/public_html/vendor/codeigniter4/framework/system/CodeIgniter.php(318): CodeIgniter\CodeIgniter->handleRequest(NULL, Object(Config\Cache), false)
#6 /home/hikarimo/public_html/index.php(37): CodeIgniter\CodeIgniter->run()
#7 {main}
CRITICAL - 2025-12-02 19:50:14 --> mysqli_connect(): (HY000/1045): Access denied for user 'hikarimo_bantiopp'@'localhost' (using password: YES)
#0 [internal function]: CodeIgniter\Debug\Exceptions->errorHandler(2, 'mysqli_connect(...', '/home/hikarimo/...', 8, Array)
#1 /home/hikarimo/public_html/conn.php(8): mysqli_connect('localhost', 'hikarimo_bantio...', 'hikarimo_bantio...', 'hikarimo_bantio...')
#2 /home/hikarimo/public_html/app/Controllers/Connect.php(13): include('/home/hikarimo/...')
#3 /home/hikarimo/public_html/vendor/codeigniter4/framework/system/CodeIgniter.php(801): App\Controllers\Connect->__construct()
#4 /home/hikarimo/public_html/vendor/codeigniter4/framework/system/CodeIgniter.php(401): CodeIgniter\CodeIgniter->createController()
#5 /home/hikarimo/public_html/vendor/codeigniter4/framework/system/CodeIgniter.php(318): CodeIgniter\CodeIgniter->handleRequest(NULL, Object(Config\Cache), false)
#6 /home/hikarimo/public_html/index.php(37): CodeIgniter\CodeIgniter->run()
#7 {main}
CRITICAL - 2025-12-02 19:50:15 --> mysqli_connect(): (HY000/1045): Access denied for user 'hikarimo_bantiopp'@'localhost' (using password: YES)
#0 [internal function]: CodeIgniter\Debug\Exceptions->errorHandler(2, 'mysqli_connect(...', '/home/hikarimo/...', 8, Array)
#1 /home/hikarimo/public_html/conn.php(8): mysqli_connect('localhost', 'hikarimo_bantio...', 'hikarimo_bantio...', 'hikarimo_bantio...')
#2 /home/hikarimo/public_html/app/Controllers/Connect.php(13): include('/home/hikarimo/...')
#3 /home/hikarimo/public_html/vendor/codeigniter4/framework/system/CodeIgniter.php(801): App\Controllers\Connect->__construct()
#4 /home/hikarimo/public_html/vendor/codeigniter4/framework/system/CodeIgniter.php(401): CodeIgniter\CodeIgniter->createController()
#5 /home/hikarimo/public_html/vendor/codeigniter4/framework/system/CodeIgniter.php(318): CodeIgniter\CodeIgniter->handleRequest(NULL, Object(Config\Cache), false)
#6 /home/hikarimo/public_html/index.php(37): CodeIgniter\CodeIgniter->run()
#7 {main}
CRITICAL - 2025-12-02 19:50:15 --> mysqli_connect(): (HY000/1045): Access denied for user 'hikarimo_bantiopp'@'localhost' (using password: YES)
#0 [internal function]: CodeIgniter\Debug\Exceptions->errorHandler(2, 'mysqli_connect(...', '/home/hikarimo/...', 8, Array)
#1 /home/hikarimo/public_html/conn.php(8): mysqli_connect('localhost', 'hikarimo_bantio...', 'hikarimo_bantio...', 'hikarimo_bantio...')
#2 /home/hikarimo/public_html/app/Controllers/Connect.php(13): include('/home/hikarimo/...')
#3 /home/hikarimo/public_html/vendor/codeigniter4/framework/system/CodeIgniter.php(801): App\Controllers\Connect->__construct()
#4 /home/hikarimo/public_html/vendor/codeigniter4/framework/system/CodeIgniter.php(401): CodeIgniter\CodeIgniter->createController()
#5 /home/hikarimo/public_html/vendor/codeigniter4/framework/system/CodeIgniter.php(318): CodeIgniter\CodeIgniter->handleRequest(NULL, Object(Config\Cache), false)
#6 /home/hikarimo/public_html/index.php(37): CodeIgniter\CodeIgniter->run()
#7 {main}
CRITICAL - 2025-12-02 19:50:16 --> mysqli_connect(): (HY000/1045): Access denied for user 'hikarimo_bantiopp'@'localhost' (using password: YES)
#0 [internal function]: CodeIgniter\Debug\Exceptions->errorHandler(2, 'mysqli_connect(...', '/home/hikarimo/...', 8, Array)
#1 /home/hikarimo/public_html/conn.php(8): mysqli_connect('localhost', 'hikarimo_bantio...', 'hikarimo_bantio...', 'hikarimo_bantio...')
#2 /home/hikarimo/public_html/app/Controllers/Connect.php(13): include('/home/hikarimo/...')
#3 /home/hikarimo/public_html/vendor/codeigniter4/framework/system/CodeIgniter.php(801): App\Controllers\Connect->__construct()
#4 /home/hikarimo/public_html/vendor/codeigniter4/framework/system/CodeIgniter.php(401): CodeIgniter\CodeIgniter->createController()
#5 /home/hikarimo/public_html/vendor/codeigniter4/framework/system/CodeIgniter.php(318): CodeIgniter\CodeIgniter->handleRequest(NULL, Object(Config\Cache), false)
#6 /home/hikarimo/public_html/index.php(37): CodeIgniter\CodeIgniter->run()
#7 {main}
CRITICAL - 2025-12-02 19:50:16 --> mysqli_connect(): (HY000/1045): Access denied for user 'hikarimo_bantiopp'@'localhost' (using password: YES)
#0 [internal function]: CodeIgniter\Debug\Exceptions->errorHandler(2, 'mysqli_connect(...', '/home/hikarimo/...', 8, Array)
#1 /home/hikarimo/public_html/conn.php(8): mysqli_connect('localhost', 'hikarimo_bantio...', 'hikarimo_bantio...', 'hikarimo_bantio...')
#2 /home/hikarimo/public_html/app/Controllers/Connect.php(13): include('/home/hikarimo/...')
#3 /home/hikarimo/public_html/vendor/codeigniter4/framework/system/CodeIgniter.php(801): App\Controllers\Connect->__construct()
#4 /home/hikarimo/public_html/vendor/codeigniter4/framework/system/CodeIgniter.php(401): CodeIgniter\CodeIgniter->createController()
#5 /home/hikarimo/public_html/vendor/codeigniter4/framework/system/CodeIgniter.php(318): CodeIgniter\CodeIgniter->handleRequest(NULL, Object(Config\Cache), false)
#6 /home/hikarimo/public_html/index.php(37): CodeIgniter\CodeIgniter->run()
#7 {main}
CRITICAL - 2025-12-02 19:50:17 --> mysqli_connect(): (HY000/1045): Access denied for user 'hikarimo_bantiopp'@'localhost' (using password: YES)
#0 [internal function]: CodeIgniter\Debug\Exceptions->errorHandler(2, 'mysqli_connect(...', '/home/hikarimo/...', 8, Array)
#1 /home/hikarimo/public_html/conn.php(8): mysqli_connect('localhost', 'hikarimo_bantio...', 'hikarimo_bantio...', 'hikarimo_bantio...')
#2 /home/hikarimo/public_html/app/Controllers/Connect.php(13): include('/home/hikarimo/...')
#3 /home/hikarimo/public_html/vendor/codeigniter4/framework/system/CodeIgniter.php(801): App\Controllers\Connect->__construct()
#4 /home/hikarimo/public_html/vendor/codeigniter4/framework/system/CodeIgniter.php(401): CodeIgniter\CodeIgniter->createController()
#5 /home/hikarimo/public_html/vendor/codeigniter4/framework/system/CodeIgniter.php(318): CodeIgniter\CodeIgniter->handleRequest(NULL, Object(Config\Cache), false)
#6 /home/hikarimo/public_html/index.php(37): CodeIgniter\CodeIgniter->run()
#7 {main}
CRITICAL - 2025-12-02 19:50:18 --> mysqli_connect(): (HY000/1045): Access denied for user 'hikarimo_bantiopp'@'localhost' (using password: YES)
#0 [internal function]: CodeIgniter\Debug\Exceptions->errorHandler(2, 'mysqli_connect(...', '/home/hikarimo/...', 8, Array)
#1 /home/hikarimo/public_html/conn.php(8): mysqli_connect('localhost', 'hikarimo_bantio...', 'hikarimo_bantio...', 'hikarimo_bantio...')
#2 /home/hikarimo/public_html/app/Controllers/Connect.php(13): include('/home/hikarimo/...')
#3 /home/hikarimo/public_html/vendor/codeigniter4/framework/system/CodeIgniter.php(801): App\Controllers\Connect->__construct()
#4 /home/hikarimo/public_html/vendor/codeigniter4/framework/system/CodeIgniter.php(401): CodeIgniter\CodeIgniter->createController()
#5 /home/hikarimo/public_html/vendor/codeigniter4/framework/system/CodeIgniter.php(318): CodeIgniter\CodeIgniter->handleRequest(NULL, Object(Config\Cache), false)
#6 /home/hikarimo/public_html/index.php(37): CodeIgniter\CodeIgniter->run()
#7 {main}
CRITICAL - 2025-12-02 19:50:18 --> mysqli_connect(): (HY000/1045): Access denied for user 'hikarimo_bantiopp'@'localhost' (using password: YES)
#0 [internal function]: CodeIgniter\Debug\Exceptions->errorHandler(2, 'mysqli_connect(...', '/home/hikarimo/...', 8, Array)
#1 /home/hikarimo/public_html/conn.php(8): mysqli_connect('localhost', 'hikarimo_bantio...', 'hikarimo_bantio...', 'hikarimo_bantio...')
#2 /home/hikarimo/public_html/app/Controllers/Connect.php(13): include('/home/hikarimo/...')
#3 /home/hikarimo/public_html/vendor/codeigniter4/framework/system/CodeIgniter.php(801): App\Controllers\Connect->__construct()
#4 /home/hikarimo/public_html/vendor/codeigniter4/framework/system/CodeIgniter.php(401): CodeIgniter\CodeIgniter->createController()
#5 /home/hikarimo/public_html/vendor/codeigniter4/framework/system/CodeIgniter.php(318): CodeIgniter\CodeIgniter->handleRequest(NULL, Object(Config\Cache), false)
#6 /home/hikarimo/public_html/index.php(37): CodeIgniter\CodeIgniter->run()
#7 {main}
CRITICAL - 2025-12-02 19:50:18 --> mysqli_connect(): (HY000/1045): Access denied for user 'hikarimo_bantiopp'@'localhost' (using password: YES)
#0 [internal function]: CodeIgniter\Debug\Exceptions->errorHandler(2, 'mysqli_connect(...', '/home/hikarimo/...', 8, Array)
#1 /home/hikarimo/public_html/conn.php(8): mysqli_connect('localhost', 'hikarimo_bantio...', 'hikarimo_bantio...', 'hikarimo_bantio...')
#2 /home/hikarimo/public_html/app/Controllers/Connect.php(13): include('/home/hikarimo/...')
#3 /home/hikarimo/public_html/vendor/codeigniter4/framework/system/CodeIgniter.php(801): App\Controllers\Connect->__construct()
#4 /home/hikarimo/public_html/vendor/codeigniter4/framework/system/CodeIgniter.php(401): CodeIgniter\CodeIgniter->createController()
#5 /home/hikarimo/public_html/vendor/codeigniter4/framework/system/CodeIgniter.php(318): CodeIgniter\CodeIgniter->handleRequest(NULL, Object(Config\Cache), false)
#6 /home/hikarimo/public_html/index.php(37): CodeIgniter\CodeIgniter->run()
#7 {main}
CRITICAL - 2025-12-02 19:50:19 --> mysqli_connect(): (HY000/1045): Access denied for user 'hikarimo_bantiopp'@'localhost' (using password: YES)
#0 [internal function]: CodeIgniter\Debug\Exceptions->errorHandler(2, 'mysqli_connect(...', '/home/hikarimo/...', 8, Array)
#1 /home/hikarimo/public_html/conn.php(8): mysqli_connect('localhost', 'hikarimo_bantio...', 'hikarimo_bantio...', 'hikarimo_bantio...')
#2 /home/hikarimo/public_html/app/Controllers/Connect.php(13): include('/home/hikarimo/...')
#3 /home/hikarimo/public_html/vendor/codeigniter4/framework/system/CodeIgniter.php(801): App\Controllers\Connect->__construct()
#4 /home/hikarimo/public_html/vendor/codeigniter4/framework/system/CodeIgniter.php(401): CodeIgniter\CodeIgniter->createController()
#5 /home/hikarimo/public_html/vendor/codeigniter4/framework/system/CodeIgniter.php(318): CodeIgniter\CodeIgniter->handleRequest(NULL, Object(Config\Cache), false)
#6 /home/hikarimo/public_html/index.php(37): CodeIgniter\CodeIgniter->run()
#7 {main}
CRITICAL - 2025-12-02 19:50:19 --> mysqli_connect(): (HY000/1045): Access denied for user 'hikarimo_bantiopp'@'localhost' (using password: YES)
#0 [internal function]: CodeIgniter\Debug\Exceptions->errorHandler(2, 'mysqli_connect(...', '/home/hikarimo/...', 8, Array)
#1 /home/hikarimo/public_html/conn.php(8): mysqli_connect('localhost', 'hikarimo_bantio...', 'hikarimo_bantio...', 'hikarimo_bantio...')
#2 /home/hikarimo/public_html/app/Controllers/Connect.php(13): include('/home/hikarimo/...')
#3 /home/hikarimo/public_html/vendor/codeigniter4/framework/system/CodeIgniter.php(801): App\Controllers\Connect->__construct()
#4 /home/hikarimo/public_html/vendor/codeigniter4/framework/system/CodeIgniter.php(401): CodeIgniter\CodeIgniter->createController()
#5 /home/hikarimo/public_html/vendor/codeigniter4/framework/system/CodeIgniter.php(318): CodeIgniter\CodeIgniter->handleRequest(NULL, Object(Config\Cache), false)
#6 /home/hikarimo/public_html/index.php(37): CodeIgniter\CodeIgniter->run()
#7 {main}
CRITICAL - 2025-12-02 19:50:20 --> mysqli_connect(): (HY000/1045): Access denied for user 'hikarimo_bantiopp'@'localhost' (using password: YES)
#0 [internal function]: CodeIgniter\Debug\Exceptions->errorHandler(2, 'mysqli_connect(...', '/home/hikarimo/...', 8, Array)
#1 /home/hikarimo/public_html/conn.php(8): mysqli_connect('localhost', 'hikarimo_bantio...', 'hikarimo_bantio...', 'hikarimo_bantio...')
#2 /home/hikarimo/public_html/app/Controllers/Connect.php(13): include('/home/hikarimo/...')
#3 /home/hikarimo/public_html/vendor/codeigniter4/framework/system/CodeIgniter.php(801): App\Controllers\Connect->__construct()
#4 /home/hikarimo/public_html/vendor/codeigniter4/framework/system/CodeIgniter.php(401): CodeIgniter\CodeIgniter->createController()
#5 /home/hikarimo/public_html/vendor/codeigniter4/framework/system/CodeIgniter.php(318): CodeIgniter\CodeIgniter->handleRequest(NULL, Object(Config\Cache), false)
#6 /home/hikarimo/public_html/index.php(37): CodeIgniter\CodeIgniter->run()
#7 {main}
CRITICAL - 2025-12-02 19:50:21 --> mysqli_connect(): (HY000/1045): Access denied for user 'hikarimo_bantiopp'@'localhost' (using password: YES)
#0 [internal function]: CodeIgniter\Debug\Exceptions->errorHandler(2, 'mysqli_connect(...', '/home/hikarimo/...', 8, Array)
#1 /home/hikarimo/public_html/conn.php(8): mysqli_connect('localhost', 'hikarimo_bantio...', 'hikarimo_bantio...', 'hikarimo_bantio...')
#2 /home/hikarimo/public_html/app/Controllers/Connect.php(13): include('/home/hikarimo/...')
#3 /home/hikarimo/public_html/vendor/codeigniter4/framework/system/CodeIgniter.php(801): App\Controllers\Connect->__construct()
#4 /home/hikarimo/public_html/vendor/codeigniter4/framework/system/CodeIgniter.php(401): CodeIgniter\CodeIgniter->createController()
#5 /home/hikarimo/public_html/vendor/codeigniter4/framework/system/CodeIgniter.php(318): CodeIgniter\CodeIgniter->handleRequest(NULL, Object(Config\Cache), false)
#6 /home/hikarimo/public_html/index.php(37): CodeIgniter\CodeIgniter->run()
#7 {main}
CRITICAL - 2025-12-02 19:50:22 --> mysqli_connect(): (HY000/1045): Access denied for user 'hikarimo_bantiopp'@'localhost' (using password: YES)
#0 [internal function]: CodeIgniter\Debug\Exceptions->errorHandler(2, 'mysqli_connect(...', '/home/hikarimo/...', 8, Array)
#1 /home/hikarimo/public_html/conn.php(8): mysqli_connect('localhost', 'hikarimo_bantio...', 'hikarimo_bantio...', 'hikarimo_bantio...')
#2 /home/hikarimo/public_html/app/Controllers/Connect.php(13): include('/home/hikarimo/...')
#3 /home/hikarimo/public_html/vendor/codeigniter4/framework/system/CodeIgniter.php(801): App\Controllers\Connect->__construct()
#4 /home/hikarimo/public_html/vendor/codeigniter4/framework/system/CodeIgniter.php(401): CodeIgniter\CodeIgniter->createController()
#5 /home/hikarimo/public_html/vendor/codeigniter4/framework/system/CodeIgniter.php(318): CodeIgniter\CodeIgniter->handleRequest(NULL, Object(Config\Cache), false)
#6 /home/hikarimo/public_html/index.php(37): CodeIgniter\CodeIgniter->run()
#7 {main}
CRITICAL - 2025-12-02 19:50:26 --> mysqli_connect(): (HY000/1045): Access denied for user 'hikarimo_bantiopp'@'localhost' (using password: YES)
#0 [internal function]: CodeIgniter\Debug\Exceptions->errorHandler(2, 'mysqli_connect(...', '/home/hikarimo/...', 8, Array)
#1 /home/hikarimo/public_html/conn.php(8): mysqli_connect('localhost', 'hikarimo_bantio...', 'hikarimo_bantio...', 'hikarimo_bantio...')
#2 /home/hikarimo/public_html/app/Controllers/Connect.php(13): include('/home/hikarimo/...')
#3 /home/hikarimo/public_html/vendor/codeigniter4/framework/system/CodeIgniter.php(801): App\Controllers\Connect->__construct()
#4 /home/hikarimo/public_html/vendor/codeigniter4/framework/system/CodeIgniter.php(401): CodeIgniter\CodeIgniter->createController()
#5 /home/hikarimo/public_html/vendor/codeigniter4/framework/system/CodeIgniter.php(318): CodeIgniter\CodeIgniter->handleRequest(NULL, Object(Config\Cache), false)
#6 /home/hikarimo/public_html/index.php(37): CodeIgniter\CodeIgniter->run()
#7 {main}
CRITICAL - 2025-12-02 19:50:26 --> mysqli_connect(): (HY000/1045): Access denied for user 'hikarimo_bantiopp'@'localhost' (using password: YES)
#0 [internal function]: CodeIgniter\Debug\Exceptions->errorHandler(2, 'mysqli_connect(...', '/home/hikarimo/...', 8, Array)
#1 /home/hikarimo/public_html/conn.php(8): mysqli_connect('localhost', 'hikarimo_bantio...', 'hikarimo_bantio...', 'hikarimo_bantio...')
#2 /home/hikarimo/public_html/app/Controllers/Connect.php(13): include('/home/hikarimo/...')
#3 /home/hikarimo/public_html/vendor/codeigniter4/framework/system/CodeIgniter.php(801): App\Controllers\Connect->__construct()
#4 /home/hikarimo/public_html/vendor/codeigniter4/framework/system/CodeIgniter.php(401): CodeIgniter\CodeIgniter->createController()
#5 /home/hikarimo/public_html/vendor/codeigniter4/framework/system/CodeIgniter.php(318): CodeIgniter\CodeIgniter->handleRequest(NULL, Object(Config\Cache), false)
#6 /home/hikarimo/public_html/index.php(37): CodeIgniter\CodeIgniter->run()
#7 {main}
CRITICAL - 2025-12-02 19:50:29 --> mysqli_connect(): (HY000/1045): Access denied for user 'hikarimo_bantiopp'@'localhost' (using password: YES)
#0 [internal function]: CodeIgniter\Debug\Exceptions->errorHandler(2, 'mysqli_connect(...', '/home/hikarimo/...', 8, Array)
#1 /home/hikarimo/public_html/conn.php(8): mysqli_connect('localhost', 'hikarimo_bantio...', 'hikarimo_bantio...', 'hikarimo_bantio...')
#2 /home/hikarimo/public_html/app/Controllers/Connect.php(13): include('/home/hikarimo/...')
#3 /home/hikarimo/public_html/vendor/codeigniter4/framework/system/CodeIgniter.php(801): App\Controllers\Connect->__construct()
#4 /home/hikarimo/public_html/vendor/codeigniter4/framework/system/CodeIgniter.php(401): CodeIgniter\CodeIgniter->createController()
#5 /home/hikarimo/public_html/vendor/codeigniter4/framework/system/CodeIgniter.php(318): CodeIgniter\CodeIgniter->handleRequest(NULL, Object(Config\Cache), false)
#6 /home/hikarimo/public_html/index.php(37): CodeIgniter\CodeIgniter->run()
#7 {main}
CRITICAL - 2025-12-02 19:50:30 --> mysqli_connect(): (HY000/1045): Access denied for user 'hikarimo_bantiopp'@'localhost' (using password: YES)
#0 [internal function]: CodeIgniter\Debug\Exceptions->errorHandler(2, 'mysqli_connect(...', '/home/hikarimo/...', 8, Array)
#1 /home/hikarimo/public_html/conn.php(8): mysqli_connect('localhost', 'hikarimo_bantio...', 'hikarimo_bantio...', 'hikarimo_bantio...')
#2 /home/hikarimo/public_html/app/Controllers/Connect.php(13): include('/home/hikarimo/...')
#3 /home/hikarimo/public_html/vendor/codeigniter4/framework/system/CodeIgniter.php(801): App\Controllers\Connect->__construct()
#4 /home/hikarimo/public_html/vendor/codeigniter4/framework/system/CodeIgniter.php(401): CodeIgniter\CodeIgniter->createController()
#5 /home/hikarimo/public_html/vendor/codeigniter4/framework/system/CodeIgniter.php(318): CodeIgniter\CodeIgniter->handleRequest(NULL, Object(Config\Cache), false)
#6 /home/hikarimo/public_html/index.php(37): CodeIgniter\CodeIgniter->run()
#7 {main}
CRITICAL - 2025-12-02 19:50:32 --> mysqli_connect(): (HY000/1045): Access denied for user 'hikarimo_bantiopp'@'localhost' (using password: YES)
#0 [internal function]: CodeIgniter\Debug\Exceptions->errorHandler(2, 'mysqli_connect(...', '/home/hikarimo/...', 8, Array)
#1 /home/hikarimo/public_html/conn.php(8): mysqli_connect('localhost', 'hikarimo_bantio...', 'hikarimo_bantio...', 'hikarimo_bantio...')
#2 /home/hikarimo/public_html/app/Controllers/Connect.php(13): include('/home/hikarimo/...')
#3 /home/hikarimo/public_html/vendor/codeigniter4/framework/system/CodeIgniter.php(801): App\Controllers\Connect->__construct()
#4 /home/hikarimo/public_html/vendor/codeigniter4/framework/system/CodeIgniter.php(401): CodeIgniter\CodeIgniter->createController()
#5 /home/hikarimo/public_html/vendor/codeigniter4/framework/system/CodeIgniter.php(318): CodeIgniter\CodeIgniter->handleRequest(NULL, Object(Config\Cache), false)
#6 /home/hikarimo/public_html/index.php(37): CodeIgniter\CodeIgniter->run()
#7 {main}
CRITICAL - 2025-12-02 19:50:58 --> mysqli_connect(): (HY000/1045): Access denied for user 'hikarimo_bantiopp'@'localhost' (using password: YES)
#0 [internal function]: CodeIgniter\Debug\Exceptions->errorHandler(2, 'mysqli_connect(...', '/home/hikarimo/...', 8, Array)
#1 /home/hikarimo/public_html/conn.php(8): mysqli_connect('localhost', 'hikarimo_bantio...', 'hikarimo_bantio...', 'hikarimo_bantio...')
#2 /home/hikarimo/public_html/app/Controllers/Connect.php(13): include('/home/hikarimo/...')
#3 /home/hikarimo/public_html/vendor/codeigniter4/framework/system/CodeIgniter.php(801): App\Controllers\Connect->__construct()
#4 /home/hikarimo/public_html/vendor/codeigniter4/framework/system/CodeIgniter.php(401): CodeIgniter\CodeIgniter->createController()
#5 /home/hikarimo/public_html/vendor/codeigniter4/framework/system/CodeIgniter.php(318): CodeIgniter\CodeIgniter->handleRequest(NULL, Object(Config\Cache), false)
#6 /home/hikarimo/public_html/index.php(37): CodeIgniter\CodeIgniter->run()
#7 {main}
CRITICAL - 2025-12-02 19:51:01 --> mysqli_connect(): (HY000/1045): Access denied for user 'hikarimo_bantiopp'@'localhost' (using password: YES)
#0 [internal function]: CodeIgniter\Debug\Exceptions->errorHandler(2, 'mysqli_connect(...', '/home/hikarimo/...', 8, Array)
#1 /home/hikarimo/public_html/conn.php(8): mysqli_connect('localhost', 'hikarimo_bantio...', 'hikarimo_bantio...', 'hikarimo_bantio...')
#2 /home/hikarimo/public_html/app/Controllers/Connect.php(13): include('/home/hikarimo/...')
#3 /home/hikarimo/public_html/vendor/codeigniter4/framework/system/CodeIgniter.php(801): App\Controllers\Connect->__construct()
#4 /home/hikarimo/public_html/vendor/codeigniter4/framework/system/CodeIgniter.php(401): CodeIgniter\CodeIgniter->createController()
#5 /home/hikarimo/public_html/vendor/codeigniter4/framework/system/CodeIgniter.php(318): CodeIgniter\CodeIgniter->handleRequest(NULL, Object(Config\Cache), false)
#6 /home/hikarimo/public_html/index.php(37): CodeIgniter\CodeIgniter->run()
#7 {main}
CRITICAL - 2025-12-02 19:51:04 --> mysqli_connect(): (HY000/1045): Access denied for user 'hikarimo_bantiopp'@'localhost' (using password: YES)
#0 [internal function]: CodeIgniter\Debug\Exceptions->errorHandler(2, 'mysqli_connect(...', '/home/hikarimo/...', 8, Array)
#1 /home/hikarimo/public_html/conn.php(8): mysqli_connect('localhost', 'hikarimo_bantio...', 'hikarimo_bantio...', 'hikarimo_bantio...')
#2 /home/hikarimo/public_html/app/Controllers/Connect.php(13): include('/home/hikarimo/...')
#3 /home/hikarimo/public_html/vendor/codeigniter4/framework/system/CodeIgniter.php(801): App\Controllers\Connect->__construct()
#4 /home/hikarimo/public_html/vendor/codeigniter4/framework/system/CodeIgniter.php(401): CodeIgniter\CodeIgniter->createController()
#5 /home/hikarimo/public_html/vendor/codeigniter4/framework/system/CodeIgniter.php(318): CodeIgniter\CodeIgniter->handleRequest(NULL, Object(Config\Cache), false)
#6 /home/hikarimo/public_html/index.php(37): CodeIgniter\CodeIgniter->run()
#7 {main}
CRITICAL - 2025-12-02 19:51:06 --> mysqli_connect(): (HY000/1045): Access denied for user 'hikarimo_bantiopp'@'localhost' (using password: YES)
#0 [internal function]: CodeIgniter\Debug\Exceptions->errorHandler(2, 'mysqli_connect(...', '/home/hikarimo/...', 8, Array)
#1 /home/hikarimo/public_html/conn.php(8): mysqli_connect('localhost', 'hikarimo_bantio...', 'hikarimo_bantio...', 'hikarimo_bantio...')
#2 /home/hikarimo/public_html/app/Controllers/Connect.php(13): include('/home/hikarimo/...')
#3 /home/hikarimo/public_html/vendor/codeigniter4/framework/system/CodeIgniter.php(801): App\Controllers\Connect->__construct()
#4 /home/hikarimo/public_html/vendor/codeigniter4/framework/system/CodeIgniter.php(401): CodeIgniter\CodeIgniter->createController()
#5 /home/hikarimo/public_html/vendor/codeigniter4/framework/system/CodeIgniter.php(318): CodeIgniter\CodeIgniter->handleRequest(NULL, Object(Config\Cache), false)
#6 /home/hikarimo/public_html/index.php(37): CodeIgniter\CodeIgniter->run()
#7 {main}
CRITICAL - 2025-12-02 19:51:09 --> mysqli_connect(): (HY000/1045): Access denied for user 'hikarimo_bantiopp'@'localhost' (using password: YES)
#0 [internal function]: CodeIgniter\Debug\Exceptions->errorHandler(2, 'mysqli_connect(...', '/home/hikarimo/...', 8, Array)
#1 /home/hikarimo/public_html/conn.php(8): mysqli_connect('localhost', 'hikarimo_bantio...', 'hikarimo_bantio...', 'hikarimo_bantio...')
#2 /home/hikarimo/public_html/app/Controllers/Connect.php(13): include('/home/hikarimo/...')
#3 /home/hikarimo/public_html/vendor/codeigniter4/framework/system/CodeIgniter.php(801): App\Controllers\Connect->__construct()
#4 /home/hikarimo/public_html/vendor/codeigniter4/framework/system/CodeIgniter.php(401): CodeIgniter\CodeIgniter->createController()
#5 /home/hikarimo/public_html/vendor/codeigniter4/framework/system/CodeIgniter.php(318): CodeIgniter\CodeIgniter->handleRequest(NULL, Object(Config\Cache), false)
#6 /home/hikarimo/public_html/index.php(37): CodeIgniter\CodeIgniter->run()
#7 {main}
CRITICAL - 2025-12-02 19:51:11 --> mysqli_connect(): (HY000/1045): Access denied for user 'hikarimo_bantiopp'@'localhost' (using password: YES)
#0 [internal function]: CodeIgniter\Debug\Exceptions->errorHandler(2, 'mysqli_connect(...', '/home/hikarimo/...', 8, Array)
#1 /home/hikarimo/public_html/conn.php(8): mysqli_connect('localhost', 'hikarimo_bantio...', 'hikarimo_bantio...', 'hikarimo_bantio...')
#2 /home/hikarimo/public_html/app/Controllers/Connect.php(13): include('/home/hikarimo/...')
#3 /home/hikarimo/public_html/vendor/codeigniter4/framework/system/CodeIgniter.php(801): App\Controllers\Connect->__construct()
#4 /home/hikarimo/public_html/vendor/codeigniter4/framework/system/CodeIgniter.php(401): CodeIgniter\CodeIgniter->createController()
#5 /home/hikarimo/public_html/vendor/codeigniter4/framework/system/CodeIgniter.php(318): CodeIgniter\CodeIgniter->handleRequest(NULL, Object(Config\Cache), false)
#6 /home/hikarimo/public_html/index.php(37): CodeIgniter\CodeIgniter->run()
#7 {main}
CRITICAL - 2025-12-02 19:51:12 --> mysqli_connect(): (HY000/1045): Access denied for user 'hikarimo_bantiopp'@'localhost' (using password: YES)
#0 [internal function]: CodeIgniter\Debug\Exceptions->errorHandler(2, 'mysqli_connect(...', '/home/hikarimo/...', 8, Array)
#1 /home/hikarimo/public_html/conn.php(8): mysqli_connect('localhost', 'hikarimo_bantio...', 'hikarimo_bantio...', 'hikarimo_bantio...')
#2 /home/hikarimo/public_html/app/Controllers/Connect.php(13): include('/home/hikarimo/...')
#3 /home/hikarimo/public_html/vendor/codeigniter4/framework/system/CodeIgniter.php(801): App\Controllers\Connect->__construct()
#4 /home/hikarimo/public_html/vendor/codeigniter4/framework/system/CodeIgniter.php(401): CodeIgniter\CodeIgniter->createController()
#5 /home/hikarimo/public_html/vendor/codeigniter4/framework/system/CodeIgniter.php(318): CodeIgniter\CodeIgniter->handleRequest(NULL, Object(Config\Cache), false)
#6 /home/hikarimo/public_html/index.php(37): CodeIgniter\CodeIgniter->run()
#7 {main}
CRITICAL - 2025-12-02 19:51:15 --> mysqli_connect(): (HY000/1045): Access denied for user 'hikarimo_bantiopp'@'localhost' (using password: YES)
#0 [internal function]: CodeIgniter\Debug\Exceptions->errorHandler(2, 'mysqli_connect(...', '/home/hikarimo/...', 8, Array)
#1 /home/hikarimo/public_html/conn.php(8): mysqli_connect('localhost', 'hikarimo_bantio...', 'hikarimo_bantio...', 'hikarimo_bantio...')
#2 /home/hikarimo/public_html/app/Controllers/Connect.php(13): include('/home/hikarimo/...')
#3 /home/hikarimo/public_html/vendor/codeigniter4/framework/system/CodeIgniter.php(801): App\Controllers\Connect->__construct()
#4 /home/hikarimo/public_html/vendor/codeigniter4/framework/system/CodeIgniter.php(401): CodeIgniter\CodeIgniter->createController()
#5 /home/hikarimo/public_html/vendor/codeigniter4/framework/system/CodeIgniter.php(318): CodeIgniter\CodeIgniter->handleRequest(NULL, Object(Config\Cache), false)
#6 /home/hikarimo/public_html/index.php(37): CodeIgniter\CodeIgniter->run()
#7 {main}
CRITICAL - 2025-12-02 19:51:17 --> mysqli_connect(): (HY000/1045): Access denied for user 'hikarimo_bantiopp'@'localhost' (using password: YES)
#0 [internal function]: CodeIgniter\Debug\Exceptions->errorHandler(2, 'mysqli_connect(...', '/home/hikarimo/...', 8, Array)
#1 /home/hikarimo/public_html/conn.php(8): mysqli_connect('localhost', 'hikarimo_bantio...', 'hikarimo_bantio...', 'hikarimo_bantio...')
#2 /home/hikarimo/public_html/app/Controllers/Connect.php(13): include('/home/hikarimo/...')
#3 /home/hikarimo/public_html/vendor/codeigniter4/framework/system/CodeIgniter.php(801): App\Controllers\Connect->__construct()
#4 /home/hikarimo/public_html/vendor/codeigniter4/framework/system/CodeIgniter.php(401): CodeIgniter\CodeIgniter->createController()
#5 /home/hikarimo/public_html/vendor/codeigniter4/framework/system/CodeIgniter.php(318): CodeIgniter\CodeIgniter->handleRequest(NULL, Object(Config\Cache), false)
#6 /home/hikarimo/public_html/index.php(37): CodeIgniter\CodeIgniter->run()
#7 {main}
CRITICAL - 2025-12-02 19:51:18 --> mysqli_connect(): (HY000/1045): Access denied for user 'hikarimo_bantiopp'@'localhost' (using password: YES)
#0 [internal function]: CodeIgniter\Debug\Exceptions->errorHandler(2, 'mysqli_connect(...', '/home/hikarimo/...', 8, Array)
#1 /home/hikarimo/public_html/conn.php(8): mysqli_connect('localhost', 'hikarimo_bantio...', 'hikarimo_bantio...', 'hikarimo_bantio...')
#2 /home/hikarimo/public_html/app/Controllers/Connect.php(13): include('/home/hikarimo/...')
#3 /home/hikarimo/public_html/vendor/codeigniter4/framework/system/CodeIgniter.php(801): App\Controllers\Connect->__construct()
#4 /home/hikarimo/public_html/vendor/codeigniter4/framework/system/CodeIgniter.php(401): CodeIgniter\CodeIgniter->createController()
#5 /home/hikarimo/public_html/vendor/codeigniter4/framework/system/CodeIgniter.php(318): CodeIgniter\CodeIgniter->handleRequest(NULL, Object(Config\Cache), false)
#6 /home/hikarimo/public_html/index.php(37): CodeIgniter\CodeIgniter->run()
#7 {main}
CRITICAL - 2025-12-02 19:51:20 --> mysqli_connect(): (HY000/1045): Access denied for user 'hikarimo_bantiopp'@'localhost' (using password: YES)
#0 [internal function]: CodeIgniter\Debug\Exceptions->errorHandler(2, 'mysqli_connect(...', '/home/hikarimo/...', 8, Array)
#1 /home/hikarimo/public_html/conn.php(8): mysqli_connect('localhost', 'hikarimo_bantio...', 'hikarimo_bantio...', 'hikarimo_bantio...')
#2 /home/hikarimo/public_html/app/Controllers/Connect.php(13): include('/home/hikarimo/...')
#3 /home/hikarimo/public_html/vendor/codeigniter4/framework/system/CodeIgniter.php(801): App\Controllers\Connect->__construct()
#4 /home/hikarimo/public_html/vendor/codeigniter4/framework/system/CodeIgniter.php(401): CodeIgniter\CodeIgniter->createController()
#5 /home/hikarimo/public_html/vendor/codeigniter4/framework/system/CodeIgniter.php(318): CodeIgniter\CodeIgniter->handleRequest(NULL, Object(Config\Cache), false)
#6 /home/hikarimo/public_html/index.php(37): CodeIgniter\CodeIgniter->run()
#7 {main}
CRITICAL - 2025-12-02 19:51:22 --> mysqli_connect(): (HY000/1045): Access denied for user 'hikarimo_bantiopp'@'localhost' (using password: YES)
#0 [internal function]: CodeIgniter\Debug\Exceptions->errorHandler(2, 'mysqli_connect(...', '/home/hikarimo/...', 8, Array)
#1 /home/hikarimo/public_html/conn.php(8): mysqli_connect('localhost', 'hikarimo_bantio...', 'hikarimo_bantio...', 'hikarimo_bantio...')
#2 /home/hikarimo/public_html/app/Controllers/Connect.php(13): include('/home/hikarimo/...')
#3 /home/hikarimo/public_html/vendor/codeigniter4/framework/system/CodeIgniter.php(801): App\Controllers\Connect->__construct()
#4 /home/hikarimo/public_html/vendor/codeigniter4/framework/system/CodeIgniter.php(401): CodeIgniter\CodeIgniter->createController()
#5 /home/hikarimo/public_html/vendor/codeigniter4/framework/system/CodeIgniter.php(318): CodeIgniter\CodeIgniter->handleRequest(NULL, Object(Config\Cache), false)
#6 /home/hikarimo/public_html/index.php(37): CodeIgniter\CodeIgniter->run()
#7 {main}
CRITICAL - 2025-12-02 19:51:23 --> mysqli_connect(): (HY000/1045): Access denied for user 'hikarimo_bantiopp'@'localhost' (using password: YES)
#0 [internal function]: CodeIgniter\Debug\Exceptions->errorHandler(2, 'mysqli_connect(...', '/home/hikarimo/...', 8, Array)
#1 /home/hikarimo/public_html/conn.php(8): mysqli_connect('localhost', 'hikarimo_bantio...', 'hikarimo_bantio...', 'hikarimo_bantio...')
#2 /home/hikarimo/public_html/app/Controllers/Connect.php(13): include('/home/hikarimo/...')
#3 /home/hikarimo/public_html/vendor/codeigniter4/framework/system/CodeIgniter.php(801): App\Controllers\Connect->__construct()
#4 /home/hikarimo/public_html/vendor/codeigniter4/framework/system/CodeIgniter.php(401): CodeIgniter\CodeIgniter->createController()
#5 /home/hikarimo/public_html/vendor/codeigniter4/framework/system/CodeIgniter.php(318): CodeIgniter\CodeIgniter->handleRequest(NULL, Object(Config\Cache), false)
#6 /home/hikarimo/public_html/index.php(37): CodeIgniter\CodeIgniter->run()
#7 {main}
CRITICAL - 2025-12-02 19:51:24 --> mysqli_connect(): (HY000/1045): Access denied for user 'hikarimo_bantiopp'@'localhost' (using password: YES)
#0 [internal function]: CodeIgniter\Debug\Exceptions->errorHandler(2, 'mysqli_connect(...', '/home/hikarimo/...', 8, Array)
#1 /home/hikarimo/public_html/conn.php(8): mysqli_connect('localhost', 'hikarimo_bantio...', 'hikarimo_bantio...', 'hikarimo_bantio...')
#2 /home/hikarimo/public_html/app/Controllers/Connect.php(13): include('/home/hikarimo/...')
#3 /home/hikarimo/public_html/vendor/codeigniter4/framework/system/CodeIgniter.php(801): App\Controllers\Connect->__construct()
#4 /home/hikarimo/public_html/vendor/codeigniter4/framework/system/CodeIgniter.php(401): CodeIgniter\CodeIgniter->createController()
#5 /home/hikarimo/public_html/vendor/codeigniter4/framework/system/CodeIgniter.php(318): CodeIgniter\CodeIgniter->handleRequest(NULL, Object(Config\Cache), false)
#6 /home/hikarimo/public_html/index.php(37): CodeIgniter\CodeIgniter->run()
#7 {main}
CRITICAL - 2025-12-02 19:51:25 --> mysqli_connect(): (HY000/1045): Access denied for user 'hikarimo_bantiopp'@'localhost' (using password: YES)
#0 [internal function]: CodeIgniter\Debug\Exceptions->errorHandler(2, 'mysqli_connect(...', '/home/hikarimo/...', 8, Array)
#1 /home/hikarimo/public_html/conn.php(8): mysqli_connect('localhost', 'hikarimo_bantio...', 'hikarimo_bantio...', 'hikarimo_bantio...')
#2 /home/hikarimo/public_html/app/Controllers/Connect.php(13): include('/home/hikarimo/...')
#3 /home/hikarimo/public_html/vendor/codeigniter4/framework/system/CodeIgniter.php(801): App\Controllers\Connect->__construct()
#4 /home/hikarimo/public_html/vendor/codeigniter4/framework/system/CodeIgniter.php(401): CodeIgniter\CodeIgniter->createController()
#5 /home/hikarimo/public_html/vendor/codeigniter4/framework/system/CodeIgniter.php(318): CodeIgniter\CodeIgniter->handleRequest(NULL, Object(Config\Cache), false)
#6 /home/hikarimo/public_html/index.php(37): CodeIgniter\CodeIgniter->run()
#7 {main}
CRITICAL - 2025-12-02 19:51:27 --> mysqli_connect(): (HY000/1045): Access denied for user 'hikarimo_bantiopp'@'localhost' (using password: YES)
#0 [internal function]: CodeIgniter\Debug\Exceptions->errorHandler(2, 'mysqli_connect(...', '/home/hikarimo/...', 8, Array)
#1 /home/hikarimo/public_html/conn.php(8): mysqli_connect('localhost', 'hikarimo_bantio...', 'hikarimo_bantio...', 'hikarimo_bantio...')
#2 /home/hikarimo/public_html/app/Controllers/Connect.php(13): include('/home/hikarimo/...')
#3 /home/hikarimo/public_html/vendor/codeigniter4/framework/system/CodeIgniter.php(801): App\Controllers\Connect->__construct()
#4 /home/hikarimo/public_html/vendor/codeigniter4/framework/system/CodeIgniter.php(401): CodeIgniter\CodeIgniter->createController()
#5 /home/hikarimo/public_html/vendor/codeigniter4/framework/system/CodeIgniter.php(318): CodeIgniter\CodeIgniter->handleRequest(NULL, Object(Config\Cache), false)
#6 /home/hikarimo/public_html/index.php(37): CodeIgniter\CodeIgniter->run()
#7 {main}
CRITICAL - 2025-12-02 19:51:28 --> mysqli_connect(): (HY000/1045): Access denied for user 'hikarimo_bantiopp'@'localhost' (using password: YES)
#0 [internal function]: CodeIgniter\Debug\Exceptions->errorHandler(2, 'mysqli_connect(...', '/home/hikarimo/...', 8, Array)
#1 /home/hikarimo/public_html/conn.php(8): mysqli_connect('localhost', 'hikarimo_bantio...', 'hikarimo_bantio...', 'hikarimo_bantio...')
#2 /home/hikarimo/public_html/app/Controllers/Connect.php(13): include('/home/hikarimo/...')
#3 /home/hikarimo/public_html/vendor/codeigniter4/framework/system/CodeIgniter.php(801): App\Controllers\Connect->__construct()
#4 /home/hikarimo/public_html/vendor/codeigniter4/framework/system/CodeIgniter.php(401): CodeIgniter\CodeIgniter->createController()
#5 /home/hikarimo/public_html/vendor/codeigniter4/framework/system/CodeIgniter.php(318): CodeIgniter\CodeIgniter->handleRequest(NULL, Object(Config\Cache), false)
#6 /home/hikarimo/public_html/index.php(37): CodeIgniter\CodeIgniter->run()
#7 {main}
CRITICAL - 2025-12-02 19:51:29 --> mysqli_connect(): (HY000/1045): Access denied for user 'hikarimo_bantiopp'@'localhost' (using password: YES)
#0 [internal function]: CodeIgniter\Debug\Exceptions->errorHandler(2, 'mysqli_connect(...', '/home/hikarimo/...', 8, Array)
#1 /home/hikarimo/public_html/conn.php(8): mysqli_connect('localhost', 'hikarimo_bantio...', 'hikarimo_bantio...', 'hikarimo_bantio...')
#2 /home/hikarimo/public_html/app/Controllers/Connect.php(13): include('/home/hikarimo/...')
#3 /home/hikarimo/public_html/vendor/codeigniter4/framework/system/CodeIgniter.php(801): App\Controllers\Connect->__construct()
#4 /home/hikarimo/public_html/vendor/codeigniter4/framework/system/CodeIgniter.php(401): CodeIgniter\CodeIgniter->createController()
#5 /home/hikarimo/public_html/vendor/codeigniter4/framework/system/CodeIgniter.php(318): CodeIgniter\CodeIgniter->handleRequest(NULL, Object(Config\Cache), false)
#6 /home/hikarimo/public_html/index.php(37): CodeIgniter\CodeIgniter->run()
#7 {main}
CRITICAL - 2025-12-02 19:51:32 --> mysqli_connect(): (HY000/1045): Access denied for user 'hikarimo_bantiopp'@'localhost' (using password: YES)
#0 [internal function]: CodeIgniter\Debug\Exceptions->errorHandler(2, 'mysqli_connect(...', '/home/hikarimo/...', 8, Array)
#1 /home/hikarimo/public_html/conn.php(8): mysqli_connect('localhost', 'hikarimo_bantio...', 'hikarimo_bantio...', 'hikarimo_bantio...')
#2 /home/hikarimo/public_html/app/Controllers/Connect.php(13): include('/home/hikarimo/...')
#3 /home/hikarimo/public_html/vendor/codeigniter4/framework/system/CodeIgniter.php(801): App\Controllers\Connect->__construct()
#4 /home/hikarimo/public_html/vendor/codeigniter4/framework/system/CodeIgniter.php(401): CodeIgniter\CodeIgniter->createController()
#5 /home/hikarimo/public_html/vendor/codeigniter4/framework/system/CodeIgniter.php(318): CodeIgniter\CodeIgniter->handleRequest(NULL, Object(Config\Cache), false)
#6 /home/hikarimo/public_html/index.php(37): CodeIgniter\CodeIgniter->run()
#7 {main}
CRITICAL - 2025-12-02 19:51:36 --> mysqli_connect(): (HY000/1045): Access denied for user 'hikarimo_bantiopp'@'localhost' (using password: YES)
#0 [internal function]: CodeIgniter\Debug\Exceptions->errorHandler(2, 'mysqli_connect(...', '/home/hikarimo/...', 8, Array)
#1 /home/hikarimo/public_html/conn.php(8): mysqli_connect('localhost', 'hikarimo_bantio...', 'hikarimo_bantio...', 'hikarimo_bantio...')
#2 /home/hikarimo/public_html/app/Controllers/Connect.php(13): include('/home/hikarimo/...')
#3 /home/hikarimo/public_html/vendor/codeigniter4/framework/system/CodeIgniter.php(801): App\Controllers\Connect->__construct()
#4 /home/hikarimo/public_html/vendor/codeigniter4/framework/system/CodeIgniter.php(401): CodeIgniter\CodeIgniter->createController()
#5 /home/hikarimo/public_html/vendor/codeigniter4/framework/system/CodeIgniter.php(318): CodeIgniter\CodeIgniter->handleRequest(NULL, Object(Config\Cache), false)
#6 /home/hikarimo/public_html/index.php(37): CodeIgniter\CodeIgniter->run()
#7 {main}
CRITICAL - 2025-12-02 19:51:38 --> mysqli_connect(): (HY000/1045): Access denied for user 'hikarimo_bantiopp'@'localhost' (using password: YES)
#0 [internal function]: CodeIgniter\Debug\Exceptions->errorHandler(2, 'mysqli_connect(...', '/home/hikarimo/...', 8, Array)
#1 /home/hikarimo/public_html/conn.php(8): mysqli_connect('localhost', 'hikarimo_bantio...', 'hikarimo_bantio...', 'hikarimo_bantio...')
#2 /home/hikarimo/public_html/app/Controllers/Connect.php(13): include('/home/hikarimo/...')
#3 /home/hikarimo/public_html/vendor/codeigniter4/framework/system/CodeIgniter.php(801): App\Controllers\Connect->__construct()
#4 /home/hikarimo/public_html/vendor/codeigniter4/framework/system/CodeIgniter.php(401): CodeIgniter\CodeIgniter->createController()
#5 /home/hikarimo/public_html/vendor/codeigniter4/framework/system/CodeIgniter.php(318): CodeIgniter\CodeIgniter->handleRequest(NULL, Object(Config\Cache), false)
#6 /home/hikarimo/public_html/index.php(37): CodeIgniter\CodeIgniter->run()
#7 {main}
CRITICAL - 2025-12-02 19:51:39 --> mysqli_connect(): (HY000/1045): Access denied for user 'hikarimo_bantiopp'@'localhost' (using password: YES)
#0 [internal function]: CodeIgniter\Debug\Exceptions->errorHandler(2, 'mysqli_connect(...', '/home/hikarimo/...', 8, Array)
#1 /home/hikarimo/public_html/conn.php(8): mysqli_connect('localhost', 'hikarimo_bantio...', 'hikarimo_bantio...', 'hikarimo_bantio...')
#2 /home/hikarimo/public_html/app/Controllers/Connect.php(13): include('/home/hikarimo/...')
#3 /home/hikarimo/public_html/vendor/codeigniter4/framework/system/CodeIgniter.php(801): App\Controllers\Connect->__construct()
#4 /home/hikarimo/public_html/vendor/codeigniter4/framework/system/CodeIgniter.php(401): CodeIgniter\CodeIgniter->createController()
#5 /home/hikarimo/public_html/vendor/codeigniter4/framework/system/CodeIgniter.php(318): CodeIgniter\CodeIgniter->handleRequest(NULL, Object(Config\Cache), false)
#6 /home/hikarimo/public_html/index.php(37): CodeIgniter\CodeIgniter->run()
#7 {main}
CRITICAL - 2025-12-02 19:51:40 --> mysqli_connect(): (HY000/1045): Access denied for user 'hikarimo_bantiopp'@'localhost' (using password: YES)
#0 [internal function]: CodeIgniter\Debug\Exceptions->errorHandler(2, 'mysqli_connect(...', '/home/hikarimo/...', 8, Array)
#1 /home/hikarimo/public_html/conn.php(8): mysqli_connect('localhost', 'hikarimo_bantio...', 'hikarimo_bantio...', 'hikarimo_bantio...')
#2 /home/hikarimo/public_html/app/Controllers/Connect.php(13): include('/home/hikarimo/...')
#3 /home/hikarimo/public_html/vendor/codeigniter4/framework/system/CodeIgniter.php(801): App\Controllers\Connect->__construct()
#4 /home/hikarimo/public_html/vendor/codeigniter4/framework/system/CodeIgniter.php(401): CodeIgniter\CodeIgniter->createController()
#5 /home/hikarimo/public_html/vendor/codeigniter4/framework/system/CodeIgniter.php(318): CodeIgniter\CodeIgniter->handleRequest(NULL, Object(Config\Cache), false)
#6 /home/hikarimo/public_html/index.php(37): CodeIgniter\CodeIgniter->run()
#7 {main}
CRITICAL - 2025-12-02 19:52:01 --> mysqli_connect(): (HY000/1044): Access denied for user 'hikarimo_bantiopp'@'localhost' to database 'hikarimo_bantiopp'
#0 [internal function]: CodeIgniter\Debug\Exceptions->errorHandler(2, 'mysqli_connect(...', '/home/hikarimo/...', 8, Array)
#1 /home/hikarimo/public_html/conn.php(8): mysqli_connect('localhost', 'hikarimo_bantio...', 'hikarimo_bantio...', 'hikarimo_bantio...')
#2 /home/hikarimo/public_html/app/Controllers/Connect.php(13): include('/home/hikarimo/...')
#3 /home/hikarimo/public_html/vendor/codeigniter4/framework/system/CodeIgniter.php(801): App\Controllers\Connect->__construct()
#4 /home/hikarimo/public_html/vendor/codeigniter4/framework/system/CodeIgniter.php(401): CodeIgniter\CodeIgniter->createController()
#5 /home/hikarimo/public_html/vendor/codeigniter4/framework/system/CodeIgniter.php(318): CodeIgniter\CodeIgniter->handleRequest(NULL, Object(Config\Cache), false)
#6 /home/hikarimo/public_html/index.php(37): CodeIgniter\CodeIgniter->run()
#7 {main}
CRITICAL - 2025-12-02 19:52:04 --> mysqli_connect(): (HY000/1044): Access denied for user 'hikarimo_bantiopp'@'localhost' to database 'hikarimo_bantiopp'
#0 [internal function]: CodeIgniter\Debug\Exceptions->errorHandler(2, 'mysqli_connect(...', '/home/hikarimo/...', 8, Array)
#1 /home/hikarimo/public_html/conn.php(8): mysqli_connect('localhost', 'hikarimo_bantio...', 'hikarimo_bantio...', 'hikarimo_bantio...')
#2 /home/hikarimo/public_html/app/Controllers/Connect.php(13): include('/home/hikarimo/...')
#3 /home/hikarimo/public_html/vendor/codeigniter4/framework/system/CodeIgniter.php(801): App\Controllers\Connect->__construct()
#4 /home/hikarimo/public_html/vendor/codeigniter4/framework/system/CodeIgniter.php(401): CodeIgniter\CodeIgniter->createController()
#5 /home/hikarimo/public_html/vendor/codeigniter4/framework/system/CodeIgniter.php(318): CodeIgniter\CodeIgniter->handleRequest(NULL, Object(Config\Cache), false)
#6 /home/hikarimo/public_html/index.php(37): CodeIgniter\CodeIgniter->run()
#7 {main}
CRITICAL - 2025-12-02 19:52:08 --> mysqli_connect(): (HY000/1044): Access denied for user 'hikarimo_bantiopp'@'localhost' to database 'hikarimo_bantiopp'
#0 [internal function]: CodeIgniter\Debug\Exceptions->errorHandler(2, 'mysqli_connect(...', '/home/hikarimo/...', 8, Array)
#1 /home/hikarimo/public_html/conn.php(8): mysqli_connect('localhost', 'hikarimo_bantio...', 'hikarimo_bantio...', 'hikarimo_bantio...')
#2 /home/hikarimo/public_html/app/Controllers/Connect.php(13): include('/home/hikarimo/...')
#3 /home/hikarimo/public_html/vendor/codeigniter4/framework/system/CodeIgniter.php(801): App\Controllers\Connect->__construct()
#4 /home/hikarimo/public_html/vendor/codeigniter4/framework/system/CodeIgniter.php(401): CodeIgniter\CodeIgniter->createController()
#5 /home/hikarimo/public_html/vendor/codeigniter4/framework/system/CodeIgniter.php(318): CodeIgniter\CodeIgniter->handleRequest(NULL, Object(Config\Cache), false)
#6 /home/hikarimo/public_html/index.php(37): CodeIgniter\CodeIgniter->run()
#7 {main}
CRITICAL - 2025-12-02 19:52:11 --> mysqli_connect(): (HY000/1044): Access denied for user 'hikarimo_bantiopp'@'localhost' to database 'hikarimo_bantiopp'
#0 [internal function]: CodeIgniter\Debug\Exceptions->errorHandler(2, 'mysqli_connect(...', '/home/hikarimo/...', 8, Array)
#1 /home/hikarimo/public_html/conn.php(8): mysqli_connect('localhost', 'hikarimo_bantio...', 'hikarimo_bantio...', 'hikarimo_bantio...')
#2 /home/hikarimo/public_html/app/Controllers/Connect.php(13): include('/home/hikarimo/...')
#3 /home/hikarimo/public_html/vendor/codeigniter4/framework/system/CodeIgniter.php(801): App\Controllers\Connect->__construct()
#4 /home/hikarimo/public_html/vendor/codeigniter4/framework/system/CodeIgniter.php(401): CodeIgniter\CodeIgniter->createController()
#5 /home/hikarimo/public_html/vendor/codeigniter4/framework/system/CodeIgniter.php(318): CodeIgniter\CodeIgniter->handleRequest(NULL, Object(Config\Cache), false)
#6 /home/hikarimo/public_html/index.php(37): CodeIgniter\CodeIgniter->run()
#7 {main}
CRITICAL - 2025-12-02 19:52:12 --> mysqli_connect(): (HY000/1044): Access denied for user 'hikarimo_bantiopp'@'localhost' to database 'hikarimo_bantiopp'
#0 [internal function]: CodeIgniter\Debug\Exceptions->errorHandler(2, 'mysqli_connect(...', '/home/hikarimo/...', 8, Array)
#1 /home/hikarimo/public_html/conn.php(8): mysqli_connect('localhost', 'hikarimo_bantio...', 'hikarimo_bantio...', 'hikarimo_bantio...')
#2 /home/hikarimo/public_html/app/Controllers/Connect.php(13): include('/home/hikarimo/...')
#3 /home/hikarimo/public_html/vendor/codeigniter4/framework/system/CodeIgniter.php(801): App\Controllers\Connect->__construct()
#4 /home/hikarimo/public_html/vendor/codeigniter4/framework/system/CodeIgniter.php(401): CodeIgniter\CodeIgniter->createController()
#5 /home/hikarimo/public_html/vendor/codeigniter4/framework/system/CodeIgniter.php(318): CodeIgniter\CodeIgniter->handleRequest(NULL, Object(Config\Cache), false)
#6 /home/hikarimo/public_html/index.php(37): CodeIgniter\CodeIgniter->run()
#7 {main}
CRITICAL - 2025-12-02 19:52:14 --> mysqli_fetch_assoc() expects parameter 1 to be mysqli_result, bool given
#0 [internal function]: CodeIgniter\Debug\Exceptions->errorHandler(2, 'mysqli_fetch_as...', '/home/hikarimo/...', 17, Array)
#1 /home/hikarimo/public_html/app/Controllers/Connect.php(17): mysqli_fetch_assoc(false)
#2 /home/hikarimo/public_html/vendor/codeigniter4/framework/system/CodeIgniter.php(801): App\Controllers\Connect->__construct()
#3 /home/hikarimo/public_html/vendor/codeigniter4/framework/system/CodeIgniter.php(401): CodeIgniter\CodeIgniter->createController()
#4 /home/hikarimo/public_html/vendor/codeigniter4/framework/system/CodeIgniter.php(318): CodeIgniter\CodeIgniter->handleRequest(NULL, Object(Config\Cache), false)
#5 /home/hikarimo/public_html/index.php(37): CodeIgniter\CodeIgniter->run()
#6 {main}
CRITICAL - 2025-12-02 19:52:15 --> mysqli_fetch_assoc() expects parameter 1 to be mysqli_result, bool given
#0 [internal function]: CodeIgniter\Debug\Exceptions->errorHandler(2, 'mysqli_fetch_as...', '/home/hikarimo/...', 17, Array)
#1 /home/hikarimo/public_html/app/Controllers/Connect.php(17): mysqli_fetch_assoc(false)
#2 /home/hikarimo/public_html/vendor/codeigniter4/framework/system/CodeIgniter.php(801): App\Controllers\Connect->__construct()
#3 /home/hikarimo/public_html/vendor/codeigniter4/framework/system/CodeIgniter.php(401): CodeIgniter\CodeIgniter->createController()
#4 /home/hikarimo/public_html/vendor/codeigniter4/framework/system/CodeIgniter.php(318): CodeIgniter\CodeIgniter->handleRequest(NULL, Object(Config\Cache), false)
#5 /home/hikarimo/public_html/index.php(37): CodeIgniter\CodeIgniter->run()
#6 {main}
CRITICAL - 2025-12-02 19:52:16 --> mysqli_fetch_assoc() expects parameter 1 to be mysqli_result, bool given
#0 [internal function]: CodeIgniter\Debug\Exceptions->errorHandler(2, 'mysqli_fetch_as...', '/home/hikarimo/...', 17, Array)
#1 /home/hikarimo/public_html/app/Controllers/Connect.php(17): mysqli_fetch_assoc(false)
#2 /home/hikarimo/public_html/vendor/codeigniter4/framework/system/CodeIgniter.php(801): App\Controllers\Connect->__construct()
#3 /home/hikarimo/public_html/vendor/codeigniter4/framework/system/CodeIgniter.php(401): CodeIgniter\CodeIgniter->createController()
#4 /home/hikarimo/public_html/vendor/codeigniter4/framework/system/CodeIgniter.php(318): CodeIgniter\CodeIgniter->handleRequest(NULL, Object(Config\Cache), false)
#5 /home/hikarimo/public_html/index.php(37): CodeIgniter\CodeIgniter->run()
#6 {main}
CRITICAL - 2025-12-02 19:52:18 --> mysqli_fetch_assoc() expects parameter 1 to be mysqli_result, bool given
#0 [internal function]: CodeIgniter\Debug\Exceptions->errorHandler(2, 'mysqli_fetch_as...', '/home/hikarimo/...', 17, Array)
#1 /home/hikarimo/public_html/app/Controllers/Connect.php(17): mysqli_fetch_assoc(false)
#2 /home/hikarimo/public_html/vendor/codeigniter4/framework/system/CodeIgniter.php(801): App\Controllers\Connect->__construct()
#3 /home/hikarimo/public_html/vendor/codeigniter4/framework/system/CodeIgniter.php(401): CodeIgniter\CodeIgniter->createController()
#4 /home/hikarimo/public_html/vendor/codeigniter4/framework/system/CodeIgniter.php(318): CodeIgniter\CodeIgniter->handleRequest(NULL, Object(Config\Cache), false)
#5 /home/hikarimo/public_html/index.php(37): CodeIgniter\CodeIgniter->run()
#6 {main}
CRITICAL - 2025-12-02 19:52:24 --> mysqli_fetch_assoc() expects parameter 1 to be mysqli_result, bool given
#0 [internal function]: CodeIgniter\Debug\Exceptions->errorHandler(2, 'mysqli_fetch_as...', '/home/hikarimo/...', 17, Array)
#1 /home/hikarimo/public_html/app/Controllers/Connect.php(17): mysqli_fetch_assoc(false)
#2 /home/hikarimo/public_html/vendor/codeigniter4/framework/system/CodeIgniter.php(801): App\Controllers\Connect->__construct()
#3 /home/hikarimo/public_html/vendor/codeigniter4/framework/system/CodeIgniter.php(401): CodeIgniter\CodeIgniter->createController()
#4 /home/hikarimo/public_html/vendor/codeigniter4/framework/system/CodeIgniter.php(318): CodeIgniter\CodeIgniter->handleRequest(NULL, Object(Config\Cache), false)
#5 /home/hikarimo/public_html/index.php(37): CodeIgniter\CodeIgniter->run()
#6 {main}
CRITICAL - 2025-12-02 19:52:25 --> mysqli_fetch_assoc() expects parameter 1 to be mysqli_result, bool given
#0 [internal function]: CodeIgniter\Debug\Exceptions->errorHandler(2, 'mysqli_fetch_as...', '/home/hikarimo/...', 17, Array)
#1 /home/hikarimo/public_html/app/Controllers/Connect.php(17): mysqli_fetch_assoc(false)
#2 /home/hikarimo/public_html/vendor/codeigniter4/framework/system/CodeIgniter.php(801): App\Controllers\Connect->__construct()
#3 /home/hikarimo/public_html/vendor/codeigniter4/framework/system/CodeIgniter.php(401): CodeIgniter\CodeIgniter->createController()
#4 /home/hikarimo/public_html/vendor/codeigniter4/framework/system/CodeIgniter.php(318): CodeIgniter\CodeIgniter->handleRequest(NULL, Object(Config\Cache), false)
#5 /home/hikarimo/public_html/index.php(37): CodeIgniter\CodeIgniter->run()
#6 {main}
CRITICAL - 2025-12-02 19:52:26 --> mysqli_fetch_assoc() expects parameter 1 to be mysqli_result, bool given
#0 [internal function]: CodeIgniter\Debug\Exceptions->errorHandler(2, 'mysqli_fetch_as...', '/home/hikarimo/...', 17, Array)
#1 /home/hikarimo/public_html/app/Controllers/Connect.php(17): mysqli_fetch_assoc(false)
#2 /home/hikarimo/public_html/vendor/codeigniter4/framework/system/CodeIgniter.php(801): App\Controllers\Connect->__construct()
#3 /home/hikarimo/public_html/vendor/codeigniter4/framework/system/CodeIgniter.php(401): CodeIgniter\CodeIgniter->createController()
#4 /home/hikarimo/public_html/vendor/codeigniter4/framework/system/CodeIgniter.php(318): CodeIgniter\CodeIgniter->handleRequest(NULL, Object(Config\Cache), false)
#5 /home/hikarimo/public_html/index.php(37): CodeIgniter\CodeIgniter->run()
#6 {main}
CRITICAL - 2025-12-02 19:52:31 --> mysqli_fetch_assoc() expects parameter 1 to be mysqli_result, bool given
#0 [internal function]: CodeIgniter\Debug\Exceptions->errorHandler(2, 'mysqli_fetch_as...', '/home/hikarimo/...', 17, Array)
#1 /home/hikarimo/public_html/app/Controllers/Connect.php(17): mysqli_fetch_assoc(false)
#2 /home/hikarimo/public_html/vendor/codeigniter4/framework/system/CodeIgniter.php(801): App\Controllers\Connect->__construct()
#3 /home/hikarimo/public_html/vendor/codeigniter4/framework/system/CodeIgniter.php(401): CodeIgniter\CodeIgniter->createController()
#4 /home/hikarimo/public_html/vendor/codeigniter4/framework/system/CodeIgniter.php(318): CodeIgniter\CodeIgniter->handleRequest(NULL, Object(Config\Cache), false)
#5 /home/hikarimo/public_html/index.php(37): CodeIgniter\CodeIgniter->run()
#6 {main}
CRITICAL - 2025-12-02 19:52:31 --> mysqli_fetch_assoc() expects parameter 1 to be mysqli_result, bool given
#0 [internal function]: CodeIgniter\Debug\Exceptions->errorHandler(2, 'mysqli_fetch_as...', '/home/hikarimo/...', 17, Array)
#1 /home/hikarimo/public_html/app/Controllers/Connect.php(17): mysqli_fetch_assoc(false)
#2 /home/hikarimo/public_html/vendor/codeigniter4/framework/system/CodeIgniter.php(801): App\Controllers\Connect->__construct()
#3 /home/hikarimo/public_html/vendor/codeigniter4/framework/system/CodeIgniter.php(401): CodeIgniter\CodeIgniter->createController()
#4 /home/hikarimo/public_html/vendor/codeigniter4/framework/system/CodeIgniter.php(318): CodeIgniter\CodeIgniter->handleRequest(NULL, Object(Config\Cache), false)
#5 /home/hikarimo/public_html/index.php(37): CodeIgniter\CodeIgniter->run()
#6 {main}
CRITICAL - 2025-12-02 19:52:33 --> mysqli_fetch_assoc() expects parameter 1 to be mysqli_result, bool given
#0 [internal function]: CodeIgniter\Debug\Exceptions->errorHandler(2, 'mysqli_fetch_as...', '/home/hikarimo/...', 17, Array)
#1 /home/hikarimo/public_html/app/Controllers/Connect.php(17): mysqli_fetch_assoc(false)
#2 /home/hikarimo/public_html/vendor/codeigniter4/framework/system/CodeIgniter.php(801): App\Controllers\Connect->__construct()
#3 /home/hikarimo/public_html/vendor/codeigniter4/framework/system/CodeIgniter.php(401): CodeIgniter\CodeIgniter->createController()
#4 /home/hikarimo/public_html/vendor/codeigniter4/framework/system/CodeIgniter.php(318): CodeIgniter\CodeIgniter->handleRequest(NULL, Object(Config\Cache), false)
#5 /home/hikarimo/public_html/index.php(37): CodeIgniter\CodeIgniter->run()
#6 {main}
CRITICAL - 2025-12-02 19:52:35 --> mysqli_fetch_assoc() expects parameter 1 to be mysqli_result, bool given
#0 [internal function]: CodeIgniter\Debug\Exceptions->errorHandler(2, 'mysqli_fetch_as...', '/home/hikarimo/...', 17, Array)
#1 /home/hikarimo/public_html/app/Controllers/Connect.php(17): mysqli_fetch_assoc(false)
#2 /home/hikarimo/public_html/vendor/codeigniter4/framework/system/CodeIgniter.php(801): App\Controllers\Connect->__construct()
#3 /home/hikarimo/public_html/vendor/codeigniter4/framework/system/CodeIgniter.php(401): CodeIgniter\CodeIgniter->createController()
#4 /home/hikarimo/public_html/vendor/codeigniter4/framework/system/CodeIgniter.php(318): CodeIgniter\CodeIgniter->handleRequest(NULL, Object(Config\Cache), false)
#5 /home/hikarimo/public_html/index.php(37): CodeIgniter\CodeIgniter->run()
#6 {main}
CRITICAL - 2025-12-02 19:52:39 --> mysqli_fetch_assoc() expects parameter 1 to be mysqli_result, bool given
#0 [internal function]: CodeIgniter\Debug\Exceptions->errorHandler(2, 'mysqli_fetch_as...', '/home/hikarimo/...', 17, Array)
#1 /home/hikarimo/public_html/app/Controllers/Connect.php(17): mysqli_fetch_assoc(false)
#2 /home/hikarimo/public_html/vendor/codeigniter4/framework/system/CodeIgniter.php(801): App\Controllers\Connect->__construct()
#3 /home/hikarimo/public_html/vendor/codeigniter4/framework/system/CodeIgniter.php(401): CodeIgniter\CodeIgniter->createController()
#4 /home/hikarimo/public_html/vendor/codeigniter4/framework/system/CodeIgniter.php(318): CodeIgniter\CodeIgniter->handleRequest(NULL, Object(Config\Cache), false)
#5 /home/hikarimo/public_html/index.php(37): CodeIgniter\CodeIgniter->run()
#6 {main}
CRITICAL - 2025-12-02 19:52:43 --> mysqli_fetch_assoc() expects parameter 1 to be mysqli_result, bool given
#0 [internal function]: CodeIgniter\Debug\Exceptions->errorHandler(2, 'mysqli_fetch_as...', '/home/hikarimo/...', 17, Array)
#1 /home/hikarimo/public_html/app/Controllers/Connect.php(17): mysqli_fetch_assoc(false)
#2 /home/hikarimo/public_html/vendor/codeigniter4/framework/system/CodeIgniter.php(801): App\Controllers\Connect->__construct()
#3 /home/hikarimo/public_html/vendor/codeigniter4/framework/system/CodeIgniter.php(401): CodeIgniter\CodeIgniter->createController()
#4 /home/hikarimo/public_html/vendor/codeigniter4/framework/system/CodeIgniter.php(318): CodeIgniter\CodeIgniter->handleRequest(NULL, Object(Config\Cache), false)
#5 /home/hikarimo/public_html/index.php(37): CodeIgniter\CodeIgniter->run()
#6 {main}
CRITICAL - 2025-12-02 19:52:47 --> mysqli_fetch_assoc() expects parameter 1 to be mysqli_result, bool given
#0 [internal function]: CodeIgniter\Debug\Exceptions->errorHandler(2, 'mysqli_fetch_as...', '/home/hikarimo/...', 17, Array)
#1 /home/hikarimo/public_html/app/Controllers/Connect.php(17): mysqli_fetch_assoc(false)
#2 /home/hikarimo/public_html/vendor/codeigniter4/framework/system/CodeIgniter.php(801): App\Controllers\Connect->__construct()
#3 /home/hikarimo/public_html/vendor/codeigniter4/framework/system/CodeIgniter.php(401): CodeIgniter\CodeIgniter->createController()
#4 /home/hikarimo/public_html/vendor/codeigniter4/framework/system/CodeIgniter.php(318): CodeIgniter\CodeIgniter->handleRequest(NULL, Object(Config\Cache), false)
#5 /home/hikarimo/public_html/index.php(37): CodeIgniter\CodeIgniter->run()
#6 {main}
CRITICAL - 2025-12-02 19:52:56 --> mysqli_fetch_assoc() expects parameter 1 to be mysqli_result, bool given
#0 [internal function]: CodeIgniter\Debug\Exceptions->errorHandler(2, 'mysqli_fetch_as...', '/home/hikarimo/...', 17, Array)
#1 /home/hikarimo/public_html/app/Controllers/Connect.php(17): mysqli_fetch_assoc(false)
#2 /home/hikarimo/public_html/vendor/codeigniter4/framework/system/CodeIgniter.php(801): App\Controllers\Connect->__construct()
#3 /home/hikarimo/public_html/vendor/codeigniter4/framework/system/CodeIgniter.php(401): CodeIgniter\CodeIgniter->createController()
#4 /home/hikarimo/public_html/vendor/codeigniter4/framework/system/CodeIgniter.php(318): CodeIgniter\CodeIgniter->handleRequest(NULL, Object(Config\Cache), false)
#5 /home/hikarimo/public_html/index.php(37): CodeIgniter\CodeIgniter->run()
#6 {main}
CRITICAL - 2025-12-02 19:52:57 --> mysqli_fetch_assoc() expects parameter 1 to be mysqli_result, bool given
#0 [internal function]: CodeIgniter\Debug\Exceptions->errorHandler(2, 'mysqli_fetch_as...', '/home/hikarimo/...', 17, Array)
#1 /home/hikarimo/public_html/app/Controllers/Connect.php(17): mysqli_fetch_assoc(false)
#2 /home/hikarimo/public_html/vendor/codeigniter4/framework/system/CodeIgniter.php(801): App\Controllers\Connect->__construct()
#3 /home/hikarimo/public_html/vendor/codeigniter4/framework/system/CodeIgniter.php(401): CodeIgniter\CodeIgniter->createController()
#4 /home/hikarimo/public_html/vendor/codeigniter4/framework/system/CodeIgniter.php(318): CodeIgniter\CodeIgniter->handleRequest(NULL, Object(Config\Cache), false)
#5 /home/hikarimo/public_html/index.php(37): CodeIgniter\CodeIgniter->run()
#6 {main}
CRITICAL - 2025-12-02 19:52:57 --> mysqli_fetch_assoc() expects parameter 1 to be mysqli_result, bool given
#0 [internal function]: CodeIgniter\Debug\Exceptions->errorHandler(2, 'mysqli_fetch_as...', '/home/hikarimo/...', 17, Array)
#1 /home/hikarimo/public_html/app/Controllers/Connect.php(17): mysqli_fetch_assoc(false)
#2 /home/hikarimo/public_html/vendor/codeigniter4/framework/system/CodeIgniter.php(801): App\Controllers\Connect->__construct()
#3 /home/hikarimo/public_html/vendor/codeigniter4/framework/system/CodeIgniter.php(401): CodeIgniter\CodeIgniter->createController()
#4 /home/hikarimo/public_html/vendor/codeigniter4/framework/system/CodeIgniter.php(318): CodeIgniter\CodeIgniter->handleRequest(NULL, Object(Config\Cache), false)
#5 /home/hikarimo/public_html/index.php(37): CodeIgniter\CodeIgniter->run()
#6 {main}
CRITICAL - 2025-12-02 19:53:03 --> mysqli_fetch_assoc() expects parameter 1 to be mysqli_result, bool given
#0 [internal function]: CodeIgniter\Debug\Exceptions->errorHandler(2, 'mysqli_fetch_as...', '/home/hikarimo/...', 17, Array)
#1 /home/hikarimo/public_html/app/Controllers/Connect.php(17): mysqli_fetch_assoc(false)
#2 /home/hikarimo/public_html/vendor/codeigniter4/framework/system/CodeIgniter.php(801): App\Controllers\Connect->__construct()
#3 /home/hikarimo/public_html/vendor/codeigniter4/framework/system/CodeIgniter.php(401): CodeIgniter\CodeIgniter->createController()
#4 /home/hikarimo/public_html/vendor/codeigniter4/framework/system/CodeIgniter.php(318): CodeIgniter\CodeIgniter->handleRequest(NULL, Object(Config\Cache), false)
#5 /home/hikarimo/public_html/index.php(37): CodeIgniter\CodeIgniter->run()
#6 {main}
CRITICAL - 2025-12-02 19:53:04 --> mysqli_fetch_assoc() expects parameter 1 to be mysqli_result, bool given
#0 [internal function]: CodeIgniter\Debug\Exceptions->errorHandler(2, 'mysqli_fetch_as...', '/home/hikarimo/...', 17, Array)
#1 /home/hikarimo/public_html/app/Controllers/Connect.php(17): mysqli_fetch_assoc(false)
#2 /home/hikarimo/public_html/vendor/codeigniter4/framework/system/CodeIgniter.php(801): App\Controllers\Connect->__construct()
#3 /home/hikarimo/public_html/vendor/codeigniter4/framework/system/CodeIgniter.php(401): CodeIgniter\CodeIgniter->createController()
#4 /home/hikarimo/public_html/vendor/codeigniter4/framework/system/CodeIgniter.php(318): CodeIgniter\CodeIgniter->handleRequest(NULL, Object(Config\Cache), false)
#5 /home/hikarimo/public_html/index.php(37): CodeIgniter\CodeIgniter->run()
#6 {main}
CRITICAL - 2025-12-02 19:53:05 --> mysqli_fetch_assoc() expects parameter 1 to be mysqli_result, bool given
#0 [internal function]: CodeIgniter\Debug\Exceptions->errorHandler(2, 'mysqli_fetch_as...', '/home/hikarimo/...', 17, Array)
#1 /home/hikarimo/public_html/app/Controllers/Connect.php(17): mysqli_fetch_assoc(false)
#2 /home/hikarimo/public_html/vendor/codeigniter4/framework/system/CodeIgniter.php(801): App\Controllers\Connect->__construct()
#3 /home/hikarimo/public_html/vendor/codeigniter4/framework/system/CodeIgniter.php(401): CodeIgniter\CodeIgniter->createController()
#4 /home/hikarimo/public_html/vendor/codeigniter4/framework/system/CodeIgniter.php(318): CodeIgniter\CodeIgniter->handleRequest(NULL, Object(Config\Cache), false)
#5 /home/hikarimo/public_html/index.php(37): CodeIgniter\CodeIgniter->run()
#6 {main}
CRITICAL - 2025-12-02 19:53:06 --> mysqli_fetch_assoc() expects parameter 1 to be mysqli_result, bool given
#0 [internal function]: CodeIgniter\Debug\Exceptions->errorHandler(2, 'mysqli_fetch_as...', '/home/hikarimo/...', 17, Array)
#1 /home/hikarimo/public_html/app/Controllers/Connect.php(17): mysqli_fetch_assoc(false)
#2 /home/hikarimo/public_html/vendor/codeigniter4/framework/system/CodeIgniter.php(801): App\Controllers\Connect->__construct()
#3 /home/hikarimo/public_html/vendor/codeigniter4/framework/system/CodeIgniter.php(401): CodeIgniter\CodeIgniter->createController()
#4 /home/hikarimo/public_html/vendor/codeigniter4/framework/system/CodeIgniter.php(318): CodeIgniter\CodeIgniter->handleRequest(NULL, Object(Config\Cache), false)
#5 /home/hikarimo/public_html/index.php(37): CodeIgniter\CodeIgniter->run()
#6 {main}
CRITICAL - 2025-12-02 19:53:07 --> mysqli_fetch_assoc() expects parameter 1 to be mysqli_result, bool given
#0 [internal function]: CodeIgniter\Debug\Exceptions->errorHandler(2, 'mysqli_fetch_as...', '/home/hikarimo/...', 17, Array)
#1 /home/hikarimo/public_html/app/Controllers/Connect.php(17): mysqli_fetch_assoc(false)
#2 /home/hikarimo/public_html/vendor/codeigniter4/framework/system/CodeIgniter.php(801): App\Controllers\Connect->__construct()
#3 /home/hikarimo/public_html/vendor/codeigniter4/framework/system/CodeIgniter.php(401): CodeIgniter\CodeIgniter->createController()
#4 /home/hikarimo/public_html/vendor/codeigniter4/framework/system/CodeIgniter.php(318): CodeIgniter\CodeIgniter->handleRequest(NULL, Object(Config\Cache), false)
#5 /home/hikarimo/public_html/index.php(37): CodeIgniter\CodeIgniter->run()
#6 {main}
CRITICAL - 2025-12-02 19:53:08 --> mysqli_fetch_assoc() expects parameter 1 to be mysqli_result, bool given
#0 [internal function]: CodeIgniter\Debug\Exceptions->errorHandler(2, 'mysqli_fetch_as...', '/home/hikarimo/...', 17, Array)
#1 /home/hikarimo/public_html/app/Controllers/Connect.php(17): mysqli_fetch_assoc(false)
#2 /home/hikarimo/public_html/vendor/codeigniter4/framework/system/CodeIgniter.php(801): App\Controllers\Connect->__construct()
#3 /home/hikarimo/public_html/vendor/codeigniter4/framework/system/CodeIgniter.php(401): CodeIgniter\CodeIgniter->createController()
#4 /home/hikarimo/public_html/vendor/codeigniter4/framework/system/CodeIgniter.php(318): CodeIgniter\CodeIgniter->handleRequest(NULL, Object(Config\Cache), false)
#5 /home/hikarimo/public_html/index.php(37): CodeIgniter\CodeIgniter->run()
#6 {main}
CRITICAL - 2025-12-02 19:53:10 --> mysqli_fetch_assoc() expects parameter 1 to be mysqli_result, bool given
#0 [internal function]: CodeIgniter\Debug\Exceptions->errorHandler(2, 'mysqli_fetch_as...', '/home/hikarimo/...', 17, Array)
#1 /home/hikarimo/public_html/app/Controllers/Connect.php(17): mysqli_fetch_assoc(false)
#2 /home/hikarimo/public_html/vendor/codeigniter4/framework/system/CodeIgniter.php(801): App\Controllers\Connect->__construct()
#3 /home/hikarimo/public_html/vendor/codeigniter4/framework/system/CodeIgniter.php(401): CodeIgniter\CodeIgniter->createController()
#4 /home/hikarimo/public_html/vendor/codeigniter4/framework/system/CodeIgniter.php(318): CodeIgniter\CodeIgniter->handleRequest(NULL, Object(Config\Cache), false)
#5 /home/hikarimo/public_html/index.php(37): CodeIgniter\CodeIgniter->run()
#6 {main}
CRITICAL - 2025-12-02 19:53:11 --> mysqli_fetch_assoc() expects parameter 1 to be mysqli_result, bool given
#0 [internal function]: CodeIgniter\Debug\Exceptions->errorHandler(2, 'mysqli_fetch_as...', '/home/hikarimo/...', 17, Array)
#1 /home/hikarimo/public_html/app/Controllers/Connect.php(17): mysqli_fetch_assoc(false)
#2 /home/hikarimo/public_html/vendor/codeigniter4/framework/system/CodeIgniter.php(801): App\Controllers\Connect->__construct()
#3 /home/hikarimo/public_html/vendor/codeigniter4/framework/system/CodeIgniter.php(401): CodeIgniter\CodeIgniter->createController()
#4 /home/hikarimo/public_html/vendor/codeigniter4/framework/system/CodeIgniter.php(318): CodeIgniter\CodeIgniter->handleRequest(NULL, Object(Config\Cache), false)
#5 /home/hikarimo/public_html/index.php(37): CodeIgniter\CodeIgniter->run()
#6 {main}
CRITICAL - 2025-12-02 19:53:11 --> mysqli_fetch_assoc() expects parameter 1 to be mysqli_result, bool given
#0 [internal function]: CodeIgniter\Debug\Exceptions->errorHandler(2, 'mysqli_fetch_as...', '/home/hikarimo/...', 17, Array)
#1 /home/hikarimo/public_html/app/Controllers/Connect.php(17): mysqli_fetch_assoc(false)
#2 /home/hikarimo/public_html/vendor/codeigniter4/framework/system/CodeIgniter.php(801): App\Controllers\Connect->__construct()
#3 /home/hikarimo/public_html/vendor/codeigniter4/framework/system/CodeIgniter.php(401): CodeIgniter\CodeIgniter->createController()
#4 /home/hikarimo/public_html/vendor/codeigniter4/framework/system/CodeIgniter.php(318): CodeIgniter\CodeIgniter->handleRequest(NULL, Object(Config\Cache), false)
#5 /home/hikarimo/public_html/index.php(37): CodeIgniter\CodeIgniter->run()
#6 {main}
ERROR - 2025-12-02 19:53:11 --> Table 'hikarimo_bantiopp.users' doesn't exist
CRITICAL - 2025-12-02 19:53:11 --> Table 'hikarimo_bantiopp.users' doesn't exist
#0 /home/hikarimo/public_html/vendor/codeigniter4/framework/system/Database/MySQLi/Connection.php(292): mysqli->query('SELECT 1\nFROM `...', 0)
#1 /home/hikarimo/public_html/vendor/codeigniter4/framework/system/Database/BaseConnection.php(670): CodeIgniter\Database\MySQLi\Connection->execute('SELECT 1\nFROM `...')
#2 /home/hikarimo/public_html/vendor/codeigniter4/framework/system/Database/BaseConnection.php(598): CodeIgniter\Database\BaseConnection->simpleQuery('SELECT 1\nFROM `...')
#3 /home/hikarimo/public_html/vendor/codeigniter4/framework/system/Database/BaseBuilder.php(1443): CodeIgniter\Database\BaseConnection->query('SELECT 1\nFROM `...', Array, false)
#4 /home/hikarimo/public_html/vendor/codeigniter4/framework/system/Validation/Rules.php(116): CodeIgniter\Database\BaseBuilder->get()
#5 /home/hikarimo/public_html/vendor/codeigniter4/framework/system/Validation/Validation.php(277): CodeIgniter\Validation\Rules->is_not_unique('BANTIBHAIYA69', 'username', Array, NULL)
#6 /home/hikarimo/public_html/vendor/codeigniter4/framework/system/Validation/Validation.php(151): CodeIgniter\Validation\Validation->processRules('username', 'username', 'BANTIBHAIYA69', Array, Array)
#7 /home/hikarimo/public_html/vendor/codeigniter4/framework/system/Controller.php(160): CodeIgniter\Validation\Validation->run()
#8 /home/hikarimo/public_html/app/Controllers/Auth.php(43): CodeIgniter\Controller->validate(Array)
#9 /home/hikarimo/public_html/app/Controllers/Auth.php(23): App\Controllers\Auth->login_action()
#10 /home/hikarimo/public_html/vendor/codeigniter4/framework/system/CodeIgniter.php(824): App\Controllers\Auth->login()
#11 /home/hikarimo/public_html/vendor/codeigniter4/framework/system/CodeIgniter.php(410): CodeIgniter\CodeIgniter->runController(Object(App\Controllers\Auth))
#12 /home/hikarimo/public_html/vendor/codeigniter4/framework/system/CodeIgniter.php(318): CodeIgniter\CodeIgniter->handleRequest(NULL, Object(Config\Cache), false)
#13 /home/hikarimo/public_html/index.php(37): CodeIgniter\CodeIgniter->run()
#14 {main}
CRITICAL - 2025-12-02 19:53:12 --> mysqli_fetch_assoc() expects parameter 1 to be mysqli_result, bool given
#0 [internal function]: CodeIgniter\Debug\Exceptions->errorHandler(2, 'mysqli_fetch_as...', '/home/hikarimo/...', 17, Array)
#1 /home/hikarimo/public_html/app/Controllers/Connect.php(17): mysqli_fetch_assoc(false)
#2 /home/hikarimo/public_html/vendor/codeigniter4/framework/system/CodeIgniter.php(801): App\Controllers\Connect->__construct()
#3 /home/hikarimo/public_html/vendor/codeigniter4/framework/system/CodeIgniter.php(401): CodeIgniter\CodeIgniter->createController()
#4 /home/hikarimo/public_html/vendor/codeigniter4/framework/system/CodeIgniter.php(318): CodeIgniter\CodeIgniter->handleRequest(NULL, Object(Config\Cache), false)
#5 /home/hikarimo/public_html/index.php(37): CodeIgniter\CodeIgniter->run()
#6 {main}
CRITICAL - 2025-12-02 19:53:13 --> mysqli_fetch_assoc() expects parameter 1 to be mysqli_result, bool given
#0 [internal function]: CodeIgniter\Debug\Exceptions->errorHandler(2, 'mysqli_fetch_as...', '/home/hikarimo/...', 17, Array)
#1 /home/hikarimo/public_html/app/Controllers/Connect.php(17): mysqli_fetch_assoc(false)
#2 /home/hikarimo/public_html/vendor/codeigniter4/framework/system/CodeIgniter.php(801): App\Controllers\Connect->__construct()
#3 /home/hikarimo/public_html/vendor/codeigniter4/framework/system/CodeIgniter.php(401): CodeIgniter\CodeIgniter->createController()
#4 /home/hikarimo/public_html/vendor/codeigniter4/framework/system/CodeIgniter.php(318): CodeIgniter\CodeIgniter->handleRequest(NULL, Object(Config\Cache), false)
#5 /home/hikarimo/public_html/index.php(37): CodeIgniter\CodeIgniter->run()
#6 {main}
CRITICAL - 2025-12-02 19:53:15 --> mysqli_fetch_assoc() expects parameter 1 to be mysqli_result, bool given
#0 [internal function]: CodeIgniter\Debug\Exceptions->errorHandler(2, 'mysqli_fetch_as...', '/home/hikarimo/...', 17, Array)
#1 /home/hikarimo/public_html/app/Controllers/Connect.php(17): mysqli_fetch_assoc(false)
#2 /home/hikarimo/public_html/vendor/codeigniter4/framework/system/CodeIgniter.php(801): App\Controllers\Connect->__construct()
#3 /home/hikarimo/public_html/vendor/codeigniter4/framework/system/CodeIgniter.php(401): CodeIgniter\CodeIgniter->createController()
#4 /home/hikarimo/public_html/vendor/codeigniter4/framework/system/CodeIgniter.php(318): CodeIgniter\CodeIgniter->handleRequest(NULL, Object(Config\Cache), false)
#5 /home/hikarimo/public_html/index.php(37): CodeIgniter\CodeIgniter->run()
#6 {main}
CRITICAL - 2025-12-02 19:53:16 --> mysqli_fetch_assoc() expects parameter 1 to be mysqli_result, bool given
#0 [internal function]: CodeIgniter\Debug\Exceptions->errorHandler(2, 'mysqli_fetch_as...', '/home/hikarimo/...', 17, Array)
#1 /home/hikarimo/public_html/app/Controllers/Connect.php(17): mysqli_fetch_assoc(false)
#2 /home/hikarimo/public_html/vendor/codeigniter4/framework/system/CodeIgniter.php(801): App\Controllers\Connect->__construct()
#3 /home/hikarimo/public_html/vendor/codeigniter4/framework/system/CodeIgniter.php(401): CodeIgniter\CodeIgniter->createController()
#4 /home/hikarimo/public_html/vendor/codeigniter4/framework/system/CodeIgniter.php(318): CodeIgniter\CodeIgniter->handleRequest(NULL, Object(Config\Cache), false)
#5 /home/hikarimo/public_html/index.php(37): CodeIgniter\CodeIgniter->run()
#6 {main}
ERROR - 2025-12-02 19:53:18 --> Table 'hikarimo_bantiopp.users' doesn't exist
CRITICAL - 2025-12-02 19:53:18 --> Table 'hikarimo_bantiopp.users' doesn't exist
#0 /home/hikarimo/public_html/vendor/codeigniter4/framework/system/Database/MySQLi/Connection.php(292): mysqli->query('SELECT 1\nFROM `...', 0)
#1 /home/hikarimo/public_html/vendor/codeigniter4/framework/system/Database/BaseConnection.php(670): CodeIgniter\Database\MySQLi\Connection->execute('SELECT 1\nFROM `...')
#2 /home/hikarimo/public_html/vendor/codeigniter4/framework/system/Database/BaseConnection.php(598): CodeIgniter\Database\BaseConnection->simpleQuery('SELECT 1\nFROM `...')
#3 /home/hikarimo/public_html/vendor/codeigniter4/framework/system/Database/BaseBuilder.php(1443): CodeIgniter\Database\BaseConnection->query('SELECT 1\nFROM `...', Array, false)
#4 /home/hikarimo/public_html/vendor/codeigniter4/framework/system/Validation/Rules.php(116): CodeIgniter\Database\BaseBuilder->get()
#5 /home/hikarimo/public_html/vendor/codeigniter4/framework/system/Validation/Validation.php(277): CodeIgniter\Validation\Rules->is_not_unique('BANTIBHAIYA69', 'username', Array, NULL)
#6 /home/hikarimo/public_html/vendor/codeigniter4/framework/system/Validation/Validation.php(151): CodeIgniter\Validation\Validation->processRules('username', 'username', 'BANTIBHAIYA69', Array, Array)
#7 /home/hikarimo/public_html/vendor/codeigniter4/framework/system/Controller.php(160): CodeIgniter\Validation\Validation->run()
#8 /home/hikarimo/public_html/app/Controllers/Auth.php(43): CodeIgniter\Controller->validate(Array)
#9 /home/hikarimo/public_html/app/Controllers/Auth.php(23): App\Controllers\Auth->login_action()
#10 /home/hikarimo/public_html/vendor/codeigniter4/framework/system/CodeIgniter.php(824): App\Controllers\Auth->login()
#11 /home/hikarimo/public_html/vendor/codeigniter4/framework/system/CodeIgniter.php(410): CodeIgniter\CodeIgniter->runController(Object(App\Controllers\Auth))
#12 /home/hikarimo/public_html/vendor/codeigniter4/framework/system/CodeIgniter.php(318): CodeIgniter\CodeIgniter->handleRequest(NULL, Object(Config\Cache), false)
#13 /home/hikarimo/public_html/index.php(37): CodeIgniter\CodeIgniter->run()
#14 {main}
CRITICAL - 2025-12-02 19:53:18 --> mysqli_fetch_assoc() expects parameter 1 to be mysqli_result, bool given
#0 [internal function]: CodeIgniter\Debug\Exceptions->errorHandler(2, 'mysqli_fetch_as...', '/home/hikarimo/...', 17, Array)
#1 /home/hikarimo/public_html/app/Controllers/Connect.php(17): mysqli_fetch_assoc(false)
#2 /home/hikarimo/public_html/vendor/codeigniter4/framework/system/CodeIgniter.php(801): App\Controllers\Connect->__construct()
#3 /home/hikarimo/public_html/vendor/codeigniter4/framework/system/CodeIgniter.php(401): CodeIgniter\CodeIgniter->createController()
#4 /home/hikarimo/public_html/vendor/codeigniter4/framework/system/CodeIgniter.php(318): CodeIgniter\CodeIgniter->handleRequest(NULL, Object(Config\Cache), false)
#5 /home/hikarimo/public_html/index.php(37): CodeIgniter\CodeIgniter->run()
#6 {main}
CRITICAL - 2025-12-02 19:53:19 --> mysqli_fetch_assoc() expects parameter 1 to be mysqli_result, bool given
#0 [internal function]: CodeIgniter\Debug\Exceptions->errorHandler(2, 'mysqli_fetch_as...', '/home/hikarimo/...', 17, Array)
#1 /home/hikarimo/public_html/app/Controllers/Connect.php(17): mysqli_fetch_assoc(false)
#2 /home/hikarimo/public_html/vendor/codeigniter4/framework/system/CodeIgniter.php(801): App\Controllers\Connect->__construct()
#3 /home/hikarimo/public_html/vendor/codeigniter4/framework/system/CodeIgniter.php(401): CodeIgniter\CodeIgniter->createController()
#4 /home/hikarimo/public_html/vendor/codeigniter4/framework/system/CodeIgniter.php(318): CodeIgniter\CodeIgniter->handleRequest(NULL, Object(Config\Cache), false)
#5 /home/hikarimo/public_html/index.php(37): CodeIgniter\CodeIgniter->run()
#6 {main}
CRITICAL - 2025-12-02 19:53:19 --> mysqli_fetch_assoc() expects parameter 1 to be mysqli_result, bool given
#0 [internal function]: CodeIgniter\Debug\Exceptions->errorHandler(2, 'mysqli_fetch_as...', '/home/hikarimo/...', 17, Array)
#1 /home/hikarimo/public_html/app/Controllers/Connect.php(17): mysqli_fetch_assoc(false)
#2 /home/hikarimo/public_html/vendor/codeigniter4/framework/system/CodeIgniter.php(801): App\Controllers\Connect->__construct()
#3 /home/hikarimo/public_html/vendor/codeigniter4/framework/system/CodeIgniter.php(401): CodeIgniter\CodeIgniter->createController()
#4 /home/hikarimo/public_html/vendor/codeigniter4/framework/system/CodeIgniter.php(318): CodeIgniter\CodeIgniter->handleRequest(NULL, Object(Config\Cache), false)
#5 /home/hikarimo/public_html/index.php(37): CodeIgniter\CodeIgniter->run()
#6 {main}
CRITICAL - 2025-12-02 19:53:20 --> mysqli_fetch_assoc() expects parameter 1 to be mysqli_result, bool given
#0 [internal function]: CodeIgniter\Debug\Exceptions->errorHandler(2, 'mysqli_fetch_as...', '/home/hikarimo/...', 17, Array)
#1 /home/hikarimo/public_html/app/Controllers/Connect.php(17): mysqli_fetch_assoc(false)
#2 /home/hikarimo/public_html/vendor/codeigniter4/framework/system/CodeIgniter.php(801): App\Controllers\Connect->__construct()
#3 /home/hikarimo/public_html/vendor/codeigniter4/framework/system/CodeIgniter.php(401): CodeIgniter\CodeIgniter->createController()
#4 /home/hikarimo/public_html/vendor/codeigniter4/framework/system/CodeIgniter.php(318): CodeIgniter\CodeIgniter->handleRequest(NULL, Object(Config\Cache), false)
#5 /home/hikarimo/public_html/index.php(37): CodeIgniter\CodeIgniter->run()
#6 {main}
CRITICAL - 2025-12-02 19:53:20 --> mysqli_fetch_assoc() expects parameter 1 to be mysqli_result, bool given
#0 [internal function]: CodeIgniter\Debug\Exceptions->errorHandler(2, 'mysqli_fetch_as...', '/home/hikarimo/...', 17, Array)
#1 /home/hikarimo/public_html/app/Controllers/Connect.php(17): mysqli_fetch_assoc(false)
#2 /home/hikarimo/public_html/vendor/codeigniter4/framework/system/CodeIgniter.php(801): App\Controllers\Connect->__construct()
#3 /home/hikarimo/public_html/vendor/codeigniter4/framework/system/CodeIgniter.php(401): CodeIgniter\CodeIgniter->createController()
#4 /home/hikarimo/public_html/vendor/codeigniter4/framework/system/CodeIgniter.php(318): CodeIgniter\CodeIgniter->handleRequest(NULL, Object(Config\Cache), false)
#5 /home/hikarimo/public_html/index.php(37): CodeIgniter\CodeIgniter->run()
#6 {main}
CRITICAL - 2025-12-02 19:53:21 --> mysqli_fetch_assoc() expects parameter 1 to be mysqli_result, bool given
#0 [internal function]: CodeIgniter\Debug\Exceptions->errorHandler(2, 'mysqli_fetch_as...', '/home/hikarimo/...', 17, Array)
#1 /home/hikarimo/public_html/app/Controllers/Connect.php(17): mysqli_fetch_assoc(false)
#2 /home/hikarimo/public_html/vendor/codeigniter4/framework/system/CodeIgniter.php(801): App\Controllers\Connect->__construct()
#3 /home/hikarimo/public_html/vendor/codeigniter4/framework/system/CodeIgniter.php(401): CodeIgniter\CodeIgniter->createController()
#4 /home/hikarimo/public_html/vendor/codeigniter4/framework/system/CodeIgniter.php(318): CodeIgniter\CodeIgniter->handleRequest(NULL, Object(Config\Cache), false)
#5 /home/hikarimo/public_html/index.php(37): CodeIgniter\CodeIgniter->run()
#6 {main}
CRITICAL - 2025-12-02 19:53:22 --> mysqli_fetch_assoc() expects parameter 1 to be mysqli_result, bool given
#0 [internal function]: CodeIgniter\Debug\Exceptions->errorHandler(2, 'mysqli_fetch_as...', '/home/hikarimo/...', 17, Array)
#1 /home/hikarimo/public_html/app/Controllers/Connect.php(17): mysqli_fetch_assoc(false)
#2 /home/hikarimo/public_html/vendor/codeigniter4/framework/system/CodeIgniter.php(801): App\Controllers\Connect->__construct()
#3 /home/hikarimo/public_html/vendor/codeigniter4/framework/system/CodeIgniter.php(401): CodeIgniter\CodeIgniter->createController()
#4 /home/hikarimo/public_html/vendor/codeigniter4/framework/system/CodeIgniter.php(318): CodeIgniter\CodeIgniter->handleRequest(NULL, Object(Config\Cache), false)
#5 /home/hikarimo/public_html/index.php(37): CodeIgniter\CodeIgniter->run()
#6 {main}
CRITICAL - 2025-12-02 19:53:22 --> mysqli_fetch_assoc() expects parameter 1 to be mysqli_result, bool given
#0 [internal function]: CodeIgniter\Debug\Exceptions->errorHandler(2, 'mysqli_fetch_as...', '/home/hikarimo/...', 17, Array)
#1 /home/hikarimo/public_html/app/Controllers/Connect.php(17): mysqli_fetch_assoc(false)
#2 /home/hikarimo/public_html/vendor/codeigniter4/framework/system/CodeIgniter.php(801): App\Controllers\Connect->__construct()
#3 /home/hikarimo/public_html/vendor/codeigniter4/framework/system/CodeIgniter.php(401): CodeIgniter\CodeIgniter->createController()
#4 /home/hikarimo/public_html/vendor/codeigniter4/framework/system/CodeIgniter.php(318): CodeIgniter\CodeIgniter->handleRequest(NULL, Object(Config\Cache), false)
#5 /home/hikarimo/public_html/index.php(37): CodeIgniter\CodeIgniter->run()
#6 {main}
CRITICAL - 2025-12-02 19:53:22 --> mysqli_fetch_assoc() expects parameter 1 to be mysqli_result, bool given
#0 [internal function]: CodeIgniter\Debug\Exceptions->errorHandler(2, 'mysqli_fetch_as...', '/home/hikarimo/...', 17, Array)
#1 /home/hikarimo/public_html/app/Controllers/Connect.php(17): mysqli_fetch_assoc(false)
#2 /home/hikarimo/public_html/vendor/codeigniter4/framework/system/CodeIgniter.php(801): App\Controllers\Connect->__construct()
#3 /home/hikarimo/public_html/vendor/codeigniter4/framework/system/CodeIgniter.php(401): CodeIgniter\CodeIgniter->createController()
#4 /home/hikarimo/public_html/vendor/codeigniter4/framework/system/CodeIgniter.php(318): CodeIgniter\CodeIgniter->handleRequest(NULL, Object(Config\Cache), false)
#5 /home/hikarimo/public_html/index.php(37): CodeIgniter\CodeIgniter->run()
#6 {main}
CRITICAL - 2025-12-02 19:53:23 --> mysqli_fetch_assoc() expects parameter 1 to be mysqli_result, bool given
#0 [internal function]: CodeIgniter\Debug\Exceptions->errorHandler(2, 'mysqli_fetch_as...', '/home/hikarimo/...', 17, Array)
#1 /home/hikarimo/public_html/app/Controllers/Connect.php(17): mysqli_fetch_assoc(false)
#2 /home/hikarimo/public_html/vendor/codeigniter4/framework/system/CodeIgniter.php(801): App\Controllers\Connect->__construct()
#3 /home/hikarimo/public_html/vendor/codeigniter4/framework/system/CodeIgniter.php(401): CodeIgniter\CodeIgniter->createController()
#4 /home/hikarimo/public_html/vendor/codeigniter4/framework/system/CodeIgniter.php(318): CodeIgniter\CodeIgniter->handleRequest(NULL, Object(Config\Cache), false)
#5 /home/hikarimo/public_html/index.php(37): CodeIgniter\CodeIgniter->run()
#6 {main}
CRITICAL - 2025-12-02 19:53:25 --> mysqli_fetch_assoc() expects parameter 1 to be mysqli_result, bool given
#0 [internal function]: CodeIgniter\Debug\Exceptions->errorHandler(2, 'mysqli_fetch_as...', '/home/hikarimo/...', 17, Array)
#1 /home/hikarimo/public_html/app/Controllers/Connect.php(17): mysqli_fetch_assoc(false)
#2 /home/hikarimo/public_html/vendor/codeigniter4/framework/system/CodeIgniter.php(801): App\Controllers\Connect->__construct()
#3 /home/hikarimo/public_html/vendor/codeigniter4/framework/system/CodeIgniter.php(401): CodeIgniter\CodeIgniter->createController()
#4 /home/hikarimo/public_html/vendor/codeigniter4/framework/system/CodeIgniter.php(318): CodeIgniter\CodeIgniter->handleRequest(NULL, Object(Config\Cache), false)
#5 /home/hikarimo/public_html/index.php(37): CodeIgniter\CodeIgniter->run()
#6 {main}
CRITICAL - 2025-12-02 19:53:27 --> mysqli_fetch_assoc() expects parameter 1 to be mysqli_result, bool given
#0 [internal function]: CodeIgniter\Debug\Exceptions->errorHandler(2, 'mysqli_fetch_as...', '/home/hikarimo/...', 17, Array)
#1 /home/hikarimo/public_html/app/Controllers/Connect.php(17): mysqli_fetch_assoc(false)
#2 /home/hikarimo/public_html/vendor/codeigniter4/framework/system/CodeIgniter.php(801): App\Controllers\Connect->__construct()
#3 /home/hikarimo/public_html/vendor/codeigniter4/framework/system/CodeIgniter.php(401): CodeIgniter\CodeIgniter->createController()
#4 /home/hikarimo/public_html/vendor/codeigniter4/framework/system/CodeIgniter.php(318): CodeIgniter\CodeIgniter->handleRequest(NULL, Object(Config\Cache), false)
#5 /home/hikarimo/public_html/index.php(37): CodeIgniter\CodeIgniter->run()
#6 {main}
CRITICAL - 2025-12-02 19:53:27 --> mysqli_fetch_assoc() expects parameter 1 to be mysqli_result, bool given
#0 [internal function]: CodeIgniter\Debug\Exceptions->errorHandler(2, 'mysqli_fetch_as...', '/home/hikarimo/...', 17, Array)
#1 /home/hikarimo/public_html/app/Controllers/Connect.php(17): mysqli_fetch_assoc(false)
#2 /home/hikarimo/public_html/vendor/codeigniter4/framework/system/CodeIgniter.php(801): App\Controllers\Connect->__construct()
#3 /home/hikarimo/public_html/vendor/codeigniter4/framework/system/CodeIgniter.php(401): CodeIgniter\CodeIgniter->createController()
#4 /home/hikarimo/public_html/vendor/codeigniter4/framework/system/CodeIgniter.php(318): CodeIgniter\CodeIgniter->handleRequest(NULL, Object(Config\Cache), false)
#5 /home/hikarimo/public_html/index.php(37): CodeIgniter\CodeIgniter->run()
#6 {main}
CRITICAL - 2025-12-02 19:53:28 --> mysqli_fetch_assoc() expects parameter 1 to be mysqli_result, bool given
#0 [internal function]: CodeIgniter\Debug\Exceptions->errorHandler(2, 'mysqli_fetch_as...', '/home/hikarimo/...', 17, Array)
#1 /home/hikarimo/public_html/app/Controllers/Connect.php(17): mysqli_fetch_assoc(false)
#2 /home/hikarimo/public_html/vendor/codeigniter4/framework/system/CodeIgniter.php(801): App\Controllers\Connect->__construct()
#3 /home/hikarimo/public_html/vendor/codeigniter4/framework/system/CodeIgniter.php(401): CodeIgniter\CodeIgniter->createController()
#4 /home/hikarimo/public_html/vendor/codeigniter4/framework/system/CodeIgniter.php(318): CodeIgniter\CodeIgniter->handleRequest(NULL, Object(Config\Cache), false)
#5 /home/hikarimo/public_html/index.php(37): CodeIgniter\CodeIgniter->run()
#6 {main}
CRITICAL - 2025-12-02 19:53:33 --> mysqli_fetch_assoc() expects parameter 1 to be mysqli_result, bool given
#0 [internal function]: CodeIgniter\Debug\Exceptions->errorHandler(2, 'mysqli_fetch_as...', '/home/hikarimo/...', 17, Array)
#1 /home/hikarimo/public_html/app/Controllers/Connect.php(17): mysqli_fetch_assoc(false)
#2 /home/hikarimo/public_html/vendor/codeigniter4/framework/system/CodeIgniter.php(801): App\Controllers\Connect->__construct()
#3 /home/hikarimo/public_html/vendor/codeigniter4/framework/system/CodeIgniter.php(401): CodeIgniter\CodeIgniter->createController()
#4 /home/hikarimo/public_html/vendor/codeigniter4/framework/system/CodeIgniter.php(318): CodeIgniter\CodeIgniter->handleRequest(NULL, Object(Config\Cache), false)
#5 /home/hikarimo/public_html/index.php(37): CodeIgniter\CodeIgniter->run()
#6 {main}
CRITICAL - 2025-12-02 19:53:35 --> mysqli_fetch_assoc() expects parameter 1 to be mysqli_result, bool given
#0 [internal function]: CodeIgniter\Debug\Exceptions->errorHandler(2, 'mysqli_fetch_as...', '/home/hikarimo/...', 17, Array)
#1 /home/hikarimo/public_html/app/Controllers/Connect.php(17): mysqli_fetch_assoc(false)
#2 /home/hikarimo/public_html/vendor/codeigniter4/framework/system/CodeIgniter.php(801): App\Controllers\Connect->__construct()
#3 /home/hikarimo/public_html/vendor/codeigniter4/framework/system/CodeIgniter.php(401): CodeIgniter\CodeIgniter->createController()
#4 /home/hikarimo/public_html/vendor/codeigniter4/framework/system/CodeIgniter.php(318): CodeIgniter\CodeIgniter->handleRequest(NULL, Object(Config\Cache), false)
#5 /home/hikarimo/public_html/index.php(37): CodeIgniter\CodeIgniter->run()
#6 {main}
CRITICAL - 2025-12-02 19:53:36 --> mysqli_fetch_assoc() expects parameter 1 to be mysqli_result, bool given
#0 [internal function]: CodeIgniter\Debug\Exceptions->errorHandler(2, 'mysqli_fetch_as...', '/home/hikarimo/...', 17, Array)
#1 /home/hikarimo/public_html/app/Controllers/Connect.php(17): mysqli_fetch_assoc(false)
#2 /home/hikarimo/public_html/vendor/codeigniter4/framework/system/CodeIgniter.php(801): App\Controllers\Connect->__construct()
#3 /home/hikarimo/public_html/vendor/codeigniter4/framework/system/CodeIgniter.php(401): CodeIgniter\CodeIgniter->createController()
#4 /home/hikarimo/public_html/vendor/codeigniter4/framework/system/CodeIgniter.php(318): CodeIgniter\CodeIgniter->handleRequest(NULL, Object(Config\Cache), false)
#5 /home/hikarimo/public_html/index.php(37): CodeIgniter\CodeIgniter->run()
#6 {main}
CRITICAL - 2025-12-02 19:53:36 --> mysqli_fetch_assoc() expects parameter 1 to be mysqli_result, bool given
#0 [internal function]: CodeIgniter\Debug\Exceptions->errorHandler(2, 'mysqli_fetch_as...', '/home/hikarimo/...', 17, Array)
#1 /home/hikarimo/public_html/app/Controllers/Connect.php(17): mysqli_fetch_assoc(false)
#2 /home/hikarimo/public_html/vendor/codeigniter4/framework/system/CodeIgniter.php(801): App\Controllers\Connect->__construct()
#3 /home/hikarimo/public_html/vendor/codeigniter4/framework/system/CodeIgniter.php(401): CodeIgniter\CodeIgniter->createController()
#4 /home/hikarimo/public_html/vendor/codeigniter4/framework/system/CodeIgniter.php(318): CodeIgniter\CodeIgniter->handleRequest(NULL, Object(Config\Cache), false)
#5 /home/hikarimo/public_html/index.php(37): CodeIgniter\CodeIgniter->run()
#6 {main}
CRITICAL - 2025-12-02 19:53:37 --> mysqli_fetch_assoc() expects parameter 1 to be mysqli_result, bool given
#0 [internal function]: CodeIgniter\Debug\Exceptions->errorHandler(2, 'mysqli_fetch_as...', '/home/hikarimo/...', 17, Array)
#1 /home/hikarimo/public_html/app/Controllers/Connect.php(17): mysqli_fetch_assoc(false)
#2 /home/hikarimo/public_html/vendor/codeigniter4/framework/system/CodeIgniter.php(801): App\Controllers\Connect->__construct()
#3 /home/hikarimo/public_html/vendor/codeigniter4/framework/system/CodeIgniter.php(401): CodeIgniter\CodeIgniter->createController()
#4 /home/hikarimo/public_html/vendor/codeigniter4/framework/system/CodeIgniter.php(318): CodeIgniter\CodeIgniter->handleRequest(NULL, Object(Config\Cache), false)
#5 /home/hikarimo/public_html/index.php(37): CodeIgniter\CodeIgniter->run()
#6 {main}
CRITICAL - 2025-12-02 19:53:39 --> mysqli_fetch_assoc() expects parameter 1 to be mysqli_result, bool given
#0 [internal function]: CodeIgniter\Debug\Exceptions->errorHandler(2, 'mysqli_fetch_as...', '/home/hikarimo/...', 17, Array)
#1 /home/hikarimo/public_html/app/Controllers/Connect.php(17): mysqli_fetch_assoc(false)
#2 /home/hikarimo/public_html/vendor/codeigniter4/framework/system/CodeIgniter.php(801): App\Controllers\Connect->__construct()
#3 /home/hikarimo/public_html/vendor/codeigniter4/framework/system/CodeIgniter.php(401): CodeIgniter\CodeIgniter->createController()
#4 /home/hikarimo/public_html/vendor/codeigniter4/framework/system/CodeIgniter.php(318): CodeIgniter\CodeIgniter->handleRequest(NULL, Object(Config\Cache), false)
#5 /home/hikarimo/public_html/index.php(37): CodeIgniter\CodeIgniter->run()
#6 {main}
CRITICAL - 2025-12-02 19:53:40 --> mysqli_fetch_assoc() expects parameter 1 to be mysqli_result, bool given
#0 [internal function]: CodeIgniter\Debug\Exceptions->errorHandler(2, 'mysqli_fetch_as...', '/home/hikarimo/...', 17, Array)
#1 /home/hikarimo/public_html/app/Controllers/Connect.php(17): mysqli_fetch_assoc(false)
#2 /home/hikarimo/public_html/vendor/codeigniter4/framework/system/CodeIgniter.php(801): App\Controllers\Connect->__construct()
#3 /home/hikarimo/public_html/vendor/codeigniter4/framework/system/CodeIgniter.php(401): CodeIgniter\CodeIgniter->createController()
#4 /home/hikarimo/public_html/vendor/codeigniter4/framework/system/CodeIgniter.php(318): CodeIgniter\CodeIgniter->handleRequest(NULL, Object(Config\Cache), false)
#5 /home/hikarimo/public_html/index.php(37): CodeIgniter\CodeIgniter->run()
#6 {main}
CRITICAL - 2025-12-02 19:53:41 --> mysqli_fetch_assoc() expects parameter 1 to be mysqli_result, bool given
#0 [internal function]: CodeIgniter\Debug\Exceptions->errorHandler(2, 'mysqli_fetch_as...', '/home/hikarimo/...', 17, Array)
#1 /home/hikarimo/public_html/app/Controllers/Connect.php(17): mysqli_fetch_assoc(false)
#2 /home/hikarimo/public_html/vendor/codeigniter4/framework/system/CodeIgniter.php(801): App\Controllers\Connect->__construct()
#3 /home/hikarimo/public_html/vendor/codeigniter4/framework/system/CodeIgniter.php(401): CodeIgniter\CodeIgniter->createController()
#4 /home/hikarimo/public_html/vendor/codeigniter4/framework/system/CodeIgniter.php(318): CodeIgniter\CodeIgniter->handleRequest(NULL, Object(Config\Cache), false)
#5 /home/hikarimo/public_html/index.php(37): CodeIgniter\CodeIgniter->run()
#6 {main}
CRITICAL - 2025-12-02 19:53:43 --> mysqli_fetch_assoc() expects parameter 1 to be mysqli_result, bool given
#0 [internal function]: CodeIgniter\Debug\Exceptions->errorHandler(2, 'mysqli_fetch_as...', '/home/hikarimo/...', 17, Array)
#1 /home/hikarimo/public_html/app/Controllers/Connect.php(17): mysqli_fetch_assoc(false)
#2 /home/hikarimo/public_html/vendor/codeigniter4/framework/system/CodeIgniter.php(801): App\Controllers\Connect->__construct()
#3 /home/hikarimo/public_html/vendor/codeigniter4/framework/system/CodeIgniter.php(401): CodeIgniter\CodeIgniter->createController()
#4 /home/hikarimo/public_html/vendor/codeigniter4/framework/system/CodeIgniter.php(318): CodeIgniter\CodeIgniter->handleRequest(NULL, Object(Config\Cache), false)
#5 /home/hikarimo/public_html/index.php(37): CodeIgniter\CodeIgniter->run()
#6 {main}
ERROR - 2025-12-02 19:53:47 --> Table 'hikarimo_bantiopp.users' doesn't exist
CRITICAL - 2025-12-02 19:53:47 --> Table 'hikarimo_bantiopp.users' doesn't exist
#0 /home/hikarimo/public_html/vendor/codeigniter4/framework/system/Database/MySQLi/Connection.php(292): mysqli->query('SELECT 1\nFROM `...', 0)
#1 /home/hikarimo/public_html/vendor/codeigniter4/framework/system/Database/BaseConnection.php(670): CodeIgniter\Database\MySQLi\Connection->execute('SELECT 1\nFROM `...')
#2 /home/hikarimo/public_html/vendor/codeigniter4/framework/system/Database/BaseConnection.php(598): CodeIgniter\Database\BaseConnection->simpleQuery('SELECT 1\nFROM `...')
#3 /home/hikarimo/public_html/vendor/codeigniter4/framework/system/Database/BaseBuilder.php(1443): CodeIgniter\Database\BaseConnection->query('SELECT 1\nFROM `...', Array, false)
#4 /home/hikarimo/public_html/vendor/codeigniter4/framework/system/Validation/Rules.php(116): CodeIgniter\Database\BaseBuilder->get()
#5 /home/hikarimo/public_html/vendor/codeigniter4/framework/system/Validation/Validation.php(277): CodeIgniter\Validation\Rules->is_not_unique('BANTIBHAIYA69', 'username', Array, NULL)
#6 /home/hikarimo/public_html/vendor/codeigniter4/framework/system/Validation/Validation.php(151): CodeIgniter\Validation\Validation->processRules('username', 'username', 'BANTIBHAIYA69', Array, Array)
#7 /home/hikarimo/public_html/vendor/codeigniter4/framework/system/Controller.php(160): CodeIgniter\Validation\Validation->run()
#8 /home/hikarimo/public_html/app/Controllers/Auth.php(43): CodeIgniter\Controller->validate(Array)
#9 /home/hikarimo/public_html/app/Controllers/Auth.php(23): App\Controllers\Auth->login_action()
#10 /home/hikarimo/public_html/vendor/codeigniter4/framework/system/CodeIgniter.php(824): App\Controllers\Auth->login()
#11 /home/hikarimo/public_html/vendor/codeigniter4/framework/system/CodeIgniter.php(410): CodeIgniter\CodeIgniter->runController(Object(App\Controllers\Auth))
#12 /home/hikarimo/public_html/vendor/codeigniter4/framework/system/CodeIgniter.php(318): CodeIgniter\CodeIgniter->handleRequest(NULL, Object(Config\Cache), false)
#13 /home/hikarimo/public_html/index.php(37): CodeIgniter\CodeIgniter->run()
#14 {main}
CRITICAL - 2025-12-02 19:53:51 --> mysqli_fetch_assoc() expects parameter 1 to be mysqli_result, bool given
#0 [internal function]: CodeIgniter\Debug\Exceptions->errorHandler(2, 'mysqli_fetch_as...', '/home/hikarimo/...', 17, Array)
#1 /home/hikarimo/public_html/app/Controllers/Connect.php(17): mysqli_fetch_assoc(false)
#2 /home/hikarimo/public_html/vendor/codeigniter4/framework/system/CodeIgniter.php(801): App\Controllers\Connect->__construct()
#3 /home/hikarimo/public_html/vendor/codeigniter4/framework/system/CodeIgniter.php(401): CodeIgniter\CodeIgniter->createController()
#4 /home/hikarimo/public_html/vendor/codeigniter4/framework/system/CodeIgniter.php(318): CodeIgniter\CodeIgniter->handleRequest(NULL, Object(Config\Cache), false)
#5 /home/hikarimo/public_html/index.php(37): CodeIgniter\CodeIgniter->run()
#6 {main}
CRITICAL - 2025-12-02 19:54:53 --> mysqli_fetch_assoc() expects parameter 1 to be mysqli_result, bool given
#0 [internal function]: CodeIgniter\Debug\Exceptions->errorHandler(2, 'mysqli_fetch_as...', '/home/hikarimo/...', 17, Array)
#1 /home/hikarimo/public_html/app/Controllers/Connect.php(17): mysqli_fetch_assoc(false)
#2 /home/hikarimo/public_html/vendor/codeigniter4/framework/system/CodeIgniter.php(801): App\Controllers\Connect->__construct()
#3 /home/hikarimo/public_html/vendor/codeigniter4/framework/system/CodeIgniter.php(401): CodeIgniter\CodeIgniter->createController()
#4 /home/hikarimo/public_html/vendor/codeigniter4/framework/system/CodeIgniter.php(318): CodeIgniter\CodeIgniter->handleRequest(NULL, Object(Config\Cache), false)
#5 /home/hikarimo/public_html/index.php(37): CodeIgniter\CodeIgniter->run()
#6 {main}
