ERROR - 2026-07-27 00:00:50 --> Telegram controller called
ERROR - 2026-07-27 00:00:50 --> Table 'xkynpbah_titoo.telegram_premium' doesn't exist
CRITICAL - 2026-07-27 00:00:50 --> Table 'xkynpbah_titoo.telegram_premium' doesn't exist
#0 /home/xkynpbah/public_html/vendor/codeigniter4/framework/system/Database/MySQLi/Connection.php(292): mysqli->query('SELECT COUNT(*)...', 0)
#1 /home/xkynpbah/public_html/vendor/codeigniter4/framework/system/Database/BaseConnection.php(670): CodeIgniter\Database\MySQLi\Connection->execute('SELECT COUNT(*)...')
#2 /home/xkynpbah/public_html/vendor/codeigniter4/framework/system/Database/BaseConnection.php(598): CodeIgniter\Database\BaseConnection->simpleQuery('SELECT COUNT(*)...')
#3 /home/xkynpbah/public_html/vendor/codeigniter4/framework/system/Database/BaseBuilder.php(1527): CodeIgniter\Database\BaseConnection->query('SELECT COUNT(*)...', Array, false)
#4 /home/xkynpbah/public_html/app/Controllers/Telegram.php(165): CodeIgniter\Database\BaseBuilder->countAllResults()
#5 /home/xkynpbah/public_html/app/Controllers/Telegram.php(124): App\Controllers\Telegram->askForResetConfirmation(6719727245, 6719727245, Object(stdClass), 'akashbabu', Object(stdClass))
#6 /home/xkynpbah/public_html/vendor/codeigniter4/framework/system/CodeIgniter.php(824): App\Controllers\Telegram->index()
#7 /home/xkynpbah/public_html/vendor/codeigniter4/framework/system/CodeIgniter.php(410): CodeIgniter\CodeIgniter->runController(Object(App\Controllers\Telegram))
#8 /home/xkynpbah/public_html/vendor/codeigniter4/framework/system/CodeIgniter.php(318): CodeIgniter\CodeIgniter->handleRequest(NULL, Object(Config\Cache), false)
#9 /home/xkynpbah/public_html/index.php(37): CodeIgniter\CodeIgniter->run()
#10 {main}
ERROR - 2026-07-27 00:02:15 --> Telegram controller called
ERROR - 2026-07-27 00:02:15 --> Table 'xkynpbah_titoo.telegram_premium' doesn't exist
CRITICAL - 2026-07-27 00:02:15 --> Table 'xkynpbah_titoo.telegram_premium' doesn't exist
#0 /home/xkynpbah/public_html/vendor/codeigniter4/framework/system/Database/MySQLi/Connection.php(292): mysqli->query('SELECT COUNT(*)...', 0)
#1 /home/xkynpbah/public_html/vendor/codeigniter4/framework/system/Database/BaseConnection.php(670): CodeIgniter\Database\MySQLi\Connection->execute('SELECT COUNT(*)...')
#2 /home/xkynpbah/public_html/vendor/codeigniter4/framework/system/Database/BaseConnection.php(598): CodeIgniter\Database\BaseConnection->simpleQuery('SELECT COUNT(*)...')
#3 /home/xkynpbah/public_html/vendor/codeigniter4/framework/system/Database/BaseBuilder.php(1527): CodeIgniter\Database\BaseConnection->query('SELECT COUNT(*)...', Array, false)
#4 /home/xkynpbah/public_html/app/Controllers/Telegram.php(165): CodeIgniter\Database\BaseBuilder->countAllResults()
#5 /home/xkynpbah/public_html/app/Controllers/Telegram.php(124): App\Controllers\Telegram->askForResetConfirmation(6719727245, 6719727245, Object(stdClass), 'akashbabu', Object(stdClass))
#6 /home/xkynpbah/public_html/vendor/codeigniter4/framework/system/CodeIgniter.php(824): App\Controllers\Telegram->index()
#7 /home/xkynpbah/public_html/vendor/codeigniter4/framework/system/CodeIgniter.php(410): CodeIgniter\CodeIgniter->runController(Object(App\Controllers\Telegram))
#8 /home/xkynpbah/public_html/vendor/codeigniter4/framework/system/CodeIgniter.php(318): CodeIgniter\CodeIgniter->handleRequest(NULL, Object(Config\Cache), false)
#9 /home/xkynpbah/public_html/index.php(37): CodeIgniter\CodeIgniter->run()
#10 {main}
ERROR - 2026-07-27 00:03:54 --> Telegram controller called
ERROR - 2026-07-27 00:03:54 --> Table 'xkynpbah_titoo.telegram_premium' doesn't exist
CRITICAL - 2026-07-27 00:03:54 --> Table 'xkynpbah_titoo.telegram_premium' doesn't exist
#0 /home/xkynpbah/public_html/vendor/codeigniter4/framework/system/Database/MySQLi/Connection.php(292): mysqli->query('SELECT COUNT(*)...', 0)
#1 /home/xkynpbah/public_html/vendor/codeigniter4/framework/system/Database/BaseConnection.php(670): CodeIgniter\Database\MySQLi\Connection->execute('SELECT COUNT(*)...')
#2 /home/xkynpbah/public_html/vendor/codeigniter4/framework/system/Database/BaseConnection.php(598): CodeIgniter\Database\BaseConnection->simpleQuery('SELECT COUNT(*)...')
#3 /home/xkynpbah/public_html/vendor/codeigniter4/framework/system/Database/BaseBuilder.php(1527): CodeIgniter\Database\BaseConnection->query('SELECT COUNT(*)...', Array, false)
#4 /home/xkynpbah/public_html/app/Controllers/Telegram.php(165): CodeIgniter\Database\BaseBuilder->countAllResults()
#5 /home/xkynpbah/public_html/app/Controllers/Telegram.php(124): App\Controllers\Telegram->askForResetConfirmation(6719727245, 6719727245, Object(stdClass), 'akashbabu', Object(stdClass))
#6 /home/xkynpbah/public_html/vendor/codeigniter4/framework/system/CodeIgniter.php(824): App\Controllers\Telegram->index()
#7 /home/xkynpbah/public_html/vendor/codeigniter4/framework/system/CodeIgniter.php(410): CodeIgniter\CodeIgniter->runController(Object(App\Controllers\Telegram))
#8 /home/xkynpbah/public_html/vendor/codeigniter4/framework/system/CodeIgniter.php(318): CodeIgniter\CodeIgniter->handleRequest(NULL, Object(Config\Cache), false)
#9 /home/xkynpbah/public_html/index.php(37): CodeIgniter\CodeIgniter->run()
#10 {main}
ERROR - 2026-07-27 00:05:22 --> Telegram controller called
ERROR - 2026-07-27 00:05:22 --> Table 'xkynpbah_titoo.telegram_premium' doesn't exist
CRITICAL - 2026-07-27 00:05:22 --> Table 'xkynpbah_titoo.telegram_premium' doesn't exist
#0 /home/xkynpbah/public_html/vendor/codeigniter4/framework/system/Database/MySQLi/Connection.php(292): mysqli->query('SELECT COUNT(*)...', 0)
#1 /home/xkynpbah/public_html/vendor/codeigniter4/framework/system/Database/BaseConnection.php(670): CodeIgniter\Database\MySQLi\Connection->execute('SELECT COUNT(*)...')
#2 /home/xkynpbah/public_html/vendor/codeigniter4/framework/system/Database/BaseConnection.php(598): CodeIgniter\Database\BaseConnection->simpleQuery('SELECT COUNT(*)...')
#3 /home/xkynpbah/public_html/vendor/codeigniter4/framework/system/Database/BaseBuilder.php(1527): CodeIgniter\Database\BaseConnection->query('SELECT COUNT(*)...', Array, false)
#4 /home/xkynpbah/public_html/app/Controllers/Telegram.php(165): CodeIgniter\Database\BaseBuilder->countAllResults()
#5 /home/xkynpbah/public_html/app/Controllers/Telegram.php(124): App\Controllers\Telegram->askForResetConfirmation(6719727245, 6719727245, Object(stdClass), 'akashbabu', Object(stdClass))
#6 /home/xkynpbah/public_html/vendor/codeigniter4/framework/system/CodeIgniter.php(824): App\Controllers\Telegram->index()
#7 /home/xkynpbah/public_html/vendor/codeigniter4/framework/system/CodeIgniter.php(410): CodeIgniter\CodeIgniter->runController(Object(App\Controllers\Telegram))
#8 /home/xkynpbah/public_html/vendor/codeigniter4/framework/system/CodeIgniter.php(318): CodeIgniter\CodeIgniter->handleRequest(NULL, Object(Config\Cache), false)
#9 /home/xkynpbah/public_html/index.php(37): CodeIgniter\CodeIgniter->run()
#10 {main}
ERROR - 2026-07-27 00:07:11 --> Telegram controller called
ERROR - 2026-07-27 00:07:11 --> Table 'xkynpbah_titoo.telegram_premium' doesn't exist
CRITICAL - 2026-07-27 00:07:11 --> Table 'xkynpbah_titoo.telegram_premium' doesn't exist
#0 /home/xkynpbah/public_html/vendor/codeigniter4/framework/system/Database/MySQLi/Connection.php(292): mysqli->query('SELECT COUNT(*)...', 0)
#1 /home/xkynpbah/public_html/vendor/codeigniter4/framework/system/Database/BaseConnection.php(670): CodeIgniter\Database\MySQLi\Connection->execute('SELECT COUNT(*)...')
#2 /home/xkynpbah/public_html/vendor/codeigniter4/framework/system/Database/BaseConnection.php(598): CodeIgniter\Database\BaseConnection->simpleQuery('SELECT COUNT(*)...')
#3 /home/xkynpbah/public_html/vendor/codeigniter4/framework/system/Database/BaseBuilder.php(1527): CodeIgniter\Database\BaseConnection->query('SELECT COUNT(*)...', Array, false)
#4 /home/xkynpbah/public_html/app/Controllers/Telegram.php(165): CodeIgniter\Database\BaseBuilder->countAllResults()
#5 /home/xkynpbah/public_html/app/Controllers/Telegram.php(124): App\Controllers\Telegram->askForResetConfirmation(6719727245, 6719727245, Object(stdClass), 'akashbabu', Object(stdClass))
#6 /home/xkynpbah/public_html/vendor/codeigniter4/framework/system/CodeIgniter.php(824): App\Controllers\Telegram->index()
#7 /home/xkynpbah/public_html/vendor/codeigniter4/framework/system/CodeIgniter.php(410): CodeIgniter\CodeIgniter->runController(Object(App\Controllers\Telegram))
#8 /home/xkynpbah/public_html/vendor/codeigniter4/framework/system/CodeIgniter.php(318): CodeIgniter\CodeIgniter->handleRequest(NULL, Object(Config\Cache), false)
#9 /home/xkynpbah/public_html/index.php(37): CodeIgniter\CodeIgniter->run()
#10 {main}
ERROR - 2026-07-27 00:08:16 --> Telegram controller called
ERROR - 2026-07-27 00:08:16 --> Table 'xkynpbah_titoo.telegram_premium' doesn't exist
CRITICAL - 2026-07-27 00:08:16 --> Table 'xkynpbah_titoo.telegram_premium' doesn't exist
#0 /home/xkynpbah/public_html/vendor/codeigniter4/framework/system/Database/MySQLi/Connection.php(292): mysqli->query('SELECT COUNT(*)...', 0)
#1 /home/xkynpbah/public_html/vendor/codeigniter4/framework/system/Database/BaseConnection.php(670): CodeIgniter\Database\MySQLi\Connection->execute('SELECT COUNT(*)...')
#2 /home/xkynpbah/public_html/vendor/codeigniter4/framework/system/Database/BaseConnection.php(598): CodeIgniter\Database\BaseConnection->simpleQuery('SELECT COUNT(*)...')
#3 /home/xkynpbah/public_html/vendor/codeigniter4/framework/system/Database/BaseBuilder.php(1527): CodeIgniter\Database\BaseConnection->query('SELECT COUNT(*)...', Array, false)
#4 /home/xkynpbah/public_html/app/Controllers/Telegram.php(165): CodeIgniter\Database\BaseBuilder->countAllResults()
#5 /home/xkynpbah/public_html/app/Controllers/Telegram.php(124): App\Controllers\Telegram->askForResetConfirmation(6719727245, 6719727245, Object(stdClass), 'akashbabu', Object(stdClass))
#6 /home/xkynpbah/public_html/vendor/codeigniter4/framework/system/CodeIgniter.php(824): App\Controllers\Telegram->index()
#7 /home/xkynpbah/public_html/vendor/codeigniter4/framework/system/CodeIgniter.php(410): CodeIgniter\CodeIgniter->runController(Object(App\Controllers\Telegram))
#8 /home/xkynpbah/public_html/vendor/codeigniter4/framework/system/CodeIgniter.php(318): CodeIgniter\CodeIgniter->handleRequest(NULL, Object(Config\Cache), false)
#9 /home/xkynpbah/public_html/index.php(37): CodeIgniter\CodeIgniter->run()
#10 {main}
ERROR - 2026-07-27 00:09:27 --> Telegram controller called
ERROR - 2026-07-27 00:09:27 --> Table 'xkynpbah_titoo.telegram_premium' doesn't exist
CRITICAL - 2026-07-27 00:09:27 --> Table 'xkynpbah_titoo.telegram_premium' doesn't exist
#0 /home/xkynpbah/public_html/vendor/codeigniter4/framework/system/Database/MySQLi/Connection.php(292): mysqli->query('SELECT COUNT(*)...', 0)
#1 /home/xkynpbah/public_html/vendor/codeigniter4/framework/system/Database/BaseConnection.php(670): CodeIgniter\Database\MySQLi\Connection->execute('SELECT COUNT(*)...')
#2 /home/xkynpbah/public_html/vendor/codeigniter4/framework/system/Database/BaseConnection.php(598): CodeIgniter\Database\BaseConnection->simpleQuery('SELECT COUNT(*)...')
#3 /home/xkynpbah/public_html/vendor/codeigniter4/framework/system/Database/BaseBuilder.php(1527): CodeIgniter\Database\BaseConnection->query('SELECT COUNT(*)...', Array, false)
#4 /home/xkynpbah/public_html/app/Controllers/Telegram.php(165): CodeIgniter\Database\BaseBuilder->countAllResults()
#5 /home/xkynpbah/public_html/app/Controllers/Telegram.php(124): App\Controllers\Telegram->askForResetConfirmation(6719727245, 6719727245, Object(stdClass), 'akashbabu', Object(stdClass))
#6 /home/xkynpbah/public_html/vendor/codeigniter4/framework/system/CodeIgniter.php(824): App\Controllers\Telegram->index()
#7 /home/xkynpbah/public_html/vendor/codeigniter4/framework/system/CodeIgniter.php(410): CodeIgniter\CodeIgniter->runController(Object(App\Controllers\Telegram))
#8 /home/xkynpbah/public_html/vendor/codeigniter4/framework/system/CodeIgniter.php(318): CodeIgniter\CodeIgniter->handleRequest(NULL, Object(Config\Cache), false)
#9 /home/xkynpbah/public_html/index.php(37): CodeIgniter\CodeIgniter->run()
#10 {main}
ERROR - 2026-07-27 00:11:03 --> Telegram controller called
ERROR - 2026-07-27 00:11:03 --> Table 'xkynpbah_titoo.telegram_premium' doesn't exist
CRITICAL - 2026-07-27 00:11:03 --> Table 'xkynpbah_titoo.telegram_premium' doesn't exist
#0 /home/xkynpbah/public_html/vendor/codeigniter4/framework/system/Database/MySQLi/Connection.php(292): mysqli->query('SELECT COUNT(*)...', 0)
#1 /home/xkynpbah/public_html/vendor/codeigniter4/framework/system/Database/BaseConnection.php(670): CodeIgniter\Database\MySQLi\Connection->execute('SELECT COUNT(*)...')
#2 /home/xkynpbah/public_html/vendor/codeigniter4/framework/system/Database/BaseConnection.php(598): CodeIgniter\Database\BaseConnection->simpleQuery('SELECT COUNT(*)...')
#3 /home/xkynpbah/public_html/vendor/codeigniter4/framework/system/Database/BaseBuilder.php(1527): CodeIgniter\Database\BaseConnection->query('SELECT COUNT(*)...', Array, false)
#4 /home/xkynpbah/public_html/app/Controllers/Telegram.php(165): CodeIgniter\Database\BaseBuilder->countAllResults()
#5 /home/xkynpbah/public_html/app/Controllers/Telegram.php(124): App\Controllers\Telegram->askForResetConfirmation(6719727245, 6719727245, Object(stdClass), 'akashbabu', Object(stdClass))
#6 /home/xkynpbah/public_html/vendor/codeigniter4/framework/system/CodeIgniter.php(824): App\Controllers\Telegram->index()
#7 /home/xkynpbah/public_html/vendor/codeigniter4/framework/system/CodeIgniter.php(410): CodeIgniter\CodeIgniter->runController(Object(App\Controllers\Telegram))
#8 /home/xkynpbah/public_html/vendor/codeigniter4/framework/system/CodeIgniter.php(318): CodeIgniter\CodeIgniter->handleRequest(NULL, Object(Config\Cache), false)
#9 /home/xkynpbah/public_html/index.php(37): CodeIgniter\CodeIgniter->run()
#10 {main}
ERROR - 2026-07-27 00:12:18 --> Telegram controller called
ERROR - 2026-07-27 00:12:18 --> Table 'xkynpbah_titoo.telegram_premium' doesn't exist
CRITICAL - 2026-07-27 00:12:18 --> Table 'xkynpbah_titoo.telegram_premium' doesn't exist
#0 /home/xkynpbah/public_html/vendor/codeigniter4/framework/system/Database/MySQLi/Connection.php(292): mysqli->query('SELECT COUNT(*)...', 0)
#1 /home/xkynpbah/public_html/vendor/codeigniter4/framework/system/Database/BaseConnection.php(670): CodeIgniter\Database\MySQLi\Connection->execute('SELECT COUNT(*)...')
#2 /home/xkynpbah/public_html/vendor/codeigniter4/framework/system/Database/BaseConnection.php(598): CodeIgniter\Database\BaseConnection->simpleQuery('SELECT COUNT(*)...')
#3 /home/xkynpbah/public_html/vendor/codeigniter4/framework/system/Database/BaseBuilder.php(1527): CodeIgniter\Database\BaseConnection->query('SELECT COUNT(*)...', Array, false)
#4 /home/xkynpbah/public_html/app/Controllers/Telegram.php(165): CodeIgniter\Database\BaseBuilder->countAllResults()
#5 /home/xkynpbah/public_html/app/Controllers/Telegram.php(124): App\Controllers\Telegram->askForResetConfirmation(6719727245, 6719727245, Object(stdClass), 'akashbabu', Object(stdClass))
#6 /home/xkynpbah/public_html/vendor/codeigniter4/framework/system/CodeIgniter.php(824): App\Controllers\Telegram->index()
#7 /home/xkynpbah/public_html/vendor/codeigniter4/framework/system/CodeIgniter.php(410): CodeIgniter\CodeIgniter->runController(Object(App\Controllers\Telegram))
#8 /home/xkynpbah/public_html/vendor/codeigniter4/framework/system/CodeIgniter.php(318): CodeIgniter\CodeIgniter->handleRequest(NULL, Object(Config\Cache), false)
#9 /home/xkynpbah/public_html/index.php(37): CodeIgniter\CodeIgniter->run()
#10 {main}
ERROR - 2026-07-27 00:13:47 --> Telegram controller called
ERROR - 2026-07-27 00:13:47 --> Table 'xkynpbah_titoo.telegram_premium' doesn't exist
CRITICAL - 2026-07-27 00:13:47 --> Table 'xkynpbah_titoo.telegram_premium' doesn't exist
#0 /home/xkynpbah/public_html/vendor/codeigniter4/framework/system/Database/MySQLi/Connection.php(292): mysqli->query('SELECT COUNT(*)...', 0)
#1 /home/xkynpbah/public_html/vendor/codeigniter4/framework/system/Database/BaseConnection.php(670): CodeIgniter\Database\MySQLi\Connection->execute('SELECT COUNT(*)...')
#2 /home/xkynpbah/public_html/vendor/codeigniter4/framework/system/Database/BaseConnection.php(598): CodeIgniter\Database\BaseConnection->simpleQuery('SELECT COUNT(*)...')
#3 /home/xkynpbah/public_html/vendor/codeigniter4/framework/system/Database/BaseBuilder.php(1527): CodeIgniter\Database\BaseConnection->query('SELECT COUNT(*)...', Array, false)
#4 /home/xkynpbah/public_html/app/Controllers/Telegram.php(165): CodeIgniter\Database\BaseBuilder->countAllResults()
#5 /home/xkynpbah/public_html/app/Controllers/Telegram.php(124): App\Controllers\Telegram->askForResetConfirmation(6719727245, 6719727245, Object(stdClass), 'akashbabu', Object(stdClass))
#6 /home/xkynpbah/public_html/vendor/codeigniter4/framework/system/CodeIgniter.php(824): App\Controllers\Telegram->index()
#7 /home/xkynpbah/public_html/vendor/codeigniter4/framework/system/CodeIgniter.php(410): CodeIgniter\CodeIgniter->runController(Object(App\Controllers\Telegram))
#8 /home/xkynpbah/public_html/vendor/codeigniter4/framework/system/CodeIgniter.php(318): CodeIgniter\CodeIgniter->handleRequest(NULL, Object(Config\Cache), false)
#9 /home/xkynpbah/public_html/index.php(37): CodeIgniter\CodeIgniter->run()
#10 {main}
ERROR - 2026-07-27 00:14:58 --> Telegram controller called
ERROR - 2026-07-27 00:14:58 --> Table 'xkynpbah_titoo.telegram_premium' doesn't exist
CRITICAL - 2026-07-27 00:14:58 --> Table 'xkynpbah_titoo.telegram_premium' doesn't exist
#0 /home/xkynpbah/public_html/vendor/codeigniter4/framework/system/Database/MySQLi/Connection.php(292): mysqli->query('SELECT COUNT(*)...', 0)
#1 /home/xkynpbah/public_html/vendor/codeigniter4/framework/system/Database/BaseConnection.php(670): CodeIgniter\Database\MySQLi\Connection->execute('SELECT COUNT(*)...')
#2 /home/xkynpbah/public_html/vendor/codeigniter4/framework/system/Database/BaseConnection.php(598): CodeIgniter\Database\BaseConnection->simpleQuery('SELECT COUNT(*)...')
#3 /home/xkynpbah/public_html/vendor/codeigniter4/framework/system/Database/BaseBuilder.php(1527): CodeIgniter\Database\BaseConnection->query('SELECT COUNT(*)...', Array, false)
#4 /home/xkynpbah/public_html/app/Controllers/Telegram.php(165): CodeIgniter\Database\BaseBuilder->countAllResults()
#5 /home/xkynpbah/public_html/app/Controllers/Telegram.php(124): App\Controllers\Telegram->askForResetConfirmation(6719727245, 6719727245, Object(stdClass), 'akashbabu', Object(stdClass))
#6 /home/xkynpbah/public_html/vendor/codeigniter4/framework/system/CodeIgniter.php(824): App\Controllers\Telegram->index()
#7 /home/xkynpbah/public_html/vendor/codeigniter4/framework/system/CodeIgniter.php(410): CodeIgniter\CodeIgniter->runController(Object(App\Controllers\Telegram))
#8 /home/xkynpbah/public_html/vendor/codeigniter4/framework/system/CodeIgniter.php(318): CodeIgniter\CodeIgniter->handleRequest(NULL, Object(Config\Cache), false)
#9 /home/xkynpbah/public_html/index.php(37): CodeIgniter\CodeIgniter->run()
#10 {main}
ERROR - 2026-07-27 00:16:43 --> Telegram controller called
ERROR - 2026-07-27 00:16:43 --> Table 'xkynpbah_titoo.telegram_premium' doesn't exist
CRITICAL - 2026-07-27 00:16:43 --> Table 'xkynpbah_titoo.telegram_premium' doesn't exist
#0 /home/xkynpbah/public_html/vendor/codeigniter4/framework/system/Database/MySQLi/Connection.php(292): mysqli->query('SELECT COUNT(*)...', 0)
#1 /home/xkynpbah/public_html/vendor/codeigniter4/framework/system/Database/BaseConnection.php(670): CodeIgniter\Database\MySQLi\Connection->execute('SELECT COUNT(*)...')
#2 /home/xkynpbah/public_html/vendor/codeigniter4/framework/system/Database/BaseConnection.php(598): CodeIgniter\Database\BaseConnection->simpleQuery('SELECT COUNT(*)...')
#3 /home/xkynpbah/public_html/vendor/codeigniter4/framework/system/Database/BaseBuilder.php(1527): CodeIgniter\Database\BaseConnection->query('SELECT COUNT(*)...', Array, false)
#4 /home/xkynpbah/public_html/app/Controllers/Telegram.php(165): CodeIgniter\Database\BaseBuilder->countAllResults()
#5 /home/xkynpbah/public_html/app/Controllers/Telegram.php(124): App\Controllers\Telegram->askForResetConfirmation(6719727245, 6719727245, Object(stdClass), 'akashbabu', Object(stdClass))
#6 /home/xkynpbah/public_html/vendor/codeigniter4/framework/system/CodeIgniter.php(824): App\Controllers\Telegram->index()
#7 /home/xkynpbah/public_html/vendor/codeigniter4/framework/system/CodeIgniter.php(410): CodeIgniter\CodeIgniter->runController(Object(App\Controllers\Telegram))
#8 /home/xkynpbah/public_html/vendor/codeigniter4/framework/system/CodeIgniter.php(318): CodeIgniter\CodeIgniter->handleRequest(NULL, Object(Config\Cache), false)
#9 /home/xkynpbah/public_html/index.php(37): CodeIgniter\CodeIgniter->run()
#10 {main}
ERROR - 2026-07-27 00:18:30 --> Telegram controller called
ERROR - 2026-07-27 00:18:30 --> Table 'xkynpbah_titoo.telegram_premium' doesn't exist
CRITICAL - 2026-07-27 00:18:30 --> Table 'xkynpbah_titoo.telegram_premium' doesn't exist
#0 /home/xkynpbah/public_html/vendor/codeigniter4/framework/system/Database/MySQLi/Connection.php(292): mysqli->query('SELECT COUNT(*)...', 0)
#1 /home/xkynpbah/public_html/vendor/codeigniter4/framework/system/Database/BaseConnection.php(670): CodeIgniter\Database\MySQLi\Connection->execute('SELECT COUNT(*)...')
#2 /home/xkynpbah/public_html/vendor/codeigniter4/framework/system/Database/BaseConnection.php(598): CodeIgniter\Database\BaseConnection->simpleQuery('SELECT COUNT(*)...')
#3 /home/xkynpbah/public_html/vendor/codeigniter4/framework/system/Database/BaseBuilder.php(1527): CodeIgniter\Database\BaseConnection->query('SELECT COUNT(*)...', Array, false)
#4 /home/xkynpbah/public_html/app/Controllers/Telegram.php(165): CodeIgniter\Database\BaseBuilder->countAllResults()
#5 /home/xkynpbah/public_html/app/Controllers/Telegram.php(124): App\Controllers\Telegram->askForResetConfirmation(6719727245, 6719727245, Object(stdClass), 'akashbabu', Object(stdClass))
#6 /home/xkynpbah/public_html/vendor/codeigniter4/framework/system/CodeIgniter.php(824): App\Controllers\Telegram->index()
#7 /home/xkynpbah/public_html/vendor/codeigniter4/framework/system/CodeIgniter.php(410): CodeIgniter\CodeIgniter->runController(Object(App\Controllers\Telegram))
#8 /home/xkynpbah/public_html/vendor/codeigniter4/framework/system/CodeIgniter.php(318): CodeIgniter\CodeIgniter->handleRequest(NULL, Object(Config\Cache), false)
#9 /home/xkynpbah/public_html/index.php(37): CodeIgniter\CodeIgniter->run()
#10 {main}
ERROR - 2026-07-27 00:20:18 --> Telegram controller called
ERROR - 2026-07-27 00:20:18 --> Table 'xkynpbah_titoo.telegram_premium' doesn't exist
CRITICAL - 2026-07-27 00:20:18 --> Table 'xkynpbah_titoo.telegram_premium' doesn't exist
#0 /home/xkynpbah/public_html/vendor/codeigniter4/framework/system/Database/MySQLi/Connection.php(292): mysqli->query('SELECT COUNT(*)...', 0)
#1 /home/xkynpbah/public_html/vendor/codeigniter4/framework/system/Database/BaseConnection.php(670): CodeIgniter\Database\MySQLi\Connection->execute('SELECT COUNT(*)...')
#2 /home/xkynpbah/public_html/vendor/codeigniter4/framework/system/Database/BaseConnection.php(598): CodeIgniter\Database\BaseConnection->simpleQuery('SELECT COUNT(*)...')
#3 /home/xkynpbah/public_html/vendor/codeigniter4/framework/system/Database/BaseBuilder.php(1527): CodeIgniter\Database\BaseConnection->query('SELECT COUNT(*)...', Array, false)
#4 /home/xkynpbah/public_html/app/Controllers/Telegram.php(165): CodeIgniter\Database\BaseBuilder->countAllResults()
#5 /home/xkynpbah/public_html/app/Controllers/Telegram.php(124): App\Controllers\Telegram->askForResetConfirmation(6719727245, 6719727245, Object(stdClass), 'akashbabu', Object(stdClass))
#6 /home/xkynpbah/public_html/vendor/codeigniter4/framework/system/CodeIgniter.php(824): App\Controllers\Telegram->index()
#7 /home/xkynpbah/public_html/vendor/codeigniter4/framework/system/CodeIgniter.php(410): CodeIgniter\CodeIgniter->runController(Object(App\Controllers\Telegram))
#8 /home/xkynpbah/public_html/vendor/codeigniter4/framework/system/CodeIgniter.php(318): CodeIgniter\CodeIgniter->handleRequest(NULL, Object(Config\Cache), false)
#9 /home/xkynpbah/public_html/index.php(37): CodeIgniter\CodeIgniter->run()
#10 {main}
ERROR - 2026-07-27 00:22:13 --> Telegram controller called
ERROR - 2026-07-27 00:22:13 --> Table 'xkynpbah_titoo.telegram_premium' doesn't exist
CRITICAL - 2026-07-27 00:22:13 --> Table 'xkynpbah_titoo.telegram_premium' doesn't exist
#0 /home/xkynpbah/public_html/vendor/codeigniter4/framework/system/Database/MySQLi/Connection.php(292): mysqli->query('SELECT COUNT(*)...', 0)
#1 /home/xkynpbah/public_html/vendor/codeigniter4/framework/system/Database/BaseConnection.php(670): CodeIgniter\Database\MySQLi\Connection->execute('SELECT COUNT(*)...')
#2 /home/xkynpbah/public_html/vendor/codeigniter4/framework/system/Database/BaseConnection.php(598): CodeIgniter\Database\BaseConnection->simpleQuery('SELECT COUNT(*)...')
#3 /home/xkynpbah/public_html/vendor/codeigniter4/framework/system/Database/BaseBuilder.php(1527): CodeIgniter\Database\BaseConnection->query('SELECT COUNT(*)...', Array, false)
#4 /home/xkynpbah/public_html/app/Controllers/Telegram.php(165): CodeIgniter\Database\BaseBuilder->countAllResults()
#5 /home/xkynpbah/public_html/app/Controllers/Telegram.php(124): App\Controllers\Telegram->askForResetConfirmation(6719727245, 6719727245, Object(stdClass), 'akashbabu', Object(stdClass))
#6 /home/xkynpbah/public_html/vendor/codeigniter4/framework/system/CodeIgniter.php(824): App\Controllers\Telegram->index()
#7 /home/xkynpbah/public_html/vendor/codeigniter4/framework/system/CodeIgniter.php(410): CodeIgniter\CodeIgniter->runController(Object(App\Controllers\Telegram))
#8 /home/xkynpbah/public_html/vendor/codeigniter4/framework/system/CodeIgniter.php(318): CodeIgniter\CodeIgniter->handleRequest(NULL, Object(Config\Cache), false)
#9 /home/xkynpbah/public_html/index.php(37): CodeIgniter\CodeIgniter->run()
#10 {main}
ERROR - 2026-07-27 00:23:58 --> Telegram controller called
ERROR - 2026-07-27 00:23:58 --> Table 'xkynpbah_titoo.telegram_premium' doesn't exist
CRITICAL - 2026-07-27 00:23:58 --> Table 'xkynpbah_titoo.telegram_premium' doesn't exist
#0 /home/xkynpbah/public_html/vendor/codeigniter4/framework/system/Database/MySQLi/Connection.php(292): mysqli->query('SELECT COUNT(*)...', 0)
#1 /home/xkynpbah/public_html/vendor/codeigniter4/framework/system/Database/BaseConnection.php(670): CodeIgniter\Database\MySQLi\Connection->execute('SELECT COUNT(*)...')
#2 /home/xkynpbah/public_html/vendor/codeigniter4/framework/system/Database/BaseConnection.php(598): CodeIgniter\Database\BaseConnection->simpleQuery('SELECT COUNT(*)...')
#3 /home/xkynpbah/public_html/vendor/codeigniter4/framework/system/Database/BaseBuilder.php(1527): CodeIgniter\Database\BaseConnection->query('SELECT COUNT(*)...', Array, false)
#4 /home/xkynpbah/public_html/app/Controllers/Telegram.php(165): CodeIgniter\Database\BaseBuilder->countAllResults()
#5 /home/xkynpbah/public_html/app/Controllers/Telegram.php(124): App\Controllers\Telegram->askForResetConfirmation(6719727245, 6719727245, Object(stdClass), 'akashbabu', Object(stdClass))
#6 /home/xkynpbah/public_html/vendor/codeigniter4/framework/system/CodeIgniter.php(824): App\Controllers\Telegram->index()
#7 /home/xkynpbah/public_html/vendor/codeigniter4/framework/system/CodeIgniter.php(410): CodeIgniter\CodeIgniter->runController(Object(App\Controllers\Telegram))
#8 /home/xkynpbah/public_html/vendor/codeigniter4/framework/system/CodeIgniter.php(318): CodeIgniter\CodeIgniter->handleRequest(NULL, Object(Config\Cache), false)
#9 /home/xkynpbah/public_html/index.php(37): CodeIgniter\CodeIgniter->run()
#10 {main}
ERROR - 2026-07-27 00:25:06 --> Telegram controller called
ERROR - 2026-07-27 00:25:06 --> Table 'xkynpbah_titoo.telegram_premium' doesn't exist
CRITICAL - 2026-07-27 00:25:06 --> Table 'xkynpbah_titoo.telegram_premium' doesn't exist
#0 /home/xkynpbah/public_html/vendor/codeigniter4/framework/system/Database/MySQLi/Connection.php(292): mysqli->query('SELECT COUNT(*)...', 0)
#1 /home/xkynpbah/public_html/vendor/codeigniter4/framework/system/Database/BaseConnection.php(670): CodeIgniter\Database\MySQLi\Connection->execute('SELECT COUNT(*)...')
#2 /home/xkynpbah/public_html/vendor/codeigniter4/framework/system/Database/BaseConnection.php(598): CodeIgniter\Database\BaseConnection->simpleQuery('SELECT COUNT(*)...')
#3 /home/xkynpbah/public_html/vendor/codeigniter4/framework/system/Database/BaseBuilder.php(1527): CodeIgniter\Database\BaseConnection->query('SELECT COUNT(*)...', Array, false)
#4 /home/xkynpbah/public_html/app/Controllers/Telegram.php(165): CodeIgniter\Database\BaseBuilder->countAllResults()
#5 /home/xkynpbah/public_html/app/Controllers/Telegram.php(124): App\Controllers\Telegram->askForResetConfirmation(6719727245, 6719727245, Object(stdClass), 'akashbabu', Object(stdClass))
#6 /home/xkynpbah/public_html/vendor/codeigniter4/framework/system/CodeIgniter.php(824): App\Controllers\Telegram->index()
#7 /home/xkynpbah/public_html/vendor/codeigniter4/framework/system/CodeIgniter.php(410): CodeIgniter\CodeIgniter->runController(Object(App\Controllers\Telegram))
#8 /home/xkynpbah/public_html/vendor/codeigniter4/framework/system/CodeIgniter.php(318): CodeIgniter\CodeIgniter->handleRequest(NULL, Object(Config\Cache), false)
#9 /home/xkynpbah/public_html/index.php(37): CodeIgniter\CodeIgniter->run()
#10 {main}
ERROR - 2026-07-27 00:27:04 --> Telegram controller called
ERROR - 2026-07-27 00:27:04 --> Table 'xkynpbah_titoo.telegram_premium' doesn't exist
CRITICAL - 2026-07-27 00:27:04 --> Table 'xkynpbah_titoo.telegram_premium' doesn't exist
#0 /home/xkynpbah/public_html/vendor/codeigniter4/framework/system/Database/MySQLi/Connection.php(292): mysqli->query('SELECT COUNT(*)...', 0)
#1 /home/xkynpbah/public_html/vendor/codeigniter4/framework/system/Database/BaseConnection.php(670): CodeIgniter\Database\MySQLi\Connection->execute('SELECT COUNT(*)...')
#2 /home/xkynpbah/public_html/vendor/codeigniter4/framework/system/Database/BaseConnection.php(598): CodeIgniter\Database\BaseConnection->simpleQuery('SELECT COUNT(*)...')
#3 /home/xkynpbah/public_html/vendor/codeigniter4/framework/system/Database/BaseBuilder.php(1527): CodeIgniter\Database\BaseConnection->query('SELECT COUNT(*)...', Array, false)
#4 /home/xkynpbah/public_html/app/Controllers/Telegram.php(165): CodeIgniter\Database\BaseBuilder->countAllResults()
#5 /home/xkynpbah/public_html/app/Controllers/Telegram.php(124): App\Controllers\Telegram->askForResetConfirmation(6719727245, 6719727245, Object(stdClass), 'akashbabu', Object(stdClass))
#6 /home/xkynpbah/public_html/vendor/codeigniter4/framework/system/CodeIgniter.php(824): App\Controllers\Telegram->index()
#7 /home/xkynpbah/public_html/vendor/codeigniter4/framework/system/CodeIgniter.php(410): CodeIgniter\CodeIgniter->runController(Object(App\Controllers\Telegram))
#8 /home/xkynpbah/public_html/vendor/codeigniter4/framework/system/CodeIgniter.php(318): CodeIgniter\CodeIgniter->handleRequest(NULL, Object(Config\Cache), false)
#9 /home/xkynpbah/public_html/index.php(37): CodeIgniter\CodeIgniter->run()
#10 {main}
ERROR - 2026-07-27 00:28:19 --> Telegram controller called
ERROR - 2026-07-27 00:28:19 --> Table 'xkynpbah_titoo.telegram_premium' doesn't exist
CRITICAL - 2026-07-27 00:28:19 --> Table 'xkynpbah_titoo.telegram_premium' doesn't exist
#0 /home/xkynpbah/public_html/vendor/codeigniter4/framework/system/Database/MySQLi/Connection.php(292): mysqli->query('SELECT COUNT(*)...', 0)
#1 /home/xkynpbah/public_html/vendor/codeigniter4/framework/system/Database/BaseConnection.php(670): CodeIgniter\Database\MySQLi\Connection->execute('SELECT COUNT(*)...')
#2 /home/xkynpbah/public_html/vendor/codeigniter4/framework/system/Database/BaseConnection.php(598): CodeIgniter\Database\BaseConnection->simpleQuery('SELECT COUNT(*)...')
#3 /home/xkynpbah/public_html/vendor/codeigniter4/framework/system/Database/BaseBuilder.php(1527): CodeIgniter\Database\BaseConnection->query('SELECT COUNT(*)...', Array, false)
#4 /home/xkynpbah/public_html/app/Controllers/Telegram.php(165): CodeIgniter\Database\BaseBuilder->countAllResults()
#5 /home/xkynpbah/public_html/app/Controllers/Telegram.php(124): App\Controllers\Telegram->askForResetConfirmation(6719727245, 6719727245, Object(stdClass), 'akashbabu', Object(stdClass))
#6 /home/xkynpbah/public_html/vendor/codeigniter4/framework/system/CodeIgniter.php(824): App\Controllers\Telegram->index()
#7 /home/xkynpbah/public_html/vendor/codeigniter4/framework/system/CodeIgniter.php(410): CodeIgniter\CodeIgniter->runController(Object(App\Controllers\Telegram))
#8 /home/xkynpbah/public_html/vendor/codeigniter4/framework/system/CodeIgniter.php(318): CodeIgniter\CodeIgniter->handleRequest(NULL, Object(Config\Cache), false)
#9 /home/xkynpbah/public_html/index.php(37): CodeIgniter\CodeIgniter->run()
#10 {main}
ERROR - 2026-07-27 00:29:30 --> Telegram controller called
ERROR - 2026-07-27 00:29:30 --> Table 'xkynpbah_titoo.telegram_premium' doesn't exist
CRITICAL - 2026-07-27 00:29:30 --> Table 'xkynpbah_titoo.telegram_premium' doesn't exist
#0 /home/xkynpbah/public_html/vendor/codeigniter4/framework/system/Database/MySQLi/Connection.php(292): mysqli->query('SELECT COUNT(*)...', 0)
#1 /home/xkynpbah/public_html/vendor/codeigniter4/framework/system/Database/BaseConnection.php(670): CodeIgniter\Database\MySQLi\Connection->execute('SELECT COUNT(*)...')
#2 /home/xkynpbah/public_html/vendor/codeigniter4/framework/system/Database/BaseConnection.php(598): CodeIgniter\Database\BaseConnection->simpleQuery('SELECT COUNT(*)...')
#3 /home/xkynpbah/public_html/vendor/codeigniter4/framework/system/Database/BaseBuilder.php(1527): CodeIgniter\Database\BaseConnection->query('SELECT COUNT(*)...', Array, false)
#4 /home/xkynpbah/public_html/app/Controllers/Telegram.php(165): CodeIgniter\Database\BaseBuilder->countAllResults()
#5 /home/xkynpbah/public_html/app/Controllers/Telegram.php(124): App\Controllers\Telegram->askForResetConfirmation(6719727245, 6719727245, Object(stdClass), 'akashbabu', Object(stdClass))
#6 /home/xkynpbah/public_html/vendor/codeigniter4/framework/system/CodeIgniter.php(824): App\Controllers\Telegram->index()
#7 /home/xkynpbah/public_html/vendor/codeigniter4/framework/system/CodeIgniter.php(410): CodeIgniter\CodeIgniter->runController(Object(App\Controllers\Telegram))
#8 /home/xkynpbah/public_html/vendor/codeigniter4/framework/system/CodeIgniter.php(318): CodeIgniter\CodeIgniter->handleRequest(NULL, Object(Config\Cache), false)
#9 /home/xkynpbah/public_html/index.php(37): CodeIgniter\CodeIgniter->run()
#10 {main}
ERROR - 2026-07-27 00:31:03 --> Telegram controller called
ERROR - 2026-07-27 00:31:03 --> Table 'xkynpbah_titoo.telegram_premium' doesn't exist
CRITICAL - 2026-07-27 00:31:03 --> Table 'xkynpbah_titoo.telegram_premium' doesn't exist
#0 /home/xkynpbah/public_html/vendor/codeigniter4/framework/system/Database/MySQLi/Connection.php(292): mysqli->query('SELECT COUNT(*)...', 0)
#1 /home/xkynpbah/public_html/vendor/codeigniter4/framework/system/Database/BaseConnection.php(670): CodeIgniter\Database\MySQLi\Connection->execute('SELECT COUNT(*)...')
#2 /home/xkynpbah/public_html/vendor/codeigniter4/framework/system/Database/BaseConnection.php(598): CodeIgniter\Database\BaseConnection->simpleQuery('SELECT COUNT(*)...')
#3 /home/xkynpbah/public_html/vendor/codeigniter4/framework/system/Database/BaseBuilder.php(1527): CodeIgniter\Database\BaseConnection->query('SELECT COUNT(*)...', Array, false)
#4 /home/xkynpbah/public_html/app/Controllers/Telegram.php(165): CodeIgniter\Database\BaseBuilder->countAllResults()
#5 /home/xkynpbah/public_html/app/Controllers/Telegram.php(124): App\Controllers\Telegram->askForResetConfirmation(6719727245, 6719727245, Object(stdClass), 'akashbabu', Object(stdClass))
#6 /home/xkynpbah/public_html/vendor/codeigniter4/framework/system/CodeIgniter.php(824): App\Controllers\Telegram->index()
#7 /home/xkynpbah/public_html/vendor/codeigniter4/framework/system/CodeIgniter.php(410): CodeIgniter\CodeIgniter->runController(Object(App\Controllers\Telegram))
#8 /home/xkynpbah/public_html/vendor/codeigniter4/framework/system/CodeIgniter.php(318): CodeIgniter\CodeIgniter->handleRequest(NULL, Object(Config\Cache), false)
#9 /home/xkynpbah/public_html/index.php(37): CodeIgniter\CodeIgniter->run()
#10 {main}
ERROR - 2026-07-27 00:32:54 --> Telegram controller called
ERROR - 2026-07-27 00:32:54 --> Table 'xkynpbah_titoo.telegram_premium' doesn't exist
CRITICAL - 2026-07-27 00:32:54 --> Table 'xkynpbah_titoo.telegram_premium' doesn't exist
#0 /home/xkynpbah/public_html/vendor/codeigniter4/framework/system/Database/MySQLi/Connection.php(292): mysqli->query('SELECT COUNT(*)...', 0)
#1 /home/xkynpbah/public_html/vendor/codeigniter4/framework/system/Database/BaseConnection.php(670): CodeIgniter\Database\MySQLi\Connection->execute('SELECT COUNT(*)...')
#2 /home/xkynpbah/public_html/vendor/codeigniter4/framework/system/Database/BaseConnection.php(598): CodeIgniter\Database\BaseConnection->simpleQuery('SELECT COUNT(*)...')
#3 /home/xkynpbah/public_html/vendor/codeigniter4/framework/system/Database/BaseBuilder.php(1527): CodeIgniter\Database\BaseConnection->query('SELECT COUNT(*)...', Array, false)
#4 /home/xkynpbah/public_html/app/Controllers/Telegram.php(165): CodeIgniter\Database\BaseBuilder->countAllResults()
#5 /home/xkynpbah/public_html/app/Controllers/Telegram.php(124): App\Controllers\Telegram->askForResetConfirmation(6719727245, 6719727245, Object(stdClass), 'akashbabu', Object(stdClass))
#6 /home/xkynpbah/public_html/vendor/codeigniter4/framework/system/CodeIgniter.php(824): App\Controllers\Telegram->index()
#7 /home/xkynpbah/public_html/vendor/codeigniter4/framework/system/CodeIgniter.php(410): CodeIgniter\CodeIgniter->runController(Object(App\Controllers\Telegram))
#8 /home/xkynpbah/public_html/vendor/codeigniter4/framework/system/CodeIgniter.php(318): CodeIgniter\CodeIgniter->handleRequest(NULL, Object(Config\Cache), false)
#9 /home/xkynpbah/public_html/index.php(37): CodeIgniter\CodeIgniter->run()
#10 {main}
ERROR - 2026-07-27 00:33:57 --> Telegram controller called
ERROR - 2026-07-27 00:33:57 --> Table 'xkynpbah_titoo.telegram_premium' doesn't exist
CRITICAL - 2026-07-27 00:33:57 --> Table 'xkynpbah_titoo.telegram_premium' doesn't exist
#0 /home/xkynpbah/public_html/vendor/codeigniter4/framework/system/Database/MySQLi/Connection.php(292): mysqli->query('SELECT COUNT(*)...', 0)
#1 /home/xkynpbah/public_html/vendor/codeigniter4/framework/system/Database/BaseConnection.php(670): CodeIgniter\Database\MySQLi\Connection->execute('SELECT COUNT(*)...')
#2 /home/xkynpbah/public_html/vendor/codeigniter4/framework/system/Database/BaseConnection.php(598): CodeIgniter\Database\BaseConnection->simpleQuery('SELECT COUNT(*)...')
#3 /home/xkynpbah/public_html/vendor/codeigniter4/framework/system/Database/BaseBuilder.php(1527): CodeIgniter\Database\BaseConnection->query('SELECT COUNT(*)...', Array, false)
#4 /home/xkynpbah/public_html/app/Controllers/Telegram.php(165): CodeIgniter\Database\BaseBuilder->countAllResults()
#5 /home/xkynpbah/public_html/app/Controllers/Telegram.php(124): App\Controllers\Telegram->askForResetConfirmation(6719727245, 6719727245, Object(stdClass), 'akashbabu', Object(stdClass))
#6 /home/xkynpbah/public_html/vendor/codeigniter4/framework/system/CodeIgniter.php(824): App\Controllers\Telegram->index()
#7 /home/xkynpbah/public_html/vendor/codeigniter4/framework/system/CodeIgniter.php(410): CodeIgniter\CodeIgniter->runController(Object(App\Controllers\Telegram))
#8 /home/xkynpbah/public_html/vendor/codeigniter4/framework/system/CodeIgniter.php(318): CodeIgniter\CodeIgniter->handleRequest(NULL, Object(Config\Cache), false)
#9 /home/xkynpbah/public_html/index.php(37): CodeIgniter\CodeIgniter->run()
#10 {main}
ERROR - 2026-07-27 00:35:12 --> Telegram controller called
ERROR - 2026-07-27 00:35:12 --> Table 'xkynpbah_titoo.telegram_premium' doesn't exist
CRITICAL - 2026-07-27 00:35:12 --> Table 'xkynpbah_titoo.telegram_premium' doesn't exist
#0 /home/xkynpbah/public_html/vendor/codeigniter4/framework/system/Database/MySQLi/Connection.php(292): mysqli->query('SELECT COUNT(*)...', 0)
#1 /home/xkynpbah/public_html/vendor/codeigniter4/framework/system/Database/BaseConnection.php(670): CodeIgniter\Database\MySQLi\Connection->execute('SELECT COUNT(*)...')
#2 /home/xkynpbah/public_html/vendor/codeigniter4/framework/system/Database/BaseConnection.php(598): CodeIgniter\Database\BaseConnection->simpleQuery('SELECT COUNT(*)...')
#3 /home/xkynpbah/public_html/vendor/codeigniter4/framework/system/Database/BaseBuilder.php(1527): CodeIgniter\Database\BaseConnection->query('SELECT COUNT(*)...', Array, false)
#4 /home/xkynpbah/public_html/app/Controllers/Telegram.php(165): CodeIgniter\Database\BaseBuilder->countAllResults()
#5 /home/xkynpbah/public_html/app/Controllers/Telegram.php(124): App\Controllers\Telegram->askForResetConfirmation(6719727245, 6719727245, Object(stdClass), 'akashbabu', Object(stdClass))
#6 /home/xkynpbah/public_html/vendor/codeigniter4/framework/system/CodeIgniter.php(824): App\Controllers\Telegram->index()
#7 /home/xkynpbah/public_html/vendor/codeigniter4/framework/system/CodeIgniter.php(410): CodeIgniter\CodeIgniter->runController(Object(App\Controllers\Telegram))
#8 /home/xkynpbah/public_html/vendor/codeigniter4/framework/system/CodeIgniter.php(318): CodeIgniter\CodeIgniter->handleRequest(NULL, Object(Config\Cache), false)
#9 /home/xkynpbah/public_html/index.php(37): CodeIgniter\CodeIgniter->run()
#10 {main}
ERROR - 2026-07-27 00:36:34 --> Telegram controller called
ERROR - 2026-07-27 00:36:34 --> Table 'xkynpbah_titoo.telegram_premium' doesn't exist
CRITICAL - 2026-07-27 00:36:34 --> Table 'xkynpbah_titoo.telegram_premium' doesn't exist
#0 /home/xkynpbah/public_html/vendor/codeigniter4/framework/system/Database/MySQLi/Connection.php(292): mysqli->query('SELECT COUNT(*)...', 0)
#1 /home/xkynpbah/public_html/vendor/codeigniter4/framework/system/Database/BaseConnection.php(670): CodeIgniter\Database\MySQLi\Connection->execute('SELECT COUNT(*)...')
#2 /home/xkynpbah/public_html/vendor/codeigniter4/framework/system/Database/BaseConnection.php(598): CodeIgniter\Database\BaseConnection->simpleQuery('SELECT COUNT(*)...')
#3 /home/xkynpbah/public_html/vendor/codeigniter4/framework/system/Database/BaseBuilder.php(1527): CodeIgniter\Database\BaseConnection->query('SELECT COUNT(*)...', Array, false)
#4 /home/xkynpbah/public_html/app/Controllers/Telegram.php(165): CodeIgniter\Database\BaseBuilder->countAllResults()
#5 /home/xkynpbah/public_html/app/Controllers/Telegram.php(124): App\Controllers\Telegram->askForResetConfirmation(6719727245, 6719727245, Object(stdClass), 'akashbabu', Object(stdClass))
#6 /home/xkynpbah/public_html/vendor/codeigniter4/framework/system/CodeIgniter.php(824): App\Controllers\Telegram->index()
#7 /home/xkynpbah/public_html/vendor/codeigniter4/framework/system/CodeIgniter.php(410): CodeIgniter\CodeIgniter->runController(Object(App\Controllers\Telegram))
#8 /home/xkynpbah/public_html/vendor/codeigniter4/framework/system/CodeIgniter.php(318): CodeIgniter\CodeIgniter->handleRequest(NULL, Object(Config\Cache), false)
#9 /home/xkynpbah/public_html/index.php(37): CodeIgniter\CodeIgniter->run()
#10 {main}
ERROR - 2026-07-27 00:38:32 --> Telegram controller called
ERROR - 2026-07-27 00:38:32 --> Table 'xkynpbah_titoo.telegram_premium' doesn't exist
CRITICAL - 2026-07-27 00:38:32 --> Table 'xkynpbah_titoo.telegram_premium' doesn't exist
#0 /home/xkynpbah/public_html/vendor/codeigniter4/framework/system/Database/MySQLi/Connection.php(292): mysqli->query('SELECT COUNT(*)...', 0)
#1 /home/xkynpbah/public_html/vendor/codeigniter4/framework/system/Database/BaseConnection.php(670): CodeIgniter\Database\MySQLi\Connection->execute('SELECT COUNT(*)...')
#2 /home/xkynpbah/public_html/vendor/codeigniter4/framework/system/Database/BaseConnection.php(598): CodeIgniter\Database\BaseConnection->simpleQuery('SELECT COUNT(*)...')
#3 /home/xkynpbah/public_html/vendor/codeigniter4/framework/system/Database/BaseBuilder.php(1527): CodeIgniter\Database\BaseConnection->query('SELECT COUNT(*)...', Array, false)
#4 /home/xkynpbah/public_html/app/Controllers/Telegram.php(165): CodeIgniter\Database\BaseBuilder->countAllResults()
#5 /home/xkynpbah/public_html/app/Controllers/Telegram.php(124): App\Controllers\Telegram->askForResetConfirmation(6719727245, 6719727245, Object(stdClass), 'akashbabu', Object(stdClass))
#6 /home/xkynpbah/public_html/vendor/codeigniter4/framework/system/CodeIgniter.php(824): App\Controllers\Telegram->index()
#7 /home/xkynpbah/public_html/vendor/codeigniter4/framework/system/CodeIgniter.php(410): CodeIgniter\CodeIgniter->runController(Object(App\Controllers\Telegram))
#8 /home/xkynpbah/public_html/vendor/codeigniter4/framework/system/CodeIgniter.php(318): CodeIgniter\CodeIgniter->handleRequest(NULL, Object(Config\Cache), false)
#9 /home/xkynpbah/public_html/index.php(37): CodeIgniter\CodeIgniter->run()
#10 {main}
ERROR - 2026-07-27 00:40:00 --> Telegram controller called
ERROR - 2026-07-27 00:40:00 --> Table 'xkynpbah_titoo.telegram_premium' doesn't exist
CRITICAL - 2026-07-27 00:40:00 --> Table 'xkynpbah_titoo.telegram_premium' doesn't exist
#0 /home/xkynpbah/public_html/vendor/codeigniter4/framework/system/Database/MySQLi/Connection.php(292): mysqli->query('SELECT COUNT(*)...', 0)
#1 /home/xkynpbah/public_html/vendor/codeigniter4/framework/system/Database/BaseConnection.php(670): CodeIgniter\Database\MySQLi\Connection->execute('SELECT COUNT(*)...')
#2 /home/xkynpbah/public_html/vendor/codeigniter4/framework/system/Database/BaseConnection.php(598): CodeIgniter\Database\BaseConnection->simpleQuery('SELECT COUNT(*)...')
#3 /home/xkynpbah/public_html/vendor/codeigniter4/framework/system/Database/BaseBuilder.php(1527): CodeIgniter\Database\BaseConnection->query('SELECT COUNT(*)...', Array, false)
#4 /home/xkynpbah/public_html/app/Controllers/Telegram.php(165): CodeIgniter\Database\BaseBuilder->countAllResults()
#5 /home/xkynpbah/public_html/app/Controllers/Telegram.php(124): App\Controllers\Telegram->askForResetConfirmation(6719727245, 6719727245, Object(stdClass), 'akashbabu', Object(stdClass))
#6 /home/xkynpbah/public_html/vendor/codeigniter4/framework/system/CodeIgniter.php(824): App\Controllers\Telegram->index()
#7 /home/xkynpbah/public_html/vendor/codeigniter4/framework/system/CodeIgniter.php(410): CodeIgniter\CodeIgniter->runController(Object(App\Controllers\Telegram))
#8 /home/xkynpbah/public_html/vendor/codeigniter4/framework/system/CodeIgniter.php(318): CodeIgniter\CodeIgniter->handleRequest(NULL, Object(Config\Cache), false)
#9 /home/xkynpbah/public_html/index.php(37): CodeIgniter\CodeIgniter->run()
#10 {main}
ERROR - 2026-07-27 00:41:38 --> Telegram controller called
ERROR - 2026-07-27 00:41:38 --> Table 'xkynpbah_titoo.telegram_premium' doesn't exist
CRITICAL - 2026-07-27 00:41:38 --> Table 'xkynpbah_titoo.telegram_premium' doesn't exist
#0 /home/xkynpbah/public_html/vendor/codeigniter4/framework/system/Database/MySQLi/Connection.php(292): mysqli->query('SELECT COUNT(*)...', 0)
#1 /home/xkynpbah/public_html/vendor/codeigniter4/framework/system/Database/BaseConnection.php(670): CodeIgniter\Database\MySQLi\Connection->execute('SELECT COUNT(*)...')
#2 /home/xkynpbah/public_html/vendor/codeigniter4/framework/system/Database/BaseConnection.php(598): CodeIgniter\Database\BaseConnection->simpleQuery('SELECT COUNT(*)...')
#3 /home/xkynpbah/public_html/vendor/codeigniter4/framework/system/Database/BaseBuilder.php(1527): CodeIgniter\Database\BaseConnection->query('SELECT COUNT(*)...', Array, false)
#4 /home/xkynpbah/public_html/app/Controllers/Telegram.php(165): CodeIgniter\Database\BaseBuilder->countAllResults()
#5 /home/xkynpbah/public_html/app/Controllers/Telegram.php(124): App\Controllers\Telegram->askForResetConfirmation(6719727245, 6719727245, Object(stdClass), 'akashbabu', Object(stdClass))
#6 /home/xkynpbah/public_html/vendor/codeigniter4/framework/system/CodeIgniter.php(824): App\Controllers\Telegram->index()
#7 /home/xkynpbah/public_html/vendor/codeigniter4/framework/system/CodeIgniter.php(410): CodeIgniter\CodeIgniter->runController(Object(App\Controllers\Telegram))
#8 /home/xkynpbah/public_html/vendor/codeigniter4/framework/system/CodeIgniter.php(318): CodeIgniter\CodeIgniter->handleRequest(NULL, Object(Config\Cache), false)
#9 /home/xkynpbah/public_html/index.php(37): CodeIgniter\CodeIgniter->run()
#10 {main}
ERROR - 2026-07-27 00:43:17 --> Telegram controller called
ERROR - 2026-07-27 00:43:17 --> Table 'xkynpbah_titoo.telegram_premium' doesn't exist
CRITICAL - 2026-07-27 00:43:17 --> Table 'xkynpbah_titoo.telegram_premium' doesn't exist
#0 /home/xkynpbah/public_html/vendor/codeigniter4/framework/system/Database/MySQLi/Connection.php(292): mysqli->query('SELECT COUNT(*)...', 0)
#1 /home/xkynpbah/public_html/vendor/codeigniter4/framework/system/Database/BaseConnection.php(670): CodeIgniter\Database\MySQLi\Connection->execute('SELECT COUNT(*)...')
#2 /home/xkynpbah/public_html/vendor/codeigniter4/framework/system/Database/BaseConnection.php(598): CodeIgniter\Database\BaseConnection->simpleQuery('SELECT COUNT(*)...')
#3 /home/xkynpbah/public_html/vendor/codeigniter4/framework/system/Database/BaseBuilder.php(1527): CodeIgniter\Database\BaseConnection->query('SELECT COUNT(*)...', Array, false)
#4 /home/xkynpbah/public_html/app/Controllers/Telegram.php(165): CodeIgniter\Database\BaseBuilder->countAllResults()
#5 /home/xkynpbah/public_html/app/Controllers/Telegram.php(124): App\Controllers\Telegram->askForResetConfirmation(6719727245, 6719727245, Object(stdClass), 'akashbabu', Object(stdClass))
#6 /home/xkynpbah/public_html/vendor/codeigniter4/framework/system/CodeIgniter.php(824): App\Controllers\Telegram->index()
#7 /home/xkynpbah/public_html/vendor/codeigniter4/framework/system/CodeIgniter.php(410): CodeIgniter\CodeIgniter->runController(Object(App\Controllers\Telegram))
#8 /home/xkynpbah/public_html/vendor/codeigniter4/framework/system/CodeIgniter.php(318): CodeIgniter\CodeIgniter->handleRequest(NULL, Object(Config\Cache), false)
#9 /home/xkynpbah/public_html/index.php(37): CodeIgniter\CodeIgniter->run()
#10 {main}
ERROR - 2026-07-27 00:44:42 --> Telegram controller called
ERROR - 2026-07-27 00:44:42 --> Table 'xkynpbah_titoo.telegram_premium' doesn't exist
CRITICAL - 2026-07-27 00:44:42 --> Table 'xkynpbah_titoo.telegram_premium' doesn't exist
#0 /home/xkynpbah/public_html/vendor/codeigniter4/framework/system/Database/MySQLi/Connection.php(292): mysqli->query('SELECT COUNT(*)...', 0)
#1 /home/xkynpbah/public_html/vendor/codeigniter4/framework/system/Database/BaseConnection.php(670): CodeIgniter\Database\MySQLi\Connection->execute('SELECT COUNT(*)...')
#2 /home/xkynpbah/public_html/vendor/codeigniter4/framework/system/Database/BaseConnection.php(598): CodeIgniter\Database\BaseConnection->simpleQuery('SELECT COUNT(*)...')
#3 /home/xkynpbah/public_html/vendor/codeigniter4/framework/system/Database/BaseBuilder.php(1527): CodeIgniter\Database\BaseConnection->query('SELECT COUNT(*)...', Array, false)
#4 /home/xkynpbah/public_html/app/Controllers/Telegram.php(165): CodeIgniter\Database\BaseBuilder->countAllResults()
#5 /home/xkynpbah/public_html/app/Controllers/Telegram.php(124): App\Controllers\Telegram->askForResetConfirmation(6719727245, 6719727245, Object(stdClass), 'akashbabu', Object(stdClass))
#6 /home/xkynpbah/public_html/vendor/codeigniter4/framework/system/CodeIgniter.php(824): App\Controllers\Telegram->index()
#7 /home/xkynpbah/public_html/vendor/codeigniter4/framework/system/CodeIgniter.php(410): CodeIgniter\CodeIgniter->runController(Object(App\Controllers\Telegram))
#8 /home/xkynpbah/public_html/vendor/codeigniter4/framework/system/CodeIgniter.php(318): CodeIgniter\CodeIgniter->handleRequest(NULL, Object(Config\Cache), false)
#9 /home/xkynpbah/public_html/index.php(37): CodeIgniter\CodeIgniter->run()
#10 {main}
ERROR - 2026-07-27 00:46:29 --> Telegram controller called
ERROR - 2026-07-27 00:46:29 --> Table 'xkynpbah_titoo.telegram_premium' doesn't exist
CRITICAL - 2026-07-27 00:46:29 --> Table 'xkynpbah_titoo.telegram_premium' doesn't exist
#0 /home/xkynpbah/public_html/vendor/codeigniter4/framework/system/Database/MySQLi/Connection.php(292): mysqli->query('SELECT COUNT(*)...', 0)
#1 /home/xkynpbah/public_html/vendor/codeigniter4/framework/system/Database/BaseConnection.php(670): CodeIgniter\Database\MySQLi\Connection->execute('SELECT COUNT(*)...')
#2 /home/xkynpbah/public_html/vendor/codeigniter4/framework/system/Database/BaseConnection.php(598): CodeIgniter\Database\BaseConnection->simpleQuery('SELECT COUNT(*)...')
#3 /home/xkynpbah/public_html/vendor/codeigniter4/framework/system/Database/BaseBuilder.php(1527): CodeIgniter\Database\BaseConnection->query('SELECT COUNT(*)...', Array, false)
#4 /home/xkynpbah/public_html/app/Controllers/Telegram.php(165): CodeIgniter\Database\BaseBuilder->countAllResults()
#5 /home/xkynpbah/public_html/app/Controllers/Telegram.php(124): App\Controllers\Telegram->askForResetConfirmation(6719727245, 6719727245, Object(stdClass), 'akashbabu', Object(stdClass))
#6 /home/xkynpbah/public_html/vendor/codeigniter4/framework/system/CodeIgniter.php(824): App\Controllers\Telegram->index()
#7 /home/xkynpbah/public_html/vendor/codeigniter4/framework/system/CodeIgniter.php(410): CodeIgniter\CodeIgniter->runController(Object(App\Controllers\Telegram))
#8 /home/xkynpbah/public_html/vendor/codeigniter4/framework/system/CodeIgniter.php(318): CodeIgniter\CodeIgniter->handleRequest(NULL, Object(Config\Cache), false)
#9 /home/xkynpbah/public_html/index.php(37): CodeIgniter\CodeIgniter->run()
#10 {main}
ERROR - 2026-07-27 00:48:07 --> Telegram controller called
ERROR - 2026-07-27 00:48:08 --> Table 'xkynpbah_titoo.telegram_premium' doesn't exist
CRITICAL - 2026-07-27 00:48:08 --> Table 'xkynpbah_titoo.telegram_premium' doesn't exist
#0 /home/xkynpbah/public_html/vendor/codeigniter4/framework/system/Database/MySQLi/Connection.php(292): mysqli->query('SELECT COUNT(*)...', 0)
#1 /home/xkynpbah/public_html/vendor/codeigniter4/framework/system/Database/BaseConnection.php(670): CodeIgniter\Database\MySQLi\Connection->execute('SELECT COUNT(*)...')
#2 /home/xkynpbah/public_html/vendor/codeigniter4/framework/system/Database/BaseConnection.php(598): CodeIgniter\Database\BaseConnection->simpleQuery('SELECT COUNT(*)...')
#3 /home/xkynpbah/public_html/vendor/codeigniter4/framework/system/Database/BaseBuilder.php(1527): CodeIgniter\Database\BaseConnection->query('SELECT COUNT(*)...', Array, false)
#4 /home/xkynpbah/public_html/app/Controllers/Telegram.php(165): CodeIgniter\Database\BaseBuilder->countAllResults()
#5 /home/xkynpbah/public_html/app/Controllers/Telegram.php(124): App\Controllers\Telegram->askForResetConfirmation(6719727245, 6719727245, Object(stdClass), 'akashbabu', Object(stdClass))
#6 /home/xkynpbah/public_html/vendor/codeigniter4/framework/system/CodeIgniter.php(824): App\Controllers\Telegram->index()
#7 /home/xkynpbah/public_html/vendor/codeigniter4/framework/system/CodeIgniter.php(410): CodeIgniter\CodeIgniter->runController(Object(App\Controllers\Telegram))
#8 /home/xkynpbah/public_html/vendor/codeigniter4/framework/system/CodeIgniter.php(318): CodeIgniter\CodeIgniter->handleRequest(NULL, Object(Config\Cache), false)
#9 /home/xkynpbah/public_html/index.php(37): CodeIgniter\CodeIgniter->run()
#10 {main}
ERROR - 2026-07-27 00:49:46 --> Telegram controller called
ERROR - 2026-07-27 00:49:46 --> Table 'xkynpbah_titoo.telegram_premium' doesn't exist
CRITICAL - 2026-07-27 00:49:46 --> Table 'xkynpbah_titoo.telegram_premium' doesn't exist
#0 /home/xkynpbah/public_html/vendor/codeigniter4/framework/system/Database/MySQLi/Connection.php(292): mysqli->query('SELECT COUNT(*)...', 0)
#1 /home/xkynpbah/public_html/vendor/codeigniter4/framework/system/Database/BaseConnection.php(670): CodeIgniter\Database\MySQLi\Connection->execute('SELECT COUNT(*)...')
#2 /home/xkynpbah/public_html/vendor/codeigniter4/framework/system/Database/BaseConnection.php(598): CodeIgniter\Database\BaseConnection->simpleQuery('SELECT COUNT(*)...')
#3 /home/xkynpbah/public_html/vendor/codeigniter4/framework/system/Database/BaseBuilder.php(1527): CodeIgniter\Database\BaseConnection->query('SELECT COUNT(*)...', Array, false)
#4 /home/xkynpbah/public_html/app/Controllers/Telegram.php(165): CodeIgniter\Database\BaseBuilder->countAllResults()
#5 /home/xkynpbah/public_html/app/Controllers/Telegram.php(124): App\Controllers\Telegram->askForResetConfirmation(6719727245, 6719727245, Object(stdClass), 'akashbabu', Object(stdClass))
#6 /home/xkynpbah/public_html/vendor/codeigniter4/framework/system/CodeIgniter.php(824): App\Controllers\Telegram->index()
#7 /home/xkynpbah/public_html/vendor/codeigniter4/framework/system/CodeIgniter.php(410): CodeIgniter\CodeIgniter->runController(Object(App\Controllers\Telegram))
#8 /home/xkynpbah/public_html/vendor/codeigniter4/framework/system/CodeIgniter.php(318): CodeIgniter\CodeIgniter->handleRequest(NULL, Object(Config\Cache), false)
#9 /home/xkynpbah/public_html/index.php(37): CodeIgniter\CodeIgniter->run()
#10 {main}
ERROR - 2026-07-27 00:51:38 --> Telegram controller called
ERROR - 2026-07-27 00:51:38 --> Table 'xkynpbah_titoo.telegram_premium' doesn't exist
CRITICAL - 2026-07-27 00:51:38 --> Table 'xkynpbah_titoo.telegram_premium' doesn't exist
#0 /home/xkynpbah/public_html/vendor/codeigniter4/framework/system/Database/MySQLi/Connection.php(292): mysqli->query('SELECT COUNT(*)...', 0)
#1 /home/xkynpbah/public_html/vendor/codeigniter4/framework/system/Database/BaseConnection.php(670): CodeIgniter\Database\MySQLi\Connection->execute('SELECT COUNT(*)...')
#2 /home/xkynpbah/public_html/vendor/codeigniter4/framework/system/Database/BaseConnection.php(598): CodeIgniter\Database\BaseConnection->simpleQuery('SELECT COUNT(*)...')
#3 /home/xkynpbah/public_html/vendor/codeigniter4/framework/system/Database/BaseBuilder.php(1527): CodeIgniter\Database\BaseConnection->query('SELECT COUNT(*)...', Array, false)
#4 /home/xkynpbah/public_html/app/Controllers/Telegram.php(165): CodeIgniter\Database\BaseBuilder->countAllResults()
#5 /home/xkynpbah/public_html/app/Controllers/Telegram.php(124): App\Controllers\Telegram->askForResetConfirmation(6719727245, 6719727245, Object(stdClass), 'akashbabu', Object(stdClass))
#6 /home/xkynpbah/public_html/vendor/codeigniter4/framework/system/CodeIgniter.php(824): App\Controllers\Telegram->index()
#7 /home/xkynpbah/public_html/vendor/codeigniter4/framework/system/CodeIgniter.php(410): CodeIgniter\CodeIgniter->runController(Object(App\Controllers\Telegram))
#8 /home/xkynpbah/public_html/vendor/codeigniter4/framework/system/CodeIgniter.php(318): CodeIgniter\CodeIgniter->handleRequest(NULL, Object(Config\Cache), false)
#9 /home/xkynpbah/public_html/index.php(37): CodeIgniter\CodeIgniter->run()
#10 {main}
ERROR - 2026-07-27 00:53:27 --> Telegram controller called
ERROR - 2026-07-27 00:53:27 --> Table 'xkynpbah_titoo.telegram_premium' doesn't exist
CRITICAL - 2026-07-27 00:53:27 --> Table 'xkynpbah_titoo.telegram_premium' doesn't exist
#0 /home/xkynpbah/public_html/vendor/codeigniter4/framework/system/Database/MySQLi/Connection.php(292): mysqli->query('SELECT COUNT(*)...', 0)
#1 /home/xkynpbah/public_html/vendor/codeigniter4/framework/system/Database/BaseConnection.php(670): CodeIgniter\Database\MySQLi\Connection->execute('SELECT COUNT(*)...')
#2 /home/xkynpbah/public_html/vendor/codeigniter4/framework/system/Database/BaseConnection.php(598): CodeIgniter\Database\BaseConnection->simpleQuery('SELECT COUNT(*)...')
#3 /home/xkynpbah/public_html/vendor/codeigniter4/framework/system/Database/BaseBuilder.php(1527): CodeIgniter\Database\BaseConnection->query('SELECT COUNT(*)...', Array, false)
#4 /home/xkynpbah/public_html/app/Controllers/Telegram.php(165): CodeIgniter\Database\BaseBuilder->countAllResults()
#5 /home/xkynpbah/public_html/app/Controllers/Telegram.php(124): App\Controllers\Telegram->askForResetConfirmation(6719727245, 6719727245, Object(stdClass), 'akashbabu', Object(stdClass))
#6 /home/xkynpbah/public_html/vendor/codeigniter4/framework/system/CodeIgniter.php(824): App\Controllers\Telegram->index()
#7 /home/xkynpbah/public_html/vendor/codeigniter4/framework/system/CodeIgniter.php(410): CodeIgniter\CodeIgniter->runController(Object(App\Controllers\Telegram))
#8 /home/xkynpbah/public_html/vendor/codeigniter4/framework/system/CodeIgniter.php(318): CodeIgniter\CodeIgniter->handleRequest(NULL, Object(Config\Cache), false)
#9 /home/xkynpbah/public_html/index.php(37): CodeIgniter\CodeIgniter->run()
#10 {main}
ERROR - 2026-07-27 00:55:22 --> Telegram controller called
ERROR - 2026-07-27 00:55:22 --> Table 'xkynpbah_titoo.telegram_premium' doesn't exist
CRITICAL - 2026-07-27 00:55:22 --> Table 'xkynpbah_titoo.telegram_premium' doesn't exist
#0 /home/xkynpbah/public_html/vendor/codeigniter4/framework/system/Database/MySQLi/Connection.php(292): mysqli->query('SELECT COUNT(*)...', 0)
#1 /home/xkynpbah/public_html/vendor/codeigniter4/framework/system/Database/BaseConnection.php(670): CodeIgniter\Database\MySQLi\Connection->execute('SELECT COUNT(*)...')
#2 /home/xkynpbah/public_html/vendor/codeigniter4/framework/system/Database/BaseConnection.php(598): CodeIgniter\Database\BaseConnection->simpleQuery('SELECT COUNT(*)...')
#3 /home/xkynpbah/public_html/vendor/codeigniter4/framework/system/Database/BaseBuilder.php(1527): CodeIgniter\Database\BaseConnection->query('SELECT COUNT(*)...', Array, false)
#4 /home/xkynpbah/public_html/app/Controllers/Telegram.php(165): CodeIgniter\Database\BaseBuilder->countAllResults()
#5 /home/xkynpbah/public_html/app/Controllers/Telegram.php(124): App\Controllers\Telegram->askForResetConfirmation(6719727245, 6719727245, Object(stdClass), 'akashbabu', Object(stdClass))
#6 /home/xkynpbah/public_html/vendor/codeigniter4/framework/system/CodeIgniter.php(824): App\Controllers\Telegram->index()
#7 /home/xkynpbah/public_html/vendor/codeigniter4/framework/system/CodeIgniter.php(410): CodeIgniter\CodeIgniter->runController(Object(App\Controllers\Telegram))
#8 /home/xkynpbah/public_html/vendor/codeigniter4/framework/system/CodeIgniter.php(318): CodeIgniter\CodeIgniter->handleRequest(NULL, Object(Config\Cache), false)
#9 /home/xkynpbah/public_html/index.php(37): CodeIgniter\CodeIgniter->run()
#10 {main}
ERROR - 2026-07-27 00:57:03 --> Telegram controller called
ERROR - 2026-07-27 00:57:03 --> Table 'xkynpbah_titoo.telegram_premium' doesn't exist
CRITICAL - 2026-07-27 00:57:03 --> Table 'xkynpbah_titoo.telegram_premium' doesn't exist
#0 /home/xkynpbah/public_html/vendor/codeigniter4/framework/system/Database/MySQLi/Connection.php(292): mysqli->query('SELECT COUNT(*)...', 0)
#1 /home/xkynpbah/public_html/vendor/codeigniter4/framework/system/Database/BaseConnection.php(670): CodeIgniter\Database\MySQLi\Connection->execute('SELECT COUNT(*)...')
#2 /home/xkynpbah/public_html/vendor/codeigniter4/framework/system/Database/BaseConnection.php(598): CodeIgniter\Database\BaseConnection->simpleQuery('SELECT COUNT(*)...')
#3 /home/xkynpbah/public_html/vendor/codeigniter4/framework/system/Database/BaseBuilder.php(1527): CodeIgniter\Database\BaseConnection->query('SELECT COUNT(*)...', Array, false)
#4 /home/xkynpbah/public_html/app/Controllers/Telegram.php(165): CodeIgniter\Database\BaseBuilder->countAllResults()
#5 /home/xkynpbah/public_html/app/Controllers/Telegram.php(124): App\Controllers\Telegram->askForResetConfirmation(6719727245, 6719727245, Object(stdClass), 'akashbabu', Object(stdClass))
#6 /home/xkynpbah/public_html/vendor/codeigniter4/framework/system/CodeIgniter.php(824): App\Controllers\Telegram->index()
#7 /home/xkynpbah/public_html/vendor/codeigniter4/framework/system/CodeIgniter.php(410): CodeIgniter\CodeIgniter->runController(Object(App\Controllers\Telegram))
#8 /home/xkynpbah/public_html/vendor/codeigniter4/framework/system/CodeIgniter.php(318): CodeIgniter\CodeIgniter->handleRequest(NULL, Object(Config\Cache), false)
#9 /home/xkynpbah/public_html/index.php(37): CodeIgniter\CodeIgniter->run()
#10 {main}
ERROR - 2026-07-27 00:58:42 --> Telegram controller called
ERROR - 2026-07-27 00:58:42 --> Table 'xkynpbah_titoo.telegram_premium' doesn't exist
CRITICAL - 2026-07-27 00:58:42 --> Table 'xkynpbah_titoo.telegram_premium' doesn't exist
#0 /home/xkynpbah/public_html/vendor/codeigniter4/framework/system/Database/MySQLi/Connection.php(292): mysqli->query('SELECT COUNT(*)...', 0)
#1 /home/xkynpbah/public_html/vendor/codeigniter4/framework/system/Database/BaseConnection.php(670): CodeIgniter\Database\MySQLi\Connection->execute('SELECT COUNT(*)...')
#2 /home/xkynpbah/public_html/vendor/codeigniter4/framework/system/Database/BaseConnection.php(598): CodeIgniter\Database\BaseConnection->simpleQuery('SELECT COUNT(*)...')
#3 /home/xkynpbah/public_html/vendor/codeigniter4/framework/system/Database/BaseBuilder.php(1527): CodeIgniter\Database\BaseConnection->query('SELECT COUNT(*)...', Array, false)
#4 /home/xkynpbah/public_html/app/Controllers/Telegram.php(165): CodeIgniter\Database\BaseBuilder->countAllResults()
#5 /home/xkynpbah/public_html/app/Controllers/Telegram.php(124): App\Controllers\Telegram->askForResetConfirmation(6719727245, 6719727245, Object(stdClass), 'akashbabu', Object(stdClass))
#6 /home/xkynpbah/public_html/vendor/codeigniter4/framework/system/CodeIgniter.php(824): App\Controllers\Telegram->index()
#7 /home/xkynpbah/public_html/vendor/codeigniter4/framework/system/CodeIgniter.php(410): CodeIgniter\CodeIgniter->runController(Object(App\Controllers\Telegram))
#8 /home/xkynpbah/public_html/vendor/codeigniter4/framework/system/CodeIgniter.php(318): CodeIgniter\CodeIgniter->handleRequest(NULL, Object(Config\Cache), false)
#9 /home/xkynpbah/public_html/index.php(37): CodeIgniter\CodeIgniter->run()
#10 {main}
ERROR - 2026-07-27 01:00:27 --> Telegram controller called
ERROR - 2026-07-27 01:00:27 --> Table 'xkynpbah_titoo.telegram_premium' doesn't exist
CRITICAL - 2026-07-27 01:00:27 --> Table 'xkynpbah_titoo.telegram_premium' doesn't exist
#0 /home/xkynpbah/public_html/vendor/codeigniter4/framework/system/Database/MySQLi/Connection.php(292): mysqli->query('SELECT COUNT(*)...', 0)
#1 /home/xkynpbah/public_html/vendor/codeigniter4/framework/system/Database/BaseConnection.php(670): CodeIgniter\Database\MySQLi\Connection->execute('SELECT COUNT(*)...')
#2 /home/xkynpbah/public_html/vendor/codeigniter4/framework/system/Database/BaseConnection.php(598): CodeIgniter\Database\BaseConnection->simpleQuery('SELECT COUNT(*)...')
#3 /home/xkynpbah/public_html/vendor/codeigniter4/framework/system/Database/BaseBuilder.php(1527): CodeIgniter\Database\BaseConnection->query('SELECT COUNT(*)...', Array, false)
#4 /home/xkynpbah/public_html/app/Controllers/Telegram.php(165): CodeIgniter\Database\BaseBuilder->countAllResults()
#5 /home/xkynpbah/public_html/app/Controllers/Telegram.php(124): App\Controllers\Telegram->askForResetConfirmation(6719727245, 6719727245, Object(stdClass), 'akashbabu', Object(stdClass))
#6 /home/xkynpbah/public_html/vendor/codeigniter4/framework/system/CodeIgniter.php(824): App\Controllers\Telegram->index()
#7 /home/xkynpbah/public_html/vendor/codeigniter4/framework/system/CodeIgniter.php(410): CodeIgniter\CodeIgniter->runController(Object(App\Controllers\Telegram))
#8 /home/xkynpbah/public_html/vendor/codeigniter4/framework/system/CodeIgniter.php(318): CodeIgniter\CodeIgniter->handleRequest(NULL, Object(Config\Cache), false)
#9 /home/xkynpbah/public_html/index.php(37): CodeIgniter\CodeIgniter->run()
#10 {main}
ERROR - 2026-07-27 01:02:21 --> Telegram controller called
ERROR - 2026-07-27 01:02:21 --> Table 'xkynpbah_titoo.telegram_premium' doesn't exist
CRITICAL - 2026-07-27 01:02:21 --> Table 'xkynpbah_titoo.telegram_premium' doesn't exist
#0 /home/xkynpbah/public_html/vendor/codeigniter4/framework/system/Database/MySQLi/Connection.php(292): mysqli->query('SELECT COUNT(*)...', 0)
#1 /home/xkynpbah/public_html/vendor/codeigniter4/framework/system/Database/BaseConnection.php(670): CodeIgniter\Database\MySQLi\Connection->execute('SELECT COUNT(*)...')
#2 /home/xkynpbah/public_html/vendor/codeigniter4/framework/system/Database/BaseConnection.php(598): CodeIgniter\Database\BaseConnection->simpleQuery('SELECT COUNT(*)...')
#3 /home/xkynpbah/public_html/vendor/codeigniter4/framework/system/Database/BaseBuilder.php(1527): CodeIgniter\Database\BaseConnection->query('SELECT COUNT(*)...', Array, false)
#4 /home/xkynpbah/public_html/app/Controllers/Telegram.php(165): CodeIgniter\Database\BaseBuilder->countAllResults()
#5 /home/xkynpbah/public_html/app/Controllers/Telegram.php(124): App\Controllers\Telegram->askForResetConfirmation(6719727245, 6719727245, Object(stdClass), 'akashbabu', Object(stdClass))
#6 /home/xkynpbah/public_html/vendor/codeigniter4/framework/system/CodeIgniter.php(824): App\Controllers\Telegram->index()
#7 /home/xkynpbah/public_html/vendor/codeigniter4/framework/system/CodeIgniter.php(410): CodeIgniter\CodeIgniter->runController(Object(App\Controllers\Telegram))
#8 /home/xkynpbah/public_html/vendor/codeigniter4/framework/system/CodeIgniter.php(318): CodeIgniter\CodeIgniter->handleRequest(NULL, Object(Config\Cache), false)
#9 /home/xkynpbah/public_html/index.php(37): CodeIgniter\CodeIgniter->run()
#10 {main}
ERROR - 2026-07-27 01:03:57 --> Telegram controller called
ERROR - 2026-07-27 01:03:57 --> Table 'xkynpbah_titoo.telegram_premium' doesn't exist
CRITICAL - 2026-07-27 01:03:57 --> Table 'xkynpbah_titoo.telegram_premium' doesn't exist
#0 /home/xkynpbah/public_html/vendor/codeigniter4/framework/system/Database/MySQLi/Connection.php(292): mysqli->query('SELECT COUNT(*)...', 0)
#1 /home/xkynpbah/public_html/vendor/codeigniter4/framework/system/Database/BaseConnection.php(670): CodeIgniter\Database\MySQLi\Connection->execute('SELECT COUNT(*)...')
#2 /home/xkynpbah/public_html/vendor/codeigniter4/framework/system/Database/BaseConnection.php(598): CodeIgniter\Database\BaseConnection->simpleQuery('SELECT COUNT(*)...')
#3 /home/xkynpbah/public_html/vendor/codeigniter4/framework/system/Database/BaseBuilder.php(1527): CodeIgniter\Database\BaseConnection->query('SELECT COUNT(*)...', Array, false)
#4 /home/xkynpbah/public_html/app/Controllers/Telegram.php(165): CodeIgniter\Database\BaseBuilder->countAllResults()
#5 /home/xkynpbah/public_html/app/Controllers/Telegram.php(124): App\Controllers\Telegram->askForResetConfirmation(6719727245, 6719727245, Object(stdClass), 'akashbabu', Object(stdClass))
#6 /home/xkynpbah/public_html/vendor/codeigniter4/framework/system/CodeIgniter.php(824): App\Controllers\Telegram->index()
#7 /home/xkynpbah/public_html/vendor/codeigniter4/framework/system/CodeIgniter.php(410): CodeIgniter\CodeIgniter->runController(Object(App\Controllers\Telegram))
#8 /home/xkynpbah/public_html/vendor/codeigniter4/framework/system/CodeIgniter.php(318): CodeIgniter\CodeIgniter->handleRequest(NULL, Object(Config\Cache), false)
#9 /home/xkynpbah/public_html/index.php(37): CodeIgniter\CodeIgniter->run()
#10 {main}
ERROR - 2026-07-27 01:05:15 --> Telegram controller called
ERROR - 2026-07-27 01:05:15 --> Table 'xkynpbah_titoo.telegram_premium' doesn't exist
CRITICAL - 2026-07-27 01:05:15 --> Table 'xkynpbah_titoo.telegram_premium' doesn't exist
#0 /home/xkynpbah/public_html/vendor/codeigniter4/framework/system/Database/MySQLi/Connection.php(292): mysqli->query('SELECT COUNT(*)...', 0)
#1 /home/xkynpbah/public_html/vendor/codeigniter4/framework/system/Database/BaseConnection.php(670): CodeIgniter\Database\MySQLi\Connection->execute('SELECT COUNT(*)...')
#2 /home/xkynpbah/public_html/vendor/codeigniter4/framework/system/Database/BaseConnection.php(598): CodeIgniter\Database\BaseConnection->simpleQuery('SELECT COUNT(*)...')
#3 /home/xkynpbah/public_html/vendor/codeigniter4/framework/system/Database/BaseBuilder.php(1527): CodeIgniter\Database\BaseConnection->query('SELECT COUNT(*)...', Array, false)
#4 /home/xkynpbah/public_html/app/Controllers/Telegram.php(165): CodeIgniter\Database\BaseBuilder->countAllResults()
#5 /home/xkynpbah/public_html/app/Controllers/Telegram.php(124): App\Controllers\Telegram->askForResetConfirmation(6719727245, 6719727245, Object(stdClass), 'akashbabu', Object(stdClass))
#6 /home/xkynpbah/public_html/vendor/codeigniter4/framework/system/CodeIgniter.php(824): App\Controllers\Telegram->index()
#7 /home/xkynpbah/public_html/vendor/codeigniter4/framework/system/CodeIgniter.php(410): CodeIgniter\CodeIgniter->runController(Object(App\Controllers\Telegram))
#8 /home/xkynpbah/public_html/vendor/codeigniter4/framework/system/CodeIgniter.php(318): CodeIgniter\CodeIgniter->handleRequest(NULL, Object(Config\Cache), false)
#9 /home/xkynpbah/public_html/index.php(37): CodeIgniter\CodeIgniter->run()
#10 {main}
ERROR - 2026-07-27 01:06:34 --> Telegram controller called
ERROR - 2026-07-27 01:06:35 --> Table 'xkynpbah_titoo.telegram_premium' doesn't exist
CRITICAL - 2026-07-27 01:06:35 --> Table 'xkynpbah_titoo.telegram_premium' doesn't exist
#0 /home/xkynpbah/public_html/vendor/codeigniter4/framework/system/Database/MySQLi/Connection.php(292): mysqli->query('SELECT COUNT(*)...', 0)
#1 /home/xkynpbah/public_html/vendor/codeigniter4/framework/system/Database/BaseConnection.php(670): CodeIgniter\Database\MySQLi\Connection->execute('SELECT COUNT(*)...')
#2 /home/xkynpbah/public_html/vendor/codeigniter4/framework/system/Database/BaseConnection.php(598): CodeIgniter\Database\BaseConnection->simpleQuery('SELECT COUNT(*)...')
#3 /home/xkynpbah/public_html/vendor/codeigniter4/framework/system/Database/BaseBuilder.php(1527): CodeIgniter\Database\BaseConnection->query('SELECT COUNT(*)...', Array, false)
#4 /home/xkynpbah/public_html/app/Controllers/Telegram.php(165): CodeIgniter\Database\BaseBuilder->countAllResults()
#5 /home/xkynpbah/public_html/app/Controllers/Telegram.php(124): App\Controllers\Telegram->askForResetConfirmation(6719727245, 6719727245, Object(stdClass), 'akashbabu', Object(stdClass))
#6 /home/xkynpbah/public_html/vendor/codeigniter4/framework/system/CodeIgniter.php(824): App\Controllers\Telegram->index()
#7 /home/xkynpbah/public_html/vendor/codeigniter4/framework/system/CodeIgniter.php(410): CodeIgniter\CodeIgniter->runController(Object(App\Controllers\Telegram))
#8 /home/xkynpbah/public_html/vendor/codeigniter4/framework/system/CodeIgniter.php(318): CodeIgniter\CodeIgniter->handleRequest(NULL, Object(Config\Cache), false)
#9 /home/xkynpbah/public_html/index.php(37): CodeIgniter\CodeIgniter->run()
#10 {main}
ERROR - 2026-07-27 01:08:24 --> Telegram controller called
ERROR - 2026-07-27 01:08:24 --> Table 'xkynpbah_titoo.telegram_premium' doesn't exist
CRITICAL - 2026-07-27 01:08:24 --> Table 'xkynpbah_titoo.telegram_premium' doesn't exist
#0 /home/xkynpbah/public_html/vendor/codeigniter4/framework/system/Database/MySQLi/Connection.php(292): mysqli->query('SELECT COUNT(*)...', 0)
#1 /home/xkynpbah/public_html/vendor/codeigniter4/framework/system/Database/BaseConnection.php(670): CodeIgniter\Database\MySQLi\Connection->execute('SELECT COUNT(*)...')
#2 /home/xkynpbah/public_html/vendor/codeigniter4/framework/system/Database/BaseConnection.php(598): CodeIgniter\Database\BaseConnection->simpleQuery('SELECT COUNT(*)...')
#3 /home/xkynpbah/public_html/vendor/codeigniter4/framework/system/Database/BaseBuilder.php(1527): CodeIgniter\Database\BaseConnection->query('SELECT COUNT(*)...', Array, false)
#4 /home/xkynpbah/public_html/app/Controllers/Telegram.php(165): CodeIgniter\Database\BaseBuilder->countAllResults()
#5 /home/xkynpbah/public_html/app/Controllers/Telegram.php(124): App\Controllers\Telegram->askForResetConfirmation(6719727245, 6719727245, Object(stdClass), 'akashbabu', Object(stdClass))
#6 /home/xkynpbah/public_html/vendor/codeigniter4/framework/system/CodeIgniter.php(824): App\Controllers\Telegram->index()
#7 /home/xkynpbah/public_html/vendor/codeigniter4/framework/system/CodeIgniter.php(410): CodeIgniter\CodeIgniter->runController(Object(App\Controllers\Telegram))
#8 /home/xkynpbah/public_html/vendor/codeigniter4/framework/system/CodeIgniter.php(318): CodeIgniter\CodeIgniter->handleRequest(NULL, Object(Config\Cache), false)
#9 /home/xkynpbah/public_html/index.php(37): CodeIgniter\CodeIgniter->run()
#10 {main}
ERROR - 2026-07-27 01:09:38 --> Telegram controller called
ERROR - 2026-07-27 01:09:38 --> Table 'xkynpbah_titoo.telegram_premium' doesn't exist
CRITICAL - 2026-07-27 01:09:38 --> Table 'xkynpbah_titoo.telegram_premium' doesn't exist
#0 /home/xkynpbah/public_html/vendor/codeigniter4/framework/system/Database/MySQLi/Connection.php(292): mysqli->query('SELECT COUNT(*)...', 0)
#1 /home/xkynpbah/public_html/vendor/codeigniter4/framework/system/Database/BaseConnection.php(670): CodeIgniter\Database\MySQLi\Connection->execute('SELECT COUNT(*)...')
#2 /home/xkynpbah/public_html/vendor/codeigniter4/framework/system/Database/BaseConnection.php(598): CodeIgniter\Database\BaseConnection->simpleQuery('SELECT COUNT(*)...')
#3 /home/xkynpbah/public_html/vendor/codeigniter4/framework/system/Database/BaseBuilder.php(1527): CodeIgniter\Database\BaseConnection->query('SELECT COUNT(*)...', Array, false)
#4 /home/xkynpbah/public_html/app/Controllers/Telegram.php(165): CodeIgniter\Database\BaseBuilder->countAllResults()
#5 /home/xkynpbah/public_html/app/Controllers/Telegram.php(124): App\Controllers\Telegram->askForResetConfirmation(6719727245, 6719727245, Object(stdClass), 'akashbabu', Object(stdClass))
#6 /home/xkynpbah/public_html/vendor/codeigniter4/framework/system/CodeIgniter.php(824): App\Controllers\Telegram->index()
#7 /home/xkynpbah/public_html/vendor/codeigniter4/framework/system/CodeIgniter.php(410): CodeIgniter\CodeIgniter->runController(Object(App\Controllers\Telegram))
#8 /home/xkynpbah/public_html/vendor/codeigniter4/framework/system/CodeIgniter.php(318): CodeIgniter\CodeIgniter->handleRequest(NULL, Object(Config\Cache), false)
#9 /home/xkynpbah/public_html/index.php(37): CodeIgniter\CodeIgniter->run()
#10 {main}
ERROR - 2026-07-27 01:11:26 --> Telegram controller called
ERROR - 2026-07-27 01:11:26 --> Table 'xkynpbah_titoo.telegram_premium' doesn't exist
CRITICAL - 2026-07-27 01:11:26 --> Table 'xkynpbah_titoo.telegram_premium' doesn't exist
#0 /home/xkynpbah/public_html/vendor/codeigniter4/framework/system/Database/MySQLi/Connection.php(292): mysqli->query('SELECT COUNT(*)...', 0)
#1 /home/xkynpbah/public_html/vendor/codeigniter4/framework/system/Database/BaseConnection.php(670): CodeIgniter\Database\MySQLi\Connection->execute('SELECT COUNT(*)...')
#2 /home/xkynpbah/public_html/vendor/codeigniter4/framework/system/Database/BaseConnection.php(598): CodeIgniter\Database\BaseConnection->simpleQuery('SELECT COUNT(*)...')
#3 /home/xkynpbah/public_html/vendor/codeigniter4/framework/system/Database/BaseBuilder.php(1527): CodeIgniter\Database\BaseConnection->query('SELECT COUNT(*)...', Array, false)
#4 /home/xkynpbah/public_html/app/Controllers/Telegram.php(165): CodeIgniter\Database\BaseBuilder->countAllResults()
#5 /home/xkynpbah/public_html/app/Controllers/Telegram.php(124): App\Controllers\Telegram->askForResetConfirmation(6719727245, 6719727245, Object(stdClass), 'akashbabu', Object(stdClass))
#6 /home/xkynpbah/public_html/vendor/codeigniter4/framework/system/CodeIgniter.php(824): App\Controllers\Telegram->index()
#7 /home/xkynpbah/public_html/vendor/codeigniter4/framework/system/CodeIgniter.php(410): CodeIgniter\CodeIgniter->runController(Object(App\Controllers\Telegram))
#8 /home/xkynpbah/public_html/vendor/codeigniter4/framework/system/CodeIgniter.php(318): CodeIgniter\CodeIgniter->handleRequest(NULL, Object(Config\Cache), false)
#9 /home/xkynpbah/public_html/index.php(37): CodeIgniter\CodeIgniter->run()
#10 {main}
ERROR - 2026-07-27 01:13:17 --> Telegram controller called
ERROR - 2026-07-27 01:13:17 --> Table 'xkynpbah_titoo.telegram_premium' doesn't exist
CRITICAL - 2026-07-27 01:13:17 --> Table 'xkynpbah_titoo.telegram_premium' doesn't exist
#0 /home/xkynpbah/public_html/vendor/codeigniter4/framework/system/Database/MySQLi/Connection.php(292): mysqli->query('SELECT COUNT(*)...', 0)
#1 /home/xkynpbah/public_html/vendor/codeigniter4/framework/system/Database/BaseConnection.php(670): CodeIgniter\Database\MySQLi\Connection->execute('SELECT COUNT(*)...')
#2 /home/xkynpbah/public_html/vendor/codeigniter4/framework/system/Database/BaseConnection.php(598): CodeIgniter\Database\BaseConnection->simpleQuery('SELECT COUNT(*)...')
#3 /home/xkynpbah/public_html/vendor/codeigniter4/framework/system/Database/BaseBuilder.php(1527): CodeIgniter\Database\BaseConnection->query('SELECT COUNT(*)...', Array, false)
#4 /home/xkynpbah/public_html/app/Controllers/Telegram.php(165): CodeIgniter\Database\BaseBuilder->countAllResults()
#5 /home/xkynpbah/public_html/app/Controllers/Telegram.php(124): App\Controllers\Telegram->askForResetConfirmation(6719727245, 6719727245, Object(stdClass), 'akashbabu', Object(stdClass))
#6 /home/xkynpbah/public_html/vendor/codeigniter4/framework/system/CodeIgniter.php(824): App\Controllers\Telegram->index()
#7 /home/xkynpbah/public_html/vendor/codeigniter4/framework/system/CodeIgniter.php(410): CodeIgniter\CodeIgniter->runController(Object(App\Controllers\Telegram))
#8 /home/xkynpbah/public_html/vendor/codeigniter4/framework/system/CodeIgniter.php(318): CodeIgniter\CodeIgniter->handleRequest(NULL, Object(Config\Cache), false)
#9 /home/xkynpbah/public_html/index.php(37): CodeIgniter\CodeIgniter->run()
#10 {main}
ERROR - 2026-07-27 01:15:08 --> Telegram controller called
ERROR - 2026-07-27 01:15:09 --> Table 'xkynpbah_titoo.telegram_premium' doesn't exist
CRITICAL - 2026-07-27 01:15:09 --> Table 'xkynpbah_titoo.telegram_premium' doesn't exist
#0 /home/xkynpbah/public_html/vendor/codeigniter4/framework/system/Database/MySQLi/Connection.php(292): mysqli->query('SELECT COUNT(*)...', 0)
#1 /home/xkynpbah/public_html/vendor/codeigniter4/framework/system/Database/BaseConnection.php(670): CodeIgniter\Database\MySQLi\Connection->execute('SELECT COUNT(*)...')
#2 /home/xkynpbah/public_html/vendor/codeigniter4/framework/system/Database/BaseConnection.php(598): CodeIgniter\Database\BaseConnection->simpleQuery('SELECT COUNT(*)...')
#3 /home/xkynpbah/public_html/vendor/codeigniter4/framework/system/Database/BaseBuilder.php(1527): CodeIgniter\Database\BaseConnection->query('SELECT COUNT(*)...', Array, false)
#4 /home/xkynpbah/public_html/app/Controllers/Telegram.php(165): CodeIgniter\Database\BaseBuilder->countAllResults()
#5 /home/xkynpbah/public_html/app/Controllers/Telegram.php(124): App\Controllers\Telegram->askForResetConfirmation(6719727245, 6719727245, Object(stdClass), 'akashbabu', Object(stdClass))
#6 /home/xkynpbah/public_html/vendor/codeigniter4/framework/system/CodeIgniter.php(824): App\Controllers\Telegram->index()
#7 /home/xkynpbah/public_html/vendor/codeigniter4/framework/system/CodeIgniter.php(410): CodeIgniter\CodeIgniter->runController(Object(App\Controllers\Telegram))
#8 /home/xkynpbah/public_html/vendor/codeigniter4/framework/system/CodeIgniter.php(318): CodeIgniter\CodeIgniter->handleRequest(NULL, Object(Config\Cache), false)
#9 /home/xkynpbah/public_html/index.php(37): CodeIgniter\CodeIgniter->run()
#10 {main}
ERROR - 2026-07-27 01:16:09 --> Telegram controller called
ERROR - 2026-07-27 01:16:09 --> Table 'xkynpbah_titoo.telegram_premium' doesn't exist
CRITICAL - 2026-07-27 01:16:09 --> Table 'xkynpbah_titoo.telegram_premium' doesn't exist
#0 /home/xkynpbah/public_html/vendor/codeigniter4/framework/system/Database/MySQLi/Connection.php(292): mysqli->query('SELECT COUNT(*)...', 0)
#1 /home/xkynpbah/public_html/vendor/codeigniter4/framework/system/Database/BaseConnection.php(670): CodeIgniter\Database\MySQLi\Connection->execute('SELECT COUNT(*)...')
#2 /home/xkynpbah/public_html/vendor/codeigniter4/framework/system/Database/BaseConnection.php(598): CodeIgniter\Database\BaseConnection->simpleQuery('SELECT COUNT(*)...')
#3 /home/xkynpbah/public_html/vendor/codeigniter4/framework/system/Database/BaseBuilder.php(1527): CodeIgniter\Database\BaseConnection->query('SELECT COUNT(*)...', Array, false)
#4 /home/xkynpbah/public_html/app/Controllers/Telegram.php(165): CodeIgniter\Database\BaseBuilder->countAllResults()
#5 /home/xkynpbah/public_html/app/Controllers/Telegram.php(124): App\Controllers\Telegram->askForResetConfirmation(6719727245, 6719727245, Object(stdClass), 'akashbabu', Object(stdClass))
#6 /home/xkynpbah/public_html/vendor/codeigniter4/framework/system/CodeIgniter.php(824): App\Controllers\Telegram->index()
#7 /home/xkynpbah/public_html/vendor/codeigniter4/framework/system/CodeIgniter.php(410): CodeIgniter\CodeIgniter->runController(Object(App\Controllers\Telegram))
#8 /home/xkynpbah/public_html/vendor/codeigniter4/framework/system/CodeIgniter.php(318): CodeIgniter\CodeIgniter->handleRequest(NULL, Object(Config\Cache), false)
#9 /home/xkynpbah/public_html/index.php(37): CodeIgniter\CodeIgniter->run()
#10 {main}
ERROR - 2026-07-27 01:17:10 --> Telegram controller called
ERROR - 2026-07-27 01:17:10 --> Table 'xkynpbah_titoo.telegram_premium' doesn't exist
CRITICAL - 2026-07-27 01:17:10 --> Table 'xkynpbah_titoo.telegram_premium' doesn't exist
#0 /home/xkynpbah/public_html/vendor/codeigniter4/framework/system/Database/MySQLi/Connection.php(292): mysqli->query('SELECT COUNT(*)...', 0)
#1 /home/xkynpbah/public_html/vendor/codeigniter4/framework/system/Database/BaseConnection.php(670): CodeIgniter\Database\MySQLi\Connection->execute('SELECT COUNT(*)...')
#2 /home/xkynpbah/public_html/vendor/codeigniter4/framework/system/Database/BaseConnection.php(598): CodeIgniter\Database\BaseConnection->simpleQuery('SELECT COUNT(*)...')
#3 /home/xkynpbah/public_html/vendor/codeigniter4/framework/system/Database/BaseBuilder.php(1527): CodeIgniter\Database\BaseConnection->query('SELECT COUNT(*)...', Array, false)
#4 /home/xkynpbah/public_html/app/Controllers/Telegram.php(165): CodeIgniter\Database\BaseBuilder->countAllResults()
#5 /home/xkynpbah/public_html/app/Controllers/Telegram.php(124): App\Controllers\Telegram->askForResetConfirmation(6719727245, 6719727245, Object(stdClass), 'akashbabu', Object(stdClass))
#6 /home/xkynpbah/public_html/vendor/codeigniter4/framework/system/CodeIgniter.php(824): App\Controllers\Telegram->index()
#7 /home/xkynpbah/public_html/vendor/codeigniter4/framework/system/CodeIgniter.php(410): CodeIgniter\CodeIgniter->runController(Object(App\Controllers\Telegram))
#8 /home/xkynpbah/public_html/vendor/codeigniter4/framework/system/CodeIgniter.php(318): CodeIgniter\CodeIgniter->handleRequest(NULL, Object(Config\Cache), false)
#9 /home/xkynpbah/public_html/index.php(37): CodeIgniter\CodeIgniter->run()
#10 {main}
ERROR - 2026-07-27 01:19:05 --> Telegram controller called
ERROR - 2026-07-27 01:19:05 --> Table 'xkynpbah_titoo.telegram_premium' doesn't exist
CRITICAL - 2026-07-27 01:19:05 --> Table 'xkynpbah_titoo.telegram_premium' doesn't exist
#0 /home/xkynpbah/public_html/vendor/codeigniter4/framework/system/Database/MySQLi/Connection.php(292): mysqli->query('SELECT COUNT(*)...', 0)
#1 /home/xkynpbah/public_html/vendor/codeigniter4/framework/system/Database/BaseConnection.php(670): CodeIgniter\Database\MySQLi\Connection->execute('SELECT COUNT(*)...')
#2 /home/xkynpbah/public_html/vendor/codeigniter4/framework/system/Database/BaseConnection.php(598): CodeIgniter\Database\BaseConnection->simpleQuery('SELECT COUNT(*)...')
#3 /home/xkynpbah/public_html/vendor/codeigniter4/framework/system/Database/BaseBuilder.php(1527): CodeIgniter\Database\BaseConnection->query('SELECT COUNT(*)...', Array, false)
#4 /home/xkynpbah/public_html/app/Controllers/Telegram.php(165): CodeIgniter\Database\BaseBuilder->countAllResults()
#5 /home/xkynpbah/public_html/app/Controllers/Telegram.php(124): App\Controllers\Telegram->askForResetConfirmation(6719727245, 6719727245, Object(stdClass), 'akashbabu', Object(stdClass))
#6 /home/xkynpbah/public_html/vendor/codeigniter4/framework/system/CodeIgniter.php(824): App\Controllers\Telegram->index()
#7 /home/xkynpbah/public_html/vendor/codeigniter4/framework/system/CodeIgniter.php(410): CodeIgniter\CodeIgniter->runController(Object(App\Controllers\Telegram))
#8 /home/xkynpbah/public_html/vendor/codeigniter4/framework/system/CodeIgniter.php(318): CodeIgniter\CodeIgniter->handleRequest(NULL, Object(Config\Cache), false)
#9 /home/xkynpbah/public_html/index.php(37): CodeIgniter\CodeIgniter->run()
#10 {main}
ERROR - 2026-07-27 01:20:45 --> Telegram controller called
ERROR - 2026-07-27 01:20:45 --> Table 'xkynpbah_titoo.telegram_premium' doesn't exist
CRITICAL - 2026-07-27 01:20:45 --> Table 'xkynpbah_titoo.telegram_premium' doesn't exist
#0 /home/xkynpbah/public_html/vendor/codeigniter4/framework/system/Database/MySQLi/Connection.php(292): mysqli->query('SELECT COUNT(*)...', 0)
#1 /home/xkynpbah/public_html/vendor/codeigniter4/framework/system/Database/BaseConnection.php(670): CodeIgniter\Database\MySQLi\Connection->execute('SELECT COUNT(*)...')
#2 /home/xkynpbah/public_html/vendor/codeigniter4/framework/system/Database/BaseConnection.php(598): CodeIgniter\Database\BaseConnection->simpleQuery('SELECT COUNT(*)...')
#3 /home/xkynpbah/public_html/vendor/codeigniter4/framework/system/Database/BaseBuilder.php(1527): CodeIgniter\Database\BaseConnection->query('SELECT COUNT(*)...', Array, false)
#4 /home/xkynpbah/public_html/app/Controllers/Telegram.php(165): CodeIgniter\Database\BaseBuilder->countAllResults()
#5 /home/xkynpbah/public_html/app/Controllers/Telegram.php(124): App\Controllers\Telegram->askForResetConfirmation(6719727245, 6719727245, Object(stdClass), 'akashbabu', Object(stdClass))
#6 /home/xkynpbah/public_html/vendor/codeigniter4/framework/system/CodeIgniter.php(824): App\Controllers\Telegram->index()
#7 /home/xkynpbah/public_html/vendor/codeigniter4/framework/system/CodeIgniter.php(410): CodeIgniter\CodeIgniter->runController(Object(App\Controllers\Telegram))
#8 /home/xkynpbah/public_html/vendor/codeigniter4/framework/system/CodeIgniter.php(318): CodeIgniter\CodeIgniter->handleRequest(NULL, Object(Config\Cache), false)
#9 /home/xkynpbah/public_html/index.php(37): CodeIgniter\CodeIgniter->run()
#10 {main}
ERROR - 2026-07-27 01:21:58 --> Telegram controller called
ERROR - 2026-07-27 01:21:58 --> Table 'xkynpbah_titoo.telegram_premium' doesn't exist
CRITICAL - 2026-07-27 01:21:58 --> Table 'xkynpbah_titoo.telegram_premium' doesn't exist
#0 /home/xkynpbah/public_html/vendor/codeigniter4/framework/system/Database/MySQLi/Connection.php(292): mysqli->query('SELECT COUNT(*)...', 0)
#1 /home/xkynpbah/public_html/vendor/codeigniter4/framework/system/Database/BaseConnection.php(670): CodeIgniter\Database\MySQLi\Connection->execute('SELECT COUNT(*)...')
#2 /home/xkynpbah/public_html/vendor/codeigniter4/framework/system/Database/BaseConnection.php(598): CodeIgniter\Database\BaseConnection->simpleQuery('SELECT COUNT(*)...')
#3 /home/xkynpbah/public_html/vendor/codeigniter4/framework/system/Database/BaseBuilder.php(1527): CodeIgniter\Database\BaseConnection->query('SELECT COUNT(*)...', Array, false)
#4 /home/xkynpbah/public_html/app/Controllers/Telegram.php(165): CodeIgniter\Database\BaseBuilder->countAllResults()
#5 /home/xkynpbah/public_html/app/Controllers/Telegram.php(124): App\Controllers\Telegram->askForResetConfirmation(6719727245, 6719727245, Object(stdClass), 'akashbabu', Object(stdClass))
#6 /home/xkynpbah/public_html/vendor/codeigniter4/framework/system/CodeIgniter.php(824): App\Controllers\Telegram->index()
#7 /home/xkynpbah/public_html/vendor/codeigniter4/framework/system/CodeIgniter.php(410): CodeIgniter\CodeIgniter->runController(Object(App\Controllers\Telegram))
#8 /home/xkynpbah/public_html/vendor/codeigniter4/framework/system/CodeIgniter.php(318): CodeIgniter\CodeIgniter->handleRequest(NULL, Object(Config\Cache), false)
#9 /home/xkynpbah/public_html/index.php(37): CodeIgniter\CodeIgniter->run()
#10 {main}
ERROR - 2026-07-27 01:23:39 --> Telegram controller called
ERROR - 2026-07-27 01:23:39 --> Table 'xkynpbah_titoo.telegram_premium' doesn't exist
CRITICAL - 2026-07-27 01:23:39 --> Table 'xkynpbah_titoo.telegram_premium' doesn't exist
#0 /home/xkynpbah/public_html/vendor/codeigniter4/framework/system/Database/MySQLi/Connection.php(292): mysqli->query('SELECT COUNT(*)...', 0)
#1 /home/xkynpbah/public_html/vendor/codeigniter4/framework/system/Database/BaseConnection.php(670): CodeIgniter\Database\MySQLi\Connection->execute('SELECT COUNT(*)...')
#2 /home/xkynpbah/public_html/vendor/codeigniter4/framework/system/Database/BaseConnection.php(598): CodeIgniter\Database\BaseConnection->simpleQuery('SELECT COUNT(*)...')
#3 /home/xkynpbah/public_html/vendor/codeigniter4/framework/system/Database/BaseBuilder.php(1527): CodeIgniter\Database\BaseConnection->query('SELECT COUNT(*)...', Array, false)
#4 /home/xkynpbah/public_html/app/Controllers/Telegram.php(165): CodeIgniter\Database\BaseBuilder->countAllResults()
#5 /home/xkynpbah/public_html/app/Controllers/Telegram.php(124): App\Controllers\Telegram->askForResetConfirmation(6719727245, 6719727245, Object(stdClass), 'akashbabu', Object(stdClass))
#6 /home/xkynpbah/public_html/vendor/codeigniter4/framework/system/CodeIgniter.php(824): App\Controllers\Telegram->index()
#7 /home/xkynpbah/public_html/vendor/codeigniter4/framework/system/CodeIgniter.php(410): CodeIgniter\CodeIgniter->runController(Object(App\Controllers\Telegram))
#8 /home/xkynpbah/public_html/vendor/codeigniter4/framework/system/CodeIgniter.php(318): CodeIgniter\CodeIgniter->handleRequest(NULL, Object(Config\Cache), false)
#9 /home/xkynpbah/public_html/index.php(37): CodeIgniter\CodeIgniter->run()
#10 {main}
ERROR - 2026-07-27 01:25:24 --> Telegram controller called
ERROR - 2026-07-27 01:25:24 --> Table 'xkynpbah_titoo.telegram_premium' doesn't exist
CRITICAL - 2026-07-27 01:25:24 --> Table 'xkynpbah_titoo.telegram_premium' doesn't exist
#0 /home/xkynpbah/public_html/vendor/codeigniter4/framework/system/Database/MySQLi/Connection.php(292): mysqli->query('SELECT COUNT(*)...', 0)
#1 /home/xkynpbah/public_html/vendor/codeigniter4/framework/system/Database/BaseConnection.php(670): CodeIgniter\Database\MySQLi\Connection->execute('SELECT COUNT(*)...')
#2 /home/xkynpbah/public_html/vendor/codeigniter4/framework/system/Database/BaseConnection.php(598): CodeIgniter\Database\BaseConnection->simpleQuery('SELECT COUNT(*)...')
#3 /home/xkynpbah/public_html/vendor/codeigniter4/framework/system/Database/BaseBuilder.php(1527): CodeIgniter\Database\BaseConnection->query('SELECT COUNT(*)...', Array, false)
#4 /home/xkynpbah/public_html/app/Controllers/Telegram.php(165): CodeIgniter\Database\BaseBuilder->countAllResults()
#5 /home/xkynpbah/public_html/app/Controllers/Telegram.php(124): App\Controllers\Telegram->askForResetConfirmation(6719727245, 6719727245, Object(stdClass), 'akashbabu', Object(stdClass))
#6 /home/xkynpbah/public_html/vendor/codeigniter4/framework/system/CodeIgniter.php(824): App\Controllers\Telegram->index()
#7 /home/xkynpbah/public_html/vendor/codeigniter4/framework/system/CodeIgniter.php(410): CodeIgniter\CodeIgniter->runController(Object(App\Controllers\Telegram))
#8 /home/xkynpbah/public_html/vendor/codeigniter4/framework/system/CodeIgniter.php(318): CodeIgniter\CodeIgniter->handleRequest(NULL, Object(Config\Cache), false)
#9 /home/xkynpbah/public_html/index.php(37): CodeIgniter\CodeIgniter->run()
#10 {main}
ERROR - 2026-07-27 01:26:54 --> Telegram controller called
ERROR - 2026-07-27 01:26:54 --> Table 'xkynpbah_titoo.telegram_premium' doesn't exist
CRITICAL - 2026-07-27 01:26:54 --> Table 'xkynpbah_titoo.telegram_premium' doesn't exist
#0 /home/xkynpbah/public_html/vendor/codeigniter4/framework/system/Database/MySQLi/Connection.php(292): mysqli->query('SELECT COUNT(*)...', 0)
#1 /home/xkynpbah/public_html/vendor/codeigniter4/framework/system/Database/BaseConnection.php(670): CodeIgniter\Database\MySQLi\Connection->execute('SELECT COUNT(*)...')
#2 /home/xkynpbah/public_html/vendor/codeigniter4/framework/system/Database/BaseConnection.php(598): CodeIgniter\Database\BaseConnection->simpleQuery('SELECT COUNT(*)...')
#3 /home/xkynpbah/public_html/vendor/codeigniter4/framework/system/Database/BaseBuilder.php(1527): CodeIgniter\Database\BaseConnection->query('SELECT COUNT(*)...', Array, false)
#4 /home/xkynpbah/public_html/app/Controllers/Telegram.php(165): CodeIgniter\Database\BaseBuilder->countAllResults()
#5 /home/xkynpbah/public_html/app/Controllers/Telegram.php(124): App\Controllers\Telegram->askForResetConfirmation(6719727245, 6719727245, Object(stdClass), 'akashbabu', Object(stdClass))
#6 /home/xkynpbah/public_html/vendor/codeigniter4/framework/system/CodeIgniter.php(824): App\Controllers\Telegram->index()
#7 /home/xkynpbah/public_html/vendor/codeigniter4/framework/system/CodeIgniter.php(410): CodeIgniter\CodeIgniter->runController(Object(App\Controllers\Telegram))
#8 /home/xkynpbah/public_html/vendor/codeigniter4/framework/system/CodeIgniter.php(318): CodeIgniter\CodeIgniter->handleRequest(NULL, Object(Config\Cache), false)
#9 /home/xkynpbah/public_html/index.php(37): CodeIgniter\CodeIgniter->run()
#10 {main}
ERROR - 2026-07-27 01:28:23 --> Telegram controller called
ERROR - 2026-07-27 01:28:23 --> Table 'xkynpbah_titoo.telegram_premium' doesn't exist
CRITICAL - 2026-07-27 01:28:23 --> Table 'xkynpbah_titoo.telegram_premium' doesn't exist
#0 /home/xkynpbah/public_html/vendor/codeigniter4/framework/system/Database/MySQLi/Connection.php(292): mysqli->query('SELECT COUNT(*)...', 0)
#1 /home/xkynpbah/public_html/vendor/codeigniter4/framework/system/Database/BaseConnection.php(670): CodeIgniter\Database\MySQLi\Connection->execute('SELECT COUNT(*)...')
#2 /home/xkynpbah/public_html/vendor/codeigniter4/framework/system/Database/BaseConnection.php(598): CodeIgniter\Database\BaseConnection->simpleQuery('SELECT COUNT(*)...')
#3 /home/xkynpbah/public_html/vendor/codeigniter4/framework/system/Database/BaseBuilder.php(1527): CodeIgniter\Database\BaseConnection->query('SELECT COUNT(*)...', Array, false)
#4 /home/xkynpbah/public_html/app/Controllers/Telegram.php(165): CodeIgniter\Database\BaseBuilder->countAllResults()
#5 /home/xkynpbah/public_html/app/Controllers/Telegram.php(124): App\Controllers\Telegram->askForResetConfirmation(6719727245, 6719727245, Object(stdClass), 'akashbabu', Object(stdClass))
#6 /home/xkynpbah/public_html/vendor/codeigniter4/framework/system/CodeIgniter.php(824): App\Controllers\Telegram->index()
#7 /home/xkynpbah/public_html/vendor/codeigniter4/framework/system/CodeIgniter.php(410): CodeIgniter\CodeIgniter->runController(Object(App\Controllers\Telegram))
#8 /home/xkynpbah/public_html/vendor/codeigniter4/framework/system/CodeIgniter.php(318): CodeIgniter\CodeIgniter->handleRequest(NULL, Object(Config\Cache), false)
#9 /home/xkynpbah/public_html/index.php(37): CodeIgniter\CodeIgniter->run()
#10 {main}
ERROR - 2026-07-27 01:30:11 --> Telegram controller called
ERROR - 2026-07-27 01:30:11 --> Table 'xkynpbah_titoo.telegram_premium' doesn't exist
CRITICAL - 2026-07-27 01:30:11 --> Table 'xkynpbah_titoo.telegram_premium' doesn't exist
#0 /home/xkynpbah/public_html/vendor/codeigniter4/framework/system/Database/MySQLi/Connection.php(292): mysqli->query('SELECT COUNT(*)...', 0)
#1 /home/xkynpbah/public_html/vendor/codeigniter4/framework/system/Database/BaseConnection.php(670): CodeIgniter\Database\MySQLi\Connection->execute('SELECT COUNT(*)...')
#2 /home/xkynpbah/public_html/vendor/codeigniter4/framework/system/Database/BaseConnection.php(598): CodeIgniter\Database\BaseConnection->simpleQuery('SELECT COUNT(*)...')
#3 /home/xkynpbah/public_html/vendor/codeigniter4/framework/system/Database/BaseBuilder.php(1527): CodeIgniter\Database\BaseConnection->query('SELECT COUNT(*)...', Array, false)
#4 /home/xkynpbah/public_html/app/Controllers/Telegram.php(165): CodeIgniter\Database\BaseBuilder->countAllResults()
#5 /home/xkynpbah/public_html/app/Controllers/Telegram.php(124): App\Controllers\Telegram->askForResetConfirmation(6719727245, 6719727245, Object(stdClass), 'akashbabu', Object(stdClass))
#6 /home/xkynpbah/public_html/vendor/codeigniter4/framework/system/CodeIgniter.php(824): App\Controllers\Telegram->index()
#7 /home/xkynpbah/public_html/vendor/codeigniter4/framework/system/CodeIgniter.php(410): CodeIgniter\CodeIgniter->runController(Object(App\Controllers\Telegram))
#8 /home/xkynpbah/public_html/vendor/codeigniter4/framework/system/CodeIgniter.php(318): CodeIgniter\CodeIgniter->handleRequest(NULL, Object(Config\Cache), false)
#9 /home/xkynpbah/public_html/index.php(37): CodeIgniter\CodeIgniter->run()
#10 {main}
ERROR - 2026-07-27 01:31:22 --> Telegram controller called
ERROR - 2026-07-27 01:31:22 --> Table 'xkynpbah_titoo.telegram_premium' doesn't exist
CRITICAL - 2026-07-27 01:31:22 --> Table 'xkynpbah_titoo.telegram_premium' doesn't exist
#0 /home/xkynpbah/public_html/vendor/codeigniter4/framework/system/Database/MySQLi/Connection.php(292): mysqli->query('SELECT COUNT(*)...', 0)
#1 /home/xkynpbah/public_html/vendor/codeigniter4/framework/system/Database/BaseConnection.php(670): CodeIgniter\Database\MySQLi\Connection->execute('SELECT COUNT(*)...')
#2 /home/xkynpbah/public_html/vendor/codeigniter4/framework/system/Database/BaseConnection.php(598): CodeIgniter\Database\BaseConnection->simpleQuery('SELECT COUNT(*)...')
#3 /home/xkynpbah/public_html/vendor/codeigniter4/framework/system/Database/BaseBuilder.php(1527): CodeIgniter\Database\BaseConnection->query('SELECT COUNT(*)...', Array, false)
#4 /home/xkynpbah/public_html/app/Controllers/Telegram.php(165): CodeIgniter\Database\BaseBuilder->countAllResults()
#5 /home/xkynpbah/public_html/app/Controllers/Telegram.php(124): App\Controllers\Telegram->askForResetConfirmation(6719727245, 6719727245, Object(stdClass), 'akashbabu', Object(stdClass))
#6 /home/xkynpbah/public_html/vendor/codeigniter4/framework/system/CodeIgniter.php(824): App\Controllers\Telegram->index()
#7 /home/xkynpbah/public_html/vendor/codeigniter4/framework/system/CodeIgniter.php(410): CodeIgniter\CodeIgniter->runController(Object(App\Controllers\Telegram))
#8 /home/xkynpbah/public_html/vendor/codeigniter4/framework/system/CodeIgniter.php(318): CodeIgniter\CodeIgniter->handleRequest(NULL, Object(Config\Cache), false)
#9 /home/xkynpbah/public_html/index.php(37): CodeIgniter\CodeIgniter->run()
#10 {main}
ERROR - 2026-07-27 01:33:14 --> Telegram controller called
ERROR - 2026-07-27 01:33:14 --> Table 'xkynpbah_titoo.telegram_premium' doesn't exist
CRITICAL - 2026-07-27 01:33:14 --> Table 'xkynpbah_titoo.telegram_premium' doesn't exist
#0 /home/xkynpbah/public_html/vendor/codeigniter4/framework/system/Database/MySQLi/Connection.php(292): mysqli->query('SELECT COUNT(*)...', 0)
#1 /home/xkynpbah/public_html/vendor/codeigniter4/framework/system/Database/BaseConnection.php(670): CodeIgniter\Database\MySQLi\Connection->execute('SELECT COUNT(*)...')
#2 /home/xkynpbah/public_html/vendor/codeigniter4/framework/system/Database/BaseConnection.php(598): CodeIgniter\Database\BaseConnection->simpleQuery('SELECT COUNT(*)...')
#3 /home/xkynpbah/public_html/vendor/codeigniter4/framework/system/Database/BaseBuilder.php(1527): CodeIgniter\Database\BaseConnection->query('SELECT COUNT(*)...', Array, false)
#4 /home/xkynpbah/public_html/app/Controllers/Telegram.php(165): CodeIgniter\Database\BaseBuilder->countAllResults()
#5 /home/xkynpbah/public_html/app/Controllers/Telegram.php(124): App\Controllers\Telegram->askForResetConfirmation(6719727245, 6719727245, Object(stdClass), 'akashbabu', Object(stdClass))
#6 /home/xkynpbah/public_html/vendor/codeigniter4/framework/system/CodeIgniter.php(824): App\Controllers\Telegram->index()
#7 /home/xkynpbah/public_html/vendor/codeigniter4/framework/system/CodeIgniter.php(410): CodeIgniter\CodeIgniter->runController(Object(App\Controllers\Telegram))
#8 /home/xkynpbah/public_html/vendor/codeigniter4/framework/system/CodeIgniter.php(318): CodeIgniter\CodeIgniter->handleRequest(NULL, Object(Config\Cache), false)
#9 /home/xkynpbah/public_html/index.php(37): CodeIgniter\CodeIgniter->run()
#10 {main}
ERROR - 2026-07-27 01:34:24 --> Telegram controller called
ERROR - 2026-07-27 01:34:24 --> Table 'xkynpbah_titoo.telegram_premium' doesn't exist
CRITICAL - 2026-07-27 01:34:24 --> Table 'xkynpbah_titoo.telegram_premium' doesn't exist
#0 /home/xkynpbah/public_html/vendor/codeigniter4/framework/system/Database/MySQLi/Connection.php(292): mysqli->query('SELECT COUNT(*)...', 0)
#1 /home/xkynpbah/public_html/vendor/codeigniter4/framework/system/Database/BaseConnection.php(670): CodeIgniter\Database\MySQLi\Connection->execute('SELECT COUNT(*)...')
#2 /home/xkynpbah/public_html/vendor/codeigniter4/framework/system/Database/BaseConnection.php(598): CodeIgniter\Database\BaseConnection->simpleQuery('SELECT COUNT(*)...')
#3 /home/xkynpbah/public_html/vendor/codeigniter4/framework/system/Database/BaseBuilder.php(1527): CodeIgniter\Database\BaseConnection->query('SELECT COUNT(*)...', Array, false)
#4 /home/xkynpbah/public_html/app/Controllers/Telegram.php(165): CodeIgniter\Database\BaseBuilder->countAllResults()
#5 /home/xkynpbah/public_html/app/Controllers/Telegram.php(124): App\Controllers\Telegram->askForResetConfirmation(6719727245, 6719727245, Object(stdClass), 'akashbabu', Object(stdClass))
#6 /home/xkynpbah/public_html/vendor/codeigniter4/framework/system/CodeIgniter.php(824): App\Controllers\Telegram->index()
#7 /home/xkynpbah/public_html/vendor/codeigniter4/framework/system/CodeIgniter.php(410): CodeIgniter\CodeIgniter->runController(Object(App\Controllers\Telegram))
#8 /home/xkynpbah/public_html/vendor/codeigniter4/framework/system/CodeIgniter.php(318): CodeIgniter\CodeIgniter->handleRequest(NULL, Object(Config\Cache), false)
#9 /home/xkynpbah/public_html/index.php(37): CodeIgniter\CodeIgniter->run()
#10 {main}
ERROR - 2026-07-27 01:36:03 --> Telegram controller called
ERROR - 2026-07-27 01:36:03 --> Table 'xkynpbah_titoo.telegram_premium' doesn't exist
CRITICAL - 2026-07-27 01:36:03 --> Table 'xkynpbah_titoo.telegram_premium' doesn't exist
#0 /home/xkynpbah/public_html/vendor/codeigniter4/framework/system/Database/MySQLi/Connection.php(292): mysqli->query('SELECT COUNT(*)...', 0)
#1 /home/xkynpbah/public_html/vendor/codeigniter4/framework/system/Database/BaseConnection.php(670): CodeIgniter\Database\MySQLi\Connection->execute('SELECT COUNT(*)...')
#2 /home/xkynpbah/public_html/vendor/codeigniter4/framework/system/Database/BaseConnection.php(598): CodeIgniter\Database\BaseConnection->simpleQuery('SELECT COUNT(*)...')
#3 /home/xkynpbah/public_html/vendor/codeigniter4/framework/system/Database/BaseBuilder.php(1527): CodeIgniter\Database\BaseConnection->query('SELECT COUNT(*)...', Array, false)
#4 /home/xkynpbah/public_html/app/Controllers/Telegram.php(165): CodeIgniter\Database\BaseBuilder->countAllResults()
#5 /home/xkynpbah/public_html/app/Controllers/Telegram.php(124): App\Controllers\Telegram->askForResetConfirmation(6719727245, 6719727245, Object(stdClass), 'akashbabu', Object(stdClass))
#6 /home/xkynpbah/public_html/vendor/codeigniter4/framework/system/CodeIgniter.php(824): App\Controllers\Telegram->index()
#7 /home/xkynpbah/public_html/vendor/codeigniter4/framework/system/CodeIgniter.php(410): CodeIgniter\CodeIgniter->runController(Object(App\Controllers\Telegram))
#8 /home/xkynpbah/public_html/vendor/codeigniter4/framework/system/CodeIgniter.php(318): CodeIgniter\CodeIgniter->handleRequest(NULL, Object(Config\Cache), false)
#9 /home/xkynpbah/public_html/index.php(37): CodeIgniter\CodeIgniter->run()
#10 {main}
ERROR - 2026-07-27 01:37:11 --> Telegram controller called
ERROR - 2026-07-27 01:37:11 --> Table 'xkynpbah_titoo.telegram_premium' doesn't exist
CRITICAL - 2026-07-27 01:37:11 --> Table 'xkynpbah_titoo.telegram_premium' doesn't exist
#0 /home/xkynpbah/public_html/vendor/codeigniter4/framework/system/Database/MySQLi/Connection.php(292): mysqli->query('SELECT COUNT(*)...', 0)
#1 /home/xkynpbah/public_html/vendor/codeigniter4/framework/system/Database/BaseConnection.php(670): CodeIgniter\Database\MySQLi\Connection->execute('SELECT COUNT(*)...')
#2 /home/xkynpbah/public_html/vendor/codeigniter4/framework/system/Database/BaseConnection.php(598): CodeIgniter\Database\BaseConnection->simpleQuery('SELECT COUNT(*)...')
#3 /home/xkynpbah/public_html/vendor/codeigniter4/framework/system/Database/BaseBuilder.php(1527): CodeIgniter\Database\BaseConnection->query('SELECT COUNT(*)...', Array, false)
#4 /home/xkynpbah/public_html/app/Controllers/Telegram.php(165): CodeIgniter\Database\BaseBuilder->countAllResults()
#5 /home/xkynpbah/public_html/app/Controllers/Telegram.php(124): App\Controllers\Telegram->askForResetConfirmation(6719727245, 6719727245, Object(stdClass), 'akashbabu', Object(stdClass))
#6 /home/xkynpbah/public_html/vendor/codeigniter4/framework/system/CodeIgniter.php(824): App\Controllers\Telegram->index()
#7 /home/xkynpbah/public_html/vendor/codeigniter4/framework/system/CodeIgniter.php(410): CodeIgniter\CodeIgniter->runController(Object(App\Controllers\Telegram))
#8 /home/xkynpbah/public_html/vendor/codeigniter4/framework/system/CodeIgniter.php(318): CodeIgniter\CodeIgniter->handleRequest(NULL, Object(Config\Cache), false)
#9 /home/xkynpbah/public_html/index.php(37): CodeIgniter\CodeIgniter->run()
#10 {main}
ERROR - 2026-07-27 01:38:46 --> Telegram controller called
ERROR - 2026-07-27 01:38:46 --> Table 'xkynpbah_titoo.telegram_premium' doesn't exist
CRITICAL - 2026-07-27 01:38:46 --> Table 'xkynpbah_titoo.telegram_premium' doesn't exist
#0 /home/xkynpbah/public_html/vendor/codeigniter4/framework/system/Database/MySQLi/Connection.php(292): mysqli->query('SELECT COUNT(*)...', 0)
#1 /home/xkynpbah/public_html/vendor/codeigniter4/framework/system/Database/BaseConnection.php(670): CodeIgniter\Database\MySQLi\Connection->execute('SELECT COUNT(*)...')
#2 /home/xkynpbah/public_html/vendor/codeigniter4/framework/system/Database/BaseConnection.php(598): CodeIgniter\Database\BaseConnection->simpleQuery('SELECT COUNT(*)...')
#3 /home/xkynpbah/public_html/vendor/codeigniter4/framework/system/Database/BaseBuilder.php(1527): CodeIgniter\Database\BaseConnection->query('SELECT COUNT(*)...', Array, false)
#4 /home/xkynpbah/public_html/app/Controllers/Telegram.php(165): CodeIgniter\Database\BaseBuilder->countAllResults()
#5 /home/xkynpbah/public_html/app/Controllers/Telegram.php(124): App\Controllers\Telegram->askForResetConfirmation(6719727245, 6719727245, Object(stdClass), 'akashbabu', Object(stdClass))
#6 /home/xkynpbah/public_html/vendor/codeigniter4/framework/system/CodeIgniter.php(824): App\Controllers\Telegram->index()
#7 /home/xkynpbah/public_html/vendor/codeigniter4/framework/system/CodeIgniter.php(410): CodeIgniter\CodeIgniter->runController(Object(App\Controllers\Telegram))
#8 /home/xkynpbah/public_html/vendor/codeigniter4/framework/system/CodeIgniter.php(318): CodeIgniter\CodeIgniter->handleRequest(NULL, Object(Config\Cache), false)
#9 /home/xkynpbah/public_html/index.php(37): CodeIgniter\CodeIgniter->run()
#10 {main}
ERROR - 2026-07-27 01:39:55 --> Telegram controller called
ERROR - 2026-07-27 01:39:55 --> Table 'xkynpbah_titoo.telegram_premium' doesn't exist
CRITICAL - 2026-07-27 01:39:55 --> Table 'xkynpbah_titoo.telegram_premium' doesn't exist
#0 /home/xkynpbah/public_html/vendor/codeigniter4/framework/system/Database/MySQLi/Connection.php(292): mysqli->query('SELECT COUNT(*)...', 0)
#1 /home/xkynpbah/public_html/vendor/codeigniter4/framework/system/Database/BaseConnection.php(670): CodeIgniter\Database\MySQLi\Connection->execute('SELECT COUNT(*)...')
#2 /home/xkynpbah/public_html/vendor/codeigniter4/framework/system/Database/BaseConnection.php(598): CodeIgniter\Database\BaseConnection->simpleQuery('SELECT COUNT(*)...')
#3 /home/xkynpbah/public_html/vendor/codeigniter4/framework/system/Database/BaseBuilder.php(1527): CodeIgniter\Database\BaseConnection->query('SELECT COUNT(*)...', Array, false)
#4 /home/xkynpbah/public_html/app/Controllers/Telegram.php(165): CodeIgniter\Database\BaseBuilder->countAllResults()
#5 /home/xkynpbah/public_html/app/Controllers/Telegram.php(124): App\Controllers\Telegram->askForResetConfirmation(6719727245, 6719727245, Object(stdClass), 'akashbabu', Object(stdClass))
#6 /home/xkynpbah/public_html/vendor/codeigniter4/framework/system/CodeIgniter.php(824): App\Controllers\Telegram->index()
#7 /home/xkynpbah/public_html/vendor/codeigniter4/framework/system/CodeIgniter.php(410): CodeIgniter\CodeIgniter->runController(Object(App\Controllers\Telegram))
#8 /home/xkynpbah/public_html/vendor/codeigniter4/framework/system/CodeIgniter.php(318): CodeIgniter\CodeIgniter->handleRequest(NULL, Object(Config\Cache), false)
#9 /home/xkynpbah/public_html/index.php(37): CodeIgniter\CodeIgniter->run()
#10 {main}
ERROR - 2026-07-27 01:41:20 --> Telegram controller called
ERROR - 2026-07-27 01:41:20 --> Table 'xkynpbah_titoo.telegram_premium' doesn't exist
CRITICAL - 2026-07-27 01:41:20 --> Table 'xkynpbah_titoo.telegram_premium' doesn't exist
#0 /home/xkynpbah/public_html/vendor/codeigniter4/framework/system/Database/MySQLi/Connection.php(292): mysqli->query('SELECT COUNT(*)...', 0)
#1 /home/xkynpbah/public_html/vendor/codeigniter4/framework/system/Database/BaseConnection.php(670): CodeIgniter\Database\MySQLi\Connection->execute('SELECT COUNT(*)...')
#2 /home/xkynpbah/public_html/vendor/codeigniter4/framework/system/Database/BaseConnection.php(598): CodeIgniter\Database\BaseConnection->simpleQuery('SELECT COUNT(*)...')
#3 /home/xkynpbah/public_html/vendor/codeigniter4/framework/system/Database/BaseBuilder.php(1527): CodeIgniter\Database\BaseConnection->query('SELECT COUNT(*)...', Array, false)
#4 /home/xkynpbah/public_html/app/Controllers/Telegram.php(165): CodeIgniter\Database\BaseBuilder->countAllResults()
#5 /home/xkynpbah/public_html/app/Controllers/Telegram.php(124): App\Controllers\Telegram->askForResetConfirmation(6719727245, 6719727245, Object(stdClass), 'akashbabu', Object(stdClass))
#6 /home/xkynpbah/public_html/vendor/codeigniter4/framework/system/CodeIgniter.php(824): App\Controllers\Telegram->index()
#7 /home/xkynpbah/public_html/vendor/codeigniter4/framework/system/CodeIgniter.php(410): CodeIgniter\CodeIgniter->runController(Object(App\Controllers\Telegram))
#8 /home/xkynpbah/public_html/vendor/codeigniter4/framework/system/CodeIgniter.php(318): CodeIgniter\CodeIgniter->handleRequest(NULL, Object(Config\Cache), false)
#9 /home/xkynpbah/public_html/index.php(37): CodeIgniter\CodeIgniter->run()
#10 {main}
ERROR - 2026-07-27 01:43:10 --> Telegram controller called
ERROR - 2026-07-27 01:43:10 --> Table 'xkynpbah_titoo.telegram_premium' doesn't exist
CRITICAL - 2026-07-27 01:43:10 --> Table 'xkynpbah_titoo.telegram_premium' doesn't exist
#0 /home/xkynpbah/public_html/vendor/codeigniter4/framework/system/Database/MySQLi/Connection.php(292): mysqli->query('SELECT COUNT(*)...', 0)
#1 /home/xkynpbah/public_html/vendor/codeigniter4/framework/system/Database/BaseConnection.php(670): CodeIgniter\Database\MySQLi\Connection->execute('SELECT COUNT(*)...')
#2 /home/xkynpbah/public_html/vendor/codeigniter4/framework/system/Database/BaseConnection.php(598): CodeIgniter\Database\BaseConnection->simpleQuery('SELECT COUNT(*)...')
#3 /home/xkynpbah/public_html/vendor/codeigniter4/framework/system/Database/BaseBuilder.php(1527): CodeIgniter\Database\BaseConnection->query('SELECT COUNT(*)...', Array, false)
#4 /home/xkynpbah/public_html/app/Controllers/Telegram.php(165): CodeIgniter\Database\BaseBuilder->countAllResults()
#5 /home/xkynpbah/public_html/app/Controllers/Telegram.php(124): App\Controllers\Telegram->askForResetConfirmation(6719727245, 6719727245, Object(stdClass), 'akashbabu', Object(stdClass))
#6 /home/xkynpbah/public_html/vendor/codeigniter4/framework/system/CodeIgniter.php(824): App\Controllers\Telegram->index()
#7 /home/xkynpbah/public_html/vendor/codeigniter4/framework/system/CodeIgniter.php(410): CodeIgniter\CodeIgniter->runController(Object(App\Controllers\Telegram))
#8 /home/xkynpbah/public_html/vendor/codeigniter4/framework/system/CodeIgniter.php(318): CodeIgniter\CodeIgniter->handleRequest(NULL, Object(Config\Cache), false)
#9 /home/xkynpbah/public_html/index.php(37): CodeIgniter\CodeIgniter->run()
#10 {main}
ERROR - 2026-07-27 01:44:44 --> Telegram controller called
ERROR - 2026-07-27 01:44:44 --> Table 'xkynpbah_titoo.telegram_premium' doesn't exist
CRITICAL - 2026-07-27 01:44:44 --> Table 'xkynpbah_titoo.telegram_premium' doesn't exist
#0 /home/xkynpbah/public_html/vendor/codeigniter4/framework/system/Database/MySQLi/Connection.php(292): mysqli->query('SELECT COUNT(*)...', 0)
#1 /home/xkynpbah/public_html/vendor/codeigniter4/framework/system/Database/BaseConnection.php(670): CodeIgniter\Database\MySQLi\Connection->execute('SELECT COUNT(*)...')
#2 /home/xkynpbah/public_html/vendor/codeigniter4/framework/system/Database/BaseConnection.php(598): CodeIgniter\Database\BaseConnection->simpleQuery('SELECT COUNT(*)...')
#3 /home/xkynpbah/public_html/vendor/codeigniter4/framework/system/Database/BaseBuilder.php(1527): CodeIgniter\Database\BaseConnection->query('SELECT COUNT(*)...', Array, false)
#4 /home/xkynpbah/public_html/app/Controllers/Telegram.php(165): CodeIgniter\Database\BaseBuilder->countAllResults()
#5 /home/xkynpbah/public_html/app/Controllers/Telegram.php(124): App\Controllers\Telegram->askForResetConfirmation(6719727245, 6719727245, Object(stdClass), 'akashbabu', Object(stdClass))
#6 /home/xkynpbah/public_html/vendor/codeigniter4/framework/system/CodeIgniter.php(824): App\Controllers\Telegram->index()
#7 /home/xkynpbah/public_html/vendor/codeigniter4/framework/system/CodeIgniter.php(410): CodeIgniter\CodeIgniter->runController(Object(App\Controllers\Telegram))
#8 /home/xkynpbah/public_html/vendor/codeigniter4/framework/system/CodeIgniter.php(318): CodeIgniter\CodeIgniter->handleRequest(NULL, Object(Config\Cache), false)
#9 /home/xkynpbah/public_html/index.php(37): CodeIgniter\CodeIgniter->run()
#10 {main}
ERROR - 2026-07-27 01:46:04 --> Telegram controller called
ERROR - 2026-07-27 01:46:05 --> Table 'xkynpbah_titoo.telegram_premium' doesn't exist
CRITICAL - 2026-07-27 01:46:05 --> Table 'xkynpbah_titoo.telegram_premium' doesn't exist
#0 /home/xkynpbah/public_html/vendor/codeigniter4/framework/system/Database/MySQLi/Connection.php(292): mysqli->query('SELECT COUNT(*)...', 0)
#1 /home/xkynpbah/public_html/vendor/codeigniter4/framework/system/Database/BaseConnection.php(670): CodeIgniter\Database\MySQLi\Connection->execute('SELECT COUNT(*)...')
#2 /home/xkynpbah/public_html/vendor/codeigniter4/framework/system/Database/BaseConnection.php(598): CodeIgniter\Database\BaseConnection->simpleQuery('SELECT COUNT(*)...')
#3 /home/xkynpbah/public_html/vendor/codeigniter4/framework/system/Database/BaseBuilder.php(1527): CodeIgniter\Database\BaseConnection->query('SELECT COUNT(*)...', Array, false)
#4 /home/xkynpbah/public_html/app/Controllers/Telegram.php(165): CodeIgniter\Database\BaseBuilder->countAllResults()
#5 /home/xkynpbah/public_html/app/Controllers/Telegram.php(124): App\Controllers\Telegram->askForResetConfirmation(6719727245, 6719727245, Object(stdClass), 'akashbabu', Object(stdClass))
#6 /home/xkynpbah/public_html/vendor/codeigniter4/framework/system/CodeIgniter.php(824): App\Controllers\Telegram->index()
#7 /home/xkynpbah/public_html/vendor/codeigniter4/framework/system/CodeIgniter.php(410): CodeIgniter\CodeIgniter->runController(Object(App\Controllers\Telegram))
#8 /home/xkynpbah/public_html/vendor/codeigniter4/framework/system/CodeIgniter.php(318): CodeIgniter\CodeIgniter->handleRequest(NULL, Object(Config\Cache), false)
#9 /home/xkynpbah/public_html/index.php(37): CodeIgniter\CodeIgniter->run()
#10 {main}
ERROR - 2026-07-27 01:47:31 --> Telegram controller called
ERROR - 2026-07-27 01:47:31 --> Table 'xkynpbah_titoo.telegram_premium' doesn't exist
CRITICAL - 2026-07-27 01:47:31 --> Table 'xkynpbah_titoo.telegram_premium' doesn't exist
#0 /home/xkynpbah/public_html/vendor/codeigniter4/framework/system/Database/MySQLi/Connection.php(292): mysqli->query('SELECT COUNT(*)...', 0)
#1 /home/xkynpbah/public_html/vendor/codeigniter4/framework/system/Database/BaseConnection.php(670): CodeIgniter\Database\MySQLi\Connection->execute('SELECT COUNT(*)...')
#2 /home/xkynpbah/public_html/vendor/codeigniter4/framework/system/Database/BaseConnection.php(598): CodeIgniter\Database\BaseConnection->simpleQuery('SELECT COUNT(*)...')
#3 /home/xkynpbah/public_html/vendor/codeigniter4/framework/system/Database/BaseBuilder.php(1527): CodeIgniter\Database\BaseConnection->query('SELECT COUNT(*)...', Array, false)
#4 /home/xkynpbah/public_html/app/Controllers/Telegram.php(165): CodeIgniter\Database\BaseBuilder->countAllResults()
#5 /home/xkynpbah/public_html/app/Controllers/Telegram.php(124): App\Controllers\Telegram->askForResetConfirmation(6719727245, 6719727245, Object(stdClass), 'akashbabu', Object(stdClass))
#6 /home/xkynpbah/public_html/vendor/codeigniter4/framework/system/CodeIgniter.php(824): App\Controllers\Telegram->index()
#7 /home/xkynpbah/public_html/vendor/codeigniter4/framework/system/CodeIgniter.php(410): CodeIgniter\CodeIgniter->runController(Object(App\Controllers\Telegram))
#8 /home/xkynpbah/public_html/vendor/codeigniter4/framework/system/CodeIgniter.php(318): CodeIgniter\CodeIgniter->handleRequest(NULL, Object(Config\Cache), false)
#9 /home/xkynpbah/public_html/index.php(37): CodeIgniter\CodeIgniter->run()
#10 {main}
ERROR - 2026-07-27 01:48:52 --> Telegram controller called
ERROR - 2026-07-27 01:48:52 --> Table 'xkynpbah_titoo.telegram_premium' doesn't exist
CRITICAL - 2026-07-27 01:48:52 --> Table 'xkynpbah_titoo.telegram_premium' doesn't exist
#0 /home/xkynpbah/public_html/vendor/codeigniter4/framework/system/Database/MySQLi/Connection.php(292): mysqli->query('SELECT COUNT(*)...', 0)
#1 /home/xkynpbah/public_html/vendor/codeigniter4/framework/system/Database/BaseConnection.php(670): CodeIgniter\Database\MySQLi\Connection->execute('SELECT COUNT(*)...')
#2 /home/xkynpbah/public_html/vendor/codeigniter4/framework/system/Database/BaseConnection.php(598): CodeIgniter\Database\BaseConnection->simpleQuery('SELECT COUNT(*)...')
#3 /home/xkynpbah/public_html/vendor/codeigniter4/framework/system/Database/BaseBuilder.php(1527): CodeIgniter\Database\BaseConnection->query('SELECT COUNT(*)...', Array, false)
#4 /home/xkynpbah/public_html/app/Controllers/Telegram.php(165): CodeIgniter\Database\BaseBuilder->countAllResults()
#5 /home/xkynpbah/public_html/app/Controllers/Telegram.php(124): App\Controllers\Telegram->askForResetConfirmation(6719727245, 6719727245, Object(stdClass), 'akashbabu', Object(stdClass))
#6 /home/xkynpbah/public_html/vendor/codeigniter4/framework/system/CodeIgniter.php(824): App\Controllers\Telegram->index()
#7 /home/xkynpbah/public_html/vendor/codeigniter4/framework/system/CodeIgniter.php(410): CodeIgniter\CodeIgniter->runController(Object(App\Controllers\Telegram))
#8 /home/xkynpbah/public_html/vendor/codeigniter4/framework/system/CodeIgniter.php(318): CodeIgniter\CodeIgniter->handleRequest(NULL, Object(Config\Cache), false)
#9 /home/xkynpbah/public_html/index.php(37): CodeIgniter\CodeIgniter->run()
#10 {main}
ERROR - 2026-07-27 01:50:05 --> Telegram controller called
ERROR - 2026-07-27 01:50:05 --> Table 'xkynpbah_titoo.telegram_premium' doesn't exist
CRITICAL - 2026-07-27 01:50:05 --> Table 'xkynpbah_titoo.telegram_premium' doesn't exist
#0 /home/xkynpbah/public_html/vendor/codeigniter4/framework/system/Database/MySQLi/Connection.php(292): mysqli->query('SELECT COUNT(*)...', 0)
#1 /home/xkynpbah/public_html/vendor/codeigniter4/framework/system/Database/BaseConnection.php(670): CodeIgniter\Database\MySQLi\Connection->execute('SELECT COUNT(*)...')
#2 /home/xkynpbah/public_html/vendor/codeigniter4/framework/system/Database/BaseConnection.php(598): CodeIgniter\Database\BaseConnection->simpleQuery('SELECT COUNT(*)...')
#3 /home/xkynpbah/public_html/vendor/codeigniter4/framework/system/Database/BaseBuilder.php(1527): CodeIgniter\Database\BaseConnection->query('SELECT COUNT(*)...', Array, false)
#4 /home/xkynpbah/public_html/app/Controllers/Telegram.php(165): CodeIgniter\Database\BaseBuilder->countAllResults()
#5 /home/xkynpbah/public_html/app/Controllers/Telegram.php(124): App\Controllers\Telegram->askForResetConfirmation(6719727245, 6719727245, Object(stdClass), 'akashbabu', Object(stdClass))
#6 /home/xkynpbah/public_html/vendor/codeigniter4/framework/system/CodeIgniter.php(824): App\Controllers\Telegram->index()
#7 /home/xkynpbah/public_html/vendor/codeigniter4/framework/system/CodeIgniter.php(410): CodeIgniter\CodeIgniter->runController(Object(App\Controllers\Telegram))
#8 /home/xkynpbah/public_html/vendor/codeigniter4/framework/system/CodeIgniter.php(318): CodeIgniter\CodeIgniter->handleRequest(NULL, Object(Config\Cache), false)
#9 /home/xkynpbah/public_html/index.php(37): CodeIgniter\CodeIgniter->run()
#10 {main}
ERROR - 2026-07-27 01:51:12 --> Telegram controller called
ERROR - 2026-07-27 01:51:12 --> Table 'xkynpbah_titoo.telegram_premium' doesn't exist
CRITICAL - 2026-07-27 01:51:12 --> Table 'xkynpbah_titoo.telegram_premium' doesn't exist
#0 /home/xkynpbah/public_html/vendor/codeigniter4/framework/system/Database/MySQLi/Connection.php(292): mysqli->query('SELECT COUNT(*)...', 0)
#1 /home/xkynpbah/public_html/vendor/codeigniter4/framework/system/Database/BaseConnection.php(670): CodeIgniter\Database\MySQLi\Connection->execute('SELECT COUNT(*)...')
#2 /home/xkynpbah/public_html/vendor/codeigniter4/framework/system/Database/BaseConnection.php(598): CodeIgniter\Database\BaseConnection->simpleQuery('SELECT COUNT(*)...')
#3 /home/xkynpbah/public_html/vendor/codeigniter4/framework/system/Database/BaseBuilder.php(1527): CodeIgniter\Database\BaseConnection->query('SELECT COUNT(*)...', Array, false)
#4 /home/xkynpbah/public_html/app/Controllers/Telegram.php(165): CodeIgniter\Database\BaseBuilder->countAllResults()
#5 /home/xkynpbah/public_html/app/Controllers/Telegram.php(124): App\Controllers\Telegram->askForResetConfirmation(6719727245, 6719727245, Object(stdClass), 'akashbabu', Object(stdClass))
#6 /home/xkynpbah/public_html/vendor/codeigniter4/framework/system/CodeIgniter.php(824): App\Controllers\Telegram->index()
#7 /home/xkynpbah/public_html/vendor/codeigniter4/framework/system/CodeIgniter.php(410): CodeIgniter\CodeIgniter->runController(Object(App\Controllers\Telegram))
#8 /home/xkynpbah/public_html/vendor/codeigniter4/framework/system/CodeIgniter.php(318): CodeIgniter\CodeIgniter->handleRequest(NULL, Object(Config\Cache), false)
#9 /home/xkynpbah/public_html/index.php(37): CodeIgniter\CodeIgniter->run()
#10 {main}
ERROR - 2026-07-27 01:53:12 --> Telegram controller called
ERROR - 2026-07-27 01:53:12 --> Table 'xkynpbah_titoo.telegram_premium' doesn't exist
CRITICAL - 2026-07-27 01:53:12 --> Table 'xkynpbah_titoo.telegram_premium' doesn't exist
#0 /home/xkynpbah/public_html/vendor/codeigniter4/framework/system/Database/MySQLi/Connection.php(292): mysqli->query('SELECT COUNT(*)...', 0)
#1 /home/xkynpbah/public_html/vendor/codeigniter4/framework/system/Database/BaseConnection.php(670): CodeIgniter\Database\MySQLi\Connection->execute('SELECT COUNT(*)...')
#2 /home/xkynpbah/public_html/vendor/codeigniter4/framework/system/Database/BaseConnection.php(598): CodeIgniter\Database\BaseConnection->simpleQuery('SELECT COUNT(*)...')
#3 /home/xkynpbah/public_html/vendor/codeigniter4/framework/system/Database/BaseBuilder.php(1527): CodeIgniter\Database\BaseConnection->query('SELECT COUNT(*)...', Array, false)
#4 /home/xkynpbah/public_html/app/Controllers/Telegram.php(165): CodeIgniter\Database\BaseBuilder->countAllResults()
#5 /home/xkynpbah/public_html/app/Controllers/Telegram.php(124): App\Controllers\Telegram->askForResetConfirmation(6719727245, 6719727245, Object(stdClass), 'akashbabu', Object(stdClass))
#6 /home/xkynpbah/public_html/vendor/codeigniter4/framework/system/CodeIgniter.php(824): App\Controllers\Telegram->index()
#7 /home/xkynpbah/public_html/vendor/codeigniter4/framework/system/CodeIgniter.php(410): CodeIgniter\CodeIgniter->runController(Object(App\Controllers\Telegram))
#8 /home/xkynpbah/public_html/vendor/codeigniter4/framework/system/CodeIgniter.php(318): CodeIgniter\CodeIgniter->handleRequest(NULL, Object(Config\Cache), false)
#9 /home/xkynpbah/public_html/index.php(37): CodeIgniter\CodeIgniter->run()
#10 {main}
ERROR - 2026-07-27 01:54:35 --> Telegram controller called
ERROR - 2026-07-27 01:54:35 --> Table 'xkynpbah_titoo.telegram_premium' doesn't exist
CRITICAL - 2026-07-27 01:54:35 --> Table 'xkynpbah_titoo.telegram_premium' doesn't exist
#0 /home/xkynpbah/public_html/vendor/codeigniter4/framework/system/Database/MySQLi/Connection.php(292): mysqli->query('SELECT COUNT(*)...', 0)
#1 /home/xkynpbah/public_html/vendor/codeigniter4/framework/system/Database/BaseConnection.php(670): CodeIgniter\Database\MySQLi\Connection->execute('SELECT COUNT(*)...')
#2 /home/xkynpbah/public_html/vendor/codeigniter4/framework/system/Database/BaseConnection.php(598): CodeIgniter\Database\BaseConnection->simpleQuery('SELECT COUNT(*)...')
#3 /home/xkynpbah/public_html/vendor/codeigniter4/framework/system/Database/BaseBuilder.php(1527): CodeIgniter\Database\BaseConnection->query('SELECT COUNT(*)...', Array, false)
#4 /home/xkynpbah/public_html/app/Controllers/Telegram.php(165): CodeIgniter\Database\BaseBuilder->countAllResults()
#5 /home/xkynpbah/public_html/app/Controllers/Telegram.php(124): App\Controllers\Telegram->askForResetConfirmation(6719727245, 6719727245, Object(stdClass), 'akashbabu', Object(stdClass))
#6 /home/xkynpbah/public_html/vendor/codeigniter4/framework/system/CodeIgniter.php(824): App\Controllers\Telegram->index()
#7 /home/xkynpbah/public_html/vendor/codeigniter4/framework/system/CodeIgniter.php(410): CodeIgniter\CodeIgniter->runController(Object(App\Controllers\Telegram))
#8 /home/xkynpbah/public_html/vendor/codeigniter4/framework/system/CodeIgniter.php(318): CodeIgniter\CodeIgniter->handleRequest(NULL, Object(Config\Cache), false)
#9 /home/xkynpbah/public_html/index.php(37): CodeIgniter\CodeIgniter->run()
#10 {main}
ERROR - 2026-07-27 01:56:23 --> Telegram controller called
ERROR - 2026-07-27 01:56:23 --> Table 'xkynpbah_titoo.telegram_premium' doesn't exist
CRITICAL - 2026-07-27 01:56:23 --> Table 'xkynpbah_titoo.telegram_premium' doesn't exist
#0 /home/xkynpbah/public_html/vendor/codeigniter4/framework/system/Database/MySQLi/Connection.php(292): mysqli->query('SELECT COUNT(*)...', 0)
#1 /home/xkynpbah/public_html/vendor/codeigniter4/framework/system/Database/BaseConnection.php(670): CodeIgniter\Database\MySQLi\Connection->execute('SELECT COUNT(*)...')
#2 /home/xkynpbah/public_html/vendor/codeigniter4/framework/system/Database/BaseConnection.php(598): CodeIgniter\Database\BaseConnection->simpleQuery('SELECT COUNT(*)...')
#3 /home/xkynpbah/public_html/vendor/codeigniter4/framework/system/Database/BaseBuilder.php(1527): CodeIgniter\Database\BaseConnection->query('SELECT COUNT(*)...', Array, false)
#4 /home/xkynpbah/public_html/app/Controllers/Telegram.php(165): CodeIgniter\Database\BaseBuilder->countAllResults()
#5 /home/xkynpbah/public_html/app/Controllers/Telegram.php(124): App\Controllers\Telegram->askForResetConfirmation(6719727245, 6719727245, Object(stdClass), 'akashbabu', Object(stdClass))
#6 /home/xkynpbah/public_html/vendor/codeigniter4/framework/system/CodeIgniter.php(824): App\Controllers\Telegram->index()
#7 /home/xkynpbah/public_html/vendor/codeigniter4/framework/system/CodeIgniter.php(410): CodeIgniter\CodeIgniter->runController(Object(App\Controllers\Telegram))
#8 /home/xkynpbah/public_html/vendor/codeigniter4/framework/system/CodeIgniter.php(318): CodeIgniter\CodeIgniter->handleRequest(NULL, Object(Config\Cache), false)
#9 /home/xkynpbah/public_html/index.php(37): CodeIgniter\CodeIgniter->run()
#10 {main}
ERROR - 2026-07-27 01:57:25 --> Telegram controller called
ERROR - 2026-07-27 01:57:25 --> Table 'xkynpbah_titoo.telegram_premium' doesn't exist
CRITICAL - 2026-07-27 01:57:25 --> Table 'xkynpbah_titoo.telegram_premium' doesn't exist
#0 /home/xkynpbah/public_html/vendor/codeigniter4/framework/system/Database/MySQLi/Connection.php(292): mysqli->query('SELECT COUNT(*)...', 0)
#1 /home/xkynpbah/public_html/vendor/codeigniter4/framework/system/Database/BaseConnection.php(670): CodeIgniter\Database\MySQLi\Connection->execute('SELECT COUNT(*)...')
#2 /home/xkynpbah/public_html/vendor/codeigniter4/framework/system/Database/BaseConnection.php(598): CodeIgniter\Database\BaseConnection->simpleQuery('SELECT COUNT(*)...')
#3 /home/xkynpbah/public_html/vendor/codeigniter4/framework/system/Database/BaseBuilder.php(1527): CodeIgniter\Database\BaseConnection->query('SELECT COUNT(*)...', Array, false)
#4 /home/xkynpbah/public_html/app/Controllers/Telegram.php(165): CodeIgniter\Database\BaseBuilder->countAllResults()
#5 /home/xkynpbah/public_html/app/Controllers/Telegram.php(124): App\Controllers\Telegram->askForResetConfirmation(6719727245, 6719727245, Object(stdClass), 'akashbabu', Object(stdClass))
#6 /home/xkynpbah/public_html/vendor/codeigniter4/framework/system/CodeIgniter.php(824): App\Controllers\Telegram->index()
#7 /home/xkynpbah/public_html/vendor/codeigniter4/framework/system/CodeIgniter.php(410): CodeIgniter\CodeIgniter->runController(Object(App\Controllers\Telegram))
#8 /home/xkynpbah/public_html/vendor/codeigniter4/framework/system/CodeIgniter.php(318): CodeIgniter\CodeIgniter->handleRequest(NULL, Object(Config\Cache), false)
#9 /home/xkynpbah/public_html/index.php(37): CodeIgniter\CodeIgniter->run()
#10 {main}
ERROR - 2026-07-27 01:58:27 --> Telegram controller called
ERROR - 2026-07-27 01:58:27 --> Table 'xkynpbah_titoo.telegram_premium' doesn't exist
CRITICAL - 2026-07-27 01:58:27 --> Table 'xkynpbah_titoo.telegram_premium' doesn't exist
#0 /home/xkynpbah/public_html/vendor/codeigniter4/framework/system/Database/MySQLi/Connection.php(292): mysqli->query('SELECT COUNT(*)...', 0)
#1 /home/xkynpbah/public_html/vendor/codeigniter4/framework/system/Database/BaseConnection.php(670): CodeIgniter\Database\MySQLi\Connection->execute('SELECT COUNT(*)...')
#2 /home/xkynpbah/public_html/vendor/codeigniter4/framework/system/Database/BaseConnection.php(598): CodeIgniter\Database\BaseConnection->simpleQuery('SELECT COUNT(*)...')
#3 /home/xkynpbah/public_html/vendor/codeigniter4/framework/system/Database/BaseBuilder.php(1527): CodeIgniter\Database\BaseConnection->query('SELECT COUNT(*)...', Array, false)
#4 /home/xkynpbah/public_html/app/Controllers/Telegram.php(165): CodeIgniter\Database\BaseBuilder->countAllResults()
#5 /home/xkynpbah/public_html/app/Controllers/Telegram.php(124): App\Controllers\Telegram->askForResetConfirmation(6719727245, 6719727245, Object(stdClass), 'akashbabu', Object(stdClass))
#6 /home/xkynpbah/public_html/vendor/codeigniter4/framework/system/CodeIgniter.php(824): App\Controllers\Telegram->index()
#7 /home/xkynpbah/public_html/vendor/codeigniter4/framework/system/CodeIgniter.php(410): CodeIgniter\CodeIgniter->runController(Object(App\Controllers\Telegram))
#8 /home/xkynpbah/public_html/vendor/codeigniter4/framework/system/CodeIgniter.php(318): CodeIgniter\CodeIgniter->handleRequest(NULL, Object(Config\Cache), false)
#9 /home/xkynpbah/public_html/index.php(37): CodeIgniter\CodeIgniter->run()
#10 {main}
ERROR - 2026-07-27 02:00:06 --> Telegram controller called
ERROR - 2026-07-27 02:00:06 --> Table 'xkynpbah_titoo.telegram_premium' doesn't exist
CRITICAL - 2026-07-27 02:00:06 --> Table 'xkynpbah_titoo.telegram_premium' doesn't exist
#0 /home/xkynpbah/public_html/vendor/codeigniter4/framework/system/Database/MySQLi/Connection.php(292): mysqli->query('SELECT COUNT(*)...', 0)
#1 /home/xkynpbah/public_html/vendor/codeigniter4/framework/system/Database/BaseConnection.php(670): CodeIgniter\Database\MySQLi\Connection->execute('SELECT COUNT(*)...')
#2 /home/xkynpbah/public_html/vendor/codeigniter4/framework/system/Database/BaseConnection.php(598): CodeIgniter\Database\BaseConnection->simpleQuery('SELECT COUNT(*)...')
#3 /home/xkynpbah/public_html/vendor/codeigniter4/framework/system/Database/BaseBuilder.php(1527): CodeIgniter\Database\BaseConnection->query('SELECT COUNT(*)...', Array, false)
#4 /home/xkynpbah/public_html/app/Controllers/Telegram.php(165): CodeIgniter\Database\BaseBuilder->countAllResults()
#5 /home/xkynpbah/public_html/app/Controllers/Telegram.php(124): App\Controllers\Telegram->askForResetConfirmation(6719727245, 6719727245, Object(stdClass), 'akashbabu', Object(stdClass))
#6 /home/xkynpbah/public_html/vendor/codeigniter4/framework/system/CodeIgniter.php(824): App\Controllers\Telegram->index()
#7 /home/xkynpbah/public_html/vendor/codeigniter4/framework/system/CodeIgniter.php(410): CodeIgniter\CodeIgniter->runController(Object(App\Controllers\Telegram))
#8 /home/xkynpbah/public_html/vendor/codeigniter4/framework/system/CodeIgniter.php(318): CodeIgniter\CodeIgniter->handleRequest(NULL, Object(Config\Cache), false)
#9 /home/xkynpbah/public_html/index.php(37): CodeIgniter\CodeIgniter->run()
#10 {main}
ERROR - 2026-07-27 02:01:30 --> Telegram controller called
ERROR - 2026-07-27 02:01:30 --> Table 'xkynpbah_titoo.telegram_premium' doesn't exist
CRITICAL - 2026-07-27 02:01:30 --> Table 'xkynpbah_titoo.telegram_premium' doesn't exist
#0 /home/xkynpbah/public_html/vendor/codeigniter4/framework/system/Database/MySQLi/Connection.php(292): mysqli->query('SELECT COUNT(*)...', 0)
#1 /home/xkynpbah/public_html/vendor/codeigniter4/framework/system/Database/BaseConnection.php(670): CodeIgniter\Database\MySQLi\Connection->execute('SELECT COUNT(*)...')
#2 /home/xkynpbah/public_html/vendor/codeigniter4/framework/system/Database/BaseConnection.php(598): CodeIgniter\Database\BaseConnection->simpleQuery('SELECT COUNT(*)...')
#3 /home/xkynpbah/public_html/vendor/codeigniter4/framework/system/Database/BaseBuilder.php(1527): CodeIgniter\Database\BaseConnection->query('SELECT COUNT(*)...', Array, false)
#4 /home/xkynpbah/public_html/app/Controllers/Telegram.php(165): CodeIgniter\Database\BaseBuilder->countAllResults()
#5 /home/xkynpbah/public_html/app/Controllers/Telegram.php(124): App\Controllers\Telegram->askForResetConfirmation(6719727245, 6719727245, Object(stdClass), 'akashbabu', Object(stdClass))
#6 /home/xkynpbah/public_html/vendor/codeigniter4/framework/system/CodeIgniter.php(824): App\Controllers\Telegram->index()
#7 /home/xkynpbah/public_html/vendor/codeigniter4/framework/system/CodeIgniter.php(410): CodeIgniter\CodeIgniter->runController(Object(App\Controllers\Telegram))
#8 /home/xkynpbah/public_html/vendor/codeigniter4/framework/system/CodeIgniter.php(318): CodeIgniter\CodeIgniter->handleRequest(NULL, Object(Config\Cache), false)
#9 /home/xkynpbah/public_html/index.php(37): CodeIgniter\CodeIgniter->run()
#10 {main}
ERROR - 2026-07-27 02:03:17 --> Telegram controller called
ERROR - 2026-07-27 02:03:17 --> Table 'xkynpbah_titoo.telegram_premium' doesn't exist
CRITICAL - 2026-07-27 02:03:17 --> Table 'xkynpbah_titoo.telegram_premium' doesn't exist
#0 /home/xkynpbah/public_html/vendor/codeigniter4/framework/system/Database/MySQLi/Connection.php(292): mysqli->query('SELECT COUNT(*)...', 0)
#1 /home/xkynpbah/public_html/vendor/codeigniter4/framework/system/Database/BaseConnection.php(670): CodeIgniter\Database\MySQLi\Connection->execute('SELECT COUNT(*)...')
#2 /home/xkynpbah/public_html/vendor/codeigniter4/framework/system/Database/BaseConnection.php(598): CodeIgniter\Database\BaseConnection->simpleQuery('SELECT COUNT(*)...')
#3 /home/xkynpbah/public_html/vendor/codeigniter4/framework/system/Database/BaseBuilder.php(1527): CodeIgniter\Database\BaseConnection->query('SELECT COUNT(*)...', Array, false)
#4 /home/xkynpbah/public_html/app/Controllers/Telegram.php(165): CodeIgniter\Database\BaseBuilder->countAllResults()
#5 /home/xkynpbah/public_html/app/Controllers/Telegram.php(124): App\Controllers\Telegram->askForResetConfirmation(6719727245, 6719727245, Object(stdClass), 'akashbabu', Object(stdClass))
#6 /home/xkynpbah/public_html/vendor/codeigniter4/framework/system/CodeIgniter.php(824): App\Controllers\Telegram->index()
#7 /home/xkynpbah/public_html/vendor/codeigniter4/framework/system/CodeIgniter.php(410): CodeIgniter\CodeIgniter->runController(Object(App\Controllers\Telegram))
#8 /home/xkynpbah/public_html/vendor/codeigniter4/framework/system/CodeIgniter.php(318): CodeIgniter\CodeIgniter->handleRequest(NULL, Object(Config\Cache), false)
#9 /home/xkynpbah/public_html/index.php(37): CodeIgniter\CodeIgniter->run()
#10 {main}
ERROR - 2026-07-27 02:04:43 --> Telegram controller called
ERROR - 2026-07-27 02:04:43 --> Table 'xkynpbah_titoo.telegram_premium' doesn't exist
CRITICAL - 2026-07-27 02:04:43 --> Table 'xkynpbah_titoo.telegram_premium' doesn't exist
#0 /home/xkynpbah/public_html/vendor/codeigniter4/framework/system/Database/MySQLi/Connection.php(292): mysqli->query('SELECT COUNT(*)...', 0)
#1 /home/xkynpbah/public_html/vendor/codeigniter4/framework/system/Database/BaseConnection.php(670): CodeIgniter\Database\MySQLi\Connection->execute('SELECT COUNT(*)...')
#2 /home/xkynpbah/public_html/vendor/codeigniter4/framework/system/Database/BaseConnection.php(598): CodeIgniter\Database\BaseConnection->simpleQuery('SELECT COUNT(*)...')
#3 /home/xkynpbah/public_html/vendor/codeigniter4/framework/system/Database/BaseBuilder.php(1527): CodeIgniter\Database\BaseConnection->query('SELECT COUNT(*)...', Array, false)
#4 /home/xkynpbah/public_html/app/Controllers/Telegram.php(165): CodeIgniter\Database\BaseBuilder->countAllResults()
#5 /home/xkynpbah/public_html/app/Controllers/Telegram.php(124): App\Controllers\Telegram->askForResetConfirmation(6719727245, 6719727245, Object(stdClass), 'akashbabu', Object(stdClass))
#6 /home/xkynpbah/public_html/vendor/codeigniter4/framework/system/CodeIgniter.php(824): App\Controllers\Telegram->index()
#7 /home/xkynpbah/public_html/vendor/codeigniter4/framework/system/CodeIgniter.php(410): CodeIgniter\CodeIgniter->runController(Object(App\Controllers\Telegram))
#8 /home/xkynpbah/public_html/vendor/codeigniter4/framework/system/CodeIgniter.php(318): CodeIgniter\CodeIgniter->handleRequest(NULL, Object(Config\Cache), false)
#9 /home/xkynpbah/public_html/index.php(37): CodeIgniter\CodeIgniter->run()
#10 {main}
ERROR - 2026-07-27 02:05:56 --> Telegram controller called
ERROR - 2026-07-27 02:05:56 --> Table 'xkynpbah_titoo.telegram_premium' doesn't exist
CRITICAL - 2026-07-27 02:05:56 --> Table 'xkynpbah_titoo.telegram_premium' doesn't exist
#0 /home/xkynpbah/public_html/vendor/codeigniter4/framework/system/Database/MySQLi/Connection.php(292): mysqli->query('SELECT COUNT(*)...', 0)
#1 /home/xkynpbah/public_html/vendor/codeigniter4/framework/system/Database/BaseConnection.php(670): CodeIgniter\Database\MySQLi\Connection->execute('SELECT COUNT(*)...')
#2 /home/xkynpbah/public_html/vendor/codeigniter4/framework/system/Database/BaseConnection.php(598): CodeIgniter\Database\BaseConnection->simpleQuery('SELECT COUNT(*)...')
#3 /home/xkynpbah/public_html/vendor/codeigniter4/framework/system/Database/BaseBuilder.php(1527): CodeIgniter\Database\BaseConnection->query('SELECT COUNT(*)...', Array, false)
#4 /home/xkynpbah/public_html/app/Controllers/Telegram.php(165): CodeIgniter\Database\BaseBuilder->countAllResults()
#5 /home/xkynpbah/public_html/app/Controllers/Telegram.php(124): App\Controllers\Telegram->askForResetConfirmation(6719727245, 6719727245, Object(stdClass), 'akashbabu', Object(stdClass))
#6 /home/xkynpbah/public_html/vendor/codeigniter4/framework/system/CodeIgniter.php(824): App\Controllers\Telegram->index()
#7 /home/xkynpbah/public_html/vendor/codeigniter4/framework/system/CodeIgniter.php(410): CodeIgniter\CodeIgniter->runController(Object(App\Controllers\Telegram))
#8 /home/xkynpbah/public_html/vendor/codeigniter4/framework/system/CodeIgniter.php(318): CodeIgniter\CodeIgniter->handleRequest(NULL, Object(Config\Cache), false)
#9 /home/xkynpbah/public_html/index.php(37): CodeIgniter\CodeIgniter->run()
#10 {main}
ERROR - 2026-07-27 02:07:55 --> Telegram controller called
ERROR - 2026-07-27 02:07:55 --> Table 'xkynpbah_titoo.telegram_premium' doesn't exist
CRITICAL - 2026-07-27 02:07:55 --> Table 'xkynpbah_titoo.telegram_premium' doesn't exist
#0 /home/xkynpbah/public_html/vendor/codeigniter4/framework/system/Database/MySQLi/Connection.php(292): mysqli->query('SELECT COUNT(*)...', 0)
#1 /home/xkynpbah/public_html/vendor/codeigniter4/framework/system/Database/BaseConnection.php(670): CodeIgniter\Database\MySQLi\Connection->execute('SELECT COUNT(*)...')
#2 /home/xkynpbah/public_html/vendor/codeigniter4/framework/system/Database/BaseConnection.php(598): CodeIgniter\Database\BaseConnection->simpleQuery('SELECT COUNT(*)...')
#3 /home/xkynpbah/public_html/vendor/codeigniter4/framework/system/Database/BaseBuilder.php(1527): CodeIgniter\Database\BaseConnection->query('SELECT COUNT(*)...', Array, false)
#4 /home/xkynpbah/public_html/app/Controllers/Telegram.php(165): CodeIgniter\Database\BaseBuilder->countAllResults()
#5 /home/xkynpbah/public_html/app/Controllers/Telegram.php(124): App\Controllers\Telegram->askForResetConfirmation(6719727245, 6719727245, Object(stdClass), 'akashbabu', Object(stdClass))
#6 /home/xkynpbah/public_html/vendor/codeigniter4/framework/system/CodeIgniter.php(824): App\Controllers\Telegram->index()
#7 /home/xkynpbah/public_html/vendor/codeigniter4/framework/system/CodeIgniter.php(410): CodeIgniter\CodeIgniter->runController(Object(App\Controllers\Telegram))
#8 /home/xkynpbah/public_html/vendor/codeigniter4/framework/system/CodeIgniter.php(318): CodeIgniter\CodeIgniter->handleRequest(NULL, Object(Config\Cache), false)
#9 /home/xkynpbah/public_html/index.php(37): CodeIgniter\CodeIgniter->run()
#10 {main}
ERROR - 2026-07-27 02:09:18 --> Telegram controller called
ERROR - 2026-07-27 02:09:18 --> Table 'xkynpbah_titoo.telegram_premium' doesn't exist
CRITICAL - 2026-07-27 02:09:18 --> Table 'xkynpbah_titoo.telegram_premium' doesn't exist
#0 /home/xkynpbah/public_html/vendor/codeigniter4/framework/system/Database/MySQLi/Connection.php(292): mysqli->query('SELECT COUNT(*)...', 0)
#1 /home/xkynpbah/public_html/vendor/codeigniter4/framework/system/Database/BaseConnection.php(670): CodeIgniter\Database\MySQLi\Connection->execute('SELECT COUNT(*)...')
#2 /home/xkynpbah/public_html/vendor/codeigniter4/framework/system/Database/BaseConnection.php(598): CodeIgniter\Database\BaseConnection->simpleQuery('SELECT COUNT(*)...')
#3 /home/xkynpbah/public_html/vendor/codeigniter4/framework/system/Database/BaseBuilder.php(1527): CodeIgniter\Database\BaseConnection->query('SELECT COUNT(*)...', Array, false)
#4 /home/xkynpbah/public_html/app/Controllers/Telegram.php(165): CodeIgniter\Database\BaseBuilder->countAllResults()
#5 /home/xkynpbah/public_html/app/Controllers/Telegram.php(124): App\Controllers\Telegram->askForResetConfirmation(6719727245, 6719727245, Object(stdClass), 'akashbabu', Object(stdClass))
#6 /home/xkynpbah/public_html/vendor/codeigniter4/framework/system/CodeIgniter.php(824): App\Controllers\Telegram->index()
#7 /home/xkynpbah/public_html/vendor/codeigniter4/framework/system/CodeIgniter.php(410): CodeIgniter\CodeIgniter->runController(Object(App\Controllers\Telegram))
#8 /home/xkynpbah/public_html/vendor/codeigniter4/framework/system/CodeIgniter.php(318): CodeIgniter\CodeIgniter->handleRequest(NULL, Object(Config\Cache), false)
#9 /home/xkynpbah/public_html/index.php(37): CodeIgniter\CodeIgniter->run()
#10 {main}
ERROR - 2026-07-27 02:10:40 --> Telegram controller called
ERROR - 2026-07-27 02:10:40 --> Table 'xkynpbah_titoo.telegram_premium' doesn't exist
CRITICAL - 2026-07-27 02:10:40 --> Table 'xkynpbah_titoo.telegram_premium' doesn't exist
#0 /home/xkynpbah/public_html/vendor/codeigniter4/framework/system/Database/MySQLi/Connection.php(292): mysqli->query('SELECT COUNT(*)...', 0)
#1 /home/xkynpbah/public_html/vendor/codeigniter4/framework/system/Database/BaseConnection.php(670): CodeIgniter\Database\MySQLi\Connection->execute('SELECT COUNT(*)...')
#2 /home/xkynpbah/public_html/vendor/codeigniter4/framework/system/Database/BaseConnection.php(598): CodeIgniter\Database\BaseConnection->simpleQuery('SELECT COUNT(*)...')
#3 /home/xkynpbah/public_html/vendor/codeigniter4/framework/system/Database/BaseBuilder.php(1527): CodeIgniter\Database\BaseConnection->query('SELECT COUNT(*)...', Array, false)
#4 /home/xkynpbah/public_html/app/Controllers/Telegram.php(165): CodeIgniter\Database\BaseBuilder->countAllResults()
#5 /home/xkynpbah/public_html/app/Controllers/Telegram.php(124): App\Controllers\Telegram->askForResetConfirmation(6719727245, 6719727245, Object(stdClass), 'akashbabu', Object(stdClass))
#6 /home/xkynpbah/public_html/vendor/codeigniter4/framework/system/CodeIgniter.php(824): App\Controllers\Telegram->index()
#7 /home/xkynpbah/public_html/vendor/codeigniter4/framework/system/CodeIgniter.php(410): CodeIgniter\CodeIgniter->runController(Object(App\Controllers\Telegram))
#8 /home/xkynpbah/public_html/vendor/codeigniter4/framework/system/CodeIgniter.php(318): CodeIgniter\CodeIgniter->handleRequest(NULL, Object(Config\Cache), false)
#9 /home/xkynpbah/public_html/index.php(37): CodeIgniter\CodeIgniter->run()
#10 {main}
ERROR - 2026-07-27 02:12:06 --> Telegram controller called
ERROR - 2026-07-27 02:12:06 --> Table 'xkynpbah_titoo.telegram_premium' doesn't exist
CRITICAL - 2026-07-27 02:12:06 --> Table 'xkynpbah_titoo.telegram_premium' doesn't exist
#0 /home/xkynpbah/public_html/vendor/codeigniter4/framework/system/Database/MySQLi/Connection.php(292): mysqli->query('SELECT COUNT(*)...', 0)
#1 /home/xkynpbah/public_html/vendor/codeigniter4/framework/system/Database/BaseConnection.php(670): CodeIgniter\Database\MySQLi\Connection->execute('SELECT COUNT(*)...')
#2 /home/xkynpbah/public_html/vendor/codeigniter4/framework/system/Database/BaseConnection.php(598): CodeIgniter\Database\BaseConnection->simpleQuery('SELECT COUNT(*)...')
#3 /home/xkynpbah/public_html/vendor/codeigniter4/framework/system/Database/BaseBuilder.php(1527): CodeIgniter\Database\BaseConnection->query('SELECT COUNT(*)...', Array, false)
#4 /home/xkynpbah/public_html/app/Controllers/Telegram.php(165): CodeIgniter\Database\BaseBuilder->countAllResults()
#5 /home/xkynpbah/public_html/app/Controllers/Telegram.php(124): App\Controllers\Telegram->askForResetConfirmation(6719727245, 6719727245, Object(stdClass), 'akashbabu', Object(stdClass))
#6 /home/xkynpbah/public_html/vendor/codeigniter4/framework/system/CodeIgniter.php(824): App\Controllers\Telegram->index()
#7 /home/xkynpbah/public_html/vendor/codeigniter4/framework/system/CodeIgniter.php(410): CodeIgniter\CodeIgniter->runController(Object(App\Controllers\Telegram))
#8 /home/xkynpbah/public_html/vendor/codeigniter4/framework/system/CodeIgniter.php(318): CodeIgniter\CodeIgniter->handleRequest(NULL, Object(Config\Cache), false)
#9 /home/xkynpbah/public_html/index.php(37): CodeIgniter\CodeIgniter->run()
#10 {main}
ERROR - 2026-07-27 02:13:48 --> Telegram controller called
ERROR - 2026-07-27 02:13:48 --> Table 'xkynpbah_titoo.telegram_premium' doesn't exist
CRITICAL - 2026-07-27 02:13:48 --> Table 'xkynpbah_titoo.telegram_premium' doesn't exist
#0 /home/xkynpbah/public_html/vendor/codeigniter4/framework/system/Database/MySQLi/Connection.php(292): mysqli->query('SELECT COUNT(*)...', 0)
#1 /home/xkynpbah/public_html/vendor/codeigniter4/framework/system/Database/BaseConnection.php(670): CodeIgniter\Database\MySQLi\Connection->execute('SELECT COUNT(*)...')
#2 /home/xkynpbah/public_html/vendor/codeigniter4/framework/system/Database/BaseConnection.php(598): CodeIgniter\Database\BaseConnection->simpleQuery('SELECT COUNT(*)...')
#3 /home/xkynpbah/public_html/vendor/codeigniter4/framework/system/Database/BaseBuilder.php(1527): CodeIgniter\Database\BaseConnection->query('SELECT COUNT(*)...', Array, false)
#4 /home/xkynpbah/public_html/app/Controllers/Telegram.php(165): CodeIgniter\Database\BaseBuilder->countAllResults()
#5 /home/xkynpbah/public_html/app/Controllers/Telegram.php(124): App\Controllers\Telegram->askForResetConfirmation(6719727245, 6719727245, Object(stdClass), 'akashbabu', Object(stdClass))
#6 /home/xkynpbah/public_html/vendor/codeigniter4/framework/system/CodeIgniter.php(824): App\Controllers\Telegram->index()
#7 /home/xkynpbah/public_html/vendor/codeigniter4/framework/system/CodeIgniter.php(410): CodeIgniter\CodeIgniter->runController(Object(App\Controllers\Telegram))
#8 /home/xkynpbah/public_html/vendor/codeigniter4/framework/system/CodeIgniter.php(318): CodeIgniter\CodeIgniter->handleRequest(NULL, Object(Config\Cache), false)
#9 /home/xkynpbah/public_html/index.php(37): CodeIgniter\CodeIgniter->run()
#10 {main}
ERROR - 2026-07-27 02:15:32 --> Telegram controller called
ERROR - 2026-07-27 02:15:32 --> Table 'xkynpbah_titoo.telegram_premium' doesn't exist
CRITICAL - 2026-07-27 02:15:32 --> Table 'xkynpbah_titoo.telegram_premium' doesn't exist
#0 /home/xkynpbah/public_html/vendor/codeigniter4/framework/system/Database/MySQLi/Connection.php(292): mysqli->query('SELECT COUNT(*)...', 0)
#1 /home/xkynpbah/public_html/vendor/codeigniter4/framework/system/Database/BaseConnection.php(670): CodeIgniter\Database\MySQLi\Connection->execute('SELECT COUNT(*)...')
#2 /home/xkynpbah/public_html/vendor/codeigniter4/framework/system/Database/BaseConnection.php(598): CodeIgniter\Database\BaseConnection->simpleQuery('SELECT COUNT(*)...')
#3 /home/xkynpbah/public_html/vendor/codeigniter4/framework/system/Database/BaseBuilder.php(1527): CodeIgniter\Database\BaseConnection->query('SELECT COUNT(*)...', Array, false)
#4 /home/xkynpbah/public_html/app/Controllers/Telegram.php(165): CodeIgniter\Database\BaseBuilder->countAllResults()
#5 /home/xkynpbah/public_html/app/Controllers/Telegram.php(124): App\Controllers\Telegram->askForResetConfirmation(6719727245, 6719727245, Object(stdClass), 'akashbabu', Object(stdClass))
#6 /home/xkynpbah/public_html/vendor/codeigniter4/framework/system/CodeIgniter.php(824): App\Controllers\Telegram->index()
#7 /home/xkynpbah/public_html/vendor/codeigniter4/framework/system/CodeIgniter.php(410): CodeIgniter\CodeIgniter->runController(Object(App\Controllers\Telegram))
#8 /home/xkynpbah/public_html/vendor/codeigniter4/framework/system/CodeIgniter.php(318): CodeIgniter\CodeIgniter->handleRequest(NULL, Object(Config\Cache), false)
#9 /home/xkynpbah/public_html/index.php(37): CodeIgniter\CodeIgniter->run()
#10 {main}
ERROR - 2026-07-27 02:16:52 --> Telegram controller called
ERROR - 2026-07-27 02:16:52 --> Table 'xkynpbah_titoo.telegram_premium' doesn't exist
CRITICAL - 2026-07-27 02:16:52 --> Table 'xkynpbah_titoo.telegram_premium' doesn't exist
#0 /home/xkynpbah/public_html/vendor/codeigniter4/framework/system/Database/MySQLi/Connection.php(292): mysqli->query('SELECT COUNT(*)...', 0)
#1 /home/xkynpbah/public_html/vendor/codeigniter4/framework/system/Database/BaseConnection.php(670): CodeIgniter\Database\MySQLi\Connection->execute('SELECT COUNT(*)...')
#2 /home/xkynpbah/public_html/vendor/codeigniter4/framework/system/Database/BaseConnection.php(598): CodeIgniter\Database\BaseConnection->simpleQuery('SELECT COUNT(*)...')
#3 /home/xkynpbah/public_html/vendor/codeigniter4/framework/system/Database/BaseBuilder.php(1527): CodeIgniter\Database\BaseConnection->query('SELECT COUNT(*)...', Array, false)
#4 /home/xkynpbah/public_html/app/Controllers/Telegram.php(165): CodeIgniter\Database\BaseBuilder->countAllResults()
#5 /home/xkynpbah/public_html/app/Controllers/Telegram.php(124): App\Controllers\Telegram->askForResetConfirmation(6719727245, 6719727245, Object(stdClass), 'akashbabu', Object(stdClass))
#6 /home/xkynpbah/public_html/vendor/codeigniter4/framework/system/CodeIgniter.php(824): App\Controllers\Telegram->index()
#7 /home/xkynpbah/public_html/vendor/codeigniter4/framework/system/CodeIgniter.php(410): CodeIgniter\CodeIgniter->runController(Object(App\Controllers\Telegram))
#8 /home/xkynpbah/public_html/vendor/codeigniter4/framework/system/CodeIgniter.php(318): CodeIgniter\CodeIgniter->handleRequest(NULL, Object(Config\Cache), false)
#9 /home/xkynpbah/public_html/index.php(37): CodeIgniter\CodeIgniter->run()
#10 {main}
ERROR - 2026-07-27 02:18:36 --> Telegram controller called
ERROR - 2026-07-27 02:18:36 --> Table 'xkynpbah_titoo.telegram_premium' doesn't exist
CRITICAL - 2026-07-27 02:18:36 --> Table 'xkynpbah_titoo.telegram_premium' doesn't exist
#0 /home/xkynpbah/public_html/vendor/codeigniter4/framework/system/Database/MySQLi/Connection.php(292): mysqli->query('SELECT COUNT(*)...', 0)
#1 /home/xkynpbah/public_html/vendor/codeigniter4/framework/system/Database/BaseConnection.php(670): CodeIgniter\Database\MySQLi\Connection->execute('SELECT COUNT(*)...')
#2 /home/xkynpbah/public_html/vendor/codeigniter4/framework/system/Database/BaseConnection.php(598): CodeIgniter\Database\BaseConnection->simpleQuery('SELECT COUNT(*)...')
#3 /home/xkynpbah/public_html/vendor/codeigniter4/framework/system/Database/BaseBuilder.php(1527): CodeIgniter\Database\BaseConnection->query('SELECT COUNT(*)...', Array, false)
#4 /home/xkynpbah/public_html/app/Controllers/Telegram.php(165): CodeIgniter\Database\BaseBuilder->countAllResults()
#5 /home/xkynpbah/public_html/app/Controllers/Telegram.php(124): App\Controllers\Telegram->askForResetConfirmation(6719727245, 6719727245, Object(stdClass), 'akashbabu', Object(stdClass))
#6 /home/xkynpbah/public_html/vendor/codeigniter4/framework/system/CodeIgniter.php(824): App\Controllers\Telegram->index()
#7 /home/xkynpbah/public_html/vendor/codeigniter4/framework/system/CodeIgniter.php(410): CodeIgniter\CodeIgniter->runController(Object(App\Controllers\Telegram))
#8 /home/xkynpbah/public_html/vendor/codeigniter4/framework/system/CodeIgniter.php(318): CodeIgniter\CodeIgniter->handleRequest(NULL, Object(Config\Cache), false)
#9 /home/xkynpbah/public_html/index.php(37): CodeIgniter\CodeIgniter->run()
#10 {main}
ERROR - 2026-07-27 02:19:55 --> Telegram controller called
ERROR - 2026-07-27 02:19:55 --> Table 'xkynpbah_titoo.telegram_premium' doesn't exist
CRITICAL - 2026-07-27 02:19:55 --> Table 'xkynpbah_titoo.telegram_premium' doesn't exist
#0 /home/xkynpbah/public_html/vendor/codeigniter4/framework/system/Database/MySQLi/Connection.php(292): mysqli->query('SELECT COUNT(*)...', 0)
#1 /home/xkynpbah/public_html/vendor/codeigniter4/framework/system/Database/BaseConnection.php(670): CodeIgniter\Database\MySQLi\Connection->execute('SELECT COUNT(*)...')
#2 /home/xkynpbah/public_html/vendor/codeigniter4/framework/system/Database/BaseConnection.php(598): CodeIgniter\Database\BaseConnection->simpleQuery('SELECT COUNT(*)...')
#3 /home/xkynpbah/public_html/vendor/codeigniter4/framework/system/Database/BaseBuilder.php(1527): CodeIgniter\Database\BaseConnection->query('SELECT COUNT(*)...', Array, false)
#4 /home/xkynpbah/public_html/app/Controllers/Telegram.php(165): CodeIgniter\Database\BaseBuilder->countAllResults()
#5 /home/xkynpbah/public_html/app/Controllers/Telegram.php(124): App\Controllers\Telegram->askForResetConfirmation(6719727245, 6719727245, Object(stdClass), 'akashbabu', Object(stdClass))
#6 /home/xkynpbah/public_html/vendor/codeigniter4/framework/system/CodeIgniter.php(824): App\Controllers\Telegram->index()
#7 /home/xkynpbah/public_html/vendor/codeigniter4/framework/system/CodeIgniter.php(410): CodeIgniter\CodeIgniter->runController(Object(App\Controllers\Telegram))
#8 /home/xkynpbah/public_html/vendor/codeigniter4/framework/system/CodeIgniter.php(318): CodeIgniter\CodeIgniter->handleRequest(NULL, Object(Config\Cache), false)
#9 /home/xkynpbah/public_html/index.php(37): CodeIgniter\CodeIgniter->run()
#10 {main}
ERROR - 2026-07-27 02:21:48 --> Telegram controller called
ERROR - 2026-07-27 02:21:48 --> Table 'xkynpbah_titoo.telegram_premium' doesn't exist
CRITICAL - 2026-07-27 02:21:48 --> Table 'xkynpbah_titoo.telegram_premium' doesn't exist
#0 /home/xkynpbah/public_html/vendor/codeigniter4/framework/system/Database/MySQLi/Connection.php(292): mysqli->query('SELECT COUNT(*)...', 0)
#1 /home/xkynpbah/public_html/vendor/codeigniter4/framework/system/Database/BaseConnection.php(670): CodeIgniter\Database\MySQLi\Connection->execute('SELECT COUNT(*)...')
#2 /home/xkynpbah/public_html/vendor/codeigniter4/framework/system/Database/BaseConnection.php(598): CodeIgniter\Database\BaseConnection->simpleQuery('SELECT COUNT(*)...')
#3 /home/xkynpbah/public_html/vendor/codeigniter4/framework/system/Database/BaseBuilder.php(1527): CodeIgniter\Database\BaseConnection->query('SELECT COUNT(*)...', Array, false)
#4 /home/xkynpbah/public_html/app/Controllers/Telegram.php(165): CodeIgniter\Database\BaseBuilder->countAllResults()
#5 /home/xkynpbah/public_html/app/Controllers/Telegram.php(124): App\Controllers\Telegram->askForResetConfirmation(6719727245, 6719727245, Object(stdClass), 'akashbabu', Object(stdClass))
#6 /home/xkynpbah/public_html/vendor/codeigniter4/framework/system/CodeIgniter.php(824): App\Controllers\Telegram->index()
#7 /home/xkynpbah/public_html/vendor/codeigniter4/framework/system/CodeIgniter.php(410): CodeIgniter\CodeIgniter->runController(Object(App\Controllers\Telegram))
#8 /home/xkynpbah/public_html/vendor/codeigniter4/framework/system/CodeIgniter.php(318): CodeIgniter\CodeIgniter->handleRequest(NULL, Object(Config\Cache), false)
#9 /home/xkynpbah/public_html/index.php(37): CodeIgniter\CodeIgniter->run()
#10 {main}
ERROR - 2026-07-27 02:23:07 --> Telegram controller called
ERROR - 2026-07-27 02:23:07 --> Table 'xkynpbah_titoo.telegram_premium' doesn't exist
CRITICAL - 2026-07-27 02:23:07 --> Table 'xkynpbah_titoo.telegram_premium' doesn't exist
#0 /home/xkynpbah/public_html/vendor/codeigniter4/framework/system/Database/MySQLi/Connection.php(292): mysqli->query('SELECT COUNT(*)...', 0)
#1 /home/xkynpbah/public_html/vendor/codeigniter4/framework/system/Database/BaseConnection.php(670): CodeIgniter\Database\MySQLi\Connection->execute('SELECT COUNT(*)...')
#2 /home/xkynpbah/public_html/vendor/codeigniter4/framework/system/Database/BaseConnection.php(598): CodeIgniter\Database\BaseConnection->simpleQuery('SELECT COUNT(*)...')
#3 /home/xkynpbah/public_html/vendor/codeigniter4/framework/system/Database/BaseBuilder.php(1527): CodeIgniter\Database\BaseConnection->query('SELECT COUNT(*)...', Array, false)
#4 /home/xkynpbah/public_html/app/Controllers/Telegram.php(165): CodeIgniter\Database\BaseBuilder->countAllResults()
#5 /home/xkynpbah/public_html/app/Controllers/Telegram.php(124): App\Controllers\Telegram->askForResetConfirmation(6719727245, 6719727245, Object(stdClass), 'akashbabu', Object(stdClass))
#6 /home/xkynpbah/public_html/vendor/codeigniter4/framework/system/CodeIgniter.php(824): App\Controllers\Telegram->index()
#7 /home/xkynpbah/public_html/vendor/codeigniter4/framework/system/CodeIgniter.php(410): CodeIgniter\CodeIgniter->runController(Object(App\Controllers\Telegram))
#8 /home/xkynpbah/public_html/vendor/codeigniter4/framework/system/CodeIgniter.php(318): CodeIgniter\CodeIgniter->handleRequest(NULL, Object(Config\Cache), false)
#9 /home/xkynpbah/public_html/index.php(37): CodeIgniter\CodeIgniter->run()
#10 {main}
ERROR - 2026-07-27 02:24:39 --> Telegram controller called
ERROR - 2026-07-27 02:24:39 --> Table 'xkynpbah_titoo.telegram_premium' doesn't exist
CRITICAL - 2026-07-27 02:24:39 --> Table 'xkynpbah_titoo.telegram_premium' doesn't exist
#0 /home/xkynpbah/public_html/vendor/codeigniter4/framework/system/Database/MySQLi/Connection.php(292): mysqli->query('SELECT COUNT(*)...', 0)
#1 /home/xkynpbah/public_html/vendor/codeigniter4/framework/system/Database/BaseConnection.php(670): CodeIgniter\Database\MySQLi\Connection->execute('SELECT COUNT(*)...')
#2 /home/xkynpbah/public_html/vendor/codeigniter4/framework/system/Database/BaseConnection.php(598): CodeIgniter\Database\BaseConnection->simpleQuery('SELECT COUNT(*)...')
#3 /home/xkynpbah/public_html/vendor/codeigniter4/framework/system/Database/BaseBuilder.php(1527): CodeIgniter\Database\BaseConnection->query('SELECT COUNT(*)...', Array, false)
#4 /home/xkynpbah/public_html/app/Controllers/Telegram.php(165): CodeIgniter\Database\BaseBuilder->countAllResults()
#5 /home/xkynpbah/public_html/app/Controllers/Telegram.php(124): App\Controllers\Telegram->askForResetConfirmation(6719727245, 6719727245, Object(stdClass), 'akashbabu', Object(stdClass))
#6 /home/xkynpbah/public_html/vendor/codeigniter4/framework/system/CodeIgniter.php(824): App\Controllers\Telegram->index()
#7 /home/xkynpbah/public_html/vendor/codeigniter4/framework/system/CodeIgniter.php(410): CodeIgniter\CodeIgniter->runController(Object(App\Controllers\Telegram))
#8 /home/xkynpbah/public_html/vendor/codeigniter4/framework/system/CodeIgniter.php(318): CodeIgniter\CodeIgniter->handleRequest(NULL, Object(Config\Cache), false)
#9 /home/xkynpbah/public_html/index.php(37): CodeIgniter\CodeIgniter->run()
#10 {main}
ERROR - 2026-07-27 02:26:19 --> Telegram controller called
ERROR - 2026-07-27 02:26:19 --> Table 'xkynpbah_titoo.telegram_premium' doesn't exist
CRITICAL - 2026-07-27 02:26:19 --> Table 'xkynpbah_titoo.telegram_premium' doesn't exist
#0 /home/xkynpbah/public_html/vendor/codeigniter4/framework/system/Database/MySQLi/Connection.php(292): mysqli->query('SELECT COUNT(*)...', 0)
#1 /home/xkynpbah/public_html/vendor/codeigniter4/framework/system/Database/BaseConnection.php(670): CodeIgniter\Database\MySQLi\Connection->execute('SELECT COUNT(*)...')
#2 /home/xkynpbah/public_html/vendor/codeigniter4/framework/system/Database/BaseConnection.php(598): CodeIgniter\Database\BaseConnection->simpleQuery('SELECT COUNT(*)...')
#3 /home/xkynpbah/public_html/vendor/codeigniter4/framework/system/Database/BaseBuilder.php(1527): CodeIgniter\Database\BaseConnection->query('SELECT COUNT(*)...', Array, false)
#4 /home/xkynpbah/public_html/app/Controllers/Telegram.php(165): CodeIgniter\Database\BaseBuilder->countAllResults()
#5 /home/xkynpbah/public_html/app/Controllers/Telegram.php(124): App\Controllers\Telegram->askForResetConfirmation(6719727245, 6719727245, Object(stdClass), 'akashbabu', Object(stdClass))
#6 /home/xkynpbah/public_html/vendor/codeigniter4/framework/system/CodeIgniter.php(824): App\Controllers\Telegram->index()
#7 /home/xkynpbah/public_html/vendor/codeigniter4/framework/system/CodeIgniter.php(410): CodeIgniter\CodeIgniter->runController(Object(App\Controllers\Telegram))
#8 /home/xkynpbah/public_html/vendor/codeigniter4/framework/system/CodeIgniter.php(318): CodeIgniter\CodeIgniter->handleRequest(NULL, Object(Config\Cache), false)
#9 /home/xkynpbah/public_html/index.php(37): CodeIgniter\CodeIgniter->run()
#10 {main}
ERROR - 2026-07-27 02:28:11 --> Telegram controller called
ERROR - 2026-07-27 02:28:11 --> Table 'xkynpbah_titoo.telegram_premium' doesn't exist
CRITICAL - 2026-07-27 02:28:11 --> Table 'xkynpbah_titoo.telegram_premium' doesn't exist
#0 /home/xkynpbah/public_html/vendor/codeigniter4/framework/system/Database/MySQLi/Connection.php(292): mysqli->query('SELECT COUNT(*)...', 0)
#1 /home/xkynpbah/public_html/vendor/codeigniter4/framework/system/Database/BaseConnection.php(670): CodeIgniter\Database\MySQLi\Connection->execute('SELECT COUNT(*)...')
#2 /home/xkynpbah/public_html/vendor/codeigniter4/framework/system/Database/BaseConnection.php(598): CodeIgniter\Database\BaseConnection->simpleQuery('SELECT COUNT(*)...')
#3 /home/xkynpbah/public_html/vendor/codeigniter4/framework/system/Database/BaseBuilder.php(1527): CodeIgniter\Database\BaseConnection->query('SELECT COUNT(*)...', Array, false)
#4 /home/xkynpbah/public_html/app/Controllers/Telegram.php(165): CodeIgniter\Database\BaseBuilder->countAllResults()
#5 /home/xkynpbah/public_html/app/Controllers/Telegram.php(124): App\Controllers\Telegram->askForResetConfirmation(6719727245, 6719727245, Object(stdClass), 'akashbabu', Object(stdClass))
#6 /home/xkynpbah/public_html/vendor/codeigniter4/framework/system/CodeIgniter.php(824): App\Controllers\Telegram->index()
#7 /home/xkynpbah/public_html/vendor/codeigniter4/framework/system/CodeIgniter.php(410): CodeIgniter\CodeIgniter->runController(Object(App\Controllers\Telegram))
#8 /home/xkynpbah/public_html/vendor/codeigniter4/framework/system/CodeIgniter.php(318): CodeIgniter\CodeIgniter->handleRequest(NULL, Object(Config\Cache), false)
#9 /home/xkynpbah/public_html/index.php(37): CodeIgniter\CodeIgniter->run()
#10 {main}
ERROR - 2026-07-27 02:29:49 --> Telegram controller called
ERROR - 2026-07-27 02:29:49 --> Table 'xkynpbah_titoo.telegram_premium' doesn't exist
CRITICAL - 2026-07-27 02:29:49 --> Table 'xkynpbah_titoo.telegram_premium' doesn't exist
#0 /home/xkynpbah/public_html/vendor/codeigniter4/framework/system/Database/MySQLi/Connection.php(292): mysqli->query('SELECT COUNT(*)...', 0)
#1 /home/xkynpbah/public_html/vendor/codeigniter4/framework/system/Database/BaseConnection.php(670): CodeIgniter\Database\MySQLi\Connection->execute('SELECT COUNT(*)...')
#2 /home/xkynpbah/public_html/vendor/codeigniter4/framework/system/Database/BaseConnection.php(598): CodeIgniter\Database\BaseConnection->simpleQuery('SELECT COUNT(*)...')
#3 /home/xkynpbah/public_html/vendor/codeigniter4/framework/system/Database/BaseBuilder.php(1527): CodeIgniter\Database\BaseConnection->query('SELECT COUNT(*)...', Array, false)
#4 /home/xkynpbah/public_html/app/Controllers/Telegram.php(165): CodeIgniter\Database\BaseBuilder->countAllResults()
#5 /home/xkynpbah/public_html/app/Controllers/Telegram.php(124): App\Controllers\Telegram->askForResetConfirmation(6719727245, 6719727245, Object(stdClass), 'akashbabu', Object(stdClass))
#6 /home/xkynpbah/public_html/vendor/codeigniter4/framework/system/CodeIgniter.php(824): App\Controllers\Telegram->index()
#7 /home/xkynpbah/public_html/vendor/codeigniter4/framework/system/CodeIgniter.php(410): CodeIgniter\CodeIgniter->runController(Object(App\Controllers\Telegram))
#8 /home/xkynpbah/public_html/vendor/codeigniter4/framework/system/CodeIgniter.php(318): CodeIgniter\CodeIgniter->handleRequest(NULL, Object(Config\Cache), false)
#9 /home/xkynpbah/public_html/index.php(37): CodeIgniter\CodeIgniter->run()
#10 {main}
ERROR - 2026-07-27 02:30:56 --> Telegram controller called
ERROR - 2026-07-27 02:30:56 --> Table 'xkynpbah_titoo.telegram_premium' doesn't exist
CRITICAL - 2026-07-27 02:30:56 --> Table 'xkynpbah_titoo.telegram_premium' doesn't exist
#0 /home/xkynpbah/public_html/vendor/codeigniter4/framework/system/Database/MySQLi/Connection.php(292): mysqli->query('SELECT COUNT(*)...', 0)
#1 /home/xkynpbah/public_html/vendor/codeigniter4/framework/system/Database/BaseConnection.php(670): CodeIgniter\Database\MySQLi\Connection->execute('SELECT COUNT(*)...')
#2 /home/xkynpbah/public_html/vendor/codeigniter4/framework/system/Database/BaseConnection.php(598): CodeIgniter\Database\BaseConnection->simpleQuery('SELECT COUNT(*)...')
#3 /home/xkynpbah/public_html/vendor/codeigniter4/framework/system/Database/BaseBuilder.php(1527): CodeIgniter\Database\BaseConnection->query('SELECT COUNT(*)...', Array, false)
#4 /home/xkynpbah/public_html/app/Controllers/Telegram.php(165): CodeIgniter\Database\BaseBuilder->countAllResults()
#5 /home/xkynpbah/public_html/app/Controllers/Telegram.php(124): App\Controllers\Telegram->askForResetConfirmation(6719727245, 6719727245, Object(stdClass), 'akashbabu', Object(stdClass))
#6 /home/xkynpbah/public_html/vendor/codeigniter4/framework/system/CodeIgniter.php(824): App\Controllers\Telegram->index()
#7 /home/xkynpbah/public_html/vendor/codeigniter4/framework/system/CodeIgniter.php(410): CodeIgniter\CodeIgniter->runController(Object(App\Controllers\Telegram))
#8 /home/xkynpbah/public_html/vendor/codeigniter4/framework/system/CodeIgniter.php(318): CodeIgniter\CodeIgniter->handleRequest(NULL, Object(Config\Cache), false)
#9 /home/xkynpbah/public_html/index.php(37): CodeIgniter\CodeIgniter->run()
#10 {main}
ERROR - 2026-07-27 02:32:53 --> Telegram controller called
ERROR - 2026-07-27 02:32:53 --> Table 'xkynpbah_titoo.telegram_premium' doesn't exist
CRITICAL - 2026-07-27 02:32:53 --> Table 'xkynpbah_titoo.telegram_premium' doesn't exist
#0 /home/xkynpbah/public_html/vendor/codeigniter4/framework/system/Database/MySQLi/Connection.php(292): mysqli->query('SELECT COUNT(*)...', 0)
#1 /home/xkynpbah/public_html/vendor/codeigniter4/framework/system/Database/BaseConnection.php(670): CodeIgniter\Database\MySQLi\Connection->execute('SELECT COUNT(*)...')
#2 /home/xkynpbah/public_html/vendor/codeigniter4/framework/system/Database/BaseConnection.php(598): CodeIgniter\Database\BaseConnection->simpleQuery('SELECT COUNT(*)...')
#3 /home/xkynpbah/public_html/vendor/codeigniter4/framework/system/Database/BaseBuilder.php(1527): CodeIgniter\Database\BaseConnection->query('SELECT COUNT(*)...', Array, false)
#4 /home/xkynpbah/public_html/app/Controllers/Telegram.php(165): CodeIgniter\Database\BaseBuilder->countAllResults()
#5 /home/xkynpbah/public_html/app/Controllers/Telegram.php(124): App\Controllers\Telegram->askForResetConfirmation(6719727245, 6719727245, Object(stdClass), 'akashbabu', Object(stdClass))
#6 /home/xkynpbah/public_html/vendor/codeigniter4/framework/system/CodeIgniter.php(824): App\Controllers\Telegram->index()
#7 /home/xkynpbah/public_html/vendor/codeigniter4/framework/system/CodeIgniter.php(410): CodeIgniter\CodeIgniter->runController(Object(App\Controllers\Telegram))
#8 /home/xkynpbah/public_html/vendor/codeigniter4/framework/system/CodeIgniter.php(318): CodeIgniter\CodeIgniter->handleRequest(NULL, Object(Config\Cache), false)
#9 /home/xkynpbah/public_html/index.php(37): CodeIgniter\CodeIgniter->run()
#10 {main}
ERROR - 2026-07-27 02:34:49 --> Telegram controller called
ERROR - 2026-07-27 02:34:49 --> Table 'xkynpbah_titoo.telegram_premium' doesn't exist
CRITICAL - 2026-07-27 02:34:49 --> Table 'xkynpbah_titoo.telegram_premium' doesn't exist
#0 /home/xkynpbah/public_html/vendor/codeigniter4/framework/system/Database/MySQLi/Connection.php(292): mysqli->query('SELECT COUNT(*)...', 0)
#1 /home/xkynpbah/public_html/vendor/codeigniter4/framework/system/Database/BaseConnection.php(670): CodeIgniter\Database\MySQLi\Connection->execute('SELECT COUNT(*)...')
#2 /home/xkynpbah/public_html/vendor/codeigniter4/framework/system/Database/BaseConnection.php(598): CodeIgniter\Database\BaseConnection->simpleQuery('SELECT COUNT(*)...')
#3 /home/xkynpbah/public_html/vendor/codeigniter4/framework/system/Database/BaseBuilder.php(1527): CodeIgniter\Database\BaseConnection->query('SELECT COUNT(*)...', Array, false)
#4 /home/xkynpbah/public_html/app/Controllers/Telegram.php(165): CodeIgniter\Database\BaseBuilder->countAllResults()
#5 /home/xkynpbah/public_html/app/Controllers/Telegram.php(124): App\Controllers\Telegram->askForResetConfirmation(6719727245, 6719727245, Object(stdClass), 'akashbabu', Object(stdClass))
#6 /home/xkynpbah/public_html/vendor/codeigniter4/framework/system/CodeIgniter.php(824): App\Controllers\Telegram->index()
#7 /home/xkynpbah/public_html/vendor/codeigniter4/framework/system/CodeIgniter.php(410): CodeIgniter\CodeIgniter->runController(Object(App\Controllers\Telegram))
#8 /home/xkynpbah/public_html/vendor/codeigniter4/framework/system/CodeIgniter.php(318): CodeIgniter\CodeIgniter->handleRequest(NULL, Object(Config\Cache), false)
#9 /home/xkynpbah/public_html/index.php(37): CodeIgniter\CodeIgniter->run()
#10 {main}
ERROR - 2026-07-27 02:36:32 --> Telegram controller called
ERROR - 2026-07-27 02:36:32 --> Table 'xkynpbah_titoo.telegram_premium' doesn't exist
CRITICAL - 2026-07-27 02:36:32 --> Table 'xkynpbah_titoo.telegram_premium' doesn't exist
#0 /home/xkynpbah/public_html/vendor/codeigniter4/framework/system/Database/MySQLi/Connection.php(292): mysqli->query('SELECT COUNT(*)...', 0)
#1 /home/xkynpbah/public_html/vendor/codeigniter4/framework/system/Database/BaseConnection.php(670): CodeIgniter\Database\MySQLi\Connection->execute('SELECT COUNT(*)...')
#2 /home/xkynpbah/public_html/vendor/codeigniter4/framework/system/Database/BaseConnection.php(598): CodeIgniter\Database\BaseConnection->simpleQuery('SELECT COUNT(*)...')
#3 /home/xkynpbah/public_html/vendor/codeigniter4/framework/system/Database/BaseBuilder.php(1527): CodeIgniter\Database\BaseConnection->query('SELECT COUNT(*)...', Array, false)
#4 /home/xkynpbah/public_html/app/Controllers/Telegram.php(165): CodeIgniter\Database\BaseBuilder->countAllResults()
#5 /home/xkynpbah/public_html/app/Controllers/Telegram.php(124): App\Controllers\Telegram->askForResetConfirmation(6719727245, 6719727245, Object(stdClass), 'akashbabu', Object(stdClass))
#6 /home/xkynpbah/public_html/vendor/codeigniter4/framework/system/CodeIgniter.php(824): App\Controllers\Telegram->index()
#7 /home/xkynpbah/public_html/vendor/codeigniter4/framework/system/CodeIgniter.php(410): CodeIgniter\CodeIgniter->runController(Object(App\Controllers\Telegram))
#8 /home/xkynpbah/public_html/vendor/codeigniter4/framework/system/CodeIgniter.php(318): CodeIgniter\CodeIgniter->handleRequest(NULL, Object(Config\Cache), false)
#9 /home/xkynpbah/public_html/index.php(37): CodeIgniter\CodeIgniter->run()
#10 {main}
ERROR - 2026-07-27 02:38:12 --> Telegram controller called
ERROR - 2026-07-27 02:38:12 --> Table 'xkynpbah_titoo.telegram_premium' doesn't exist
CRITICAL - 2026-07-27 02:38:12 --> Table 'xkynpbah_titoo.telegram_premium' doesn't exist
#0 /home/xkynpbah/public_html/vendor/codeigniter4/framework/system/Database/MySQLi/Connection.php(292): mysqli->query('SELECT COUNT(*)...', 0)
#1 /home/xkynpbah/public_html/vendor/codeigniter4/framework/system/Database/BaseConnection.php(670): CodeIgniter\Database\MySQLi\Connection->execute('SELECT COUNT(*)...')
#2 /home/xkynpbah/public_html/vendor/codeigniter4/framework/system/Database/BaseConnection.php(598): CodeIgniter\Database\BaseConnection->simpleQuery('SELECT COUNT(*)...')
#3 /home/xkynpbah/public_html/vendor/codeigniter4/framework/system/Database/BaseBuilder.php(1527): CodeIgniter\Database\BaseConnection->query('SELECT COUNT(*)...', Array, false)
#4 /home/xkynpbah/public_html/app/Controllers/Telegram.php(165): CodeIgniter\Database\BaseBuilder->countAllResults()
#5 /home/xkynpbah/public_html/app/Controllers/Telegram.php(124): App\Controllers\Telegram->askForResetConfirmation(6719727245, 6719727245, Object(stdClass), 'akashbabu', Object(stdClass))
#6 /home/xkynpbah/public_html/vendor/codeigniter4/framework/system/CodeIgniter.php(824): App\Controllers\Telegram->index()
#7 /home/xkynpbah/public_html/vendor/codeigniter4/framework/system/CodeIgniter.php(410): CodeIgniter\CodeIgniter->runController(Object(App\Controllers\Telegram))
#8 /home/xkynpbah/public_html/vendor/codeigniter4/framework/system/CodeIgniter.php(318): CodeIgniter\CodeIgniter->handleRequest(NULL, Object(Config\Cache), false)
#9 /home/xkynpbah/public_html/index.php(37): CodeIgniter\CodeIgniter->run()
#10 {main}
ERROR - 2026-07-27 02:40:01 --> Telegram controller called
ERROR - 2026-07-27 02:40:01 --> Table 'xkynpbah_titoo.telegram_premium' doesn't exist
CRITICAL - 2026-07-27 02:40:01 --> Table 'xkynpbah_titoo.telegram_premium' doesn't exist
#0 /home/xkynpbah/public_html/vendor/codeigniter4/framework/system/Database/MySQLi/Connection.php(292): mysqli->query('SELECT COUNT(*)...', 0)
#1 /home/xkynpbah/public_html/vendor/codeigniter4/framework/system/Database/BaseConnection.php(670): CodeIgniter\Database\MySQLi\Connection->execute('SELECT COUNT(*)...')
#2 /home/xkynpbah/public_html/vendor/codeigniter4/framework/system/Database/BaseConnection.php(598): CodeIgniter\Database\BaseConnection->simpleQuery('SELECT COUNT(*)...')
#3 /home/xkynpbah/public_html/vendor/codeigniter4/framework/system/Database/BaseBuilder.php(1527): CodeIgniter\Database\BaseConnection->query('SELECT COUNT(*)...', Array, false)
#4 /home/xkynpbah/public_html/app/Controllers/Telegram.php(165): CodeIgniter\Database\BaseBuilder->countAllResults()
#5 /home/xkynpbah/public_html/app/Controllers/Telegram.php(124): App\Controllers\Telegram->askForResetConfirmation(6719727245, 6719727245, Object(stdClass), 'akashbabu', Object(stdClass))
#6 /home/xkynpbah/public_html/vendor/codeigniter4/framework/system/CodeIgniter.php(824): App\Controllers\Telegram->index()
#7 /home/xkynpbah/public_html/vendor/codeigniter4/framework/system/CodeIgniter.php(410): CodeIgniter\CodeIgniter->runController(Object(App\Controllers\Telegram))
#8 /home/xkynpbah/public_html/vendor/codeigniter4/framework/system/CodeIgniter.php(318): CodeIgniter\CodeIgniter->handleRequest(NULL, Object(Config\Cache), false)
#9 /home/xkynpbah/public_html/index.php(37): CodeIgniter\CodeIgniter->run()
#10 {main}
ERROR - 2026-07-27 02:41:12 --> Telegram controller called
ERROR - 2026-07-27 02:41:12 --> Table 'xkynpbah_titoo.telegram_premium' doesn't exist
CRITICAL - 2026-07-27 02:41:12 --> Table 'xkynpbah_titoo.telegram_premium' doesn't exist
#0 /home/xkynpbah/public_html/vendor/codeigniter4/framework/system/Database/MySQLi/Connection.php(292): mysqli->query('SELECT COUNT(*)...', 0)
#1 /home/xkynpbah/public_html/vendor/codeigniter4/framework/system/Database/BaseConnection.php(670): CodeIgniter\Database\MySQLi\Connection->execute('SELECT COUNT(*)...')
#2 /home/xkynpbah/public_html/vendor/codeigniter4/framework/system/Database/BaseConnection.php(598): CodeIgniter\Database\BaseConnection->simpleQuery('SELECT COUNT(*)...')
#3 /home/xkynpbah/public_html/vendor/codeigniter4/framework/system/Database/BaseBuilder.php(1527): CodeIgniter\Database\BaseConnection->query('SELECT COUNT(*)...', Array, false)
#4 /home/xkynpbah/public_html/app/Controllers/Telegram.php(165): CodeIgniter\Database\BaseBuilder->countAllResults()
#5 /home/xkynpbah/public_html/app/Controllers/Telegram.php(124): App\Controllers\Telegram->askForResetConfirmation(6719727245, 6719727245, Object(stdClass), 'akashbabu', Object(stdClass))
#6 /home/xkynpbah/public_html/vendor/codeigniter4/framework/system/CodeIgniter.php(824): App\Controllers\Telegram->index()
#7 /home/xkynpbah/public_html/vendor/codeigniter4/framework/system/CodeIgniter.php(410): CodeIgniter\CodeIgniter->runController(Object(App\Controllers\Telegram))
#8 /home/xkynpbah/public_html/vendor/codeigniter4/framework/system/CodeIgniter.php(318): CodeIgniter\CodeIgniter->handleRequest(NULL, Object(Config\Cache), false)
#9 /home/xkynpbah/public_html/index.php(37): CodeIgniter\CodeIgniter->run()
#10 {main}
ERROR - 2026-07-27 02:42:42 --> Telegram controller called
ERROR - 2026-07-27 02:42:42 --> Table 'xkynpbah_titoo.telegram_premium' doesn't exist
CRITICAL - 2026-07-27 02:42:42 --> Table 'xkynpbah_titoo.telegram_premium' doesn't exist
#0 /home/xkynpbah/public_html/vendor/codeigniter4/framework/system/Database/MySQLi/Connection.php(292): mysqli->query('SELECT COUNT(*)...', 0)
#1 /home/xkynpbah/public_html/vendor/codeigniter4/framework/system/Database/BaseConnection.php(670): CodeIgniter\Database\MySQLi\Connection->execute('SELECT COUNT(*)...')
#2 /home/xkynpbah/public_html/vendor/codeigniter4/framework/system/Database/BaseConnection.php(598): CodeIgniter\Database\BaseConnection->simpleQuery('SELECT COUNT(*)...')
#3 /home/xkynpbah/public_html/vendor/codeigniter4/framework/system/Database/BaseBuilder.php(1527): CodeIgniter\Database\BaseConnection->query('SELECT COUNT(*)...', Array, false)
#4 /home/xkynpbah/public_html/app/Controllers/Telegram.php(165): CodeIgniter\Database\BaseBuilder->countAllResults()
#5 /home/xkynpbah/public_html/app/Controllers/Telegram.php(124): App\Controllers\Telegram->askForResetConfirmation(6719727245, 6719727245, Object(stdClass), 'akashbabu', Object(stdClass))
#6 /home/xkynpbah/public_html/vendor/codeigniter4/framework/system/CodeIgniter.php(824): App\Controllers\Telegram->index()
#7 /home/xkynpbah/public_html/vendor/codeigniter4/framework/system/CodeIgniter.php(410): CodeIgniter\CodeIgniter->runController(Object(App\Controllers\Telegram))
#8 /home/xkynpbah/public_html/vendor/codeigniter4/framework/system/CodeIgniter.php(318): CodeIgniter\CodeIgniter->handleRequest(NULL, Object(Config\Cache), false)
#9 /home/xkynpbah/public_html/index.php(37): CodeIgniter\CodeIgniter->run()
#10 {main}
ERROR - 2026-07-27 02:44:14 --> Telegram controller called
ERROR - 2026-07-27 02:44:14 --> Table 'xkynpbah_titoo.telegram_premium' doesn't exist
CRITICAL - 2026-07-27 02:44:14 --> Table 'xkynpbah_titoo.telegram_premium' doesn't exist
#0 /home/xkynpbah/public_html/vendor/codeigniter4/framework/system/Database/MySQLi/Connection.php(292): mysqli->query('SELECT COUNT(*)...', 0)
#1 /home/xkynpbah/public_html/vendor/codeigniter4/framework/system/Database/BaseConnection.php(670): CodeIgniter\Database\MySQLi\Connection->execute('SELECT COUNT(*)...')
#2 /home/xkynpbah/public_html/vendor/codeigniter4/framework/system/Database/BaseConnection.php(598): CodeIgniter\Database\BaseConnection->simpleQuery('SELECT COUNT(*)...')
#3 /home/xkynpbah/public_html/vendor/codeigniter4/framework/system/Database/BaseBuilder.php(1527): CodeIgniter\Database\BaseConnection->query('SELECT COUNT(*)...', Array, false)
#4 /home/xkynpbah/public_html/app/Controllers/Telegram.php(165): CodeIgniter\Database\BaseBuilder->countAllResults()
#5 /home/xkynpbah/public_html/app/Controllers/Telegram.php(124): App\Controllers\Telegram->askForResetConfirmation(6719727245, 6719727245, Object(stdClass), 'akashbabu', Object(stdClass))
#6 /home/xkynpbah/public_html/vendor/codeigniter4/framework/system/CodeIgniter.php(824): App\Controllers\Telegram->index()
#7 /home/xkynpbah/public_html/vendor/codeigniter4/framework/system/CodeIgniter.php(410): CodeIgniter\CodeIgniter->runController(Object(App\Controllers\Telegram))
#8 /home/xkynpbah/public_html/vendor/codeigniter4/framework/system/CodeIgniter.php(318): CodeIgniter\CodeIgniter->handleRequest(NULL, Object(Config\Cache), false)
#9 /home/xkynpbah/public_html/index.php(37): CodeIgniter\CodeIgniter->run()
#10 {main}
ERROR - 2026-07-27 02:46:11 --> Telegram controller called
ERROR - 2026-07-27 02:46:11 --> Table 'xkynpbah_titoo.telegram_premium' doesn't exist
CRITICAL - 2026-07-27 02:46:11 --> Table 'xkynpbah_titoo.telegram_premium' doesn't exist
#0 /home/xkynpbah/public_html/vendor/codeigniter4/framework/system/Database/MySQLi/Connection.php(292): mysqli->query('SELECT COUNT(*)...', 0)
#1 /home/xkynpbah/public_html/vendor/codeigniter4/framework/system/Database/BaseConnection.php(670): CodeIgniter\Database\MySQLi\Connection->execute('SELECT COUNT(*)...')
#2 /home/xkynpbah/public_html/vendor/codeigniter4/framework/system/Database/BaseConnection.php(598): CodeIgniter\Database\BaseConnection->simpleQuery('SELECT COUNT(*)...')
#3 /home/xkynpbah/public_html/vendor/codeigniter4/framework/system/Database/BaseBuilder.php(1527): CodeIgniter\Database\BaseConnection->query('SELECT COUNT(*)...', Array, false)
#4 /home/xkynpbah/public_html/app/Controllers/Telegram.php(165): CodeIgniter\Database\BaseBuilder->countAllResults()
#5 /home/xkynpbah/public_html/app/Controllers/Telegram.php(124): App\Controllers\Telegram->askForResetConfirmation(6719727245, 6719727245, Object(stdClass), 'akashbabu', Object(stdClass))
#6 /home/xkynpbah/public_html/vendor/codeigniter4/framework/system/CodeIgniter.php(824): App\Controllers\Telegram->index()
#7 /home/xkynpbah/public_html/vendor/codeigniter4/framework/system/CodeIgniter.php(410): CodeIgniter\CodeIgniter->runController(Object(App\Controllers\Telegram))
#8 /home/xkynpbah/public_html/vendor/codeigniter4/framework/system/CodeIgniter.php(318): CodeIgniter\CodeIgniter->handleRequest(NULL, Object(Config\Cache), false)
#9 /home/xkynpbah/public_html/index.php(37): CodeIgniter\CodeIgniter->run()
#10 {main}
ERROR - 2026-07-27 02:47:24 --> Telegram controller called
ERROR - 2026-07-27 02:47:24 --> Table 'xkynpbah_titoo.telegram_premium' doesn't exist
CRITICAL - 2026-07-27 02:47:24 --> Table 'xkynpbah_titoo.telegram_premium' doesn't exist
#0 /home/xkynpbah/public_html/vendor/codeigniter4/framework/system/Database/MySQLi/Connection.php(292): mysqli->query('SELECT COUNT(*)...', 0)
#1 /home/xkynpbah/public_html/vendor/codeigniter4/framework/system/Database/BaseConnection.php(670): CodeIgniter\Database\MySQLi\Connection->execute('SELECT COUNT(*)...')
#2 /home/xkynpbah/public_html/vendor/codeigniter4/framework/system/Database/BaseConnection.php(598): CodeIgniter\Database\BaseConnection->simpleQuery('SELECT COUNT(*)...')
#3 /home/xkynpbah/public_html/vendor/codeigniter4/framework/system/Database/BaseBuilder.php(1527): CodeIgniter\Database\BaseConnection->query('SELECT COUNT(*)...', Array, false)
#4 /home/xkynpbah/public_html/app/Controllers/Telegram.php(165): CodeIgniter\Database\BaseBuilder->countAllResults()
#5 /home/xkynpbah/public_html/app/Controllers/Telegram.php(124): App\Controllers\Telegram->askForResetConfirmation(6719727245, 6719727245, Object(stdClass), 'akashbabu', Object(stdClass))
#6 /home/xkynpbah/public_html/vendor/codeigniter4/framework/system/CodeIgniter.php(824): App\Controllers\Telegram->index()
#7 /home/xkynpbah/public_html/vendor/codeigniter4/framework/system/CodeIgniter.php(410): CodeIgniter\CodeIgniter->runController(Object(App\Controllers\Telegram))
#8 /home/xkynpbah/public_html/vendor/codeigniter4/framework/system/CodeIgniter.php(318): CodeIgniter\CodeIgniter->handleRequest(NULL, Object(Config\Cache), false)
#9 /home/xkynpbah/public_html/index.php(37): CodeIgniter\CodeIgniter->run()
#10 {main}
ERROR - 2026-07-27 02:48:36 --> Telegram controller called
ERROR - 2026-07-27 02:48:36 --> Table 'xkynpbah_titoo.telegram_premium' doesn't exist
CRITICAL - 2026-07-27 02:48:36 --> Table 'xkynpbah_titoo.telegram_premium' doesn't exist
#0 /home/xkynpbah/public_html/vendor/codeigniter4/framework/system/Database/MySQLi/Connection.php(292): mysqli->query('SELECT COUNT(*)...', 0)
#1 /home/xkynpbah/public_html/vendor/codeigniter4/framework/system/Database/BaseConnection.php(670): CodeIgniter\Database\MySQLi\Connection->execute('SELECT COUNT(*)...')
#2 /home/xkynpbah/public_html/vendor/codeigniter4/framework/system/Database/BaseConnection.php(598): CodeIgniter\Database\BaseConnection->simpleQuery('SELECT COUNT(*)...')
#3 /home/xkynpbah/public_html/vendor/codeigniter4/framework/system/Database/BaseBuilder.php(1527): CodeIgniter\Database\BaseConnection->query('SELECT COUNT(*)...', Array, false)
#4 /home/xkynpbah/public_html/app/Controllers/Telegram.php(165): CodeIgniter\Database\BaseBuilder->countAllResults()
#5 /home/xkynpbah/public_html/app/Controllers/Telegram.php(124): App\Controllers\Telegram->askForResetConfirmation(6719727245, 6719727245, Object(stdClass), 'akashbabu', Object(stdClass))
#6 /home/xkynpbah/public_html/vendor/codeigniter4/framework/system/CodeIgniter.php(824): App\Controllers\Telegram->index()
#7 /home/xkynpbah/public_html/vendor/codeigniter4/framework/system/CodeIgniter.php(410): CodeIgniter\CodeIgniter->runController(Object(App\Controllers\Telegram))
#8 /home/xkynpbah/public_html/vendor/codeigniter4/framework/system/CodeIgniter.php(318): CodeIgniter\CodeIgniter->handleRequest(NULL, Object(Config\Cache), false)
#9 /home/xkynpbah/public_html/index.php(37): CodeIgniter\CodeIgniter->run()
#10 {main}
ERROR - 2026-07-27 02:49:56 --> Telegram controller called
ERROR - 2026-07-27 02:49:56 --> Table 'xkynpbah_titoo.telegram_premium' doesn't exist
CRITICAL - 2026-07-27 02:49:56 --> Table 'xkynpbah_titoo.telegram_premium' doesn't exist
#0 /home/xkynpbah/public_html/vendor/codeigniter4/framework/system/Database/MySQLi/Connection.php(292): mysqli->query('SELECT COUNT(*)...', 0)
#1 /home/xkynpbah/public_html/vendor/codeigniter4/framework/system/Database/BaseConnection.php(670): CodeIgniter\Database\MySQLi\Connection->execute('SELECT COUNT(*)...')
#2 /home/xkynpbah/public_html/vendor/codeigniter4/framework/system/Database/BaseConnection.php(598): CodeIgniter\Database\BaseConnection->simpleQuery('SELECT COUNT(*)...')
#3 /home/xkynpbah/public_html/vendor/codeigniter4/framework/system/Database/BaseBuilder.php(1527): CodeIgniter\Database\BaseConnection->query('SELECT COUNT(*)...', Array, false)
#4 /home/xkynpbah/public_html/app/Controllers/Telegram.php(165): CodeIgniter\Database\BaseBuilder->countAllResults()
#5 /home/xkynpbah/public_html/app/Controllers/Telegram.php(124): App\Controllers\Telegram->askForResetConfirmation(6719727245, 6719727245, Object(stdClass), 'akashbabu', Object(stdClass))
#6 /home/xkynpbah/public_html/vendor/codeigniter4/framework/system/CodeIgniter.php(824): App\Controllers\Telegram->index()
#7 /home/xkynpbah/public_html/vendor/codeigniter4/framework/system/CodeIgniter.php(410): CodeIgniter\CodeIgniter->runController(Object(App\Controllers\Telegram))
#8 /home/xkynpbah/public_html/vendor/codeigniter4/framework/system/CodeIgniter.php(318): CodeIgniter\CodeIgniter->handleRequest(NULL, Object(Config\Cache), false)
#9 /home/xkynpbah/public_html/index.php(37): CodeIgniter\CodeIgniter->run()
#10 {main}
ERROR - 2026-07-27 02:51:36 --> Telegram controller called
ERROR - 2026-07-27 02:51:36 --> Table 'xkynpbah_titoo.telegram_premium' doesn't exist
CRITICAL - 2026-07-27 02:51:36 --> Table 'xkynpbah_titoo.telegram_premium' doesn't exist
#0 /home/xkynpbah/public_html/vendor/codeigniter4/framework/system/Database/MySQLi/Connection.php(292): mysqli->query('SELECT COUNT(*)...', 0)
#1 /home/xkynpbah/public_html/vendor/codeigniter4/framework/system/Database/BaseConnection.php(670): CodeIgniter\Database\MySQLi\Connection->execute('SELECT COUNT(*)...')
#2 /home/xkynpbah/public_html/vendor/codeigniter4/framework/system/Database/BaseConnection.php(598): CodeIgniter\Database\BaseConnection->simpleQuery('SELECT COUNT(*)...')
#3 /home/xkynpbah/public_html/vendor/codeigniter4/framework/system/Database/BaseBuilder.php(1527): CodeIgniter\Database\BaseConnection->query('SELECT COUNT(*)...', Array, false)
#4 /home/xkynpbah/public_html/app/Controllers/Telegram.php(165): CodeIgniter\Database\BaseBuilder->countAllResults()
#5 /home/xkynpbah/public_html/app/Controllers/Telegram.php(124): App\Controllers\Telegram->askForResetConfirmation(6719727245, 6719727245, Object(stdClass), 'akashbabu', Object(stdClass))
#6 /home/xkynpbah/public_html/vendor/codeigniter4/framework/system/CodeIgniter.php(824): App\Controllers\Telegram->index()
#7 /home/xkynpbah/public_html/vendor/codeigniter4/framework/system/CodeIgniter.php(410): CodeIgniter\CodeIgniter->runController(Object(App\Controllers\Telegram))
#8 /home/xkynpbah/public_html/vendor/codeigniter4/framework/system/CodeIgniter.php(318): CodeIgniter\CodeIgniter->handleRequest(NULL, Object(Config\Cache), false)
#9 /home/xkynpbah/public_html/index.php(37): CodeIgniter\CodeIgniter->run()
#10 {main}
ERROR - 2026-07-27 02:52:42 --> Telegram controller called
ERROR - 2026-07-27 02:52:42 --> Table 'xkynpbah_titoo.telegram_premium' doesn't exist
CRITICAL - 2026-07-27 02:52:42 --> Table 'xkynpbah_titoo.telegram_premium' doesn't exist
#0 /home/xkynpbah/public_html/vendor/codeigniter4/framework/system/Database/MySQLi/Connection.php(292): mysqli->query('SELECT COUNT(*)...', 0)
#1 /home/xkynpbah/public_html/vendor/codeigniter4/framework/system/Database/BaseConnection.php(670): CodeIgniter\Database\MySQLi\Connection->execute('SELECT COUNT(*)...')
#2 /home/xkynpbah/public_html/vendor/codeigniter4/framework/system/Database/BaseConnection.php(598): CodeIgniter\Database\BaseConnection->simpleQuery('SELECT COUNT(*)...')
#3 /home/xkynpbah/public_html/vendor/codeigniter4/framework/system/Database/BaseBuilder.php(1527): CodeIgniter\Database\BaseConnection->query('SELECT COUNT(*)...', Array, false)
#4 /home/xkynpbah/public_html/app/Controllers/Telegram.php(165): CodeIgniter\Database\BaseBuilder->countAllResults()
#5 /home/xkynpbah/public_html/app/Controllers/Telegram.php(124): App\Controllers\Telegram->askForResetConfirmation(6719727245, 6719727245, Object(stdClass), 'akashbabu', Object(stdClass))
#6 /home/xkynpbah/public_html/vendor/codeigniter4/framework/system/CodeIgniter.php(824): App\Controllers\Telegram->index()
#7 /home/xkynpbah/public_html/vendor/codeigniter4/framework/system/CodeIgniter.php(410): CodeIgniter\CodeIgniter->runController(Object(App\Controllers\Telegram))
#8 /home/xkynpbah/public_html/vendor/codeigniter4/framework/system/CodeIgniter.php(318): CodeIgniter\CodeIgniter->handleRequest(NULL, Object(Config\Cache), false)
#9 /home/xkynpbah/public_html/index.php(37): CodeIgniter\CodeIgniter->run()
#10 {main}
ERROR - 2026-07-27 02:54:37 --> Telegram controller called
ERROR - 2026-07-27 02:54:37 --> Table 'xkynpbah_titoo.telegram_premium' doesn't exist
CRITICAL - 2026-07-27 02:54:37 --> Table 'xkynpbah_titoo.telegram_premium' doesn't exist
#0 /home/xkynpbah/public_html/vendor/codeigniter4/framework/system/Database/MySQLi/Connection.php(292): mysqli->query('SELECT COUNT(*)...', 0)
#1 /home/xkynpbah/public_html/vendor/codeigniter4/framework/system/Database/BaseConnection.php(670): CodeIgniter\Database\MySQLi\Connection->execute('SELECT COUNT(*)...')
#2 /home/xkynpbah/public_html/vendor/codeigniter4/framework/system/Database/BaseConnection.php(598): CodeIgniter\Database\BaseConnection->simpleQuery('SELECT COUNT(*)...')
#3 /home/xkynpbah/public_html/vendor/codeigniter4/framework/system/Database/BaseBuilder.php(1527): CodeIgniter\Database\BaseConnection->query('SELECT COUNT(*)...', Array, false)
#4 /home/xkynpbah/public_html/app/Controllers/Telegram.php(165): CodeIgniter\Database\BaseBuilder->countAllResults()
#5 /home/xkynpbah/public_html/app/Controllers/Telegram.php(124): App\Controllers\Telegram->askForResetConfirmation(6719727245, 6719727245, Object(stdClass), 'akashbabu', Object(stdClass))
#6 /home/xkynpbah/public_html/vendor/codeigniter4/framework/system/CodeIgniter.php(824): App\Controllers\Telegram->index()
#7 /home/xkynpbah/public_html/vendor/codeigniter4/framework/system/CodeIgniter.php(410): CodeIgniter\CodeIgniter->runController(Object(App\Controllers\Telegram))
#8 /home/xkynpbah/public_html/vendor/codeigniter4/framework/system/CodeIgniter.php(318): CodeIgniter\CodeIgniter->handleRequest(NULL, Object(Config\Cache), false)
#9 /home/xkynpbah/public_html/index.php(37): CodeIgniter\CodeIgniter->run()
#10 {main}
ERROR - 2026-07-27 02:55:48 --> Telegram controller called
ERROR - 2026-07-27 02:55:48 --> Table 'xkynpbah_titoo.telegram_premium' doesn't exist
CRITICAL - 2026-07-27 02:55:48 --> Table 'xkynpbah_titoo.telegram_premium' doesn't exist
#0 /home/xkynpbah/public_html/vendor/codeigniter4/framework/system/Database/MySQLi/Connection.php(292): mysqli->query('SELECT COUNT(*)...', 0)
#1 /home/xkynpbah/public_html/vendor/codeigniter4/framework/system/Database/BaseConnection.php(670): CodeIgniter\Database\MySQLi\Connection->execute('SELECT COUNT(*)...')
#2 /home/xkynpbah/public_html/vendor/codeigniter4/framework/system/Database/BaseConnection.php(598): CodeIgniter\Database\BaseConnection->simpleQuery('SELECT COUNT(*)...')
#3 /home/xkynpbah/public_html/vendor/codeigniter4/framework/system/Database/BaseBuilder.php(1527): CodeIgniter\Database\BaseConnection->query('SELECT COUNT(*)...', Array, false)
#4 /home/xkynpbah/public_html/app/Controllers/Telegram.php(165): CodeIgniter\Database\BaseBuilder->countAllResults()
#5 /home/xkynpbah/public_html/app/Controllers/Telegram.php(124): App\Controllers\Telegram->askForResetConfirmation(6719727245, 6719727245, Object(stdClass), 'akashbabu', Object(stdClass))
#6 /home/xkynpbah/public_html/vendor/codeigniter4/framework/system/CodeIgniter.php(824): App\Controllers\Telegram->index()
#7 /home/xkynpbah/public_html/vendor/codeigniter4/framework/system/CodeIgniter.php(410): CodeIgniter\CodeIgniter->runController(Object(App\Controllers\Telegram))
#8 /home/xkynpbah/public_html/vendor/codeigniter4/framework/system/CodeIgniter.php(318): CodeIgniter\CodeIgniter->handleRequest(NULL, Object(Config\Cache), false)
#9 /home/xkynpbah/public_html/index.php(37): CodeIgniter\CodeIgniter->run()
#10 {main}
ERROR - 2026-07-27 02:57:25 --> Telegram controller called
ERROR - 2026-07-27 02:57:25 --> Table 'xkynpbah_titoo.telegram_premium' doesn't exist
CRITICAL - 2026-07-27 02:57:25 --> Table 'xkynpbah_titoo.telegram_premium' doesn't exist
#0 /home/xkynpbah/public_html/vendor/codeigniter4/framework/system/Database/MySQLi/Connection.php(292): mysqli->query('SELECT COUNT(*)...', 0)
#1 /home/xkynpbah/public_html/vendor/codeigniter4/framework/system/Database/BaseConnection.php(670): CodeIgniter\Database\MySQLi\Connection->execute('SELECT COUNT(*)...')
#2 /home/xkynpbah/public_html/vendor/codeigniter4/framework/system/Database/BaseConnection.php(598): CodeIgniter\Database\BaseConnection->simpleQuery('SELECT COUNT(*)...')
#3 /home/xkynpbah/public_html/vendor/codeigniter4/framework/system/Database/BaseBuilder.php(1527): CodeIgniter\Database\BaseConnection->query('SELECT COUNT(*)...', Array, false)
#4 /home/xkynpbah/public_html/app/Controllers/Telegram.php(165): CodeIgniter\Database\BaseBuilder->countAllResults()
#5 /home/xkynpbah/public_html/app/Controllers/Telegram.php(124): App\Controllers\Telegram->askForResetConfirmation(6719727245, 6719727245, Object(stdClass), 'akashbabu', Object(stdClass))
#6 /home/xkynpbah/public_html/vendor/codeigniter4/framework/system/CodeIgniter.php(824): App\Controllers\Telegram->index()
#7 /home/xkynpbah/public_html/vendor/codeigniter4/framework/system/CodeIgniter.php(410): CodeIgniter\CodeIgniter->runController(Object(App\Controllers\Telegram))
#8 /home/xkynpbah/public_html/vendor/codeigniter4/framework/system/CodeIgniter.php(318): CodeIgniter\CodeIgniter->handleRequest(NULL, Object(Config\Cache), false)
#9 /home/xkynpbah/public_html/index.php(37): CodeIgniter\CodeIgniter->run()
#10 {main}
ERROR - 2026-07-27 02:59:15 --> Telegram controller called
ERROR - 2026-07-27 02:59:15 --> Table 'xkynpbah_titoo.telegram_premium' doesn't exist
CRITICAL - 2026-07-27 02:59:15 --> Table 'xkynpbah_titoo.telegram_premium' doesn't exist
#0 /home/xkynpbah/public_html/vendor/codeigniter4/framework/system/Database/MySQLi/Connection.php(292): mysqli->query('SELECT COUNT(*)...', 0)
#1 /home/xkynpbah/public_html/vendor/codeigniter4/framework/system/Database/BaseConnection.php(670): CodeIgniter\Database\MySQLi\Connection->execute('SELECT COUNT(*)...')
#2 /home/xkynpbah/public_html/vendor/codeigniter4/framework/system/Database/BaseConnection.php(598): CodeIgniter\Database\BaseConnection->simpleQuery('SELECT COUNT(*)...')
#3 /home/xkynpbah/public_html/vendor/codeigniter4/framework/system/Database/BaseBuilder.php(1527): CodeIgniter\Database\BaseConnection->query('SELECT COUNT(*)...', Array, false)
#4 /home/xkynpbah/public_html/app/Controllers/Telegram.php(165): CodeIgniter\Database\BaseBuilder->countAllResults()
#5 /home/xkynpbah/public_html/app/Controllers/Telegram.php(124): App\Controllers\Telegram->askForResetConfirmation(6719727245, 6719727245, Object(stdClass), 'akashbabu', Object(stdClass))
#6 /home/xkynpbah/public_html/vendor/codeigniter4/framework/system/CodeIgniter.php(824): App\Controllers\Telegram->index()
#7 /home/xkynpbah/public_html/vendor/codeigniter4/framework/system/CodeIgniter.php(410): CodeIgniter\CodeIgniter->runController(Object(App\Controllers\Telegram))
#8 /home/xkynpbah/public_html/vendor/codeigniter4/framework/system/CodeIgniter.php(318): CodeIgniter\CodeIgniter->handleRequest(NULL, Object(Config\Cache), false)
#9 /home/xkynpbah/public_html/index.php(37): CodeIgniter\CodeIgniter->run()
#10 {main}
ERROR - 2026-07-27 03:00:44 --> Telegram controller called
ERROR - 2026-07-27 03:00:44 --> Table 'xkynpbah_titoo.telegram_premium' doesn't exist
CRITICAL - 2026-07-27 03:00:44 --> Table 'xkynpbah_titoo.telegram_premium' doesn't exist
#0 /home/xkynpbah/public_html/vendor/codeigniter4/framework/system/Database/MySQLi/Connection.php(292): mysqli->query('SELECT COUNT(*)...', 0)
#1 /home/xkynpbah/public_html/vendor/codeigniter4/framework/system/Database/BaseConnection.php(670): CodeIgniter\Database\MySQLi\Connection->execute('SELECT COUNT(*)...')
#2 /home/xkynpbah/public_html/vendor/codeigniter4/framework/system/Database/BaseConnection.php(598): CodeIgniter\Database\BaseConnection->simpleQuery('SELECT COUNT(*)...')
#3 /home/xkynpbah/public_html/vendor/codeigniter4/framework/system/Database/BaseBuilder.php(1527): CodeIgniter\Database\BaseConnection->query('SELECT COUNT(*)...', Array, false)
#4 /home/xkynpbah/public_html/app/Controllers/Telegram.php(165): CodeIgniter\Database\BaseBuilder->countAllResults()
#5 /home/xkynpbah/public_html/app/Controllers/Telegram.php(124): App\Controllers\Telegram->askForResetConfirmation(6719727245, 6719727245, Object(stdClass), 'akashbabu', Object(stdClass))
#6 /home/xkynpbah/public_html/vendor/codeigniter4/framework/system/CodeIgniter.php(824): App\Controllers\Telegram->index()
#7 /home/xkynpbah/public_html/vendor/codeigniter4/framework/system/CodeIgniter.php(410): CodeIgniter\CodeIgniter->runController(Object(App\Controllers\Telegram))
#8 /home/xkynpbah/public_html/vendor/codeigniter4/framework/system/CodeIgniter.php(318): CodeIgniter\CodeIgniter->handleRequest(NULL, Object(Config\Cache), false)
#9 /home/xkynpbah/public_html/index.php(37): CodeIgniter\CodeIgniter->run()
#10 {main}
ERROR - 2026-07-27 03:02:14 --> Telegram controller called
ERROR - 2026-07-27 03:02:14 --> Table 'xkynpbah_titoo.telegram_premium' doesn't exist
CRITICAL - 2026-07-27 03:02:14 --> Table 'xkynpbah_titoo.telegram_premium' doesn't exist
#0 /home/xkynpbah/public_html/vendor/codeigniter4/framework/system/Database/MySQLi/Connection.php(292): mysqli->query('SELECT COUNT(*)...', 0)
#1 /home/xkynpbah/public_html/vendor/codeigniter4/framework/system/Database/BaseConnection.php(670): CodeIgniter\Database\MySQLi\Connection->execute('SELECT COUNT(*)...')
#2 /home/xkynpbah/public_html/vendor/codeigniter4/framework/system/Database/BaseConnection.php(598): CodeIgniter\Database\BaseConnection->simpleQuery('SELECT COUNT(*)...')
#3 /home/xkynpbah/public_html/vendor/codeigniter4/framework/system/Database/BaseBuilder.php(1527): CodeIgniter\Database\BaseConnection->query('SELECT COUNT(*)...', Array, false)
#4 /home/xkynpbah/public_html/app/Controllers/Telegram.php(165): CodeIgniter\Database\BaseBuilder->countAllResults()
#5 /home/xkynpbah/public_html/app/Controllers/Telegram.php(124): App\Controllers\Telegram->askForResetConfirmation(6719727245, 6719727245, Object(stdClass), 'akashbabu', Object(stdClass))
#6 /home/xkynpbah/public_html/vendor/codeigniter4/framework/system/CodeIgniter.php(824): App\Controllers\Telegram->index()
#7 /home/xkynpbah/public_html/vendor/codeigniter4/framework/system/CodeIgniter.php(410): CodeIgniter\CodeIgniter->runController(Object(App\Controllers\Telegram))
#8 /home/xkynpbah/public_html/vendor/codeigniter4/framework/system/CodeIgniter.php(318): CodeIgniter\CodeIgniter->handleRequest(NULL, Object(Config\Cache), false)
#9 /home/xkynpbah/public_html/index.php(37): CodeIgniter\CodeIgniter->run()
#10 {main}
ERROR - 2026-07-27 03:03:41 --> Telegram controller called
ERROR - 2026-07-27 03:03:41 --> Table 'xkynpbah_titoo.telegram_premium' doesn't exist
CRITICAL - 2026-07-27 03:03:41 --> Table 'xkynpbah_titoo.telegram_premium' doesn't exist
#0 /home/xkynpbah/public_html/vendor/codeigniter4/framework/system/Database/MySQLi/Connection.php(292): mysqli->query('SELECT COUNT(*)...', 0)
#1 /home/xkynpbah/public_html/vendor/codeigniter4/framework/system/Database/BaseConnection.php(670): CodeIgniter\Database\MySQLi\Connection->execute('SELECT COUNT(*)...')
#2 /home/xkynpbah/public_html/vendor/codeigniter4/framework/system/Database/BaseConnection.php(598): CodeIgniter\Database\BaseConnection->simpleQuery('SELECT COUNT(*)...')
#3 /home/xkynpbah/public_html/vendor/codeigniter4/framework/system/Database/BaseBuilder.php(1527): CodeIgniter\Database\BaseConnection->query('SELECT COUNT(*)...', Array, false)
#4 /home/xkynpbah/public_html/app/Controllers/Telegram.php(165): CodeIgniter\Database\BaseBuilder->countAllResults()
#5 /home/xkynpbah/public_html/app/Controllers/Telegram.php(124): App\Controllers\Telegram->askForResetConfirmation(6719727245, 6719727245, Object(stdClass), 'akashbabu', Object(stdClass))
#6 /home/xkynpbah/public_html/vendor/codeigniter4/framework/system/CodeIgniter.php(824): App\Controllers\Telegram->index()
#7 /home/xkynpbah/public_html/vendor/codeigniter4/framework/system/CodeIgniter.php(410): CodeIgniter\CodeIgniter->runController(Object(App\Controllers\Telegram))
#8 /home/xkynpbah/public_html/vendor/codeigniter4/framework/system/CodeIgniter.php(318): CodeIgniter\CodeIgniter->handleRequest(NULL, Object(Config\Cache), false)
#9 /home/xkynpbah/public_html/index.php(37): CodeIgniter\CodeIgniter->run()
#10 {main}
ERROR - 2026-07-27 03:04:42 --> Telegram controller called
ERROR - 2026-07-27 03:04:42 --> Table 'xkynpbah_titoo.telegram_premium' doesn't exist
CRITICAL - 2026-07-27 03:04:42 --> Table 'xkynpbah_titoo.telegram_premium' doesn't exist
#0 /home/xkynpbah/public_html/vendor/codeigniter4/framework/system/Database/MySQLi/Connection.php(292): mysqli->query('SELECT COUNT(*)...', 0)
#1 /home/xkynpbah/public_html/vendor/codeigniter4/framework/system/Database/BaseConnection.php(670): CodeIgniter\Database\MySQLi\Connection->execute('SELECT COUNT(*)...')
#2 /home/xkynpbah/public_html/vendor/codeigniter4/framework/system/Database/BaseConnection.php(598): CodeIgniter\Database\BaseConnection->simpleQuery('SELECT COUNT(*)...')
#3 /home/xkynpbah/public_html/vendor/codeigniter4/framework/system/Database/BaseBuilder.php(1527): CodeIgniter\Database\BaseConnection->query('SELECT COUNT(*)...', Array, false)
#4 /home/xkynpbah/public_html/app/Controllers/Telegram.php(165): CodeIgniter\Database\BaseBuilder->countAllResults()
#5 /home/xkynpbah/public_html/app/Controllers/Telegram.php(124): App\Controllers\Telegram->askForResetConfirmation(6719727245, 6719727245, Object(stdClass), 'akashbabu', Object(stdClass))
#6 /home/xkynpbah/public_html/vendor/codeigniter4/framework/system/CodeIgniter.php(824): App\Controllers\Telegram->index()
#7 /home/xkynpbah/public_html/vendor/codeigniter4/framework/system/CodeIgniter.php(410): CodeIgniter\CodeIgniter->runController(Object(App\Controllers\Telegram))
#8 /home/xkynpbah/public_html/vendor/codeigniter4/framework/system/CodeIgniter.php(318): CodeIgniter\CodeIgniter->handleRequest(NULL, Object(Config\Cache), false)
#9 /home/xkynpbah/public_html/index.php(37): CodeIgniter\CodeIgniter->run()
#10 {main}
ERROR - 2026-07-27 03:06:35 --> Telegram controller called
ERROR - 2026-07-27 03:06:35 --> Table 'xkynpbah_titoo.telegram_premium' doesn't exist
CRITICAL - 2026-07-27 03:06:35 --> Table 'xkynpbah_titoo.telegram_premium' doesn't exist
#0 /home/xkynpbah/public_html/vendor/codeigniter4/framework/system/Database/MySQLi/Connection.php(292): mysqli->query('SELECT COUNT(*)...', 0)
#1 /home/xkynpbah/public_html/vendor/codeigniter4/framework/system/Database/BaseConnection.php(670): CodeIgniter\Database\MySQLi\Connection->execute('SELECT COUNT(*)...')
#2 /home/xkynpbah/public_html/vendor/codeigniter4/framework/system/Database/BaseConnection.php(598): CodeIgniter\Database\BaseConnection->simpleQuery('SELECT COUNT(*)...')
#3 /home/xkynpbah/public_html/vendor/codeigniter4/framework/system/Database/BaseBuilder.php(1527): CodeIgniter\Database\BaseConnection->query('SELECT COUNT(*)...', Array, false)
#4 /home/xkynpbah/public_html/app/Controllers/Telegram.php(165): CodeIgniter\Database\BaseBuilder->countAllResults()
#5 /home/xkynpbah/public_html/app/Controllers/Telegram.php(124): App\Controllers\Telegram->askForResetConfirmation(6719727245, 6719727245, Object(stdClass), 'akashbabu', Object(stdClass))
#6 /home/xkynpbah/public_html/vendor/codeigniter4/framework/system/CodeIgniter.php(824): App\Controllers\Telegram->index()
#7 /home/xkynpbah/public_html/vendor/codeigniter4/framework/system/CodeIgniter.php(410): CodeIgniter\CodeIgniter->runController(Object(App\Controllers\Telegram))
#8 /home/xkynpbah/public_html/vendor/codeigniter4/framework/system/CodeIgniter.php(318): CodeIgniter\CodeIgniter->handleRequest(NULL, Object(Config\Cache), false)
#9 /home/xkynpbah/public_html/index.php(37): CodeIgniter\CodeIgniter->run()
#10 {main}
ERROR - 2026-07-27 03:08:08 --> Telegram controller called
ERROR - 2026-07-27 03:08:08 --> Table 'xkynpbah_titoo.telegram_premium' doesn't exist
CRITICAL - 2026-07-27 03:08:08 --> Table 'xkynpbah_titoo.telegram_premium' doesn't exist
#0 /home/xkynpbah/public_html/vendor/codeigniter4/framework/system/Database/MySQLi/Connection.php(292): mysqli->query('SELECT COUNT(*)...', 0)
#1 /home/xkynpbah/public_html/vendor/codeigniter4/framework/system/Database/BaseConnection.php(670): CodeIgniter\Database\MySQLi\Connection->execute('SELECT COUNT(*)...')
#2 /home/xkynpbah/public_html/vendor/codeigniter4/framework/system/Database/BaseConnection.php(598): CodeIgniter\Database\BaseConnection->simpleQuery('SELECT COUNT(*)...')
#3 /home/xkynpbah/public_html/vendor/codeigniter4/framework/system/Database/BaseBuilder.php(1527): CodeIgniter\Database\BaseConnection->query('SELECT COUNT(*)...', Array, false)
#4 /home/xkynpbah/public_html/app/Controllers/Telegram.php(165): CodeIgniter\Database\BaseBuilder->countAllResults()
#5 /home/xkynpbah/public_html/app/Controllers/Telegram.php(124): App\Controllers\Telegram->askForResetConfirmation(6719727245, 6719727245, Object(stdClass), 'akashbabu', Object(stdClass))
#6 /home/xkynpbah/public_html/vendor/codeigniter4/framework/system/CodeIgniter.php(824): App\Controllers\Telegram->index()
#7 /home/xkynpbah/public_html/vendor/codeigniter4/framework/system/CodeIgniter.php(410): CodeIgniter\CodeIgniter->runController(Object(App\Controllers\Telegram))
#8 /home/xkynpbah/public_html/vendor/codeigniter4/framework/system/CodeIgniter.php(318): CodeIgniter\CodeIgniter->handleRequest(NULL, Object(Config\Cache), false)
#9 /home/xkynpbah/public_html/index.php(37): CodeIgniter\CodeIgniter->run()
#10 {main}
ERROR - 2026-07-27 03:09:51 --> Telegram controller called
ERROR - 2026-07-27 03:09:51 --> Table 'xkynpbah_titoo.telegram_premium' doesn't exist
CRITICAL - 2026-07-27 03:09:51 --> Table 'xkynpbah_titoo.telegram_premium' doesn't exist
#0 /home/xkynpbah/public_html/vendor/codeigniter4/framework/system/Database/MySQLi/Connection.php(292): mysqli->query('SELECT COUNT(*)...', 0)
#1 /home/xkynpbah/public_html/vendor/codeigniter4/framework/system/Database/BaseConnection.php(670): CodeIgniter\Database\MySQLi\Connection->execute('SELECT COUNT(*)...')
#2 /home/xkynpbah/public_html/vendor/codeigniter4/framework/system/Database/BaseConnection.php(598): CodeIgniter\Database\BaseConnection->simpleQuery('SELECT COUNT(*)...')
#3 /home/xkynpbah/public_html/vendor/codeigniter4/framework/system/Database/BaseBuilder.php(1527): CodeIgniter\Database\BaseConnection->query('SELECT COUNT(*)...', Array, false)
#4 /home/xkynpbah/public_html/app/Controllers/Telegram.php(165): CodeIgniter\Database\BaseBuilder->countAllResults()
#5 /home/xkynpbah/public_html/app/Controllers/Telegram.php(124): App\Controllers\Telegram->askForResetConfirmation(6719727245, 6719727245, Object(stdClass), 'akashbabu', Object(stdClass))
#6 /home/xkynpbah/public_html/vendor/codeigniter4/framework/system/CodeIgniter.php(824): App\Controllers\Telegram->index()
#7 /home/xkynpbah/public_html/vendor/codeigniter4/framework/system/CodeIgniter.php(410): CodeIgniter\CodeIgniter->runController(Object(App\Controllers\Telegram))
#8 /home/xkynpbah/public_html/vendor/codeigniter4/framework/system/CodeIgniter.php(318): CodeIgniter\CodeIgniter->handleRequest(NULL, Object(Config\Cache), false)
#9 /home/xkynpbah/public_html/index.php(37): CodeIgniter\CodeIgniter->run()
#10 {main}
ERROR - 2026-07-27 03:11:20 --> Telegram controller called
ERROR - 2026-07-27 03:11:20 --> Table 'xkynpbah_titoo.telegram_premium' doesn't exist
CRITICAL - 2026-07-27 03:11:20 --> Table 'xkynpbah_titoo.telegram_premium' doesn't exist
#0 /home/xkynpbah/public_html/vendor/codeigniter4/framework/system/Database/MySQLi/Connection.php(292): mysqli->query('SELECT COUNT(*)...', 0)
#1 /home/xkynpbah/public_html/vendor/codeigniter4/framework/system/Database/BaseConnection.php(670): CodeIgniter\Database\MySQLi\Connection->execute('SELECT COUNT(*)...')
#2 /home/xkynpbah/public_html/vendor/codeigniter4/framework/system/Database/BaseConnection.php(598): CodeIgniter\Database\BaseConnection->simpleQuery('SELECT COUNT(*)...')
#3 /home/xkynpbah/public_html/vendor/codeigniter4/framework/system/Database/BaseBuilder.php(1527): CodeIgniter\Database\BaseConnection->query('SELECT COUNT(*)...', Array, false)
#4 /home/xkynpbah/public_html/app/Controllers/Telegram.php(165): CodeIgniter\Database\BaseBuilder->countAllResults()
#5 /home/xkynpbah/public_html/app/Controllers/Telegram.php(124): App\Controllers\Telegram->askForResetConfirmation(6719727245, 6719727245, Object(stdClass), 'akashbabu', Object(stdClass))
#6 /home/xkynpbah/public_html/vendor/codeigniter4/framework/system/CodeIgniter.php(824): App\Controllers\Telegram->index()
#7 /home/xkynpbah/public_html/vendor/codeigniter4/framework/system/CodeIgniter.php(410): CodeIgniter\CodeIgniter->runController(Object(App\Controllers\Telegram))
#8 /home/xkynpbah/public_html/vendor/codeigniter4/framework/system/CodeIgniter.php(318): CodeIgniter\CodeIgniter->handleRequest(NULL, Object(Config\Cache), false)
#9 /home/xkynpbah/public_html/index.php(37): CodeIgniter\CodeIgniter->run()
#10 {main}
ERROR - 2026-07-27 03:12:21 --> Telegram controller called
ERROR - 2026-07-27 03:12:21 --> Table 'xkynpbah_titoo.telegram_premium' doesn't exist
CRITICAL - 2026-07-27 03:12:21 --> Table 'xkynpbah_titoo.telegram_premium' doesn't exist
#0 /home/xkynpbah/public_html/vendor/codeigniter4/framework/system/Database/MySQLi/Connection.php(292): mysqli->query('SELECT COUNT(*)...', 0)
#1 /home/xkynpbah/public_html/vendor/codeigniter4/framework/system/Database/BaseConnection.php(670): CodeIgniter\Database\MySQLi\Connection->execute('SELECT COUNT(*)...')
#2 /home/xkynpbah/public_html/vendor/codeigniter4/framework/system/Database/BaseConnection.php(598): CodeIgniter\Database\BaseConnection->simpleQuery('SELECT COUNT(*)...')
#3 /home/xkynpbah/public_html/vendor/codeigniter4/framework/system/Database/BaseBuilder.php(1527): CodeIgniter\Database\BaseConnection->query('SELECT COUNT(*)...', Array, false)
#4 /home/xkynpbah/public_html/app/Controllers/Telegram.php(165): CodeIgniter\Database\BaseBuilder->countAllResults()
#5 /home/xkynpbah/public_html/app/Controllers/Telegram.php(124): App\Controllers\Telegram->askForResetConfirmation(6719727245, 6719727245, Object(stdClass), 'akashbabu', Object(stdClass))
#6 /home/xkynpbah/public_html/vendor/codeigniter4/framework/system/CodeIgniter.php(824): App\Controllers\Telegram->index()
#7 /home/xkynpbah/public_html/vendor/codeigniter4/framework/system/CodeIgniter.php(410): CodeIgniter\CodeIgniter->runController(Object(App\Controllers\Telegram))
#8 /home/xkynpbah/public_html/vendor/codeigniter4/framework/system/CodeIgniter.php(318): CodeIgniter\CodeIgniter->handleRequest(NULL, Object(Config\Cache), false)
#9 /home/xkynpbah/public_html/index.php(37): CodeIgniter\CodeIgniter->run()
#10 {main}
ERROR - 2026-07-27 03:14:02 --> Telegram controller called
ERROR - 2026-07-27 03:14:02 --> Table 'xkynpbah_titoo.telegram_premium' doesn't exist
CRITICAL - 2026-07-27 03:14:02 --> Table 'xkynpbah_titoo.telegram_premium' doesn't exist
#0 /home/xkynpbah/public_html/vendor/codeigniter4/framework/system/Database/MySQLi/Connection.php(292): mysqli->query('SELECT COUNT(*)...', 0)
#1 /home/xkynpbah/public_html/vendor/codeigniter4/framework/system/Database/BaseConnection.php(670): CodeIgniter\Database\MySQLi\Connection->execute('SELECT COUNT(*)...')
#2 /home/xkynpbah/public_html/vendor/codeigniter4/framework/system/Database/BaseConnection.php(598): CodeIgniter\Database\BaseConnection->simpleQuery('SELECT COUNT(*)...')
#3 /home/xkynpbah/public_html/vendor/codeigniter4/framework/system/Database/BaseBuilder.php(1527): CodeIgniter\Database\BaseConnection->query('SELECT COUNT(*)...', Array, false)
#4 /home/xkynpbah/public_html/app/Controllers/Telegram.php(165): CodeIgniter\Database\BaseBuilder->countAllResults()
#5 /home/xkynpbah/public_html/app/Controllers/Telegram.php(124): App\Controllers\Telegram->askForResetConfirmation(6719727245, 6719727245, Object(stdClass), 'akashbabu', Object(stdClass))
#6 /home/xkynpbah/public_html/vendor/codeigniter4/framework/system/CodeIgniter.php(824): App\Controllers\Telegram->index()
#7 /home/xkynpbah/public_html/vendor/codeigniter4/framework/system/CodeIgniter.php(410): CodeIgniter\CodeIgniter->runController(Object(App\Controllers\Telegram))
#8 /home/xkynpbah/public_html/vendor/codeigniter4/framework/system/CodeIgniter.php(318): CodeIgniter\CodeIgniter->handleRequest(NULL, Object(Config\Cache), false)
#9 /home/xkynpbah/public_html/index.php(37): CodeIgniter\CodeIgniter->run()
#10 {main}
ERROR - 2026-07-27 03:15:21 --> Telegram controller called
ERROR - 2026-07-27 03:15:21 --> Table 'xkynpbah_titoo.telegram_premium' doesn't exist
CRITICAL - 2026-07-27 03:15:21 --> Table 'xkynpbah_titoo.telegram_premium' doesn't exist
#0 /home/xkynpbah/public_html/vendor/codeigniter4/framework/system/Database/MySQLi/Connection.php(292): mysqli->query('SELECT COUNT(*)...', 0)
#1 /home/xkynpbah/public_html/vendor/codeigniter4/framework/system/Database/BaseConnection.php(670): CodeIgniter\Database\MySQLi\Connection->execute('SELECT COUNT(*)...')
#2 /home/xkynpbah/public_html/vendor/codeigniter4/framework/system/Database/BaseConnection.php(598): CodeIgniter\Database\BaseConnection->simpleQuery('SELECT COUNT(*)...')
#3 /home/xkynpbah/public_html/vendor/codeigniter4/framework/system/Database/BaseBuilder.php(1527): CodeIgniter\Database\BaseConnection->query('SELECT COUNT(*)...', Array, false)
#4 /home/xkynpbah/public_html/app/Controllers/Telegram.php(165): CodeIgniter\Database\BaseBuilder->countAllResults()
#5 /home/xkynpbah/public_html/app/Controllers/Telegram.php(124): App\Controllers\Telegram->askForResetConfirmation(6719727245, 6719727245, Object(stdClass), 'akashbabu', Object(stdClass))
#6 /home/xkynpbah/public_html/vendor/codeigniter4/framework/system/CodeIgniter.php(824): App\Controllers\Telegram->index()
#7 /home/xkynpbah/public_html/vendor/codeigniter4/framework/system/CodeIgniter.php(410): CodeIgniter\CodeIgniter->runController(Object(App\Controllers\Telegram))
#8 /home/xkynpbah/public_html/vendor/codeigniter4/framework/system/CodeIgniter.php(318): CodeIgniter\CodeIgniter->handleRequest(NULL, Object(Config\Cache), false)
#9 /home/xkynpbah/public_html/index.php(37): CodeIgniter\CodeIgniter->run()
#10 {main}
ERROR - 2026-07-27 03:16:38 --> Telegram controller called
ERROR - 2026-07-27 03:16:38 --> Table 'xkynpbah_titoo.telegram_premium' doesn't exist
CRITICAL - 2026-07-27 03:16:38 --> Table 'xkynpbah_titoo.telegram_premium' doesn't exist
#0 /home/xkynpbah/public_html/vendor/codeigniter4/framework/system/Database/MySQLi/Connection.php(292): mysqli->query('SELECT COUNT(*)...', 0)
#1 /home/xkynpbah/public_html/vendor/codeigniter4/framework/system/Database/BaseConnection.php(670): CodeIgniter\Database\MySQLi\Connection->execute('SELECT COUNT(*)...')
#2 /home/xkynpbah/public_html/vendor/codeigniter4/framework/system/Database/BaseConnection.php(598): CodeIgniter\Database\BaseConnection->simpleQuery('SELECT COUNT(*)...')
#3 /home/xkynpbah/public_html/vendor/codeigniter4/framework/system/Database/BaseBuilder.php(1527): CodeIgniter\Database\BaseConnection->query('SELECT COUNT(*)...', Array, false)
#4 /home/xkynpbah/public_html/app/Controllers/Telegram.php(165): CodeIgniter\Database\BaseBuilder->countAllResults()
#5 /home/xkynpbah/public_html/app/Controllers/Telegram.php(124): App\Controllers\Telegram->askForResetConfirmation(6719727245, 6719727245, Object(stdClass), 'akashbabu', Object(stdClass))
#6 /home/xkynpbah/public_html/vendor/codeigniter4/framework/system/CodeIgniter.php(824): App\Controllers\Telegram->index()
#7 /home/xkynpbah/public_html/vendor/codeigniter4/framework/system/CodeIgniter.php(410): CodeIgniter\CodeIgniter->runController(Object(App\Controllers\Telegram))
#8 /home/xkynpbah/public_html/vendor/codeigniter4/framework/system/CodeIgniter.php(318): CodeIgniter\CodeIgniter->handleRequest(NULL, Object(Config\Cache), false)
#9 /home/xkynpbah/public_html/index.php(37): CodeIgniter\CodeIgniter->run()
#10 {main}
ERROR - 2026-07-27 03:18:38 --> Telegram controller called
ERROR - 2026-07-27 03:18:38 --> Table 'xkynpbah_titoo.telegram_premium' doesn't exist
CRITICAL - 2026-07-27 03:18:38 --> Table 'xkynpbah_titoo.telegram_premium' doesn't exist
#0 /home/xkynpbah/public_html/vendor/codeigniter4/framework/system/Database/MySQLi/Connection.php(292): mysqli->query('SELECT COUNT(*)...', 0)
#1 /home/xkynpbah/public_html/vendor/codeigniter4/framework/system/Database/BaseConnection.php(670): CodeIgniter\Database\MySQLi\Connection->execute('SELECT COUNT(*)...')
#2 /home/xkynpbah/public_html/vendor/codeigniter4/framework/system/Database/BaseConnection.php(598): CodeIgniter\Database\BaseConnection->simpleQuery('SELECT COUNT(*)...')
#3 /home/xkynpbah/public_html/vendor/codeigniter4/framework/system/Database/BaseBuilder.php(1527): CodeIgniter\Database\BaseConnection->query('SELECT COUNT(*)...', Array, false)
#4 /home/xkynpbah/public_html/app/Controllers/Telegram.php(165): CodeIgniter\Database\BaseBuilder->countAllResults()
#5 /home/xkynpbah/public_html/app/Controllers/Telegram.php(124): App\Controllers\Telegram->askForResetConfirmation(6719727245, 6719727245, Object(stdClass), 'akashbabu', Object(stdClass))
#6 /home/xkynpbah/public_html/vendor/codeigniter4/framework/system/CodeIgniter.php(824): App\Controllers\Telegram->index()
#7 /home/xkynpbah/public_html/vendor/codeigniter4/framework/system/CodeIgniter.php(410): CodeIgniter\CodeIgniter->runController(Object(App\Controllers\Telegram))
#8 /home/xkynpbah/public_html/vendor/codeigniter4/framework/system/CodeIgniter.php(318): CodeIgniter\CodeIgniter->handleRequest(NULL, Object(Config\Cache), false)
#9 /home/xkynpbah/public_html/index.php(37): CodeIgniter\CodeIgniter->run()
#10 {main}
ERROR - 2026-07-27 03:20:05 --> Telegram controller called
ERROR - 2026-07-27 03:20:05 --> Table 'xkynpbah_titoo.telegram_premium' doesn't exist
CRITICAL - 2026-07-27 03:20:05 --> Table 'xkynpbah_titoo.telegram_premium' doesn't exist
#0 /home/xkynpbah/public_html/vendor/codeigniter4/framework/system/Database/MySQLi/Connection.php(292): mysqli->query('SELECT COUNT(*)...', 0)
#1 /home/xkynpbah/public_html/vendor/codeigniter4/framework/system/Database/BaseConnection.php(670): CodeIgniter\Database\MySQLi\Connection->execute('SELECT COUNT(*)...')
#2 /home/xkynpbah/public_html/vendor/codeigniter4/framework/system/Database/BaseConnection.php(598): CodeIgniter\Database\BaseConnection->simpleQuery('SELECT COUNT(*)...')
#3 /home/xkynpbah/public_html/vendor/codeigniter4/framework/system/Database/BaseBuilder.php(1527): CodeIgniter\Database\BaseConnection->query('SELECT COUNT(*)...', Array, false)
#4 /home/xkynpbah/public_html/app/Controllers/Telegram.php(165): CodeIgniter\Database\BaseBuilder->countAllResults()
#5 /home/xkynpbah/public_html/app/Controllers/Telegram.php(124): App\Controllers\Telegram->askForResetConfirmation(6719727245, 6719727245, Object(stdClass), 'akashbabu', Object(stdClass))
#6 /home/xkynpbah/public_html/vendor/codeigniter4/framework/system/CodeIgniter.php(824): App\Controllers\Telegram->index()
#7 /home/xkynpbah/public_html/vendor/codeigniter4/framework/system/CodeIgniter.php(410): CodeIgniter\CodeIgniter->runController(Object(App\Controllers\Telegram))
#8 /home/xkynpbah/public_html/vendor/codeigniter4/framework/system/CodeIgniter.php(318): CodeIgniter\CodeIgniter->handleRequest(NULL, Object(Config\Cache), false)
#9 /home/xkynpbah/public_html/index.php(37): CodeIgniter\CodeIgniter->run()
#10 {main}
ERROR - 2026-07-27 03:21:51 --> Telegram controller called
ERROR - 2026-07-27 03:21:51 --> Table 'xkynpbah_titoo.telegram_premium' doesn't exist
CRITICAL - 2026-07-27 03:21:51 --> Table 'xkynpbah_titoo.telegram_premium' doesn't exist
#0 /home/xkynpbah/public_html/vendor/codeigniter4/framework/system/Database/MySQLi/Connection.php(292): mysqli->query('SELECT COUNT(*)...', 0)
#1 /home/xkynpbah/public_html/vendor/codeigniter4/framework/system/Database/BaseConnection.php(670): CodeIgniter\Database\MySQLi\Connection->execute('SELECT COUNT(*)...')
#2 /home/xkynpbah/public_html/vendor/codeigniter4/framework/system/Database/BaseConnection.php(598): CodeIgniter\Database\BaseConnection->simpleQuery('SELECT COUNT(*)...')
#3 /home/xkynpbah/public_html/vendor/codeigniter4/framework/system/Database/BaseBuilder.php(1527): CodeIgniter\Database\BaseConnection->query('SELECT COUNT(*)...', Array, false)
#4 /home/xkynpbah/public_html/app/Controllers/Telegram.php(165): CodeIgniter\Database\BaseBuilder->countAllResults()
#5 /home/xkynpbah/public_html/app/Controllers/Telegram.php(124): App\Controllers\Telegram->askForResetConfirmation(6719727245, 6719727245, Object(stdClass), 'akashbabu', Object(stdClass))
#6 /home/xkynpbah/public_html/vendor/codeigniter4/framework/system/CodeIgniter.php(824): App\Controllers\Telegram->index()
#7 /home/xkynpbah/public_html/vendor/codeigniter4/framework/system/CodeIgniter.php(410): CodeIgniter\CodeIgniter->runController(Object(App\Controllers\Telegram))
#8 /home/xkynpbah/public_html/vendor/codeigniter4/framework/system/CodeIgniter.php(318): CodeIgniter\CodeIgniter->handleRequest(NULL, Object(Config\Cache), false)
#9 /home/xkynpbah/public_html/index.php(37): CodeIgniter\CodeIgniter->run()
#10 {main}
ERROR - 2026-07-27 03:23:25 --> Telegram controller called
ERROR - 2026-07-27 03:23:25 --> Table 'xkynpbah_titoo.telegram_premium' doesn't exist
CRITICAL - 2026-07-27 03:23:25 --> Table 'xkynpbah_titoo.telegram_premium' doesn't exist
#0 /home/xkynpbah/public_html/vendor/codeigniter4/framework/system/Database/MySQLi/Connection.php(292): mysqli->query('SELECT COUNT(*)...', 0)
#1 /home/xkynpbah/public_html/vendor/codeigniter4/framework/system/Database/BaseConnection.php(670): CodeIgniter\Database\MySQLi\Connection->execute('SELECT COUNT(*)...')
#2 /home/xkynpbah/public_html/vendor/codeigniter4/framework/system/Database/BaseConnection.php(598): CodeIgniter\Database\BaseConnection->simpleQuery('SELECT COUNT(*)...')
#3 /home/xkynpbah/public_html/vendor/codeigniter4/framework/system/Database/BaseBuilder.php(1527): CodeIgniter\Database\BaseConnection->query('SELECT COUNT(*)...', Array, false)
#4 /home/xkynpbah/public_html/app/Controllers/Telegram.php(165): CodeIgniter\Database\BaseBuilder->countAllResults()
#5 /home/xkynpbah/public_html/app/Controllers/Telegram.php(124): App\Controllers\Telegram->askForResetConfirmation(6719727245, 6719727245, Object(stdClass), 'akashbabu', Object(stdClass))
#6 /home/xkynpbah/public_html/vendor/codeigniter4/framework/system/CodeIgniter.php(824): App\Controllers\Telegram->index()
#7 /home/xkynpbah/public_html/vendor/codeigniter4/framework/system/CodeIgniter.php(410): CodeIgniter\CodeIgniter->runController(Object(App\Controllers\Telegram))
#8 /home/xkynpbah/public_html/vendor/codeigniter4/framework/system/CodeIgniter.php(318): CodeIgniter\CodeIgniter->handleRequest(NULL, Object(Config\Cache), false)
#9 /home/xkynpbah/public_html/index.php(37): CodeIgniter\CodeIgniter->run()
#10 {main}
ERROR - 2026-07-27 03:25:20 --> Telegram controller called
ERROR - 2026-07-27 03:25:20 --> Table 'xkynpbah_titoo.telegram_premium' doesn't exist
CRITICAL - 2026-07-27 03:25:20 --> Table 'xkynpbah_titoo.telegram_premium' doesn't exist
#0 /home/xkynpbah/public_html/vendor/codeigniter4/framework/system/Database/MySQLi/Connection.php(292): mysqli->query('SELECT COUNT(*)...', 0)
#1 /home/xkynpbah/public_html/vendor/codeigniter4/framework/system/Database/BaseConnection.php(670): CodeIgniter\Database\MySQLi\Connection->execute('SELECT COUNT(*)...')
#2 /home/xkynpbah/public_html/vendor/codeigniter4/framework/system/Database/BaseConnection.php(598): CodeIgniter\Database\BaseConnection->simpleQuery('SELECT COUNT(*)...')
#3 /home/xkynpbah/public_html/vendor/codeigniter4/framework/system/Database/BaseBuilder.php(1527): CodeIgniter\Database\BaseConnection->query('SELECT COUNT(*)...', Array, false)
#4 /home/xkynpbah/public_html/app/Controllers/Telegram.php(165): CodeIgniter\Database\BaseBuilder->countAllResults()
#5 /home/xkynpbah/public_html/app/Controllers/Telegram.php(124): App\Controllers\Telegram->askForResetConfirmation(6719727245, 6719727245, Object(stdClass), 'akashbabu', Object(stdClass))
#6 /home/xkynpbah/public_html/vendor/codeigniter4/framework/system/CodeIgniter.php(824): App\Controllers\Telegram->index()
#7 /home/xkynpbah/public_html/vendor/codeigniter4/framework/system/CodeIgniter.php(410): CodeIgniter\CodeIgniter->runController(Object(App\Controllers\Telegram))
#8 /home/xkynpbah/public_html/vendor/codeigniter4/framework/system/CodeIgniter.php(318): CodeIgniter\CodeIgniter->handleRequest(NULL, Object(Config\Cache), false)
#9 /home/xkynpbah/public_html/index.php(37): CodeIgniter\CodeIgniter->run()
#10 {main}
ERROR - 2026-07-27 03:26:49 --> Telegram controller called
ERROR - 2026-07-27 03:26:49 --> Table 'xkynpbah_titoo.telegram_premium' doesn't exist
CRITICAL - 2026-07-27 03:26:49 --> Table 'xkynpbah_titoo.telegram_premium' doesn't exist
#0 /home/xkynpbah/public_html/vendor/codeigniter4/framework/system/Database/MySQLi/Connection.php(292): mysqli->query('SELECT COUNT(*)...', 0)
#1 /home/xkynpbah/public_html/vendor/codeigniter4/framework/system/Database/BaseConnection.php(670): CodeIgniter\Database\MySQLi\Connection->execute('SELECT COUNT(*)...')
#2 /home/xkynpbah/public_html/vendor/codeigniter4/framework/system/Database/BaseConnection.php(598): CodeIgniter\Database\BaseConnection->simpleQuery('SELECT COUNT(*)...')
#3 /home/xkynpbah/public_html/vendor/codeigniter4/framework/system/Database/BaseBuilder.php(1527): CodeIgniter\Database\BaseConnection->query('SELECT COUNT(*)...', Array, false)
#4 /home/xkynpbah/public_html/app/Controllers/Telegram.php(165): CodeIgniter\Database\BaseBuilder->countAllResults()
#5 /home/xkynpbah/public_html/app/Controllers/Telegram.php(124): App\Controllers\Telegram->askForResetConfirmation(6719727245, 6719727245, Object(stdClass), 'akashbabu', Object(stdClass))
#6 /home/xkynpbah/public_html/vendor/codeigniter4/framework/system/CodeIgniter.php(824): App\Controllers\Telegram->index()
#7 /home/xkynpbah/public_html/vendor/codeigniter4/framework/system/CodeIgniter.php(410): CodeIgniter\CodeIgniter->runController(Object(App\Controllers\Telegram))
#8 /home/xkynpbah/public_html/vendor/codeigniter4/framework/system/CodeIgniter.php(318): CodeIgniter\CodeIgniter->handleRequest(NULL, Object(Config\Cache), false)
#9 /home/xkynpbah/public_html/index.php(37): CodeIgniter\CodeIgniter->run()
#10 {main}
ERROR - 2026-07-27 03:28:02 --> Telegram controller called
ERROR - 2026-07-27 03:28:02 --> Table 'xkynpbah_titoo.telegram_premium' doesn't exist
CRITICAL - 2026-07-27 03:28:02 --> Table 'xkynpbah_titoo.telegram_premium' doesn't exist
#0 /home/xkynpbah/public_html/vendor/codeigniter4/framework/system/Database/MySQLi/Connection.php(292): mysqli->query('SELECT COUNT(*)...', 0)
#1 /home/xkynpbah/public_html/vendor/codeigniter4/framework/system/Database/BaseConnection.php(670): CodeIgniter\Database\MySQLi\Connection->execute('SELECT COUNT(*)...')
#2 /home/xkynpbah/public_html/vendor/codeigniter4/framework/system/Database/BaseConnection.php(598): CodeIgniter\Database\BaseConnection->simpleQuery('SELECT COUNT(*)...')
#3 /home/xkynpbah/public_html/vendor/codeigniter4/framework/system/Database/BaseBuilder.php(1527): CodeIgniter\Database\BaseConnection->query('SELECT COUNT(*)...', Array, false)
#4 /home/xkynpbah/public_html/app/Controllers/Telegram.php(165): CodeIgniter\Database\BaseBuilder->countAllResults()
#5 /home/xkynpbah/public_html/app/Controllers/Telegram.php(124): App\Controllers\Telegram->askForResetConfirmation(6719727245, 6719727245, Object(stdClass), 'akashbabu', Object(stdClass))
#6 /home/xkynpbah/public_html/vendor/codeigniter4/framework/system/CodeIgniter.php(824): App\Controllers\Telegram->index()
#7 /home/xkynpbah/public_html/vendor/codeigniter4/framework/system/CodeIgniter.php(410): CodeIgniter\CodeIgniter->runController(Object(App\Controllers\Telegram))
#8 /home/xkynpbah/public_html/vendor/codeigniter4/framework/system/CodeIgniter.php(318): CodeIgniter\CodeIgniter->handleRequest(NULL, Object(Config\Cache), false)
#9 /home/xkynpbah/public_html/index.php(37): CodeIgniter\CodeIgniter->run()
#10 {main}
ERROR - 2026-07-27 03:30:00 --> Telegram controller called
ERROR - 2026-07-27 03:30:00 --> Table 'xkynpbah_titoo.telegram_premium' doesn't exist
CRITICAL - 2026-07-27 03:30:00 --> Table 'xkynpbah_titoo.telegram_premium' doesn't exist
#0 /home/xkynpbah/public_html/vendor/codeigniter4/framework/system/Database/MySQLi/Connection.php(292): mysqli->query('SELECT COUNT(*)...', 0)
#1 /home/xkynpbah/public_html/vendor/codeigniter4/framework/system/Database/BaseConnection.php(670): CodeIgniter\Database\MySQLi\Connection->execute('SELECT COUNT(*)...')
#2 /home/xkynpbah/public_html/vendor/codeigniter4/framework/system/Database/BaseConnection.php(598): CodeIgniter\Database\BaseConnection->simpleQuery('SELECT COUNT(*)...')
#3 /home/xkynpbah/public_html/vendor/codeigniter4/framework/system/Database/BaseBuilder.php(1527): CodeIgniter\Database\BaseConnection->query('SELECT COUNT(*)...', Array, false)
#4 /home/xkynpbah/public_html/app/Controllers/Telegram.php(165): CodeIgniter\Database\BaseBuilder->countAllResults()
#5 /home/xkynpbah/public_html/app/Controllers/Telegram.php(124): App\Controllers\Telegram->askForResetConfirmation(6719727245, 6719727245, Object(stdClass), 'akashbabu', Object(stdClass))
#6 /home/xkynpbah/public_html/vendor/codeigniter4/framework/system/CodeIgniter.php(824): App\Controllers\Telegram->index()
#7 /home/xkynpbah/public_html/vendor/codeigniter4/framework/system/CodeIgniter.php(410): CodeIgniter\CodeIgniter->runController(Object(App\Controllers\Telegram))
#8 /home/xkynpbah/public_html/vendor/codeigniter4/framework/system/CodeIgniter.php(318): CodeIgniter\CodeIgniter->handleRequest(NULL, Object(Config\Cache), false)
#9 /home/xkynpbah/public_html/index.php(37): CodeIgniter\CodeIgniter->run()
#10 {main}
ERROR - 2026-07-27 03:31:53 --> Telegram controller called
ERROR - 2026-07-27 03:31:53 --> Table 'xkynpbah_titoo.telegram_premium' doesn't exist
CRITICAL - 2026-07-27 03:31:53 --> Table 'xkynpbah_titoo.telegram_premium' doesn't exist
#0 /home/xkynpbah/public_html/vendor/codeigniter4/framework/system/Database/MySQLi/Connection.php(292): mysqli->query('SELECT COUNT(*)...', 0)
#1 /home/xkynpbah/public_html/vendor/codeigniter4/framework/system/Database/BaseConnection.php(670): CodeIgniter\Database\MySQLi\Connection->execute('SELECT COUNT(*)...')
#2 /home/xkynpbah/public_html/vendor/codeigniter4/framework/system/Database/BaseConnection.php(598): CodeIgniter\Database\BaseConnection->simpleQuery('SELECT COUNT(*)...')
#3 /home/xkynpbah/public_html/vendor/codeigniter4/framework/system/Database/BaseBuilder.php(1527): CodeIgniter\Database\BaseConnection->query('SELECT COUNT(*)...', Array, false)
#4 /home/xkynpbah/public_html/app/Controllers/Telegram.php(165): CodeIgniter\Database\BaseBuilder->countAllResults()
#5 /home/xkynpbah/public_html/app/Controllers/Telegram.php(124): App\Controllers\Telegram->askForResetConfirmation(6719727245, 6719727245, Object(stdClass), 'akashbabu', Object(stdClass))
#6 /home/xkynpbah/public_html/vendor/codeigniter4/framework/system/CodeIgniter.php(824): App\Controllers\Telegram->index()
#7 /home/xkynpbah/public_html/vendor/codeigniter4/framework/system/CodeIgniter.php(410): CodeIgniter\CodeIgniter->runController(Object(App\Controllers\Telegram))
#8 /home/xkynpbah/public_html/vendor/codeigniter4/framework/system/CodeIgniter.php(318): CodeIgniter\CodeIgniter->handleRequest(NULL, Object(Config\Cache), false)
#9 /home/xkynpbah/public_html/index.php(37): CodeIgniter\CodeIgniter->run()
#10 {main}
ERROR - 2026-07-27 03:33:43 --> Telegram controller called
ERROR - 2026-07-27 03:33:43 --> Table 'xkynpbah_titoo.telegram_premium' doesn't exist
CRITICAL - 2026-07-27 03:33:43 --> Table 'xkynpbah_titoo.telegram_premium' doesn't exist
#0 /home/xkynpbah/public_html/vendor/codeigniter4/framework/system/Database/MySQLi/Connection.php(292): mysqli->query('SELECT COUNT(*)...', 0)
#1 /home/xkynpbah/public_html/vendor/codeigniter4/framework/system/Database/BaseConnection.php(670): CodeIgniter\Database\MySQLi\Connection->execute('SELECT COUNT(*)...')
#2 /home/xkynpbah/public_html/vendor/codeigniter4/framework/system/Database/BaseConnection.php(598): CodeIgniter\Database\BaseConnection->simpleQuery('SELECT COUNT(*)...')
#3 /home/xkynpbah/public_html/vendor/codeigniter4/framework/system/Database/BaseBuilder.php(1527): CodeIgniter\Database\BaseConnection->query('SELECT COUNT(*)...', Array, false)
#4 /home/xkynpbah/public_html/app/Controllers/Telegram.php(165): CodeIgniter\Database\BaseBuilder->countAllResults()
#5 /home/xkynpbah/public_html/app/Controllers/Telegram.php(124): App\Controllers\Telegram->askForResetConfirmation(6719727245, 6719727245, Object(stdClass), 'akashbabu', Object(stdClass))
#6 /home/xkynpbah/public_html/vendor/codeigniter4/framework/system/CodeIgniter.php(824): App\Controllers\Telegram->index()
#7 /home/xkynpbah/public_html/vendor/codeigniter4/framework/system/CodeIgniter.php(410): CodeIgniter\CodeIgniter->runController(Object(App\Controllers\Telegram))
#8 /home/xkynpbah/public_html/vendor/codeigniter4/framework/system/CodeIgniter.php(318): CodeIgniter\CodeIgniter->handleRequest(NULL, Object(Config\Cache), false)
#9 /home/xkynpbah/public_html/index.php(37): CodeIgniter\CodeIgniter->run()
#10 {main}
ERROR - 2026-07-27 03:35:19 --> Telegram controller called
ERROR - 2026-07-27 03:35:19 --> Table 'xkynpbah_titoo.telegram_premium' doesn't exist
CRITICAL - 2026-07-27 03:35:19 --> Table 'xkynpbah_titoo.telegram_premium' doesn't exist
#0 /home/xkynpbah/public_html/vendor/codeigniter4/framework/system/Database/MySQLi/Connection.php(292): mysqli->query('SELECT COUNT(*)...', 0)
#1 /home/xkynpbah/public_html/vendor/codeigniter4/framework/system/Database/BaseConnection.php(670): CodeIgniter\Database\MySQLi\Connection->execute('SELECT COUNT(*)...')
#2 /home/xkynpbah/public_html/vendor/codeigniter4/framework/system/Database/BaseConnection.php(598): CodeIgniter\Database\BaseConnection->simpleQuery('SELECT COUNT(*)...')
#3 /home/xkynpbah/public_html/vendor/codeigniter4/framework/system/Database/BaseBuilder.php(1527): CodeIgniter\Database\BaseConnection->query('SELECT COUNT(*)...', Array, false)
#4 /home/xkynpbah/public_html/app/Controllers/Telegram.php(165): CodeIgniter\Database\BaseBuilder->countAllResults()
#5 /home/xkynpbah/public_html/app/Controllers/Telegram.php(124): App\Controllers\Telegram->askForResetConfirmation(6719727245, 6719727245, Object(stdClass), 'akashbabu', Object(stdClass))
#6 /home/xkynpbah/public_html/vendor/codeigniter4/framework/system/CodeIgniter.php(824): App\Controllers\Telegram->index()
#7 /home/xkynpbah/public_html/vendor/codeigniter4/framework/system/CodeIgniter.php(410): CodeIgniter\CodeIgniter->runController(Object(App\Controllers\Telegram))
#8 /home/xkynpbah/public_html/vendor/codeigniter4/framework/system/CodeIgniter.php(318): CodeIgniter\CodeIgniter->handleRequest(NULL, Object(Config\Cache), false)
#9 /home/xkynpbah/public_html/index.php(37): CodeIgniter\CodeIgniter->run()
#10 {main}
ERROR - 2026-07-27 03:37:15 --> Telegram controller called
ERROR - 2026-07-27 03:37:15 --> Table 'xkynpbah_titoo.telegram_premium' doesn't exist
CRITICAL - 2026-07-27 03:37:15 --> Table 'xkynpbah_titoo.telegram_premium' doesn't exist
#0 /home/xkynpbah/public_html/vendor/codeigniter4/framework/system/Database/MySQLi/Connection.php(292): mysqli->query('SELECT COUNT(*)...', 0)
#1 /home/xkynpbah/public_html/vendor/codeigniter4/framework/system/Database/BaseConnection.php(670): CodeIgniter\Database\MySQLi\Connection->execute('SELECT COUNT(*)...')
#2 /home/xkynpbah/public_html/vendor/codeigniter4/framework/system/Database/BaseConnection.php(598): CodeIgniter\Database\BaseConnection->simpleQuery('SELECT COUNT(*)...')
#3 /home/xkynpbah/public_html/vendor/codeigniter4/framework/system/Database/BaseBuilder.php(1527): CodeIgniter\Database\BaseConnection->query('SELECT COUNT(*)...', Array, false)
#4 /home/xkynpbah/public_html/app/Controllers/Telegram.php(165): CodeIgniter\Database\BaseBuilder->countAllResults()
#5 /home/xkynpbah/public_html/app/Controllers/Telegram.php(124): App\Controllers\Telegram->askForResetConfirmation(6719727245, 6719727245, Object(stdClass), 'akashbabu', Object(stdClass))
#6 /home/xkynpbah/public_html/vendor/codeigniter4/framework/system/CodeIgniter.php(824): App\Controllers\Telegram->index()
#7 /home/xkynpbah/public_html/vendor/codeigniter4/framework/system/CodeIgniter.php(410): CodeIgniter\CodeIgniter->runController(Object(App\Controllers\Telegram))
#8 /home/xkynpbah/public_html/vendor/codeigniter4/framework/system/CodeIgniter.php(318): CodeIgniter\CodeIgniter->handleRequest(NULL, Object(Config\Cache), false)
#9 /home/xkynpbah/public_html/index.php(37): CodeIgniter\CodeIgniter->run()
#10 {main}
ERROR - 2026-07-27 03:38:59 --> Telegram controller called
ERROR - 2026-07-27 03:38:59 --> Table 'xkynpbah_titoo.telegram_premium' doesn't exist
CRITICAL - 2026-07-27 03:38:59 --> Table 'xkynpbah_titoo.telegram_premium' doesn't exist
#0 /home/xkynpbah/public_html/vendor/codeigniter4/framework/system/Database/MySQLi/Connection.php(292): mysqli->query('SELECT COUNT(*)...', 0)
#1 /home/xkynpbah/public_html/vendor/codeigniter4/framework/system/Database/BaseConnection.php(670): CodeIgniter\Database\MySQLi\Connection->execute('SELECT COUNT(*)...')
#2 /home/xkynpbah/public_html/vendor/codeigniter4/framework/system/Database/BaseConnection.php(598): CodeIgniter\Database\BaseConnection->simpleQuery('SELECT COUNT(*)...')
#3 /home/xkynpbah/public_html/vendor/codeigniter4/framework/system/Database/BaseBuilder.php(1527): CodeIgniter\Database\BaseConnection->query('SELECT COUNT(*)...', Array, false)
#4 /home/xkynpbah/public_html/app/Controllers/Telegram.php(165): CodeIgniter\Database\BaseBuilder->countAllResults()
#5 /home/xkynpbah/public_html/app/Controllers/Telegram.php(124): App\Controllers\Telegram->askForResetConfirmation(6719727245, 6719727245, Object(stdClass), 'akashbabu', Object(stdClass))
#6 /home/xkynpbah/public_html/vendor/codeigniter4/framework/system/CodeIgniter.php(824): App\Controllers\Telegram->index()
#7 /home/xkynpbah/public_html/vendor/codeigniter4/framework/system/CodeIgniter.php(410): CodeIgniter\CodeIgniter->runController(Object(App\Controllers\Telegram))
#8 /home/xkynpbah/public_html/vendor/codeigniter4/framework/system/CodeIgniter.php(318): CodeIgniter\CodeIgniter->handleRequest(NULL, Object(Config\Cache), false)
#9 /home/xkynpbah/public_html/index.php(37): CodeIgniter\CodeIgniter->run()
#10 {main}
ERROR - 2026-07-27 03:40:58 --> Telegram controller called
ERROR - 2026-07-27 03:40:58 --> Table 'xkynpbah_titoo.telegram_premium' doesn't exist
CRITICAL - 2026-07-27 03:40:58 --> Table 'xkynpbah_titoo.telegram_premium' doesn't exist
#0 /home/xkynpbah/public_html/vendor/codeigniter4/framework/system/Database/MySQLi/Connection.php(292): mysqli->query('SELECT COUNT(*)...', 0)
#1 /home/xkynpbah/public_html/vendor/codeigniter4/framework/system/Database/BaseConnection.php(670): CodeIgniter\Database\MySQLi\Connection->execute('SELECT COUNT(*)...')
#2 /home/xkynpbah/public_html/vendor/codeigniter4/framework/system/Database/BaseConnection.php(598): CodeIgniter\Database\BaseConnection->simpleQuery('SELECT COUNT(*)...')
#3 /home/xkynpbah/public_html/vendor/codeigniter4/framework/system/Database/BaseBuilder.php(1527): CodeIgniter\Database\BaseConnection->query('SELECT COUNT(*)...', Array, false)
#4 /home/xkynpbah/public_html/app/Controllers/Telegram.php(165): CodeIgniter\Database\BaseBuilder->countAllResults()
#5 /home/xkynpbah/public_html/app/Controllers/Telegram.php(124): App\Controllers\Telegram->askForResetConfirmation(6719727245, 6719727245, Object(stdClass), 'akashbabu', Object(stdClass))
#6 /home/xkynpbah/public_html/vendor/codeigniter4/framework/system/CodeIgniter.php(824): App\Controllers\Telegram->index()
#7 /home/xkynpbah/public_html/vendor/codeigniter4/framework/system/CodeIgniter.php(410): CodeIgniter\CodeIgniter->runController(Object(App\Controllers\Telegram))
#8 /home/xkynpbah/public_html/vendor/codeigniter4/framework/system/CodeIgniter.php(318): CodeIgniter\CodeIgniter->handleRequest(NULL, Object(Config\Cache), false)
#9 /home/xkynpbah/public_html/index.php(37): CodeIgniter\CodeIgniter->run()
#10 {main}
ERROR - 2026-07-27 03:42:27 --> Telegram controller called
ERROR - 2026-07-27 03:42:27 --> Table 'xkynpbah_titoo.telegram_premium' doesn't exist
CRITICAL - 2026-07-27 03:42:27 --> Table 'xkynpbah_titoo.telegram_premium' doesn't exist
#0 /home/xkynpbah/public_html/vendor/codeigniter4/framework/system/Database/MySQLi/Connection.php(292): mysqli->query('SELECT COUNT(*)...', 0)
#1 /home/xkynpbah/public_html/vendor/codeigniter4/framework/system/Database/BaseConnection.php(670): CodeIgniter\Database\MySQLi\Connection->execute('SELECT COUNT(*)...')
#2 /home/xkynpbah/public_html/vendor/codeigniter4/framework/system/Database/BaseConnection.php(598): CodeIgniter\Database\BaseConnection->simpleQuery('SELECT COUNT(*)...')
#3 /home/xkynpbah/public_html/vendor/codeigniter4/framework/system/Database/BaseBuilder.php(1527): CodeIgniter\Database\BaseConnection->query('SELECT COUNT(*)...', Array, false)
#4 /home/xkynpbah/public_html/app/Controllers/Telegram.php(165): CodeIgniter\Database\BaseBuilder->countAllResults()
#5 /home/xkynpbah/public_html/app/Controllers/Telegram.php(124): App\Controllers\Telegram->askForResetConfirmation(6719727245, 6719727245, Object(stdClass), 'akashbabu', Object(stdClass))
#6 /home/xkynpbah/public_html/vendor/codeigniter4/framework/system/CodeIgniter.php(824): App\Controllers\Telegram->index()
#7 /home/xkynpbah/public_html/vendor/codeigniter4/framework/system/CodeIgniter.php(410): CodeIgniter\CodeIgniter->runController(Object(App\Controllers\Telegram))
#8 /home/xkynpbah/public_html/vendor/codeigniter4/framework/system/CodeIgniter.php(318): CodeIgniter\CodeIgniter->handleRequest(NULL, Object(Config\Cache), false)
#9 /home/xkynpbah/public_html/index.php(37): CodeIgniter\CodeIgniter->run()
#10 {main}
ERROR - 2026-07-27 03:44:15 --> Telegram controller called
ERROR - 2026-07-27 03:44:15 --> Table 'xkynpbah_titoo.telegram_premium' doesn't exist
CRITICAL - 2026-07-27 03:44:15 --> Table 'xkynpbah_titoo.telegram_premium' doesn't exist
#0 /home/xkynpbah/public_html/vendor/codeigniter4/framework/system/Database/MySQLi/Connection.php(292): mysqli->query('SELECT COUNT(*)...', 0)
#1 /home/xkynpbah/public_html/vendor/codeigniter4/framework/system/Database/BaseConnection.php(670): CodeIgniter\Database\MySQLi\Connection->execute('SELECT COUNT(*)...')
#2 /home/xkynpbah/public_html/vendor/codeigniter4/framework/system/Database/BaseConnection.php(598): CodeIgniter\Database\BaseConnection->simpleQuery('SELECT COUNT(*)...')
#3 /home/xkynpbah/public_html/vendor/codeigniter4/framework/system/Database/BaseBuilder.php(1527): CodeIgniter\Database\BaseConnection->query('SELECT COUNT(*)...', Array, false)
#4 /home/xkynpbah/public_html/app/Controllers/Telegram.php(165): CodeIgniter\Database\BaseBuilder->countAllResults()
#5 /home/xkynpbah/public_html/app/Controllers/Telegram.php(124): App\Controllers\Telegram->askForResetConfirmation(6719727245, 6719727245, Object(stdClass), 'akashbabu', Object(stdClass))
#6 /home/xkynpbah/public_html/vendor/codeigniter4/framework/system/CodeIgniter.php(824): App\Controllers\Telegram->index()
#7 /home/xkynpbah/public_html/vendor/codeigniter4/framework/system/CodeIgniter.php(410): CodeIgniter\CodeIgniter->runController(Object(App\Controllers\Telegram))
#8 /home/xkynpbah/public_html/vendor/codeigniter4/framework/system/CodeIgniter.php(318): CodeIgniter\CodeIgniter->handleRequest(NULL, Object(Config\Cache), false)
#9 /home/xkynpbah/public_html/index.php(37): CodeIgniter\CodeIgniter->run()
#10 {main}
ERROR - 2026-07-27 03:45:16 --> Telegram controller called
ERROR - 2026-07-27 03:45:16 --> Table 'xkynpbah_titoo.telegram_premium' doesn't exist
CRITICAL - 2026-07-27 03:45:16 --> Table 'xkynpbah_titoo.telegram_premium' doesn't exist
#0 /home/xkynpbah/public_html/vendor/codeigniter4/framework/system/Database/MySQLi/Connection.php(292): mysqli->query('SELECT COUNT(*)...', 0)
#1 /home/xkynpbah/public_html/vendor/codeigniter4/framework/system/Database/BaseConnection.php(670): CodeIgniter\Database\MySQLi\Connection->execute('SELECT COUNT(*)...')
#2 /home/xkynpbah/public_html/vendor/codeigniter4/framework/system/Database/BaseConnection.php(598): CodeIgniter\Database\BaseConnection->simpleQuery('SELECT COUNT(*)...')
#3 /home/xkynpbah/public_html/vendor/codeigniter4/framework/system/Database/BaseBuilder.php(1527): CodeIgniter\Database\BaseConnection->query('SELECT COUNT(*)...', Array, false)
#4 /home/xkynpbah/public_html/app/Controllers/Telegram.php(165): CodeIgniter\Database\BaseBuilder->countAllResults()
#5 /home/xkynpbah/public_html/app/Controllers/Telegram.php(124): App\Controllers\Telegram->askForResetConfirmation(6719727245, 6719727245, Object(stdClass), 'akashbabu', Object(stdClass))
#6 /home/xkynpbah/public_html/vendor/codeigniter4/framework/system/CodeIgniter.php(824): App\Controllers\Telegram->index()
#7 /home/xkynpbah/public_html/vendor/codeigniter4/framework/system/CodeIgniter.php(410): CodeIgniter\CodeIgniter->runController(Object(App\Controllers\Telegram))
#8 /home/xkynpbah/public_html/vendor/codeigniter4/framework/system/CodeIgniter.php(318): CodeIgniter\CodeIgniter->handleRequest(NULL, Object(Config\Cache), false)
#9 /home/xkynpbah/public_html/index.php(37): CodeIgniter\CodeIgniter->run()
#10 {main}
ERROR - 2026-07-27 03:46:48 --> Telegram controller called
ERROR - 2026-07-27 03:46:48 --> Table 'xkynpbah_titoo.telegram_premium' doesn't exist
CRITICAL - 2026-07-27 03:46:48 --> Table 'xkynpbah_titoo.telegram_premium' doesn't exist
#0 /home/xkynpbah/public_html/vendor/codeigniter4/framework/system/Database/MySQLi/Connection.php(292): mysqli->query('SELECT COUNT(*)...', 0)
#1 /home/xkynpbah/public_html/vendor/codeigniter4/framework/system/Database/BaseConnection.php(670): CodeIgniter\Database\MySQLi\Connection->execute('SELECT COUNT(*)...')
#2 /home/xkynpbah/public_html/vendor/codeigniter4/framework/system/Database/BaseConnection.php(598): CodeIgniter\Database\BaseConnection->simpleQuery('SELECT COUNT(*)...')
#3 /home/xkynpbah/public_html/vendor/codeigniter4/framework/system/Database/BaseBuilder.php(1527): CodeIgniter\Database\BaseConnection->query('SELECT COUNT(*)...', Array, false)
#4 /home/xkynpbah/public_html/app/Controllers/Telegram.php(165): CodeIgniter\Database\BaseBuilder->countAllResults()
#5 /home/xkynpbah/public_html/app/Controllers/Telegram.php(124): App\Controllers\Telegram->askForResetConfirmation(6719727245, 6719727245, Object(stdClass), 'akashbabu', Object(stdClass))
#6 /home/xkynpbah/public_html/vendor/codeigniter4/framework/system/CodeIgniter.php(824): App\Controllers\Telegram->index()
#7 /home/xkynpbah/public_html/vendor/codeigniter4/framework/system/CodeIgniter.php(410): CodeIgniter\CodeIgniter->runController(Object(App\Controllers\Telegram))
#8 /home/xkynpbah/public_html/vendor/codeigniter4/framework/system/CodeIgniter.php(318): CodeIgniter\CodeIgniter->handleRequest(NULL, Object(Config\Cache), false)
#9 /home/xkynpbah/public_html/index.php(37): CodeIgniter\CodeIgniter->run()
#10 {main}
ERROR - 2026-07-27 03:48:39 --> Telegram controller called
ERROR - 2026-07-27 03:48:39 --> Table 'xkynpbah_titoo.telegram_premium' doesn't exist
CRITICAL - 2026-07-27 03:48:39 --> Table 'xkynpbah_titoo.telegram_premium' doesn't exist
#0 /home/xkynpbah/public_html/vendor/codeigniter4/framework/system/Database/MySQLi/Connection.php(292): mysqli->query('SELECT COUNT(*)...', 0)
#1 /home/xkynpbah/public_html/vendor/codeigniter4/framework/system/Database/BaseConnection.php(670): CodeIgniter\Database\MySQLi\Connection->execute('SELECT COUNT(*)...')
#2 /home/xkynpbah/public_html/vendor/codeigniter4/framework/system/Database/BaseConnection.php(598): CodeIgniter\Database\BaseConnection->simpleQuery('SELECT COUNT(*)...')
#3 /home/xkynpbah/public_html/vendor/codeigniter4/framework/system/Database/BaseBuilder.php(1527): CodeIgniter\Database\BaseConnection->query('SELECT COUNT(*)...', Array, false)
#4 /home/xkynpbah/public_html/app/Controllers/Telegram.php(165): CodeIgniter\Database\BaseBuilder->countAllResults()
#5 /home/xkynpbah/public_html/app/Controllers/Telegram.php(124): App\Controllers\Telegram->askForResetConfirmation(6719727245, 6719727245, Object(stdClass), 'akashbabu', Object(stdClass))
#6 /home/xkynpbah/public_html/vendor/codeigniter4/framework/system/CodeIgniter.php(824): App\Controllers\Telegram->index()
#7 /home/xkynpbah/public_html/vendor/codeigniter4/framework/system/CodeIgniter.php(410): CodeIgniter\CodeIgniter->runController(Object(App\Controllers\Telegram))
#8 /home/xkynpbah/public_html/vendor/codeigniter4/framework/system/CodeIgniter.php(318): CodeIgniter\CodeIgniter->handleRequest(NULL, Object(Config\Cache), false)
#9 /home/xkynpbah/public_html/index.php(37): CodeIgniter\CodeIgniter->run()
#10 {main}
ERROR - 2026-07-27 03:50:05 --> Telegram controller called
ERROR - 2026-07-27 03:50:05 --> Table 'xkynpbah_titoo.telegram_premium' doesn't exist
CRITICAL - 2026-07-27 03:50:05 --> Table 'xkynpbah_titoo.telegram_premium' doesn't exist
#0 /home/xkynpbah/public_html/vendor/codeigniter4/framework/system/Database/MySQLi/Connection.php(292): mysqli->query('SELECT COUNT(*)...', 0)
#1 /home/xkynpbah/public_html/vendor/codeigniter4/framework/system/Database/BaseConnection.php(670): CodeIgniter\Database\MySQLi\Connection->execute('SELECT COUNT(*)...')
#2 /home/xkynpbah/public_html/vendor/codeigniter4/framework/system/Database/BaseConnection.php(598): CodeIgniter\Database\BaseConnection->simpleQuery('SELECT COUNT(*)...')
#3 /home/xkynpbah/public_html/vendor/codeigniter4/framework/system/Database/BaseBuilder.php(1527): CodeIgniter\Database\BaseConnection->query('SELECT COUNT(*)...', Array, false)
#4 /home/xkynpbah/public_html/app/Controllers/Telegram.php(165): CodeIgniter\Database\BaseBuilder->countAllResults()
#5 /home/xkynpbah/public_html/app/Controllers/Telegram.php(124): App\Controllers\Telegram->askForResetConfirmation(6719727245, 6719727245, Object(stdClass), 'akashbabu', Object(stdClass))
#6 /home/xkynpbah/public_html/vendor/codeigniter4/framework/system/CodeIgniter.php(824): App\Controllers\Telegram->index()
#7 /home/xkynpbah/public_html/vendor/codeigniter4/framework/system/CodeIgniter.php(410): CodeIgniter\CodeIgniter->runController(Object(App\Controllers\Telegram))
#8 /home/xkynpbah/public_html/vendor/codeigniter4/framework/system/CodeIgniter.php(318): CodeIgniter\CodeIgniter->handleRequest(NULL, Object(Config\Cache), false)
#9 /home/xkynpbah/public_html/index.php(37): CodeIgniter\CodeIgniter->run()
#10 {main}
ERROR - 2026-07-27 03:51:23 --> Telegram controller called
ERROR - 2026-07-27 03:51:23 --> Table 'xkynpbah_titoo.telegram_premium' doesn't exist
CRITICAL - 2026-07-27 03:51:23 --> Table 'xkynpbah_titoo.telegram_premium' doesn't exist
#0 /home/xkynpbah/public_html/vendor/codeigniter4/framework/system/Database/MySQLi/Connection.php(292): mysqli->query('SELECT COUNT(*)...', 0)
#1 /home/xkynpbah/public_html/vendor/codeigniter4/framework/system/Database/BaseConnection.php(670): CodeIgniter\Database\MySQLi\Connection->execute('SELECT COUNT(*)...')
#2 /home/xkynpbah/public_html/vendor/codeigniter4/framework/system/Database/BaseConnection.php(598): CodeIgniter\Database\BaseConnection->simpleQuery('SELECT COUNT(*)...')
#3 /home/xkynpbah/public_html/vendor/codeigniter4/framework/system/Database/BaseBuilder.php(1527): CodeIgniter\Database\BaseConnection->query('SELECT COUNT(*)...', Array, false)
#4 /home/xkynpbah/public_html/app/Controllers/Telegram.php(165): CodeIgniter\Database\BaseBuilder->countAllResults()
#5 /home/xkynpbah/public_html/app/Controllers/Telegram.php(124): App\Controllers\Telegram->askForResetConfirmation(6719727245, 6719727245, Object(stdClass), 'akashbabu', Object(stdClass))
#6 /home/xkynpbah/public_html/vendor/codeigniter4/framework/system/CodeIgniter.php(824): App\Controllers\Telegram->index()
#7 /home/xkynpbah/public_html/vendor/codeigniter4/framework/system/CodeIgniter.php(410): CodeIgniter\CodeIgniter->runController(Object(App\Controllers\Telegram))
#8 /home/xkynpbah/public_html/vendor/codeigniter4/framework/system/CodeIgniter.php(318): CodeIgniter\CodeIgniter->handleRequest(NULL, Object(Config\Cache), false)
#9 /home/xkynpbah/public_html/index.php(37): CodeIgniter\CodeIgniter->run()
#10 {main}
ERROR - 2026-07-27 03:52:27 --> Telegram controller called
ERROR - 2026-07-27 03:52:27 --> Table 'xkynpbah_titoo.telegram_premium' doesn't exist
CRITICAL - 2026-07-27 03:52:27 --> Table 'xkynpbah_titoo.telegram_premium' doesn't exist
#0 /home/xkynpbah/public_html/vendor/codeigniter4/framework/system/Database/MySQLi/Connection.php(292): mysqli->query('SELECT COUNT(*)...', 0)
#1 /home/xkynpbah/public_html/vendor/codeigniter4/framework/system/Database/BaseConnection.php(670): CodeIgniter\Database\MySQLi\Connection->execute('SELECT COUNT(*)...')
#2 /home/xkynpbah/public_html/vendor/codeigniter4/framework/system/Database/BaseConnection.php(598): CodeIgniter\Database\BaseConnection->simpleQuery('SELECT COUNT(*)...')
#3 /home/xkynpbah/public_html/vendor/codeigniter4/framework/system/Database/BaseBuilder.php(1527): CodeIgniter\Database\BaseConnection->query('SELECT COUNT(*)...', Array, false)
#4 /home/xkynpbah/public_html/app/Controllers/Telegram.php(165): CodeIgniter\Database\BaseBuilder->countAllResults()
#5 /home/xkynpbah/public_html/app/Controllers/Telegram.php(124): App\Controllers\Telegram->askForResetConfirmation(6719727245, 6719727245, Object(stdClass), 'akashbabu', Object(stdClass))
#6 /home/xkynpbah/public_html/vendor/codeigniter4/framework/system/CodeIgniter.php(824): App\Controllers\Telegram->index()
#7 /home/xkynpbah/public_html/vendor/codeigniter4/framework/system/CodeIgniter.php(410): CodeIgniter\CodeIgniter->runController(Object(App\Controllers\Telegram))
#8 /home/xkynpbah/public_html/vendor/codeigniter4/framework/system/CodeIgniter.php(318): CodeIgniter\CodeIgniter->handleRequest(NULL, Object(Config\Cache), false)
#9 /home/xkynpbah/public_html/index.php(37): CodeIgniter\CodeIgniter->run()
#10 {main}
ERROR - 2026-07-27 03:54:12 --> Telegram controller called
ERROR - 2026-07-27 03:54:12 --> Table 'xkynpbah_titoo.telegram_premium' doesn't exist
CRITICAL - 2026-07-27 03:54:12 --> Table 'xkynpbah_titoo.telegram_premium' doesn't exist
#0 /home/xkynpbah/public_html/vendor/codeigniter4/framework/system/Database/MySQLi/Connection.php(292): mysqli->query('SELECT COUNT(*)...', 0)
#1 /home/xkynpbah/public_html/vendor/codeigniter4/framework/system/Database/BaseConnection.php(670): CodeIgniter\Database\MySQLi\Connection->execute('SELECT COUNT(*)...')
#2 /home/xkynpbah/public_html/vendor/codeigniter4/framework/system/Database/BaseConnection.php(598): CodeIgniter\Database\BaseConnection->simpleQuery('SELECT COUNT(*)...')
#3 /home/xkynpbah/public_html/vendor/codeigniter4/framework/system/Database/BaseBuilder.php(1527): CodeIgniter\Database\BaseConnection->query('SELECT COUNT(*)...', Array, false)
#4 /home/xkynpbah/public_html/app/Controllers/Telegram.php(165): CodeIgniter\Database\BaseBuilder->countAllResults()
#5 /home/xkynpbah/public_html/app/Controllers/Telegram.php(124): App\Controllers\Telegram->askForResetConfirmation(6719727245, 6719727245, Object(stdClass), 'akashbabu', Object(stdClass))
#6 /home/xkynpbah/public_html/vendor/codeigniter4/framework/system/CodeIgniter.php(824): App\Controllers\Telegram->index()
#7 /home/xkynpbah/public_html/vendor/codeigniter4/framework/system/CodeIgniter.php(410): CodeIgniter\CodeIgniter->runController(Object(App\Controllers\Telegram))
#8 /home/xkynpbah/public_html/vendor/codeigniter4/framework/system/CodeIgniter.php(318): CodeIgniter\CodeIgniter->handleRequest(NULL, Object(Config\Cache), false)
#9 /home/xkynpbah/public_html/index.php(37): CodeIgniter\CodeIgniter->run()
#10 {main}
ERROR - 2026-07-27 03:55:33 --> Telegram controller called
ERROR - 2026-07-27 03:55:33 --> Table 'xkynpbah_titoo.telegram_premium' doesn't exist
CRITICAL - 2026-07-27 03:55:33 --> Table 'xkynpbah_titoo.telegram_premium' doesn't exist
#0 /home/xkynpbah/public_html/vendor/codeigniter4/framework/system/Database/MySQLi/Connection.php(292): mysqli->query('SELECT COUNT(*)...', 0)
#1 /home/xkynpbah/public_html/vendor/codeigniter4/framework/system/Database/BaseConnection.php(670): CodeIgniter\Database\MySQLi\Connection->execute('SELECT COUNT(*)...')
#2 /home/xkynpbah/public_html/vendor/codeigniter4/framework/system/Database/BaseConnection.php(598): CodeIgniter\Database\BaseConnection->simpleQuery('SELECT COUNT(*)...')
#3 /home/xkynpbah/public_html/vendor/codeigniter4/framework/system/Database/BaseBuilder.php(1527): CodeIgniter\Database\BaseConnection->query('SELECT COUNT(*)...', Array, false)
#4 /home/xkynpbah/public_html/app/Controllers/Telegram.php(165): CodeIgniter\Database\BaseBuilder->countAllResults()
#5 /home/xkynpbah/public_html/app/Controllers/Telegram.php(124): App\Controllers\Telegram->askForResetConfirmation(6719727245, 6719727245, Object(stdClass), 'akashbabu', Object(stdClass))
#6 /home/xkynpbah/public_html/vendor/codeigniter4/framework/system/CodeIgniter.php(824): App\Controllers\Telegram->index()
#7 /home/xkynpbah/public_html/vendor/codeigniter4/framework/system/CodeIgniter.php(410): CodeIgniter\CodeIgniter->runController(Object(App\Controllers\Telegram))
#8 /home/xkynpbah/public_html/vendor/codeigniter4/framework/system/CodeIgniter.php(318): CodeIgniter\CodeIgniter->handleRequest(NULL, Object(Config\Cache), false)
#9 /home/xkynpbah/public_html/index.php(37): CodeIgniter\CodeIgniter->run()
#10 {main}
ERROR - 2026-07-27 03:57:13 --> Telegram controller called
ERROR - 2026-07-27 03:57:13 --> Table 'xkynpbah_titoo.telegram_premium' doesn't exist
CRITICAL - 2026-07-27 03:57:13 --> Table 'xkynpbah_titoo.telegram_premium' doesn't exist
#0 /home/xkynpbah/public_html/vendor/codeigniter4/framework/system/Database/MySQLi/Connection.php(292): mysqli->query('SELECT COUNT(*)...', 0)
#1 /home/xkynpbah/public_html/vendor/codeigniter4/framework/system/Database/BaseConnection.php(670): CodeIgniter\Database\MySQLi\Connection->execute('SELECT COUNT(*)...')
#2 /home/xkynpbah/public_html/vendor/codeigniter4/framework/system/Database/BaseConnection.php(598): CodeIgniter\Database\BaseConnection->simpleQuery('SELECT COUNT(*)...')
#3 /home/xkynpbah/public_html/vendor/codeigniter4/framework/system/Database/BaseBuilder.php(1527): CodeIgniter\Database\BaseConnection->query('SELECT COUNT(*)...', Array, false)
#4 /home/xkynpbah/public_html/app/Controllers/Telegram.php(165): CodeIgniter\Database\BaseBuilder->countAllResults()
#5 /home/xkynpbah/public_html/app/Controllers/Telegram.php(124): App\Controllers\Telegram->askForResetConfirmation(6719727245, 6719727245, Object(stdClass), 'akashbabu', Object(stdClass))
#6 /home/xkynpbah/public_html/vendor/codeigniter4/framework/system/CodeIgniter.php(824): App\Controllers\Telegram->index()
#7 /home/xkynpbah/public_html/vendor/codeigniter4/framework/system/CodeIgniter.php(410): CodeIgniter\CodeIgniter->runController(Object(App\Controllers\Telegram))
#8 /home/xkynpbah/public_html/vendor/codeigniter4/framework/system/CodeIgniter.php(318): CodeIgniter\CodeIgniter->handleRequest(NULL, Object(Config\Cache), false)
#9 /home/xkynpbah/public_html/index.php(37): CodeIgniter\CodeIgniter->run()
#10 {main}
ERROR - 2026-07-27 03:58:46 --> Telegram controller called
ERROR - 2026-07-27 03:58:46 --> Table 'xkynpbah_titoo.telegram_premium' doesn't exist
CRITICAL - 2026-07-27 03:58:46 --> Table 'xkynpbah_titoo.telegram_premium' doesn't exist
#0 /home/xkynpbah/public_html/vendor/codeigniter4/framework/system/Database/MySQLi/Connection.php(292): mysqli->query('SELECT COUNT(*)...', 0)
#1 /home/xkynpbah/public_html/vendor/codeigniter4/framework/system/Database/BaseConnection.php(670): CodeIgniter\Database\MySQLi\Connection->execute('SELECT COUNT(*)...')
#2 /home/xkynpbah/public_html/vendor/codeigniter4/framework/system/Database/BaseConnection.php(598): CodeIgniter\Database\BaseConnection->simpleQuery('SELECT COUNT(*)...')
#3 /home/xkynpbah/public_html/vendor/codeigniter4/framework/system/Database/BaseBuilder.php(1527): CodeIgniter\Database\BaseConnection->query('SELECT COUNT(*)...', Array, false)
#4 /home/xkynpbah/public_html/app/Controllers/Telegram.php(165): CodeIgniter\Database\BaseBuilder->countAllResults()
#5 /home/xkynpbah/public_html/app/Controllers/Telegram.php(124): App\Controllers\Telegram->askForResetConfirmation(6719727245, 6719727245, Object(stdClass), 'akashbabu', Object(stdClass))
#6 /home/xkynpbah/public_html/vendor/codeigniter4/framework/system/CodeIgniter.php(824): App\Controllers\Telegram->index()
#7 /home/xkynpbah/public_html/vendor/codeigniter4/framework/system/CodeIgniter.php(410): CodeIgniter\CodeIgniter->runController(Object(App\Controllers\Telegram))
#8 /home/xkynpbah/public_html/vendor/codeigniter4/framework/system/CodeIgniter.php(318): CodeIgniter\CodeIgniter->handleRequest(NULL, Object(Config\Cache), false)
#9 /home/xkynpbah/public_html/index.php(37): CodeIgniter\CodeIgniter->run()
#10 {main}
ERROR - 2026-07-27 04:00:32 --> Telegram controller called
ERROR - 2026-07-27 04:00:32 --> Table 'xkynpbah_titoo.telegram_premium' doesn't exist
CRITICAL - 2026-07-27 04:00:32 --> Table 'xkynpbah_titoo.telegram_premium' doesn't exist
#0 /home/xkynpbah/public_html/vendor/codeigniter4/framework/system/Database/MySQLi/Connection.php(292): mysqli->query('SELECT COUNT(*)...', 0)
#1 /home/xkynpbah/public_html/vendor/codeigniter4/framework/system/Database/BaseConnection.php(670): CodeIgniter\Database\MySQLi\Connection->execute('SELECT COUNT(*)...')
#2 /home/xkynpbah/public_html/vendor/codeigniter4/framework/system/Database/BaseConnection.php(598): CodeIgniter\Database\BaseConnection->simpleQuery('SELECT COUNT(*)...')
#3 /home/xkynpbah/public_html/vendor/codeigniter4/framework/system/Database/BaseBuilder.php(1527): CodeIgniter\Database\BaseConnection->query('SELECT COUNT(*)...', Array, false)
#4 /home/xkynpbah/public_html/app/Controllers/Telegram.php(165): CodeIgniter\Database\BaseBuilder->countAllResults()
#5 /home/xkynpbah/public_html/app/Controllers/Telegram.php(124): App\Controllers\Telegram->askForResetConfirmation(6719727245, 6719727245, Object(stdClass), 'akashbabu', Object(stdClass))
#6 /home/xkynpbah/public_html/vendor/codeigniter4/framework/system/CodeIgniter.php(824): App\Controllers\Telegram->index()
#7 /home/xkynpbah/public_html/vendor/codeigniter4/framework/system/CodeIgniter.php(410): CodeIgniter\CodeIgniter->runController(Object(App\Controllers\Telegram))
#8 /home/xkynpbah/public_html/vendor/codeigniter4/framework/system/CodeIgniter.php(318): CodeIgniter\CodeIgniter->handleRequest(NULL, Object(Config\Cache), false)
#9 /home/xkynpbah/public_html/index.php(37): CodeIgniter\CodeIgniter->run()
#10 {main}
ERROR - 2026-07-27 04:02:00 --> Telegram controller called
ERROR - 2026-07-27 04:02:00 --> Table 'xkynpbah_titoo.telegram_premium' doesn't exist
CRITICAL - 2026-07-27 04:02:00 --> Table 'xkynpbah_titoo.telegram_premium' doesn't exist
#0 /home/xkynpbah/public_html/vendor/codeigniter4/framework/system/Database/MySQLi/Connection.php(292): mysqli->query('SELECT COUNT(*)...', 0)
#1 /home/xkynpbah/public_html/vendor/codeigniter4/framework/system/Database/BaseConnection.php(670): CodeIgniter\Database\MySQLi\Connection->execute('SELECT COUNT(*)...')
#2 /home/xkynpbah/public_html/vendor/codeigniter4/framework/system/Database/BaseConnection.php(598): CodeIgniter\Database\BaseConnection->simpleQuery('SELECT COUNT(*)...')
#3 /home/xkynpbah/public_html/vendor/codeigniter4/framework/system/Database/BaseBuilder.php(1527): CodeIgniter\Database\BaseConnection->query('SELECT COUNT(*)...', Array, false)
#4 /home/xkynpbah/public_html/app/Controllers/Telegram.php(165): CodeIgniter\Database\BaseBuilder->countAllResults()
#5 /home/xkynpbah/public_html/app/Controllers/Telegram.php(124): App\Controllers\Telegram->askForResetConfirmation(6719727245, 6719727245, Object(stdClass), 'akashbabu', Object(stdClass))
#6 /home/xkynpbah/public_html/vendor/codeigniter4/framework/system/CodeIgniter.php(824): App\Controllers\Telegram->index()
#7 /home/xkynpbah/public_html/vendor/codeigniter4/framework/system/CodeIgniter.php(410): CodeIgniter\CodeIgniter->runController(Object(App\Controllers\Telegram))
#8 /home/xkynpbah/public_html/vendor/codeigniter4/framework/system/CodeIgniter.php(318): CodeIgniter\CodeIgniter->handleRequest(NULL, Object(Config\Cache), false)
#9 /home/xkynpbah/public_html/index.php(37): CodeIgniter\CodeIgniter->run()
#10 {main}
ERROR - 2026-07-27 04:03:48 --> Telegram controller called
ERROR - 2026-07-27 04:03:48 --> Table 'xkynpbah_titoo.telegram_premium' doesn't exist
CRITICAL - 2026-07-27 04:03:48 --> Table 'xkynpbah_titoo.telegram_premium' doesn't exist
#0 /home/xkynpbah/public_html/vendor/codeigniter4/framework/system/Database/MySQLi/Connection.php(292): mysqli->query('SELECT COUNT(*)...', 0)
#1 /home/xkynpbah/public_html/vendor/codeigniter4/framework/system/Database/BaseConnection.php(670): CodeIgniter\Database\MySQLi\Connection->execute('SELECT COUNT(*)...')
#2 /home/xkynpbah/public_html/vendor/codeigniter4/framework/system/Database/BaseConnection.php(598): CodeIgniter\Database\BaseConnection->simpleQuery('SELECT COUNT(*)...')
#3 /home/xkynpbah/public_html/vendor/codeigniter4/framework/system/Database/BaseBuilder.php(1527): CodeIgniter\Database\BaseConnection->query('SELECT COUNT(*)...', Array, false)
#4 /home/xkynpbah/public_html/app/Controllers/Telegram.php(165): CodeIgniter\Database\BaseBuilder->countAllResults()
#5 /home/xkynpbah/public_html/app/Controllers/Telegram.php(124): App\Controllers\Telegram->askForResetConfirmation(6719727245, 6719727245, Object(stdClass), 'akashbabu', Object(stdClass))
#6 /home/xkynpbah/public_html/vendor/codeigniter4/framework/system/CodeIgniter.php(824): App\Controllers\Telegram->index()
#7 /home/xkynpbah/public_html/vendor/codeigniter4/framework/system/CodeIgniter.php(410): CodeIgniter\CodeIgniter->runController(Object(App\Controllers\Telegram))
#8 /home/xkynpbah/public_html/vendor/codeigniter4/framework/system/CodeIgniter.php(318): CodeIgniter\CodeIgniter->handleRequest(NULL, Object(Config\Cache), false)
#9 /home/xkynpbah/public_html/index.php(37): CodeIgniter\CodeIgniter->run()
#10 {main}
ERROR - 2026-07-27 04:05:27 --> Telegram controller called
ERROR - 2026-07-27 04:05:28 --> Table 'xkynpbah_titoo.telegram_premium' doesn't exist
CRITICAL - 2026-07-27 04:05:28 --> Table 'xkynpbah_titoo.telegram_premium' doesn't exist
#0 /home/xkynpbah/public_html/vendor/codeigniter4/framework/system/Database/MySQLi/Connection.php(292): mysqli->query('SELECT COUNT(*)...', 0)
#1 /home/xkynpbah/public_html/vendor/codeigniter4/framework/system/Database/BaseConnection.php(670): CodeIgniter\Database\MySQLi\Connection->execute('SELECT COUNT(*)...')
#2 /home/xkynpbah/public_html/vendor/codeigniter4/framework/system/Database/BaseConnection.php(598): CodeIgniter\Database\BaseConnection->simpleQuery('SELECT COUNT(*)...')
#3 /home/xkynpbah/public_html/vendor/codeigniter4/framework/system/Database/BaseBuilder.php(1527): CodeIgniter\Database\BaseConnection->query('SELECT COUNT(*)...', Array, false)
#4 /home/xkynpbah/public_html/app/Controllers/Telegram.php(165): CodeIgniter\Database\BaseBuilder->countAllResults()
#5 /home/xkynpbah/public_html/app/Controllers/Telegram.php(124): App\Controllers\Telegram->askForResetConfirmation(6719727245, 6719727245, Object(stdClass), 'akashbabu', Object(stdClass))
#6 /home/xkynpbah/public_html/vendor/codeigniter4/framework/system/CodeIgniter.php(824): App\Controllers\Telegram->index()
#7 /home/xkynpbah/public_html/vendor/codeigniter4/framework/system/CodeIgniter.php(410): CodeIgniter\CodeIgniter->runController(Object(App\Controllers\Telegram))
#8 /home/xkynpbah/public_html/vendor/codeigniter4/framework/system/CodeIgniter.php(318): CodeIgniter\CodeIgniter->handleRequest(NULL, Object(Config\Cache), false)
#9 /home/xkynpbah/public_html/index.php(37): CodeIgniter\CodeIgniter->run()
#10 {main}
ERROR - 2026-07-27 04:06:33 --> Telegram controller called
ERROR - 2026-07-27 04:06:33 --> Table 'xkynpbah_titoo.telegram_premium' doesn't exist
CRITICAL - 2026-07-27 04:06:33 --> Table 'xkynpbah_titoo.telegram_premium' doesn't exist
#0 /home/xkynpbah/public_html/vendor/codeigniter4/framework/system/Database/MySQLi/Connection.php(292): mysqli->query('SELECT COUNT(*)...', 0)
#1 /home/xkynpbah/public_html/vendor/codeigniter4/framework/system/Database/BaseConnection.php(670): CodeIgniter\Database\MySQLi\Connection->execute('SELECT COUNT(*)...')
#2 /home/xkynpbah/public_html/vendor/codeigniter4/framework/system/Database/BaseConnection.php(598): CodeIgniter\Database\BaseConnection->simpleQuery('SELECT COUNT(*)...')
#3 /home/xkynpbah/public_html/vendor/codeigniter4/framework/system/Database/BaseBuilder.php(1527): CodeIgniter\Database\BaseConnection->query('SELECT COUNT(*)...', Array, false)
#4 /home/xkynpbah/public_html/app/Controllers/Telegram.php(165): CodeIgniter\Database\BaseBuilder->countAllResults()
#5 /home/xkynpbah/public_html/app/Controllers/Telegram.php(124): App\Controllers\Telegram->askForResetConfirmation(6719727245, 6719727245, Object(stdClass), 'akashbabu', Object(stdClass))
#6 /home/xkynpbah/public_html/vendor/codeigniter4/framework/system/CodeIgniter.php(824): App\Controllers\Telegram->index()
#7 /home/xkynpbah/public_html/vendor/codeigniter4/framework/system/CodeIgniter.php(410): CodeIgniter\CodeIgniter->runController(Object(App\Controllers\Telegram))
#8 /home/xkynpbah/public_html/vendor/codeigniter4/framework/system/CodeIgniter.php(318): CodeIgniter\CodeIgniter->handleRequest(NULL, Object(Config\Cache), false)
#9 /home/xkynpbah/public_html/index.php(37): CodeIgniter\CodeIgniter->run()
#10 {main}
ERROR - 2026-07-27 04:07:40 --> Telegram controller called
ERROR - 2026-07-27 04:07:40 --> Table 'xkynpbah_titoo.telegram_premium' doesn't exist
CRITICAL - 2026-07-27 04:07:40 --> Table 'xkynpbah_titoo.telegram_premium' doesn't exist
#0 /home/xkynpbah/public_html/vendor/codeigniter4/framework/system/Database/MySQLi/Connection.php(292): mysqli->query('SELECT COUNT(*)...', 0)
#1 /home/xkynpbah/public_html/vendor/codeigniter4/framework/system/Database/BaseConnection.php(670): CodeIgniter\Database\MySQLi\Connection->execute('SELECT COUNT(*)...')
#2 /home/xkynpbah/public_html/vendor/codeigniter4/framework/system/Database/BaseConnection.php(598): CodeIgniter\Database\BaseConnection->simpleQuery('SELECT COUNT(*)...')
#3 /home/xkynpbah/public_html/vendor/codeigniter4/framework/system/Database/BaseBuilder.php(1527): CodeIgniter\Database\BaseConnection->query('SELECT COUNT(*)...', Array, false)
#4 /home/xkynpbah/public_html/app/Controllers/Telegram.php(165): CodeIgniter\Database\BaseBuilder->countAllResults()
#5 /home/xkynpbah/public_html/app/Controllers/Telegram.php(124): App\Controllers\Telegram->askForResetConfirmation(6719727245, 6719727245, Object(stdClass), 'akashbabu', Object(stdClass))
#6 /home/xkynpbah/public_html/vendor/codeigniter4/framework/system/CodeIgniter.php(824): App\Controllers\Telegram->index()
#7 /home/xkynpbah/public_html/vendor/codeigniter4/framework/system/CodeIgniter.php(410): CodeIgniter\CodeIgniter->runController(Object(App\Controllers\Telegram))
#8 /home/xkynpbah/public_html/vendor/codeigniter4/framework/system/CodeIgniter.php(318): CodeIgniter\CodeIgniter->handleRequest(NULL, Object(Config\Cache), false)
#9 /home/xkynpbah/public_html/index.php(37): CodeIgniter\CodeIgniter->run()
#10 {main}
ERROR - 2026-07-27 04:09:16 --> Telegram controller called
ERROR - 2026-07-27 04:09:16 --> Table 'xkynpbah_titoo.telegram_premium' doesn't exist
CRITICAL - 2026-07-27 04:09:16 --> Table 'xkynpbah_titoo.telegram_premium' doesn't exist
#0 /home/xkynpbah/public_html/vendor/codeigniter4/framework/system/Database/MySQLi/Connection.php(292): mysqli->query('SELECT COUNT(*)...', 0)
#1 /home/xkynpbah/public_html/vendor/codeigniter4/framework/system/Database/BaseConnection.php(670): CodeIgniter\Database\MySQLi\Connection->execute('SELECT COUNT(*)...')
#2 /home/xkynpbah/public_html/vendor/codeigniter4/framework/system/Database/BaseConnection.php(598): CodeIgniter\Database\BaseConnection->simpleQuery('SELECT COUNT(*)...')
#3 /home/xkynpbah/public_html/vendor/codeigniter4/framework/system/Database/BaseBuilder.php(1527): CodeIgniter\Database\BaseConnection->query('SELECT COUNT(*)...', Array, false)
#4 /home/xkynpbah/public_html/app/Controllers/Telegram.php(165): CodeIgniter\Database\BaseBuilder->countAllResults()
#5 /home/xkynpbah/public_html/app/Controllers/Telegram.php(124): App\Controllers\Telegram->askForResetConfirmation(6719727245, 6719727245, Object(stdClass), 'akashbabu', Object(stdClass))
#6 /home/xkynpbah/public_html/vendor/codeigniter4/framework/system/CodeIgniter.php(824): App\Controllers\Telegram->index()
#7 /home/xkynpbah/public_html/vendor/codeigniter4/framework/system/CodeIgniter.php(410): CodeIgniter\CodeIgniter->runController(Object(App\Controllers\Telegram))
#8 /home/xkynpbah/public_html/vendor/codeigniter4/framework/system/CodeIgniter.php(318): CodeIgniter\CodeIgniter->handleRequest(NULL, Object(Config\Cache), false)
#9 /home/xkynpbah/public_html/index.php(37): CodeIgniter\CodeIgniter->run()
#10 {main}
ERROR - 2026-07-27 04:11:16 --> Telegram controller called
ERROR - 2026-07-27 04:11:16 --> Table 'xkynpbah_titoo.telegram_premium' doesn't exist
CRITICAL - 2026-07-27 04:11:16 --> Table 'xkynpbah_titoo.telegram_premium' doesn't exist
#0 /home/xkynpbah/public_html/vendor/codeigniter4/framework/system/Database/MySQLi/Connection.php(292): mysqli->query('SELECT COUNT(*)...', 0)
#1 /home/xkynpbah/public_html/vendor/codeigniter4/framework/system/Database/BaseConnection.php(670): CodeIgniter\Database\MySQLi\Connection->execute('SELECT COUNT(*)...')
#2 /home/xkynpbah/public_html/vendor/codeigniter4/framework/system/Database/BaseConnection.php(598): CodeIgniter\Database\BaseConnection->simpleQuery('SELECT COUNT(*)...')
#3 /home/xkynpbah/public_html/vendor/codeigniter4/framework/system/Database/BaseBuilder.php(1527): CodeIgniter\Database\BaseConnection->query('SELECT COUNT(*)...', Array, false)
#4 /home/xkynpbah/public_html/app/Controllers/Telegram.php(165): CodeIgniter\Database\BaseBuilder->countAllResults()
#5 /home/xkynpbah/public_html/app/Controllers/Telegram.php(124): App\Controllers\Telegram->askForResetConfirmation(6719727245, 6719727245, Object(stdClass), 'akashbabu', Object(stdClass))
#6 /home/xkynpbah/public_html/vendor/codeigniter4/framework/system/CodeIgniter.php(824): App\Controllers\Telegram->index()
#7 /home/xkynpbah/public_html/vendor/codeigniter4/framework/system/CodeIgniter.php(410): CodeIgniter\CodeIgniter->runController(Object(App\Controllers\Telegram))
#8 /home/xkynpbah/public_html/vendor/codeigniter4/framework/system/CodeIgniter.php(318): CodeIgniter\CodeIgniter->handleRequest(NULL, Object(Config\Cache), false)
#9 /home/xkynpbah/public_html/index.php(37): CodeIgniter\CodeIgniter->run()
#10 {main}
ERROR - 2026-07-27 04:12:51 --> Telegram controller called
ERROR - 2026-07-27 04:12:51 --> Table 'xkynpbah_titoo.telegram_premium' doesn't exist
CRITICAL - 2026-07-27 04:12:51 --> Table 'xkynpbah_titoo.telegram_premium' doesn't exist
#0 /home/xkynpbah/public_html/vendor/codeigniter4/framework/system/Database/MySQLi/Connection.php(292): mysqli->query('SELECT COUNT(*)...', 0)
#1 /home/xkynpbah/public_html/vendor/codeigniter4/framework/system/Database/BaseConnection.php(670): CodeIgniter\Database\MySQLi\Connection->execute('SELECT COUNT(*)...')
#2 /home/xkynpbah/public_html/vendor/codeigniter4/framework/system/Database/BaseConnection.php(598): CodeIgniter\Database\BaseConnection->simpleQuery('SELECT COUNT(*)...')
#3 /home/xkynpbah/public_html/vendor/codeigniter4/framework/system/Database/BaseBuilder.php(1527): CodeIgniter\Database\BaseConnection->query('SELECT COUNT(*)...', Array, false)
#4 /home/xkynpbah/public_html/app/Controllers/Telegram.php(165): CodeIgniter\Database\BaseBuilder->countAllResults()
#5 /home/xkynpbah/public_html/app/Controllers/Telegram.php(124): App\Controllers\Telegram->askForResetConfirmation(6719727245, 6719727245, Object(stdClass), 'akashbabu', Object(stdClass))
#6 /home/xkynpbah/public_html/vendor/codeigniter4/framework/system/CodeIgniter.php(824): App\Controllers\Telegram->index()
#7 /home/xkynpbah/public_html/vendor/codeigniter4/framework/system/CodeIgniter.php(410): CodeIgniter\CodeIgniter->runController(Object(App\Controllers\Telegram))
#8 /home/xkynpbah/public_html/vendor/codeigniter4/framework/system/CodeIgniter.php(318): CodeIgniter\CodeIgniter->handleRequest(NULL, Object(Config\Cache), false)
#9 /home/xkynpbah/public_html/index.php(37): CodeIgniter\CodeIgniter->run()
#10 {main}
ERROR - 2026-07-27 04:14:05 --> Telegram controller called
ERROR - 2026-07-27 04:14:05 --> Table 'xkynpbah_titoo.telegram_premium' doesn't exist
CRITICAL - 2026-07-27 04:14:05 --> Table 'xkynpbah_titoo.telegram_premium' doesn't exist
#0 /home/xkynpbah/public_html/vendor/codeigniter4/framework/system/Database/MySQLi/Connection.php(292): mysqli->query('SELECT COUNT(*)...', 0)
#1 /home/xkynpbah/public_html/vendor/codeigniter4/framework/system/Database/BaseConnection.php(670): CodeIgniter\Database\MySQLi\Connection->execute('SELECT COUNT(*)...')
#2 /home/xkynpbah/public_html/vendor/codeigniter4/framework/system/Database/BaseConnection.php(598): CodeIgniter\Database\BaseConnection->simpleQuery('SELECT COUNT(*)...')
#3 /home/xkynpbah/public_html/vendor/codeigniter4/framework/system/Database/BaseBuilder.php(1527): CodeIgniter\Database\BaseConnection->query('SELECT COUNT(*)...', Array, false)
#4 /home/xkynpbah/public_html/app/Controllers/Telegram.php(165): CodeIgniter\Database\BaseBuilder->countAllResults()
#5 /home/xkynpbah/public_html/app/Controllers/Telegram.php(124): App\Controllers\Telegram->askForResetConfirmation(6719727245, 6719727245, Object(stdClass), 'akashbabu', Object(stdClass))
#6 /home/xkynpbah/public_html/vendor/codeigniter4/framework/system/CodeIgniter.php(824): App\Controllers\Telegram->index()
#7 /home/xkynpbah/public_html/vendor/codeigniter4/framework/system/CodeIgniter.php(410): CodeIgniter\CodeIgniter->runController(Object(App\Controllers\Telegram))
#8 /home/xkynpbah/public_html/vendor/codeigniter4/framework/system/CodeIgniter.php(318): CodeIgniter\CodeIgniter->handleRequest(NULL, Object(Config\Cache), false)
#9 /home/xkynpbah/public_html/index.php(37): CodeIgniter\CodeIgniter->run()
#10 {main}
ERROR - 2026-07-27 04:15:53 --> Telegram controller called
ERROR - 2026-07-27 04:15:53 --> Table 'xkynpbah_titoo.telegram_premium' doesn't exist
CRITICAL - 2026-07-27 04:15:53 --> Table 'xkynpbah_titoo.telegram_premium' doesn't exist
#0 /home/xkynpbah/public_html/vendor/codeigniter4/framework/system/Database/MySQLi/Connection.php(292): mysqli->query('SELECT COUNT(*)...', 0)
#1 /home/xkynpbah/public_html/vendor/codeigniter4/framework/system/Database/BaseConnection.php(670): CodeIgniter\Database\MySQLi\Connection->execute('SELECT COUNT(*)...')
#2 /home/xkynpbah/public_html/vendor/codeigniter4/framework/system/Database/BaseConnection.php(598): CodeIgniter\Database\BaseConnection->simpleQuery('SELECT COUNT(*)...')
#3 /home/xkynpbah/public_html/vendor/codeigniter4/framework/system/Database/BaseBuilder.php(1527): CodeIgniter\Database\BaseConnection->query('SELECT COUNT(*)...', Array, false)
#4 /home/xkynpbah/public_html/app/Controllers/Telegram.php(165): CodeIgniter\Database\BaseBuilder->countAllResults()
#5 /home/xkynpbah/public_html/app/Controllers/Telegram.php(124): App\Controllers\Telegram->askForResetConfirmation(6719727245, 6719727245, Object(stdClass), 'akashbabu', Object(stdClass))
#6 /home/xkynpbah/public_html/vendor/codeigniter4/framework/system/CodeIgniter.php(824): App\Controllers\Telegram->index()
#7 /home/xkynpbah/public_html/vendor/codeigniter4/framework/system/CodeIgniter.php(410): CodeIgniter\CodeIgniter->runController(Object(App\Controllers\Telegram))
#8 /home/xkynpbah/public_html/vendor/codeigniter4/framework/system/CodeIgniter.php(318): CodeIgniter\CodeIgniter->handleRequest(NULL, Object(Config\Cache), false)
#9 /home/xkynpbah/public_html/index.php(37): CodeIgniter\CodeIgniter->run()
#10 {main}
ERROR - 2026-07-27 04:17:17 --> Telegram controller called
ERROR - 2026-07-27 04:17:17 --> Table 'xkynpbah_titoo.telegram_premium' doesn't exist
CRITICAL - 2026-07-27 04:17:17 --> Table 'xkynpbah_titoo.telegram_premium' doesn't exist
#0 /home/xkynpbah/public_html/vendor/codeigniter4/framework/system/Database/MySQLi/Connection.php(292): mysqli->query('SELECT COUNT(*)...', 0)
#1 /home/xkynpbah/public_html/vendor/codeigniter4/framework/system/Database/BaseConnection.php(670): CodeIgniter\Database\MySQLi\Connection->execute('SELECT COUNT(*)...')
#2 /home/xkynpbah/public_html/vendor/codeigniter4/framework/system/Database/BaseConnection.php(598): CodeIgniter\Database\BaseConnection->simpleQuery('SELECT COUNT(*)...')
#3 /home/xkynpbah/public_html/vendor/codeigniter4/framework/system/Database/BaseBuilder.php(1527): CodeIgniter\Database\BaseConnection->query('SELECT COUNT(*)...', Array, false)
#4 /home/xkynpbah/public_html/app/Controllers/Telegram.php(165): CodeIgniter\Database\BaseBuilder->countAllResults()
#5 /home/xkynpbah/public_html/app/Controllers/Telegram.php(124): App\Controllers\Telegram->askForResetConfirmation(6719727245, 6719727245, Object(stdClass), 'akashbabu', Object(stdClass))
#6 /home/xkynpbah/public_html/vendor/codeigniter4/framework/system/CodeIgniter.php(824): App\Controllers\Telegram->index()
#7 /home/xkynpbah/public_html/vendor/codeigniter4/framework/system/CodeIgniter.php(410): CodeIgniter\CodeIgniter->runController(Object(App\Controllers\Telegram))
#8 /home/xkynpbah/public_html/vendor/codeigniter4/framework/system/CodeIgniter.php(318): CodeIgniter\CodeIgniter->handleRequest(NULL, Object(Config\Cache), false)
#9 /home/xkynpbah/public_html/index.php(37): CodeIgniter\CodeIgniter->run()
#10 {main}
ERROR - 2026-07-27 04:18:43 --> Telegram controller called
ERROR - 2026-07-27 04:18:43 --> Table 'xkynpbah_titoo.telegram_premium' doesn't exist
CRITICAL - 2026-07-27 04:18:43 --> Table 'xkynpbah_titoo.telegram_premium' doesn't exist
#0 /home/xkynpbah/public_html/vendor/codeigniter4/framework/system/Database/MySQLi/Connection.php(292): mysqli->query('SELECT COUNT(*)...', 0)
#1 /home/xkynpbah/public_html/vendor/codeigniter4/framework/system/Database/BaseConnection.php(670): CodeIgniter\Database\MySQLi\Connection->execute('SELECT COUNT(*)...')
#2 /home/xkynpbah/public_html/vendor/codeigniter4/framework/system/Database/BaseConnection.php(598): CodeIgniter\Database\BaseConnection->simpleQuery('SELECT COUNT(*)...')
#3 /home/xkynpbah/public_html/vendor/codeigniter4/framework/system/Database/BaseBuilder.php(1527): CodeIgniter\Database\BaseConnection->query('SELECT COUNT(*)...', Array, false)
#4 /home/xkynpbah/public_html/app/Controllers/Telegram.php(165): CodeIgniter\Database\BaseBuilder->countAllResults()
#5 /home/xkynpbah/public_html/app/Controllers/Telegram.php(124): App\Controllers\Telegram->askForResetConfirmation(6719727245, 6719727245, Object(stdClass), 'akashbabu', Object(stdClass))
#6 /home/xkynpbah/public_html/vendor/codeigniter4/framework/system/CodeIgniter.php(824): App\Controllers\Telegram->index()
#7 /home/xkynpbah/public_html/vendor/codeigniter4/framework/system/CodeIgniter.php(410): CodeIgniter\CodeIgniter->runController(Object(App\Controllers\Telegram))
#8 /home/xkynpbah/public_html/vendor/codeigniter4/framework/system/CodeIgniter.php(318): CodeIgniter\CodeIgniter->handleRequest(NULL, Object(Config\Cache), false)
#9 /home/xkynpbah/public_html/index.php(37): CodeIgniter\CodeIgniter->run()
#10 {main}
ERROR - 2026-07-27 04:20:32 --> Telegram controller called
ERROR - 2026-07-27 04:20:32 --> Table 'xkynpbah_titoo.telegram_premium' doesn't exist
CRITICAL - 2026-07-27 04:20:32 --> Table 'xkynpbah_titoo.telegram_premium' doesn't exist
#0 /home/xkynpbah/public_html/vendor/codeigniter4/framework/system/Database/MySQLi/Connection.php(292): mysqli->query('SELECT COUNT(*)...', 0)
#1 /home/xkynpbah/public_html/vendor/codeigniter4/framework/system/Database/BaseConnection.php(670): CodeIgniter\Database\MySQLi\Connection->execute('SELECT COUNT(*)...')
#2 /home/xkynpbah/public_html/vendor/codeigniter4/framework/system/Database/BaseConnection.php(598): CodeIgniter\Database\BaseConnection->simpleQuery('SELECT COUNT(*)...')
#3 /home/xkynpbah/public_html/vendor/codeigniter4/framework/system/Database/BaseBuilder.php(1527): CodeIgniter\Database\BaseConnection->query('SELECT COUNT(*)...', Array, false)
#4 /home/xkynpbah/public_html/app/Controllers/Telegram.php(165): CodeIgniter\Database\BaseBuilder->countAllResults()
#5 /home/xkynpbah/public_html/app/Controllers/Telegram.php(124): App\Controllers\Telegram->askForResetConfirmation(6719727245, 6719727245, Object(stdClass), 'akashbabu', Object(stdClass))
#6 /home/xkynpbah/public_html/vendor/codeigniter4/framework/system/CodeIgniter.php(824): App\Controllers\Telegram->index()
#7 /home/xkynpbah/public_html/vendor/codeigniter4/framework/system/CodeIgniter.php(410): CodeIgniter\CodeIgniter->runController(Object(App\Controllers\Telegram))
#8 /home/xkynpbah/public_html/vendor/codeigniter4/framework/system/CodeIgniter.php(318): CodeIgniter\CodeIgniter->handleRequest(NULL, Object(Config\Cache), false)
#9 /home/xkynpbah/public_html/index.php(37): CodeIgniter\CodeIgniter->run()
#10 {main}
ERROR - 2026-07-27 04:22:01 --> Telegram controller called
ERROR - 2026-07-27 04:22:01 --> Table 'xkynpbah_titoo.telegram_premium' doesn't exist
CRITICAL - 2026-07-27 04:22:01 --> Table 'xkynpbah_titoo.telegram_premium' doesn't exist
#0 /home/xkynpbah/public_html/vendor/codeigniter4/framework/system/Database/MySQLi/Connection.php(292): mysqli->query('SELECT COUNT(*)...', 0)
#1 /home/xkynpbah/public_html/vendor/codeigniter4/framework/system/Database/BaseConnection.php(670): CodeIgniter\Database\MySQLi\Connection->execute('SELECT COUNT(*)...')
#2 /home/xkynpbah/public_html/vendor/codeigniter4/framework/system/Database/BaseConnection.php(598): CodeIgniter\Database\BaseConnection->simpleQuery('SELECT COUNT(*)...')
#3 /home/xkynpbah/public_html/vendor/codeigniter4/framework/system/Database/BaseBuilder.php(1527): CodeIgniter\Database\BaseConnection->query('SELECT COUNT(*)...', Array, false)
#4 /home/xkynpbah/public_html/app/Controllers/Telegram.php(165): CodeIgniter\Database\BaseBuilder->countAllResults()
#5 /home/xkynpbah/public_html/app/Controllers/Telegram.php(124): App\Controllers\Telegram->askForResetConfirmation(6719727245, 6719727245, Object(stdClass), 'akashbabu', Object(stdClass))
#6 /home/xkynpbah/public_html/vendor/codeigniter4/framework/system/CodeIgniter.php(824): App\Controllers\Telegram->index()
#7 /home/xkynpbah/public_html/vendor/codeigniter4/framework/system/CodeIgniter.php(410): CodeIgniter\CodeIgniter->runController(Object(App\Controllers\Telegram))
#8 /home/xkynpbah/public_html/vendor/codeigniter4/framework/system/CodeIgniter.php(318): CodeIgniter\CodeIgniter->handleRequest(NULL, Object(Config\Cache), false)
#9 /home/xkynpbah/public_html/index.php(37): CodeIgniter\CodeIgniter->run()
#10 {main}
ERROR - 2026-07-27 04:23:02 --> Telegram controller called
ERROR - 2026-07-27 04:23:02 --> Table 'xkynpbah_titoo.telegram_premium' doesn't exist
CRITICAL - 2026-07-27 04:23:02 --> Table 'xkynpbah_titoo.telegram_premium' doesn't exist
#0 /home/xkynpbah/public_html/vendor/codeigniter4/framework/system/Database/MySQLi/Connection.php(292): mysqli->query('SELECT COUNT(*)...', 0)
#1 /home/xkynpbah/public_html/vendor/codeigniter4/framework/system/Database/BaseConnection.php(670): CodeIgniter\Database\MySQLi\Connection->execute('SELECT COUNT(*)...')
#2 /home/xkynpbah/public_html/vendor/codeigniter4/framework/system/Database/BaseConnection.php(598): CodeIgniter\Database\BaseConnection->simpleQuery('SELECT COUNT(*)...')
#3 /home/xkynpbah/public_html/vendor/codeigniter4/framework/system/Database/BaseBuilder.php(1527): CodeIgniter\Database\BaseConnection->query('SELECT COUNT(*)...', Array, false)
#4 /home/xkynpbah/public_html/app/Controllers/Telegram.php(165): CodeIgniter\Database\BaseBuilder->countAllResults()
#5 /home/xkynpbah/public_html/app/Controllers/Telegram.php(124): App\Controllers\Telegram->askForResetConfirmation(6719727245, 6719727245, Object(stdClass), 'akashbabu', Object(stdClass))
#6 /home/xkynpbah/public_html/vendor/codeigniter4/framework/system/CodeIgniter.php(824): App\Controllers\Telegram->index()
#7 /home/xkynpbah/public_html/vendor/codeigniter4/framework/system/CodeIgniter.php(410): CodeIgniter\CodeIgniter->runController(Object(App\Controllers\Telegram))
#8 /home/xkynpbah/public_html/vendor/codeigniter4/framework/system/CodeIgniter.php(318): CodeIgniter\CodeIgniter->handleRequest(NULL, Object(Config\Cache), false)
#9 /home/xkynpbah/public_html/index.php(37): CodeIgniter\CodeIgniter->run()
#10 {main}
ERROR - 2026-07-27 04:24:14 --> Telegram controller called
ERROR - 2026-07-27 04:24:14 --> Table 'xkynpbah_titoo.telegram_premium' doesn't exist
CRITICAL - 2026-07-27 04:24:14 --> Table 'xkynpbah_titoo.telegram_premium' doesn't exist
#0 /home/xkynpbah/public_html/vendor/codeigniter4/framework/system/Database/MySQLi/Connection.php(292): mysqli->query('SELECT COUNT(*)...', 0)
#1 /home/xkynpbah/public_html/vendor/codeigniter4/framework/system/Database/BaseConnection.php(670): CodeIgniter\Database\MySQLi\Connection->execute('SELECT COUNT(*)...')
#2 /home/xkynpbah/public_html/vendor/codeigniter4/framework/system/Database/BaseConnection.php(598): CodeIgniter\Database\BaseConnection->simpleQuery('SELECT COUNT(*)...')
#3 /home/xkynpbah/public_html/vendor/codeigniter4/framework/system/Database/BaseBuilder.php(1527): CodeIgniter\Database\BaseConnection->query('SELECT COUNT(*)...', Array, false)
#4 /home/xkynpbah/public_html/app/Controllers/Telegram.php(165): CodeIgniter\Database\BaseBuilder->countAllResults()
#5 /home/xkynpbah/public_html/app/Controllers/Telegram.php(124): App\Controllers\Telegram->askForResetConfirmation(6719727245, 6719727245, Object(stdClass), 'akashbabu', Object(stdClass))
#6 /home/xkynpbah/public_html/vendor/codeigniter4/framework/system/CodeIgniter.php(824): App\Controllers\Telegram->index()
#7 /home/xkynpbah/public_html/vendor/codeigniter4/framework/system/CodeIgniter.php(410): CodeIgniter\CodeIgniter->runController(Object(App\Controllers\Telegram))
#8 /home/xkynpbah/public_html/vendor/codeigniter4/framework/system/CodeIgniter.php(318): CodeIgniter\CodeIgniter->handleRequest(NULL, Object(Config\Cache), false)
#9 /home/xkynpbah/public_html/index.php(37): CodeIgniter\CodeIgniter->run()
#10 {main}
ERROR - 2026-07-27 04:25:50 --> Telegram controller called
ERROR - 2026-07-27 04:25:50 --> Table 'xkynpbah_titoo.telegram_premium' doesn't exist
CRITICAL - 2026-07-27 04:25:50 --> Table 'xkynpbah_titoo.telegram_premium' doesn't exist
#0 /home/xkynpbah/public_html/vendor/codeigniter4/framework/system/Database/MySQLi/Connection.php(292): mysqli->query('SELECT COUNT(*)...', 0)
#1 /home/xkynpbah/public_html/vendor/codeigniter4/framework/system/Database/BaseConnection.php(670): CodeIgniter\Database\MySQLi\Connection->execute('SELECT COUNT(*)...')
#2 /home/xkynpbah/public_html/vendor/codeigniter4/framework/system/Database/BaseConnection.php(598): CodeIgniter\Database\BaseConnection->simpleQuery('SELECT COUNT(*)...')
#3 /home/xkynpbah/public_html/vendor/codeigniter4/framework/system/Database/BaseBuilder.php(1527): CodeIgniter\Database\BaseConnection->query('SELECT COUNT(*)...', Array, false)
#4 /home/xkynpbah/public_html/app/Controllers/Telegram.php(165): CodeIgniter\Database\BaseBuilder->countAllResults()
#5 /home/xkynpbah/public_html/app/Controllers/Telegram.php(124): App\Controllers\Telegram->askForResetConfirmation(6719727245, 6719727245, Object(stdClass), 'akashbabu', Object(stdClass))
#6 /home/xkynpbah/public_html/vendor/codeigniter4/framework/system/CodeIgniter.php(824): App\Controllers\Telegram->index()
#7 /home/xkynpbah/public_html/vendor/codeigniter4/framework/system/CodeIgniter.php(410): CodeIgniter\CodeIgniter->runController(Object(App\Controllers\Telegram))
#8 /home/xkynpbah/public_html/vendor/codeigniter4/framework/system/CodeIgniter.php(318): CodeIgniter\CodeIgniter->handleRequest(NULL, Object(Config\Cache), false)
#9 /home/xkynpbah/public_html/index.php(37): CodeIgniter\CodeIgniter->run()
#10 {main}
ERROR - 2026-07-27 04:27:41 --> Telegram controller called
ERROR - 2026-07-27 04:27:41 --> Table 'xkynpbah_titoo.telegram_premium' doesn't exist
CRITICAL - 2026-07-27 04:27:41 --> Table 'xkynpbah_titoo.telegram_premium' doesn't exist
#0 /home/xkynpbah/public_html/vendor/codeigniter4/framework/system/Database/MySQLi/Connection.php(292): mysqli->query('SELECT COUNT(*)...', 0)
#1 /home/xkynpbah/public_html/vendor/codeigniter4/framework/system/Database/BaseConnection.php(670): CodeIgniter\Database\MySQLi\Connection->execute('SELECT COUNT(*)...')
#2 /home/xkynpbah/public_html/vendor/codeigniter4/framework/system/Database/BaseConnection.php(598): CodeIgniter\Database\BaseConnection->simpleQuery('SELECT COUNT(*)...')
#3 /home/xkynpbah/public_html/vendor/codeigniter4/framework/system/Database/BaseBuilder.php(1527): CodeIgniter\Database\BaseConnection->query('SELECT COUNT(*)...', Array, false)
#4 /home/xkynpbah/public_html/app/Controllers/Telegram.php(165): CodeIgniter\Database\BaseBuilder->countAllResults()
#5 /home/xkynpbah/public_html/app/Controllers/Telegram.php(124): App\Controllers\Telegram->askForResetConfirmation(6719727245, 6719727245, Object(stdClass), 'akashbabu', Object(stdClass))
#6 /home/xkynpbah/public_html/vendor/codeigniter4/framework/system/CodeIgniter.php(824): App\Controllers\Telegram->index()
#7 /home/xkynpbah/public_html/vendor/codeigniter4/framework/system/CodeIgniter.php(410): CodeIgniter\CodeIgniter->runController(Object(App\Controllers\Telegram))
#8 /home/xkynpbah/public_html/vendor/codeigniter4/framework/system/CodeIgniter.php(318): CodeIgniter\CodeIgniter->handleRequest(NULL, Object(Config\Cache), false)
#9 /home/xkynpbah/public_html/index.php(37): CodeIgniter\CodeIgniter->run()
#10 {main}
ERROR - 2026-07-27 04:29:17 --> Telegram controller called
ERROR - 2026-07-27 04:29:17 --> Table 'xkynpbah_titoo.telegram_premium' doesn't exist
CRITICAL - 2026-07-27 04:29:17 --> Table 'xkynpbah_titoo.telegram_premium' doesn't exist
#0 /home/xkynpbah/public_html/vendor/codeigniter4/framework/system/Database/MySQLi/Connection.php(292): mysqli->query('SELECT COUNT(*)...', 0)
#1 /home/xkynpbah/public_html/vendor/codeigniter4/framework/system/Database/BaseConnection.php(670): CodeIgniter\Database\MySQLi\Connection->execute('SELECT COUNT(*)...')
#2 /home/xkynpbah/public_html/vendor/codeigniter4/framework/system/Database/BaseConnection.php(598): CodeIgniter\Database\BaseConnection->simpleQuery('SELECT COUNT(*)...')
#3 /home/xkynpbah/public_html/vendor/codeigniter4/framework/system/Database/BaseBuilder.php(1527): CodeIgniter\Database\BaseConnection->query('SELECT COUNT(*)...', Array, false)
#4 /home/xkynpbah/public_html/app/Controllers/Telegram.php(165): CodeIgniter\Database\BaseBuilder->countAllResults()
#5 /home/xkynpbah/public_html/app/Controllers/Telegram.php(124): App\Controllers\Telegram->askForResetConfirmation(6719727245, 6719727245, Object(stdClass), 'akashbabu', Object(stdClass))
#6 /home/xkynpbah/public_html/vendor/codeigniter4/framework/system/CodeIgniter.php(824): App\Controllers\Telegram->index()
#7 /home/xkynpbah/public_html/vendor/codeigniter4/framework/system/CodeIgniter.php(410): CodeIgniter\CodeIgniter->runController(Object(App\Controllers\Telegram))
#8 /home/xkynpbah/public_html/vendor/codeigniter4/framework/system/CodeIgniter.php(318): CodeIgniter\CodeIgniter->handleRequest(NULL, Object(Config\Cache), false)
#9 /home/xkynpbah/public_html/index.php(37): CodeIgniter\CodeIgniter->run()
#10 {main}
ERROR - 2026-07-27 04:30:42 --> Telegram controller called
ERROR - 2026-07-27 04:30:42 --> Table 'xkynpbah_titoo.telegram_premium' doesn't exist
CRITICAL - 2026-07-27 04:30:42 --> Table 'xkynpbah_titoo.telegram_premium' doesn't exist
#0 /home/xkynpbah/public_html/vendor/codeigniter4/framework/system/Database/MySQLi/Connection.php(292): mysqli->query('SELECT COUNT(*)...', 0)
#1 /home/xkynpbah/public_html/vendor/codeigniter4/framework/system/Database/BaseConnection.php(670): CodeIgniter\Database\MySQLi\Connection->execute('SELECT COUNT(*)...')
#2 /home/xkynpbah/public_html/vendor/codeigniter4/framework/system/Database/BaseConnection.php(598): CodeIgniter\Database\BaseConnection->simpleQuery('SELECT COUNT(*)...')
#3 /home/xkynpbah/public_html/vendor/codeigniter4/framework/system/Database/BaseBuilder.php(1527): CodeIgniter\Database\BaseConnection->query('SELECT COUNT(*)...', Array, false)
#4 /home/xkynpbah/public_html/app/Controllers/Telegram.php(165): CodeIgniter\Database\BaseBuilder->countAllResults()
#5 /home/xkynpbah/public_html/app/Controllers/Telegram.php(124): App\Controllers\Telegram->askForResetConfirmation(6719727245, 6719727245, Object(stdClass), 'akashbabu', Object(stdClass))
#6 /home/xkynpbah/public_html/vendor/codeigniter4/framework/system/CodeIgniter.php(824): App\Controllers\Telegram->index()
#7 /home/xkynpbah/public_html/vendor/codeigniter4/framework/system/CodeIgniter.php(410): CodeIgniter\CodeIgniter->runController(Object(App\Controllers\Telegram))
#8 /home/xkynpbah/public_html/vendor/codeigniter4/framework/system/CodeIgniter.php(318): CodeIgniter\CodeIgniter->handleRequest(NULL, Object(Config\Cache), false)
#9 /home/xkynpbah/public_html/index.php(37): CodeIgniter\CodeIgniter->run()
#10 {main}
ERROR - 2026-07-27 04:32:11 --> Telegram controller called
ERROR - 2026-07-27 04:32:11 --> Table 'xkynpbah_titoo.telegram_premium' doesn't exist
CRITICAL - 2026-07-27 04:32:11 --> Table 'xkynpbah_titoo.telegram_premium' doesn't exist
#0 /home/xkynpbah/public_html/vendor/codeigniter4/framework/system/Database/MySQLi/Connection.php(292): mysqli->query('SELECT COUNT(*)...', 0)
#1 /home/xkynpbah/public_html/vendor/codeigniter4/framework/system/Database/BaseConnection.php(670): CodeIgniter\Database\MySQLi\Connection->execute('SELECT COUNT(*)...')
#2 /home/xkynpbah/public_html/vendor/codeigniter4/framework/system/Database/BaseConnection.php(598): CodeIgniter\Database\BaseConnection->simpleQuery('SELECT COUNT(*)...')
#3 /home/xkynpbah/public_html/vendor/codeigniter4/framework/system/Database/BaseBuilder.php(1527): CodeIgniter\Database\BaseConnection->query('SELECT COUNT(*)...', Array, false)
#4 /home/xkynpbah/public_html/app/Controllers/Telegram.php(165): CodeIgniter\Database\BaseBuilder->countAllResults()
#5 /home/xkynpbah/public_html/app/Controllers/Telegram.php(124): App\Controllers\Telegram->askForResetConfirmation(6719727245, 6719727245, Object(stdClass), 'akashbabu', Object(stdClass))
#6 /home/xkynpbah/public_html/vendor/codeigniter4/framework/system/CodeIgniter.php(824): App\Controllers\Telegram->index()
#7 /home/xkynpbah/public_html/vendor/codeigniter4/framework/system/CodeIgniter.php(410): CodeIgniter\CodeIgniter->runController(Object(App\Controllers\Telegram))
#8 /home/xkynpbah/public_html/vendor/codeigniter4/framework/system/CodeIgniter.php(318): CodeIgniter\CodeIgniter->handleRequest(NULL, Object(Config\Cache), false)
#9 /home/xkynpbah/public_html/index.php(37): CodeIgniter\CodeIgniter->run()
#10 {main}
ERROR - 2026-07-27 04:34:06 --> Telegram controller called
ERROR - 2026-07-27 04:34:06 --> Table 'xkynpbah_titoo.telegram_premium' doesn't exist
CRITICAL - 2026-07-27 04:34:06 --> Table 'xkynpbah_titoo.telegram_premium' doesn't exist
#0 /home/xkynpbah/public_html/vendor/codeigniter4/framework/system/Database/MySQLi/Connection.php(292): mysqli->query('SELECT COUNT(*)...', 0)
#1 /home/xkynpbah/public_html/vendor/codeigniter4/framework/system/Database/BaseConnection.php(670): CodeIgniter\Database\MySQLi\Connection->execute('SELECT COUNT(*)...')
#2 /home/xkynpbah/public_html/vendor/codeigniter4/framework/system/Database/BaseConnection.php(598): CodeIgniter\Database\BaseConnection->simpleQuery('SELECT COUNT(*)...')
#3 /home/xkynpbah/public_html/vendor/codeigniter4/framework/system/Database/BaseBuilder.php(1527): CodeIgniter\Database\BaseConnection->query('SELECT COUNT(*)...', Array, false)
#4 /home/xkynpbah/public_html/app/Controllers/Telegram.php(165): CodeIgniter\Database\BaseBuilder->countAllResults()
#5 /home/xkynpbah/public_html/app/Controllers/Telegram.php(124): App\Controllers\Telegram->askForResetConfirmation(6719727245, 6719727245, Object(stdClass), 'akashbabu', Object(stdClass))
#6 /home/xkynpbah/public_html/vendor/codeigniter4/framework/system/CodeIgniter.php(824): App\Controllers\Telegram->index()
#7 /home/xkynpbah/public_html/vendor/codeigniter4/framework/system/CodeIgniter.php(410): CodeIgniter\CodeIgniter->runController(Object(App\Controllers\Telegram))
#8 /home/xkynpbah/public_html/vendor/codeigniter4/framework/system/CodeIgniter.php(318): CodeIgniter\CodeIgniter->handleRequest(NULL, Object(Config\Cache), false)
#9 /home/xkynpbah/public_html/index.php(37): CodeIgniter\CodeIgniter->run()
#10 {main}
ERROR - 2026-07-27 04:35:46 --> Telegram controller called
ERROR - 2026-07-27 04:35:46 --> Table 'xkynpbah_titoo.telegram_premium' doesn't exist
CRITICAL - 2026-07-27 04:35:46 --> Table 'xkynpbah_titoo.telegram_premium' doesn't exist
#0 /home/xkynpbah/public_html/vendor/codeigniter4/framework/system/Database/MySQLi/Connection.php(292): mysqli->query('SELECT COUNT(*)...', 0)
#1 /home/xkynpbah/public_html/vendor/codeigniter4/framework/system/Database/BaseConnection.php(670): CodeIgniter\Database\MySQLi\Connection->execute('SELECT COUNT(*)...')
#2 /home/xkynpbah/public_html/vendor/codeigniter4/framework/system/Database/BaseConnection.php(598): CodeIgniter\Database\BaseConnection->simpleQuery('SELECT COUNT(*)...')
#3 /home/xkynpbah/public_html/vendor/codeigniter4/framework/system/Database/BaseBuilder.php(1527): CodeIgniter\Database\BaseConnection->query('SELECT COUNT(*)...', Array, false)
#4 /home/xkynpbah/public_html/app/Controllers/Telegram.php(165): CodeIgniter\Database\BaseBuilder->countAllResults()
#5 /home/xkynpbah/public_html/app/Controllers/Telegram.php(124): App\Controllers\Telegram->askForResetConfirmation(6719727245, 6719727245, Object(stdClass), 'akashbabu', Object(stdClass))
#6 /home/xkynpbah/public_html/vendor/codeigniter4/framework/system/CodeIgniter.php(824): App\Controllers\Telegram->index()
#7 /home/xkynpbah/public_html/vendor/codeigniter4/framework/system/CodeIgniter.php(410): CodeIgniter\CodeIgniter->runController(Object(App\Controllers\Telegram))
#8 /home/xkynpbah/public_html/vendor/codeigniter4/framework/system/CodeIgniter.php(318): CodeIgniter\CodeIgniter->handleRequest(NULL, Object(Config\Cache), false)
#9 /home/xkynpbah/public_html/index.php(37): CodeIgniter\CodeIgniter->run()
#10 {main}
ERROR - 2026-07-27 04:37:03 --> Telegram controller called
ERROR - 2026-07-27 04:37:03 --> Table 'xkynpbah_titoo.telegram_premium' doesn't exist
CRITICAL - 2026-07-27 04:37:03 --> Table 'xkynpbah_titoo.telegram_premium' doesn't exist
#0 /home/xkynpbah/public_html/vendor/codeigniter4/framework/system/Database/MySQLi/Connection.php(292): mysqli->query('SELECT COUNT(*)...', 0)
#1 /home/xkynpbah/public_html/vendor/codeigniter4/framework/system/Database/BaseConnection.php(670): CodeIgniter\Database\MySQLi\Connection->execute('SELECT COUNT(*)...')
#2 /home/xkynpbah/public_html/vendor/codeigniter4/framework/system/Database/BaseConnection.php(598): CodeIgniter\Database\BaseConnection->simpleQuery('SELECT COUNT(*)...')
#3 /home/xkynpbah/public_html/vendor/codeigniter4/framework/system/Database/BaseBuilder.php(1527): CodeIgniter\Database\BaseConnection->query('SELECT COUNT(*)...', Array, false)
#4 /home/xkynpbah/public_html/app/Controllers/Telegram.php(165): CodeIgniter\Database\BaseBuilder->countAllResults()
#5 /home/xkynpbah/public_html/app/Controllers/Telegram.php(124): App\Controllers\Telegram->askForResetConfirmation(6719727245, 6719727245, Object(stdClass), 'akashbabu', Object(stdClass))
#6 /home/xkynpbah/public_html/vendor/codeigniter4/framework/system/CodeIgniter.php(824): App\Controllers\Telegram->index()
#7 /home/xkynpbah/public_html/vendor/codeigniter4/framework/system/CodeIgniter.php(410): CodeIgniter\CodeIgniter->runController(Object(App\Controllers\Telegram))
#8 /home/xkynpbah/public_html/vendor/codeigniter4/framework/system/CodeIgniter.php(318): CodeIgniter\CodeIgniter->handleRequest(NULL, Object(Config\Cache), false)
#9 /home/xkynpbah/public_html/index.php(37): CodeIgniter\CodeIgniter->run()
#10 {main}
ERROR - 2026-07-27 04:38:23 --> Telegram controller called
ERROR - 2026-07-27 04:38:23 --> Table 'xkynpbah_titoo.telegram_premium' doesn't exist
CRITICAL - 2026-07-27 04:38:23 --> Table 'xkynpbah_titoo.telegram_premium' doesn't exist
#0 /home/xkynpbah/public_html/vendor/codeigniter4/framework/system/Database/MySQLi/Connection.php(292): mysqli->query('SELECT COUNT(*)...', 0)
#1 /home/xkynpbah/public_html/vendor/codeigniter4/framework/system/Database/BaseConnection.php(670): CodeIgniter\Database\MySQLi\Connection->execute('SELECT COUNT(*)...')
#2 /home/xkynpbah/public_html/vendor/codeigniter4/framework/system/Database/BaseConnection.php(598): CodeIgniter\Database\BaseConnection->simpleQuery('SELECT COUNT(*)...')
#3 /home/xkynpbah/public_html/vendor/codeigniter4/framework/system/Database/BaseBuilder.php(1527): CodeIgniter\Database\BaseConnection->query('SELECT COUNT(*)...', Array, false)
#4 /home/xkynpbah/public_html/app/Controllers/Telegram.php(165): CodeIgniter\Database\BaseBuilder->countAllResults()
#5 /home/xkynpbah/public_html/app/Controllers/Telegram.php(124): App\Controllers\Telegram->askForResetConfirmation(6719727245, 6719727245, Object(stdClass), 'akashbabu', Object(stdClass))
#6 /home/xkynpbah/public_html/vendor/codeigniter4/framework/system/CodeIgniter.php(824): App\Controllers\Telegram->index()
#7 /home/xkynpbah/public_html/vendor/codeigniter4/framework/system/CodeIgniter.php(410): CodeIgniter\CodeIgniter->runController(Object(App\Controllers\Telegram))
#8 /home/xkynpbah/public_html/vendor/codeigniter4/framework/system/CodeIgniter.php(318): CodeIgniter\CodeIgniter->handleRequest(NULL, Object(Config\Cache), false)
#9 /home/xkynpbah/public_html/index.php(37): CodeIgniter\CodeIgniter->run()
#10 {main}
ERROR - 2026-07-27 04:40:09 --> Telegram controller called
ERROR - 2026-07-27 04:40:09 --> Table 'xkynpbah_titoo.telegram_premium' doesn't exist
CRITICAL - 2026-07-27 04:40:09 --> Table 'xkynpbah_titoo.telegram_premium' doesn't exist
#0 /home/xkynpbah/public_html/vendor/codeigniter4/framework/system/Database/MySQLi/Connection.php(292): mysqli->query('SELECT COUNT(*)...', 0)
#1 /home/xkynpbah/public_html/vendor/codeigniter4/framework/system/Database/BaseConnection.php(670): CodeIgniter\Database\MySQLi\Connection->execute('SELECT COUNT(*)...')
#2 /home/xkynpbah/public_html/vendor/codeigniter4/framework/system/Database/BaseConnection.php(598): CodeIgniter\Database\BaseConnection->simpleQuery('SELECT COUNT(*)...')
#3 /home/xkynpbah/public_html/vendor/codeigniter4/framework/system/Database/BaseBuilder.php(1527): CodeIgniter\Database\BaseConnection->query('SELECT COUNT(*)...', Array, false)
#4 /home/xkynpbah/public_html/app/Controllers/Telegram.php(165): CodeIgniter\Database\BaseBuilder->countAllResults()
#5 /home/xkynpbah/public_html/app/Controllers/Telegram.php(124): App\Controllers\Telegram->askForResetConfirmation(6719727245, 6719727245, Object(stdClass), 'akashbabu', Object(stdClass))
#6 /home/xkynpbah/public_html/vendor/codeigniter4/framework/system/CodeIgniter.php(824): App\Controllers\Telegram->index()
#7 /home/xkynpbah/public_html/vendor/codeigniter4/framework/system/CodeIgniter.php(410): CodeIgniter\CodeIgniter->runController(Object(App\Controllers\Telegram))
#8 /home/xkynpbah/public_html/vendor/codeigniter4/framework/system/CodeIgniter.php(318): CodeIgniter\CodeIgniter->handleRequest(NULL, Object(Config\Cache), false)
#9 /home/xkynpbah/public_html/index.php(37): CodeIgniter\CodeIgniter->run()
#10 {main}
ERROR - 2026-07-27 04:41:21 --> Telegram controller called
ERROR - 2026-07-27 04:41:21 --> Table 'xkynpbah_titoo.telegram_premium' doesn't exist
CRITICAL - 2026-07-27 04:41:21 --> Table 'xkynpbah_titoo.telegram_premium' doesn't exist
#0 /home/xkynpbah/public_html/vendor/codeigniter4/framework/system/Database/MySQLi/Connection.php(292): mysqli->query('SELECT COUNT(*)...', 0)
#1 /home/xkynpbah/public_html/vendor/codeigniter4/framework/system/Database/BaseConnection.php(670): CodeIgniter\Database\MySQLi\Connection->execute('SELECT COUNT(*)...')
#2 /home/xkynpbah/public_html/vendor/codeigniter4/framework/system/Database/BaseConnection.php(598): CodeIgniter\Database\BaseConnection->simpleQuery('SELECT COUNT(*)...')
#3 /home/xkynpbah/public_html/vendor/codeigniter4/framework/system/Database/BaseBuilder.php(1527): CodeIgniter\Database\BaseConnection->query('SELECT COUNT(*)...', Array, false)
#4 /home/xkynpbah/public_html/app/Controllers/Telegram.php(165): CodeIgniter\Database\BaseBuilder->countAllResults()
#5 /home/xkynpbah/public_html/app/Controllers/Telegram.php(124): App\Controllers\Telegram->askForResetConfirmation(6719727245, 6719727245, Object(stdClass), 'akashbabu', Object(stdClass))
#6 /home/xkynpbah/public_html/vendor/codeigniter4/framework/system/CodeIgniter.php(824): App\Controllers\Telegram->index()
#7 /home/xkynpbah/public_html/vendor/codeigniter4/framework/system/CodeIgniter.php(410): CodeIgniter\CodeIgniter->runController(Object(App\Controllers\Telegram))
#8 /home/xkynpbah/public_html/vendor/codeigniter4/framework/system/CodeIgniter.php(318): CodeIgniter\CodeIgniter->handleRequest(NULL, Object(Config\Cache), false)
#9 /home/xkynpbah/public_html/index.php(37): CodeIgniter\CodeIgniter->run()
#10 {main}
ERROR - 2026-07-27 04:42:37 --> Telegram controller called
ERROR - 2026-07-27 04:42:37 --> Table 'xkynpbah_titoo.telegram_premium' doesn't exist
CRITICAL - 2026-07-27 04:42:37 --> Table 'xkynpbah_titoo.telegram_premium' doesn't exist
#0 /home/xkynpbah/public_html/vendor/codeigniter4/framework/system/Database/MySQLi/Connection.php(292): mysqli->query('SELECT COUNT(*)...', 0)
#1 /home/xkynpbah/public_html/vendor/codeigniter4/framework/system/Database/BaseConnection.php(670): CodeIgniter\Database\MySQLi\Connection->execute('SELECT COUNT(*)...')
#2 /home/xkynpbah/public_html/vendor/codeigniter4/framework/system/Database/BaseConnection.php(598): CodeIgniter\Database\BaseConnection->simpleQuery('SELECT COUNT(*)...')
#3 /home/xkynpbah/public_html/vendor/codeigniter4/framework/system/Database/BaseBuilder.php(1527): CodeIgniter\Database\BaseConnection->query('SELECT COUNT(*)...', Array, false)
#4 /home/xkynpbah/public_html/app/Controllers/Telegram.php(165): CodeIgniter\Database\BaseBuilder->countAllResults()
#5 /home/xkynpbah/public_html/app/Controllers/Telegram.php(124): App\Controllers\Telegram->askForResetConfirmation(6719727245, 6719727245, Object(stdClass), 'akashbabu', Object(stdClass))
#6 /home/xkynpbah/public_html/vendor/codeigniter4/framework/system/CodeIgniter.php(824): App\Controllers\Telegram->index()
#7 /home/xkynpbah/public_html/vendor/codeigniter4/framework/system/CodeIgniter.php(410): CodeIgniter\CodeIgniter->runController(Object(App\Controllers\Telegram))
#8 /home/xkynpbah/public_html/vendor/codeigniter4/framework/system/CodeIgniter.php(318): CodeIgniter\CodeIgniter->handleRequest(NULL, Object(Config\Cache), false)
#9 /home/xkynpbah/public_html/index.php(37): CodeIgniter\CodeIgniter->run()
#10 {main}
ERROR - 2026-07-27 04:44:17 --> Telegram controller called
ERROR - 2026-07-27 04:44:17 --> Table 'xkynpbah_titoo.telegram_premium' doesn't exist
CRITICAL - 2026-07-27 04:44:17 --> Table 'xkynpbah_titoo.telegram_premium' doesn't exist
#0 /home/xkynpbah/public_html/vendor/codeigniter4/framework/system/Database/MySQLi/Connection.php(292): mysqli->query('SELECT COUNT(*)...', 0)
#1 /home/xkynpbah/public_html/vendor/codeigniter4/framework/system/Database/BaseConnection.php(670): CodeIgniter\Database\MySQLi\Connection->execute('SELECT COUNT(*)...')
#2 /home/xkynpbah/public_html/vendor/codeigniter4/framework/system/Database/BaseConnection.php(598): CodeIgniter\Database\BaseConnection->simpleQuery('SELECT COUNT(*)...')
#3 /home/xkynpbah/public_html/vendor/codeigniter4/framework/system/Database/BaseBuilder.php(1527): CodeIgniter\Database\BaseConnection->query('SELECT COUNT(*)...', Array, false)
#4 /home/xkynpbah/public_html/app/Controllers/Telegram.php(165): CodeIgniter\Database\BaseBuilder->countAllResults()
#5 /home/xkynpbah/public_html/app/Controllers/Telegram.php(124): App\Controllers\Telegram->askForResetConfirmation(6719727245, 6719727245, Object(stdClass), 'akashbabu', Object(stdClass))
#6 /home/xkynpbah/public_html/vendor/codeigniter4/framework/system/CodeIgniter.php(824): App\Controllers\Telegram->index()
#7 /home/xkynpbah/public_html/vendor/codeigniter4/framework/system/CodeIgniter.php(410): CodeIgniter\CodeIgniter->runController(Object(App\Controllers\Telegram))
#8 /home/xkynpbah/public_html/vendor/codeigniter4/framework/system/CodeIgniter.php(318): CodeIgniter\CodeIgniter->handleRequest(NULL, Object(Config\Cache), false)
#9 /home/xkynpbah/public_html/index.php(37): CodeIgniter\CodeIgniter->run()
#10 {main}
ERROR - 2026-07-27 04:45:37 --> Telegram controller called
ERROR - 2026-07-27 04:45:37 --> Table 'xkynpbah_titoo.telegram_premium' doesn't exist
CRITICAL - 2026-07-27 04:45:37 --> Table 'xkynpbah_titoo.telegram_premium' doesn't exist
#0 /home/xkynpbah/public_html/vendor/codeigniter4/framework/system/Database/MySQLi/Connection.php(292): mysqli->query('SELECT COUNT(*)...', 0)
#1 /home/xkynpbah/public_html/vendor/codeigniter4/framework/system/Database/BaseConnection.php(670): CodeIgniter\Database\MySQLi\Connection->execute('SELECT COUNT(*)...')
#2 /home/xkynpbah/public_html/vendor/codeigniter4/framework/system/Database/BaseConnection.php(598): CodeIgniter\Database\BaseConnection->simpleQuery('SELECT COUNT(*)...')
#3 /home/xkynpbah/public_html/vendor/codeigniter4/framework/system/Database/BaseBuilder.php(1527): CodeIgniter\Database\BaseConnection->query('SELECT COUNT(*)...', Array, false)
#4 /home/xkynpbah/public_html/app/Controllers/Telegram.php(165): CodeIgniter\Database\BaseBuilder->countAllResults()
#5 /home/xkynpbah/public_html/app/Controllers/Telegram.php(124): App\Controllers\Telegram->askForResetConfirmation(6719727245, 6719727245, Object(stdClass), 'akashbabu', Object(stdClass))
#6 /home/xkynpbah/public_html/vendor/codeigniter4/framework/system/CodeIgniter.php(824): App\Controllers\Telegram->index()
#7 /home/xkynpbah/public_html/vendor/codeigniter4/framework/system/CodeIgniter.php(410): CodeIgniter\CodeIgniter->runController(Object(App\Controllers\Telegram))
#8 /home/xkynpbah/public_html/vendor/codeigniter4/framework/system/CodeIgniter.php(318): CodeIgniter\CodeIgniter->handleRequest(NULL, Object(Config\Cache), false)
#9 /home/xkynpbah/public_html/index.php(37): CodeIgniter\CodeIgniter->run()
#10 {main}
ERROR - 2026-07-27 04:47:35 --> Telegram controller called
ERROR - 2026-07-27 04:47:35 --> Table 'xkynpbah_titoo.telegram_premium' doesn't exist
CRITICAL - 2026-07-27 04:47:35 --> Table 'xkynpbah_titoo.telegram_premium' doesn't exist
#0 /home/xkynpbah/public_html/vendor/codeigniter4/framework/system/Database/MySQLi/Connection.php(292): mysqli->query('SELECT COUNT(*)...', 0)
#1 /home/xkynpbah/public_html/vendor/codeigniter4/framework/system/Database/BaseConnection.php(670): CodeIgniter\Database\MySQLi\Connection->execute('SELECT COUNT(*)...')
#2 /home/xkynpbah/public_html/vendor/codeigniter4/framework/system/Database/BaseConnection.php(598): CodeIgniter\Database\BaseConnection->simpleQuery('SELECT COUNT(*)...')
#3 /home/xkynpbah/public_html/vendor/codeigniter4/framework/system/Database/BaseBuilder.php(1527): CodeIgniter\Database\BaseConnection->query('SELECT COUNT(*)...', Array, false)
#4 /home/xkynpbah/public_html/app/Controllers/Telegram.php(165): CodeIgniter\Database\BaseBuilder->countAllResults()
#5 /home/xkynpbah/public_html/app/Controllers/Telegram.php(124): App\Controllers\Telegram->askForResetConfirmation(6719727245, 6719727245, Object(stdClass), 'akashbabu', Object(stdClass))
#6 /home/xkynpbah/public_html/vendor/codeigniter4/framework/system/CodeIgniter.php(824): App\Controllers\Telegram->index()
#7 /home/xkynpbah/public_html/vendor/codeigniter4/framework/system/CodeIgniter.php(410): CodeIgniter\CodeIgniter->runController(Object(App\Controllers\Telegram))
#8 /home/xkynpbah/public_html/vendor/codeigniter4/framework/system/CodeIgniter.php(318): CodeIgniter\CodeIgniter->handleRequest(NULL, Object(Config\Cache), false)
#9 /home/xkynpbah/public_html/index.php(37): CodeIgniter\CodeIgniter->run()
#10 {main}
ERROR - 2026-07-27 04:49:34 --> Telegram controller called
ERROR - 2026-07-27 04:49:34 --> Table 'xkynpbah_titoo.telegram_premium' doesn't exist
CRITICAL - 2026-07-27 04:49:34 --> Table 'xkynpbah_titoo.telegram_premium' doesn't exist
#0 /home/xkynpbah/public_html/vendor/codeigniter4/framework/system/Database/MySQLi/Connection.php(292): mysqli->query('SELECT COUNT(*)...', 0)
#1 /home/xkynpbah/public_html/vendor/codeigniter4/framework/system/Database/BaseConnection.php(670): CodeIgniter\Database\MySQLi\Connection->execute('SELECT COUNT(*)...')
#2 /home/xkynpbah/public_html/vendor/codeigniter4/framework/system/Database/BaseConnection.php(598): CodeIgniter\Database\BaseConnection->simpleQuery('SELECT COUNT(*)...')
#3 /home/xkynpbah/public_html/vendor/codeigniter4/framework/system/Database/BaseBuilder.php(1527): CodeIgniter\Database\BaseConnection->query('SELECT COUNT(*)...', Array, false)
#4 /home/xkynpbah/public_html/app/Controllers/Telegram.php(165): CodeIgniter\Database\BaseBuilder->countAllResults()
#5 /home/xkynpbah/public_html/app/Controllers/Telegram.php(124): App\Controllers\Telegram->askForResetConfirmation(6719727245, 6719727245, Object(stdClass), 'akashbabu', Object(stdClass))
#6 /home/xkynpbah/public_html/vendor/codeigniter4/framework/system/CodeIgniter.php(824): App\Controllers\Telegram->index()
#7 /home/xkynpbah/public_html/vendor/codeigniter4/framework/system/CodeIgniter.php(410): CodeIgniter\CodeIgniter->runController(Object(App\Controllers\Telegram))
#8 /home/xkynpbah/public_html/vendor/codeigniter4/framework/system/CodeIgniter.php(318): CodeIgniter\CodeIgniter->handleRequest(NULL, Object(Config\Cache), false)
#9 /home/xkynpbah/public_html/index.php(37): CodeIgniter\CodeIgniter->run()
#10 {main}
ERROR - 2026-07-27 04:50:57 --> Telegram controller called
ERROR - 2026-07-27 04:50:57 --> Table 'xkynpbah_titoo.telegram_premium' doesn't exist
CRITICAL - 2026-07-27 04:50:57 --> Table 'xkynpbah_titoo.telegram_premium' doesn't exist
#0 /home/xkynpbah/public_html/vendor/codeigniter4/framework/system/Database/MySQLi/Connection.php(292): mysqli->query('SELECT COUNT(*)...', 0)
#1 /home/xkynpbah/public_html/vendor/codeigniter4/framework/system/Database/BaseConnection.php(670): CodeIgniter\Database\MySQLi\Connection->execute('SELECT COUNT(*)...')
#2 /home/xkynpbah/public_html/vendor/codeigniter4/framework/system/Database/BaseConnection.php(598): CodeIgniter\Database\BaseConnection->simpleQuery('SELECT COUNT(*)...')
#3 /home/xkynpbah/public_html/vendor/codeigniter4/framework/system/Database/BaseBuilder.php(1527): CodeIgniter\Database\BaseConnection->query('SELECT COUNT(*)...', Array, false)
#4 /home/xkynpbah/public_html/app/Controllers/Telegram.php(165): CodeIgniter\Database\BaseBuilder->countAllResults()
#5 /home/xkynpbah/public_html/app/Controllers/Telegram.php(124): App\Controllers\Telegram->askForResetConfirmation(6719727245, 6719727245, Object(stdClass), 'akashbabu', Object(stdClass))
#6 /home/xkynpbah/public_html/vendor/codeigniter4/framework/system/CodeIgniter.php(824): App\Controllers\Telegram->index()
#7 /home/xkynpbah/public_html/vendor/codeigniter4/framework/system/CodeIgniter.php(410): CodeIgniter\CodeIgniter->runController(Object(App\Controllers\Telegram))
#8 /home/xkynpbah/public_html/vendor/codeigniter4/framework/system/CodeIgniter.php(318): CodeIgniter\CodeIgniter->handleRequest(NULL, Object(Config\Cache), false)
#9 /home/xkynpbah/public_html/index.php(37): CodeIgniter\CodeIgniter->run()
#10 {main}
ERROR - 2026-07-27 04:52:37 --> Telegram controller called
ERROR - 2026-07-27 04:52:37 --> Table 'xkynpbah_titoo.telegram_premium' doesn't exist
CRITICAL - 2026-07-27 04:52:37 --> Table 'xkynpbah_titoo.telegram_premium' doesn't exist
#0 /home/xkynpbah/public_html/vendor/codeigniter4/framework/system/Database/MySQLi/Connection.php(292): mysqli->query('SELECT COUNT(*)...', 0)
#1 /home/xkynpbah/public_html/vendor/codeigniter4/framework/system/Database/BaseConnection.php(670): CodeIgniter\Database\MySQLi\Connection->execute('SELECT COUNT(*)...')
#2 /home/xkynpbah/public_html/vendor/codeigniter4/framework/system/Database/BaseConnection.php(598): CodeIgniter\Database\BaseConnection->simpleQuery('SELECT COUNT(*)...')
#3 /home/xkynpbah/public_html/vendor/codeigniter4/framework/system/Database/BaseBuilder.php(1527): CodeIgniter\Database\BaseConnection->query('SELECT COUNT(*)...', Array, false)
#4 /home/xkynpbah/public_html/app/Controllers/Telegram.php(165): CodeIgniter\Database\BaseBuilder->countAllResults()
#5 /home/xkynpbah/public_html/app/Controllers/Telegram.php(124): App\Controllers\Telegram->askForResetConfirmation(6719727245, 6719727245, Object(stdClass), 'akashbabu', Object(stdClass))
#6 /home/xkynpbah/public_html/vendor/codeigniter4/framework/system/CodeIgniter.php(824): App\Controllers\Telegram->index()
#7 /home/xkynpbah/public_html/vendor/codeigniter4/framework/system/CodeIgniter.php(410): CodeIgniter\CodeIgniter->runController(Object(App\Controllers\Telegram))
#8 /home/xkynpbah/public_html/vendor/codeigniter4/framework/system/CodeIgniter.php(318): CodeIgniter\CodeIgniter->handleRequest(NULL, Object(Config\Cache), false)
#9 /home/xkynpbah/public_html/index.php(37): CodeIgniter\CodeIgniter->run()
#10 {main}
ERROR - 2026-07-27 04:54:17 --> Telegram controller called
ERROR - 2026-07-27 04:54:17 --> Table 'xkynpbah_titoo.telegram_premium' doesn't exist
CRITICAL - 2026-07-27 04:54:17 --> Table 'xkynpbah_titoo.telegram_premium' doesn't exist
#0 /home/xkynpbah/public_html/vendor/codeigniter4/framework/system/Database/MySQLi/Connection.php(292): mysqli->query('SELECT COUNT(*)...', 0)
#1 /home/xkynpbah/public_html/vendor/codeigniter4/framework/system/Database/BaseConnection.php(670): CodeIgniter\Database\MySQLi\Connection->execute('SELECT COUNT(*)...')
#2 /home/xkynpbah/public_html/vendor/codeigniter4/framework/system/Database/BaseConnection.php(598): CodeIgniter\Database\BaseConnection->simpleQuery('SELECT COUNT(*)...')
#3 /home/xkynpbah/public_html/vendor/codeigniter4/framework/system/Database/BaseBuilder.php(1527): CodeIgniter\Database\BaseConnection->query('SELECT COUNT(*)...', Array, false)
#4 /home/xkynpbah/public_html/app/Controllers/Telegram.php(165): CodeIgniter\Database\BaseBuilder->countAllResults()
#5 /home/xkynpbah/public_html/app/Controllers/Telegram.php(124): App\Controllers\Telegram->askForResetConfirmation(6719727245, 6719727245, Object(stdClass), 'akashbabu', Object(stdClass))
#6 /home/xkynpbah/public_html/vendor/codeigniter4/framework/system/CodeIgniter.php(824): App\Controllers\Telegram->index()
#7 /home/xkynpbah/public_html/vendor/codeigniter4/framework/system/CodeIgniter.php(410): CodeIgniter\CodeIgniter->runController(Object(App\Controllers\Telegram))
#8 /home/xkynpbah/public_html/vendor/codeigniter4/framework/system/CodeIgniter.php(318): CodeIgniter\CodeIgniter->handleRequest(NULL, Object(Config\Cache), false)
#9 /home/xkynpbah/public_html/index.php(37): CodeIgniter\CodeIgniter->run()
#10 {main}
ERROR - 2026-07-27 04:55:24 --> Telegram controller called
ERROR - 2026-07-27 04:55:24 --> Table 'xkynpbah_titoo.telegram_premium' doesn't exist
CRITICAL - 2026-07-27 04:55:24 --> Table 'xkynpbah_titoo.telegram_premium' doesn't exist
#0 /home/xkynpbah/public_html/vendor/codeigniter4/framework/system/Database/MySQLi/Connection.php(292): mysqli->query('SELECT COUNT(*)...', 0)
#1 /home/xkynpbah/public_html/vendor/codeigniter4/framework/system/Database/BaseConnection.php(670): CodeIgniter\Database\MySQLi\Connection->execute('SELECT COUNT(*)...')
#2 /home/xkynpbah/public_html/vendor/codeigniter4/framework/system/Database/BaseConnection.php(598): CodeIgniter\Database\BaseConnection->simpleQuery('SELECT COUNT(*)...')
#3 /home/xkynpbah/public_html/vendor/codeigniter4/framework/system/Database/BaseBuilder.php(1527): CodeIgniter\Database\BaseConnection->query('SELECT COUNT(*)...', Array, false)
#4 /home/xkynpbah/public_html/app/Controllers/Telegram.php(165): CodeIgniter\Database\BaseBuilder->countAllResults()
#5 /home/xkynpbah/public_html/app/Controllers/Telegram.php(124): App\Controllers\Telegram->askForResetConfirmation(6719727245, 6719727245, Object(stdClass), 'akashbabu', Object(stdClass))
#6 /home/xkynpbah/public_html/vendor/codeigniter4/framework/system/CodeIgniter.php(824): App\Controllers\Telegram->index()
#7 /home/xkynpbah/public_html/vendor/codeigniter4/framework/system/CodeIgniter.php(410): CodeIgniter\CodeIgniter->runController(Object(App\Controllers\Telegram))
#8 /home/xkynpbah/public_html/vendor/codeigniter4/framework/system/CodeIgniter.php(318): CodeIgniter\CodeIgniter->handleRequest(NULL, Object(Config\Cache), false)
#9 /home/xkynpbah/public_html/index.php(37): CodeIgniter\CodeIgniter->run()
#10 {main}
ERROR - 2026-07-27 04:57:21 --> Telegram controller called
ERROR - 2026-07-27 04:57:21 --> Table 'xkynpbah_titoo.telegram_premium' doesn't exist
CRITICAL - 2026-07-27 04:57:21 --> Table 'xkynpbah_titoo.telegram_premium' doesn't exist
#0 /home/xkynpbah/public_html/vendor/codeigniter4/framework/system/Database/MySQLi/Connection.php(292): mysqli->query('SELECT COUNT(*)...', 0)
#1 /home/xkynpbah/public_html/vendor/codeigniter4/framework/system/Database/BaseConnection.php(670): CodeIgniter\Database\MySQLi\Connection->execute('SELECT COUNT(*)...')
#2 /home/xkynpbah/public_html/vendor/codeigniter4/framework/system/Database/BaseConnection.php(598): CodeIgniter\Database\BaseConnection->simpleQuery('SELECT COUNT(*)...')
#3 /home/xkynpbah/public_html/vendor/codeigniter4/framework/system/Database/BaseBuilder.php(1527): CodeIgniter\Database\BaseConnection->query('SELECT COUNT(*)...', Array, false)
#4 /home/xkynpbah/public_html/app/Controllers/Telegram.php(165): CodeIgniter\Database\BaseBuilder->countAllResults()
#5 /home/xkynpbah/public_html/app/Controllers/Telegram.php(124): App\Controllers\Telegram->askForResetConfirmation(6719727245, 6719727245, Object(stdClass), 'akashbabu', Object(stdClass))
#6 /home/xkynpbah/public_html/vendor/codeigniter4/framework/system/CodeIgniter.php(824): App\Controllers\Telegram->index()
#7 /home/xkynpbah/public_html/vendor/codeigniter4/framework/system/CodeIgniter.php(410): CodeIgniter\CodeIgniter->runController(Object(App\Controllers\Telegram))
#8 /home/xkynpbah/public_html/vendor/codeigniter4/framework/system/CodeIgniter.php(318): CodeIgniter\CodeIgniter->handleRequest(NULL, Object(Config\Cache), false)
#9 /home/xkynpbah/public_html/index.php(37): CodeIgniter\CodeIgniter->run()
#10 {main}
ERROR - 2026-07-27 04:58:58 --> Telegram controller called
ERROR - 2026-07-27 04:58:58 --> Table 'xkynpbah_titoo.telegram_premium' doesn't exist
CRITICAL - 2026-07-27 04:58:58 --> Table 'xkynpbah_titoo.telegram_premium' doesn't exist
#0 /home/xkynpbah/public_html/vendor/codeigniter4/framework/system/Database/MySQLi/Connection.php(292): mysqli->query('SELECT COUNT(*)...', 0)
#1 /home/xkynpbah/public_html/vendor/codeigniter4/framework/system/Database/BaseConnection.php(670): CodeIgniter\Database\MySQLi\Connection->execute('SELECT COUNT(*)...')
#2 /home/xkynpbah/public_html/vendor/codeigniter4/framework/system/Database/BaseConnection.php(598): CodeIgniter\Database\BaseConnection->simpleQuery('SELECT COUNT(*)...')
#3 /home/xkynpbah/public_html/vendor/codeigniter4/framework/system/Database/BaseBuilder.php(1527): CodeIgniter\Database\BaseConnection->query('SELECT COUNT(*)...', Array, false)
#4 /home/xkynpbah/public_html/app/Controllers/Telegram.php(165): CodeIgniter\Database\BaseBuilder->countAllResults()
#5 /home/xkynpbah/public_html/app/Controllers/Telegram.php(124): App\Controllers\Telegram->askForResetConfirmation(6719727245, 6719727245, Object(stdClass), 'akashbabu', Object(stdClass))
#6 /home/xkynpbah/public_html/vendor/codeigniter4/framework/system/CodeIgniter.php(824): App\Controllers\Telegram->index()
#7 /home/xkynpbah/public_html/vendor/codeigniter4/framework/system/CodeIgniter.php(410): CodeIgniter\CodeIgniter->runController(Object(App\Controllers\Telegram))
#8 /home/xkynpbah/public_html/vendor/codeigniter4/framework/system/CodeIgniter.php(318): CodeIgniter\CodeIgniter->handleRequest(NULL, Object(Config\Cache), false)
#9 /home/xkynpbah/public_html/index.php(37): CodeIgniter\CodeIgniter->run()
#10 {main}
ERROR - 2026-07-27 05:00:29 --> Telegram controller called
ERROR - 2026-07-27 05:00:29 --> Table 'xkynpbah_titoo.telegram_premium' doesn't exist
CRITICAL - 2026-07-27 05:00:29 --> Table 'xkynpbah_titoo.telegram_premium' doesn't exist
#0 /home/xkynpbah/public_html/vendor/codeigniter4/framework/system/Database/MySQLi/Connection.php(292): mysqli->query('SELECT COUNT(*)...', 0)
#1 /home/xkynpbah/public_html/vendor/codeigniter4/framework/system/Database/BaseConnection.php(670): CodeIgniter\Database\MySQLi\Connection->execute('SELECT COUNT(*)...')
#2 /home/xkynpbah/public_html/vendor/codeigniter4/framework/system/Database/BaseConnection.php(598): CodeIgniter\Database\BaseConnection->simpleQuery('SELECT COUNT(*)...')
#3 /home/xkynpbah/public_html/vendor/codeigniter4/framework/system/Database/BaseBuilder.php(1527): CodeIgniter\Database\BaseConnection->query('SELECT COUNT(*)...', Array, false)
#4 /home/xkynpbah/public_html/app/Controllers/Telegram.php(165): CodeIgniter\Database\BaseBuilder->countAllResults()
#5 /home/xkynpbah/public_html/app/Controllers/Telegram.php(124): App\Controllers\Telegram->askForResetConfirmation(6719727245, 6719727245, Object(stdClass), 'akashbabu', Object(stdClass))
#6 /home/xkynpbah/public_html/vendor/codeigniter4/framework/system/CodeIgniter.php(824): App\Controllers\Telegram->index()
#7 /home/xkynpbah/public_html/vendor/codeigniter4/framework/system/CodeIgniter.php(410): CodeIgniter\CodeIgniter->runController(Object(App\Controllers\Telegram))
#8 /home/xkynpbah/public_html/vendor/codeigniter4/framework/system/CodeIgniter.php(318): CodeIgniter\CodeIgniter->handleRequest(NULL, Object(Config\Cache), false)
#9 /home/xkynpbah/public_html/index.php(37): CodeIgniter\CodeIgniter->run()
#10 {main}
ERROR - 2026-07-27 05:01:52 --> Telegram controller called
ERROR - 2026-07-27 05:01:52 --> Table 'xkynpbah_titoo.telegram_premium' doesn't exist
CRITICAL - 2026-07-27 05:01:52 --> Table 'xkynpbah_titoo.telegram_premium' doesn't exist
#0 /home/xkynpbah/public_html/vendor/codeigniter4/framework/system/Database/MySQLi/Connection.php(292): mysqli->query('SELECT COUNT(*)...', 0)
#1 /home/xkynpbah/public_html/vendor/codeigniter4/framework/system/Database/BaseConnection.php(670): CodeIgniter\Database\MySQLi\Connection->execute('SELECT COUNT(*)...')
#2 /home/xkynpbah/public_html/vendor/codeigniter4/framework/system/Database/BaseConnection.php(598): CodeIgniter\Database\BaseConnection->simpleQuery('SELECT COUNT(*)...')
#3 /home/xkynpbah/public_html/vendor/codeigniter4/framework/system/Database/BaseBuilder.php(1527): CodeIgniter\Database\BaseConnection->query('SELECT COUNT(*)...', Array, false)
#4 /home/xkynpbah/public_html/app/Controllers/Telegram.php(165): CodeIgniter\Database\BaseBuilder->countAllResults()
#5 /home/xkynpbah/public_html/app/Controllers/Telegram.php(124): App\Controllers\Telegram->askForResetConfirmation(6719727245, 6719727245, Object(stdClass), 'akashbabu', Object(stdClass))
#6 /home/xkynpbah/public_html/vendor/codeigniter4/framework/system/CodeIgniter.php(824): App\Controllers\Telegram->index()
#7 /home/xkynpbah/public_html/vendor/codeigniter4/framework/system/CodeIgniter.php(410): CodeIgniter\CodeIgniter->runController(Object(App\Controllers\Telegram))
#8 /home/xkynpbah/public_html/vendor/codeigniter4/framework/system/CodeIgniter.php(318): CodeIgniter\CodeIgniter->handleRequest(NULL, Object(Config\Cache), false)
#9 /home/xkynpbah/public_html/index.php(37): CodeIgniter\CodeIgniter->run()
#10 {main}
ERROR - 2026-07-27 05:03:22 --> Telegram controller called
ERROR - 2026-07-27 05:03:22 --> Table 'xkynpbah_titoo.telegram_premium' doesn't exist
CRITICAL - 2026-07-27 05:03:22 --> Table 'xkynpbah_titoo.telegram_premium' doesn't exist
#0 /home/xkynpbah/public_html/vendor/codeigniter4/framework/system/Database/MySQLi/Connection.php(292): mysqli->query('SELECT COUNT(*)...', 0)
#1 /home/xkynpbah/public_html/vendor/codeigniter4/framework/system/Database/BaseConnection.php(670): CodeIgniter\Database\MySQLi\Connection->execute('SELECT COUNT(*)...')
#2 /home/xkynpbah/public_html/vendor/codeigniter4/framework/system/Database/BaseConnection.php(598): CodeIgniter\Database\BaseConnection->simpleQuery('SELECT COUNT(*)...')
#3 /home/xkynpbah/public_html/vendor/codeigniter4/framework/system/Database/BaseBuilder.php(1527): CodeIgniter\Database\BaseConnection->query('SELECT COUNT(*)...', Array, false)
#4 /home/xkynpbah/public_html/app/Controllers/Telegram.php(165): CodeIgniter\Database\BaseBuilder->countAllResults()
#5 /home/xkynpbah/public_html/app/Controllers/Telegram.php(124): App\Controllers\Telegram->askForResetConfirmation(6719727245, 6719727245, Object(stdClass), 'akashbabu', Object(stdClass))
#6 /home/xkynpbah/public_html/vendor/codeigniter4/framework/system/CodeIgniter.php(824): App\Controllers\Telegram->index()
#7 /home/xkynpbah/public_html/vendor/codeigniter4/framework/system/CodeIgniter.php(410): CodeIgniter\CodeIgniter->runController(Object(App\Controllers\Telegram))
#8 /home/xkynpbah/public_html/vendor/codeigniter4/framework/system/CodeIgniter.php(318): CodeIgniter\CodeIgniter->handleRequest(NULL, Object(Config\Cache), false)
#9 /home/xkynpbah/public_html/index.php(37): CodeIgniter\CodeIgniter->run()
#10 {main}
ERROR - 2026-07-27 05:05:18 --> Telegram controller called
ERROR - 2026-07-27 05:05:18 --> Table 'xkynpbah_titoo.telegram_premium' doesn't exist
CRITICAL - 2026-07-27 05:05:18 --> Table 'xkynpbah_titoo.telegram_premium' doesn't exist
#0 /home/xkynpbah/public_html/vendor/codeigniter4/framework/system/Database/MySQLi/Connection.php(292): mysqli->query('SELECT COUNT(*)...', 0)
#1 /home/xkynpbah/public_html/vendor/codeigniter4/framework/system/Database/BaseConnection.php(670): CodeIgniter\Database\MySQLi\Connection->execute('SELECT COUNT(*)...')
#2 /home/xkynpbah/public_html/vendor/codeigniter4/framework/system/Database/BaseConnection.php(598): CodeIgniter\Database\BaseConnection->simpleQuery('SELECT COUNT(*)...')
#3 /home/xkynpbah/public_html/vendor/codeigniter4/framework/system/Database/BaseBuilder.php(1527): CodeIgniter\Database\BaseConnection->query('SELECT COUNT(*)...', Array, false)
#4 /home/xkynpbah/public_html/app/Controllers/Telegram.php(165): CodeIgniter\Database\BaseBuilder->countAllResults()
#5 /home/xkynpbah/public_html/app/Controllers/Telegram.php(124): App\Controllers\Telegram->askForResetConfirmation(6719727245, 6719727245, Object(stdClass), 'akashbabu', Object(stdClass))
#6 /home/xkynpbah/public_html/vendor/codeigniter4/framework/system/CodeIgniter.php(824): App\Controllers\Telegram->index()
#7 /home/xkynpbah/public_html/vendor/codeigniter4/framework/system/CodeIgniter.php(410): CodeIgniter\CodeIgniter->runController(Object(App\Controllers\Telegram))
#8 /home/xkynpbah/public_html/vendor/codeigniter4/framework/system/CodeIgniter.php(318): CodeIgniter\CodeIgniter->handleRequest(NULL, Object(Config\Cache), false)
#9 /home/xkynpbah/public_html/index.php(37): CodeIgniter\CodeIgniter->run()
#10 {main}
ERROR - 2026-07-27 05:06:33 --> Telegram controller called
ERROR - 2026-07-27 05:06:33 --> Table 'xkynpbah_titoo.telegram_premium' doesn't exist
CRITICAL - 2026-07-27 05:06:33 --> Table 'xkynpbah_titoo.telegram_premium' doesn't exist
#0 /home/xkynpbah/public_html/vendor/codeigniter4/framework/system/Database/MySQLi/Connection.php(292): mysqli->query('SELECT COUNT(*)...', 0)
#1 /home/xkynpbah/public_html/vendor/codeigniter4/framework/system/Database/BaseConnection.php(670): CodeIgniter\Database\MySQLi\Connection->execute('SELECT COUNT(*)...')
#2 /home/xkynpbah/public_html/vendor/codeigniter4/framework/system/Database/BaseConnection.php(598): CodeIgniter\Database\BaseConnection->simpleQuery('SELECT COUNT(*)...')
#3 /home/xkynpbah/public_html/vendor/codeigniter4/framework/system/Database/BaseBuilder.php(1527): CodeIgniter\Database\BaseConnection->query('SELECT COUNT(*)...', Array, false)
#4 /home/xkynpbah/public_html/app/Controllers/Telegram.php(165): CodeIgniter\Database\BaseBuilder->countAllResults()
#5 /home/xkynpbah/public_html/app/Controllers/Telegram.php(124): App\Controllers\Telegram->askForResetConfirmation(6719727245, 6719727245, Object(stdClass), 'akashbabu', Object(stdClass))
#6 /home/xkynpbah/public_html/vendor/codeigniter4/framework/system/CodeIgniter.php(824): App\Controllers\Telegram->index()
#7 /home/xkynpbah/public_html/vendor/codeigniter4/framework/system/CodeIgniter.php(410): CodeIgniter\CodeIgniter->runController(Object(App\Controllers\Telegram))
#8 /home/xkynpbah/public_html/vendor/codeigniter4/framework/system/CodeIgniter.php(318): CodeIgniter\CodeIgniter->handleRequest(NULL, Object(Config\Cache), false)
#9 /home/xkynpbah/public_html/index.php(37): CodeIgniter\CodeIgniter->run()
#10 {main}
ERROR - 2026-07-27 05:07:41 --> Telegram controller called
ERROR - 2026-07-27 05:07:41 --> Table 'xkynpbah_titoo.telegram_premium' doesn't exist
CRITICAL - 2026-07-27 05:07:41 --> Table 'xkynpbah_titoo.telegram_premium' doesn't exist
#0 /home/xkynpbah/public_html/vendor/codeigniter4/framework/system/Database/MySQLi/Connection.php(292): mysqli->query('SELECT COUNT(*)...', 0)
#1 /home/xkynpbah/public_html/vendor/codeigniter4/framework/system/Database/BaseConnection.php(670): CodeIgniter\Database\MySQLi\Connection->execute('SELECT COUNT(*)...')
#2 /home/xkynpbah/public_html/vendor/codeigniter4/framework/system/Database/BaseConnection.php(598): CodeIgniter\Database\BaseConnection->simpleQuery('SELECT COUNT(*)...')
#3 /home/xkynpbah/public_html/vendor/codeigniter4/framework/system/Database/BaseBuilder.php(1527): CodeIgniter\Database\BaseConnection->query('SELECT COUNT(*)...', Array, false)
#4 /home/xkynpbah/public_html/app/Controllers/Telegram.php(165): CodeIgniter\Database\BaseBuilder->countAllResults()
#5 /home/xkynpbah/public_html/app/Controllers/Telegram.php(124): App\Controllers\Telegram->askForResetConfirmation(6719727245, 6719727245, Object(stdClass), 'akashbabu', Object(stdClass))
#6 /home/xkynpbah/public_html/vendor/codeigniter4/framework/system/CodeIgniter.php(824): App\Controllers\Telegram->index()
#7 /home/xkynpbah/public_html/vendor/codeigniter4/framework/system/CodeIgniter.php(410): CodeIgniter\CodeIgniter->runController(Object(App\Controllers\Telegram))
#8 /home/xkynpbah/public_html/vendor/codeigniter4/framework/system/CodeIgniter.php(318): CodeIgniter\CodeIgniter->handleRequest(NULL, Object(Config\Cache), false)
#9 /home/xkynpbah/public_html/index.php(37): CodeIgniter\CodeIgniter->run()
#10 {main}
ERROR - 2026-07-27 05:09:15 --> Telegram controller called
ERROR - 2026-07-27 05:09:15 --> Table 'xkynpbah_titoo.telegram_premium' doesn't exist
CRITICAL - 2026-07-27 05:09:15 --> Table 'xkynpbah_titoo.telegram_premium' doesn't exist
#0 /home/xkynpbah/public_html/vendor/codeigniter4/framework/system/Database/MySQLi/Connection.php(292): mysqli->query('SELECT COUNT(*)...', 0)
#1 /home/xkynpbah/public_html/vendor/codeigniter4/framework/system/Database/BaseConnection.php(670): CodeIgniter\Database\MySQLi\Connection->execute('SELECT COUNT(*)...')
#2 /home/xkynpbah/public_html/vendor/codeigniter4/framework/system/Database/BaseConnection.php(598): CodeIgniter\Database\BaseConnection->simpleQuery('SELECT COUNT(*)...')
#3 /home/xkynpbah/public_html/vendor/codeigniter4/framework/system/Database/BaseBuilder.php(1527): CodeIgniter\Database\BaseConnection->query('SELECT COUNT(*)...', Array, false)
#4 /home/xkynpbah/public_html/app/Controllers/Telegram.php(165): CodeIgniter\Database\BaseBuilder->countAllResults()
#5 /home/xkynpbah/public_html/app/Controllers/Telegram.php(124): App\Controllers\Telegram->askForResetConfirmation(6719727245, 6719727245, Object(stdClass), 'akashbabu', Object(stdClass))
#6 /home/xkynpbah/public_html/vendor/codeigniter4/framework/system/CodeIgniter.php(824): App\Controllers\Telegram->index()
#7 /home/xkynpbah/public_html/vendor/codeigniter4/framework/system/CodeIgniter.php(410): CodeIgniter\CodeIgniter->runController(Object(App\Controllers\Telegram))
#8 /home/xkynpbah/public_html/vendor/codeigniter4/framework/system/CodeIgniter.php(318): CodeIgniter\CodeIgniter->handleRequest(NULL, Object(Config\Cache), false)
#9 /home/xkynpbah/public_html/index.php(37): CodeIgniter\CodeIgniter->run()
#10 {main}
ERROR - 2026-07-27 05:10:49 --> Telegram controller called
ERROR - 2026-07-27 05:10:49 --> Table 'xkynpbah_titoo.telegram_premium' doesn't exist
CRITICAL - 2026-07-27 05:10:49 --> Table 'xkynpbah_titoo.telegram_premium' doesn't exist
#0 /home/xkynpbah/public_html/vendor/codeigniter4/framework/system/Database/MySQLi/Connection.php(292): mysqli->query('SELECT COUNT(*)...', 0)
#1 /home/xkynpbah/public_html/vendor/codeigniter4/framework/system/Database/BaseConnection.php(670): CodeIgniter\Database\MySQLi\Connection->execute('SELECT COUNT(*)...')
#2 /home/xkynpbah/public_html/vendor/codeigniter4/framework/system/Database/BaseConnection.php(598): CodeIgniter\Database\BaseConnection->simpleQuery('SELECT COUNT(*)...')
#3 /home/xkynpbah/public_html/vendor/codeigniter4/framework/system/Database/BaseBuilder.php(1527): CodeIgniter\Database\BaseConnection->query('SELECT COUNT(*)...', Array, false)
#4 /home/xkynpbah/public_html/app/Controllers/Telegram.php(165): CodeIgniter\Database\BaseBuilder->countAllResults()
#5 /home/xkynpbah/public_html/app/Controllers/Telegram.php(124): App\Controllers\Telegram->askForResetConfirmation(6719727245, 6719727245, Object(stdClass), 'akashbabu', Object(stdClass))
#6 /home/xkynpbah/public_html/vendor/codeigniter4/framework/system/CodeIgniter.php(824): App\Controllers\Telegram->index()
#7 /home/xkynpbah/public_html/vendor/codeigniter4/framework/system/CodeIgniter.php(410): CodeIgniter\CodeIgniter->runController(Object(App\Controllers\Telegram))
#8 /home/xkynpbah/public_html/vendor/codeigniter4/framework/system/CodeIgniter.php(318): CodeIgniter\CodeIgniter->handleRequest(NULL, Object(Config\Cache), false)
#9 /home/xkynpbah/public_html/index.php(37): CodeIgniter\CodeIgniter->run()
#10 {main}
ERROR - 2026-07-27 05:12:22 --> Telegram controller called
ERROR - 2026-07-27 05:12:22 --> Table 'xkynpbah_titoo.telegram_premium' doesn't exist
CRITICAL - 2026-07-27 05:12:22 --> Table 'xkynpbah_titoo.telegram_premium' doesn't exist
#0 /home/xkynpbah/public_html/vendor/codeigniter4/framework/system/Database/MySQLi/Connection.php(292): mysqli->query('SELECT COUNT(*)...', 0)
#1 /home/xkynpbah/public_html/vendor/codeigniter4/framework/system/Database/BaseConnection.php(670): CodeIgniter\Database\MySQLi\Connection->execute('SELECT COUNT(*)...')
#2 /home/xkynpbah/public_html/vendor/codeigniter4/framework/system/Database/BaseConnection.php(598): CodeIgniter\Database\BaseConnection->simpleQuery('SELECT COUNT(*)...')
#3 /home/xkynpbah/public_html/vendor/codeigniter4/framework/system/Database/BaseBuilder.php(1527): CodeIgniter\Database\BaseConnection->query('SELECT COUNT(*)...', Array, false)
#4 /home/xkynpbah/public_html/app/Controllers/Telegram.php(165): CodeIgniter\Database\BaseBuilder->countAllResults()
#5 /home/xkynpbah/public_html/app/Controllers/Telegram.php(124): App\Controllers\Telegram->askForResetConfirmation(6719727245, 6719727245, Object(stdClass), 'akashbabu', Object(stdClass))
#6 /home/xkynpbah/public_html/vendor/codeigniter4/framework/system/CodeIgniter.php(824): App\Controllers\Telegram->index()
#7 /home/xkynpbah/public_html/vendor/codeigniter4/framework/system/CodeIgniter.php(410): CodeIgniter\CodeIgniter->runController(Object(App\Controllers\Telegram))
#8 /home/xkynpbah/public_html/vendor/codeigniter4/framework/system/CodeIgniter.php(318): CodeIgniter\CodeIgniter->handleRequest(NULL, Object(Config\Cache), false)
#9 /home/xkynpbah/public_html/index.php(37): CodeIgniter\CodeIgniter->run()
#10 {main}
ERROR - 2026-07-27 05:14:17 --> Telegram controller called
ERROR - 2026-07-27 05:14:17 --> Table 'xkynpbah_titoo.telegram_premium' doesn't exist
CRITICAL - 2026-07-27 05:14:17 --> Table 'xkynpbah_titoo.telegram_premium' doesn't exist
#0 /home/xkynpbah/public_html/vendor/codeigniter4/framework/system/Database/MySQLi/Connection.php(292): mysqli->query('SELECT COUNT(*)...', 0)
#1 /home/xkynpbah/public_html/vendor/codeigniter4/framework/system/Database/BaseConnection.php(670): CodeIgniter\Database\MySQLi\Connection->execute('SELECT COUNT(*)...')
#2 /home/xkynpbah/public_html/vendor/codeigniter4/framework/system/Database/BaseConnection.php(598): CodeIgniter\Database\BaseConnection->simpleQuery('SELECT COUNT(*)...')
#3 /home/xkynpbah/public_html/vendor/codeigniter4/framework/system/Database/BaseBuilder.php(1527): CodeIgniter\Database\BaseConnection->query('SELECT COUNT(*)...', Array, false)
#4 /home/xkynpbah/public_html/app/Controllers/Telegram.php(165): CodeIgniter\Database\BaseBuilder->countAllResults()
#5 /home/xkynpbah/public_html/app/Controllers/Telegram.php(124): App\Controllers\Telegram->askForResetConfirmation(6719727245, 6719727245, Object(stdClass), 'akashbabu', Object(stdClass))
#6 /home/xkynpbah/public_html/vendor/codeigniter4/framework/system/CodeIgniter.php(824): App\Controllers\Telegram->index()
#7 /home/xkynpbah/public_html/vendor/codeigniter4/framework/system/CodeIgniter.php(410): CodeIgniter\CodeIgniter->runController(Object(App\Controllers\Telegram))
#8 /home/xkynpbah/public_html/vendor/codeigniter4/framework/system/CodeIgniter.php(318): CodeIgniter\CodeIgniter->handleRequest(NULL, Object(Config\Cache), false)
#9 /home/xkynpbah/public_html/index.php(37): CodeIgniter\CodeIgniter->run()
#10 {main}
ERROR - 2026-07-27 05:15:30 --> Telegram controller called
ERROR - 2026-07-27 05:15:30 --> Table 'xkynpbah_titoo.telegram_premium' doesn't exist
CRITICAL - 2026-07-27 05:15:30 --> Table 'xkynpbah_titoo.telegram_premium' doesn't exist
#0 /home/xkynpbah/public_html/vendor/codeigniter4/framework/system/Database/MySQLi/Connection.php(292): mysqli->query('SELECT COUNT(*)...', 0)
#1 /home/xkynpbah/public_html/vendor/codeigniter4/framework/system/Database/BaseConnection.php(670): CodeIgniter\Database\MySQLi\Connection->execute('SELECT COUNT(*)...')
#2 /home/xkynpbah/public_html/vendor/codeigniter4/framework/system/Database/BaseConnection.php(598): CodeIgniter\Database\BaseConnection->simpleQuery('SELECT COUNT(*)...')
#3 /home/xkynpbah/public_html/vendor/codeigniter4/framework/system/Database/BaseBuilder.php(1527): CodeIgniter\Database\BaseConnection->query('SELECT COUNT(*)...', Array, false)
#4 /home/xkynpbah/public_html/app/Controllers/Telegram.php(165): CodeIgniter\Database\BaseBuilder->countAllResults()
#5 /home/xkynpbah/public_html/app/Controllers/Telegram.php(124): App\Controllers\Telegram->askForResetConfirmation(6719727245, 6719727245, Object(stdClass), 'akashbabu', Object(stdClass))
#6 /home/xkynpbah/public_html/vendor/codeigniter4/framework/system/CodeIgniter.php(824): App\Controllers\Telegram->index()
#7 /home/xkynpbah/public_html/vendor/codeigniter4/framework/system/CodeIgniter.php(410): CodeIgniter\CodeIgniter->runController(Object(App\Controllers\Telegram))
#8 /home/xkynpbah/public_html/vendor/codeigniter4/framework/system/CodeIgniter.php(318): CodeIgniter\CodeIgniter->handleRequest(NULL, Object(Config\Cache), false)
#9 /home/xkynpbah/public_html/index.php(37): CodeIgniter\CodeIgniter->run()
#10 {main}
ERROR - 2026-07-27 05:17:19 --> Telegram controller called
ERROR - 2026-07-27 05:17:19 --> Table 'xkynpbah_titoo.telegram_premium' doesn't exist
CRITICAL - 2026-07-27 05:17:19 --> Table 'xkynpbah_titoo.telegram_premium' doesn't exist
#0 /home/xkynpbah/public_html/vendor/codeigniter4/framework/system/Database/MySQLi/Connection.php(292): mysqli->query('SELECT COUNT(*)...', 0)
#1 /home/xkynpbah/public_html/vendor/codeigniter4/framework/system/Database/BaseConnection.php(670): CodeIgniter\Database\MySQLi\Connection->execute('SELECT COUNT(*)...')
#2 /home/xkynpbah/public_html/vendor/codeigniter4/framework/system/Database/BaseConnection.php(598): CodeIgniter\Database\BaseConnection->simpleQuery('SELECT COUNT(*)...')
#3 /home/xkynpbah/public_html/vendor/codeigniter4/framework/system/Database/BaseBuilder.php(1527): CodeIgniter\Database\BaseConnection->query('SELECT COUNT(*)...', Array, false)
#4 /home/xkynpbah/public_html/app/Controllers/Telegram.php(165): CodeIgniter\Database\BaseBuilder->countAllResults()
#5 /home/xkynpbah/public_html/app/Controllers/Telegram.php(124): App\Controllers\Telegram->askForResetConfirmation(6719727245, 6719727245, Object(stdClass), 'akashbabu', Object(stdClass))
#6 /home/xkynpbah/public_html/vendor/codeigniter4/framework/system/CodeIgniter.php(824): App\Controllers\Telegram->index()
#7 /home/xkynpbah/public_html/vendor/codeigniter4/framework/system/CodeIgniter.php(410): CodeIgniter\CodeIgniter->runController(Object(App\Controllers\Telegram))
#8 /home/xkynpbah/public_html/vendor/codeigniter4/framework/system/CodeIgniter.php(318): CodeIgniter\CodeIgniter->handleRequest(NULL, Object(Config\Cache), false)
#9 /home/xkynpbah/public_html/index.php(37): CodeIgniter\CodeIgniter->run()
#10 {main}
ERROR - 2026-07-27 05:19:17 --> Telegram controller called
ERROR - 2026-07-27 05:19:17 --> Table 'xkynpbah_titoo.telegram_premium' doesn't exist
CRITICAL - 2026-07-27 05:19:17 --> Table 'xkynpbah_titoo.telegram_premium' doesn't exist
#0 /home/xkynpbah/public_html/vendor/codeigniter4/framework/system/Database/MySQLi/Connection.php(292): mysqli->query('SELECT COUNT(*)...', 0)
#1 /home/xkynpbah/public_html/vendor/codeigniter4/framework/system/Database/BaseConnection.php(670): CodeIgniter\Database\MySQLi\Connection->execute('SELECT COUNT(*)...')
#2 /home/xkynpbah/public_html/vendor/codeigniter4/framework/system/Database/BaseConnection.php(598): CodeIgniter\Database\BaseConnection->simpleQuery('SELECT COUNT(*)...')
#3 /home/xkynpbah/public_html/vendor/codeigniter4/framework/system/Database/BaseBuilder.php(1527): CodeIgniter\Database\BaseConnection->query('SELECT COUNT(*)...', Array, false)
#4 /home/xkynpbah/public_html/app/Controllers/Telegram.php(165): CodeIgniter\Database\BaseBuilder->countAllResults()
#5 /home/xkynpbah/public_html/app/Controllers/Telegram.php(124): App\Controllers\Telegram->askForResetConfirmation(6719727245, 6719727245, Object(stdClass), 'akashbabu', Object(stdClass))
#6 /home/xkynpbah/public_html/vendor/codeigniter4/framework/system/CodeIgniter.php(824): App\Controllers\Telegram->index()
#7 /home/xkynpbah/public_html/vendor/codeigniter4/framework/system/CodeIgniter.php(410): CodeIgniter\CodeIgniter->runController(Object(App\Controllers\Telegram))
#8 /home/xkynpbah/public_html/vendor/codeigniter4/framework/system/CodeIgniter.php(318): CodeIgniter\CodeIgniter->handleRequest(NULL, Object(Config\Cache), false)
#9 /home/xkynpbah/public_html/index.php(37): CodeIgniter\CodeIgniter->run()
#10 {main}
ERROR - 2026-07-27 05:20:49 --> Telegram controller called
ERROR - 2026-07-27 05:20:49 --> Table 'xkynpbah_titoo.telegram_premium' doesn't exist
CRITICAL - 2026-07-27 05:20:49 --> Table 'xkynpbah_titoo.telegram_premium' doesn't exist
#0 /home/xkynpbah/public_html/vendor/codeigniter4/framework/system/Database/MySQLi/Connection.php(292): mysqli->query('SELECT COUNT(*)...', 0)
#1 /home/xkynpbah/public_html/vendor/codeigniter4/framework/system/Database/BaseConnection.php(670): CodeIgniter\Database\MySQLi\Connection->execute('SELECT COUNT(*)...')
#2 /home/xkynpbah/public_html/vendor/codeigniter4/framework/system/Database/BaseConnection.php(598): CodeIgniter\Database\BaseConnection->simpleQuery('SELECT COUNT(*)...')
#3 /home/xkynpbah/public_html/vendor/codeigniter4/framework/system/Database/BaseBuilder.php(1527): CodeIgniter\Database\BaseConnection->query('SELECT COUNT(*)...', Array, false)
#4 /home/xkynpbah/public_html/app/Controllers/Telegram.php(165): CodeIgniter\Database\BaseBuilder->countAllResults()
#5 /home/xkynpbah/public_html/app/Controllers/Telegram.php(124): App\Controllers\Telegram->askForResetConfirmation(6719727245, 6719727245, Object(stdClass), 'akashbabu', Object(stdClass))
#6 /home/xkynpbah/public_html/vendor/codeigniter4/framework/system/CodeIgniter.php(824): App\Controllers\Telegram->index()
#7 /home/xkynpbah/public_html/vendor/codeigniter4/framework/system/CodeIgniter.php(410): CodeIgniter\CodeIgniter->runController(Object(App\Controllers\Telegram))
#8 /home/xkynpbah/public_html/vendor/codeigniter4/framework/system/CodeIgniter.php(318): CodeIgniter\CodeIgniter->handleRequest(NULL, Object(Config\Cache), false)
#9 /home/xkynpbah/public_html/index.php(37): CodeIgniter\CodeIgniter->run()
#10 {main}
ERROR - 2026-07-27 05:22:31 --> Telegram controller called
ERROR - 2026-07-27 05:22:31 --> Table 'xkynpbah_titoo.telegram_premium' doesn't exist
CRITICAL - 2026-07-27 05:22:31 --> Table 'xkynpbah_titoo.telegram_premium' doesn't exist
#0 /home/xkynpbah/public_html/vendor/codeigniter4/framework/system/Database/MySQLi/Connection.php(292): mysqli->query('SELECT COUNT(*)...', 0)
#1 /home/xkynpbah/public_html/vendor/codeigniter4/framework/system/Database/BaseConnection.php(670): CodeIgniter\Database\MySQLi\Connection->execute('SELECT COUNT(*)...')
#2 /home/xkynpbah/public_html/vendor/codeigniter4/framework/system/Database/BaseConnection.php(598): CodeIgniter\Database\BaseConnection->simpleQuery('SELECT COUNT(*)...')
#3 /home/xkynpbah/public_html/vendor/codeigniter4/framework/system/Database/BaseBuilder.php(1527): CodeIgniter\Database\BaseConnection->query('SELECT COUNT(*)...', Array, false)
#4 /home/xkynpbah/public_html/app/Controllers/Telegram.php(165): CodeIgniter\Database\BaseBuilder->countAllResults()
#5 /home/xkynpbah/public_html/app/Controllers/Telegram.php(124): App\Controllers\Telegram->askForResetConfirmation(6719727245, 6719727245, Object(stdClass), 'akashbabu', Object(stdClass))
#6 /home/xkynpbah/public_html/vendor/codeigniter4/framework/system/CodeIgniter.php(824): App\Controllers\Telegram->index()
#7 /home/xkynpbah/public_html/vendor/codeigniter4/framework/system/CodeIgniter.php(410): CodeIgniter\CodeIgniter->runController(Object(App\Controllers\Telegram))
#8 /home/xkynpbah/public_html/vendor/codeigniter4/framework/system/CodeIgniter.php(318): CodeIgniter\CodeIgniter->handleRequest(NULL, Object(Config\Cache), false)
#9 /home/xkynpbah/public_html/index.php(37): CodeIgniter\CodeIgniter->run()
#10 {main}
ERROR - 2026-07-27 05:23:55 --> Telegram controller called
ERROR - 2026-07-27 05:23:55 --> Table 'xkynpbah_titoo.telegram_premium' doesn't exist
CRITICAL - 2026-07-27 05:23:55 --> Table 'xkynpbah_titoo.telegram_premium' doesn't exist
#0 /home/xkynpbah/public_html/vendor/codeigniter4/framework/system/Database/MySQLi/Connection.php(292): mysqli->query('SELECT COUNT(*)...', 0)
#1 /home/xkynpbah/public_html/vendor/codeigniter4/framework/system/Database/BaseConnection.php(670): CodeIgniter\Database\MySQLi\Connection->execute('SELECT COUNT(*)...')
#2 /home/xkynpbah/public_html/vendor/codeigniter4/framework/system/Database/BaseConnection.php(598): CodeIgniter\Database\BaseConnection->simpleQuery('SELECT COUNT(*)...')
#3 /home/xkynpbah/public_html/vendor/codeigniter4/framework/system/Database/BaseBuilder.php(1527): CodeIgniter\Database\BaseConnection->query('SELECT COUNT(*)...', Array, false)
#4 /home/xkynpbah/public_html/app/Controllers/Telegram.php(165): CodeIgniter\Database\BaseBuilder->countAllResults()
#5 /home/xkynpbah/public_html/app/Controllers/Telegram.php(124): App\Controllers\Telegram->askForResetConfirmation(6719727245, 6719727245, Object(stdClass), 'akashbabu', Object(stdClass))
#6 /home/xkynpbah/public_html/vendor/codeigniter4/framework/system/CodeIgniter.php(824): App\Controllers\Telegram->index()
#7 /home/xkynpbah/public_html/vendor/codeigniter4/framework/system/CodeIgniter.php(410): CodeIgniter\CodeIgniter->runController(Object(App\Controllers\Telegram))
#8 /home/xkynpbah/public_html/vendor/codeigniter4/framework/system/CodeIgniter.php(318): CodeIgniter\CodeIgniter->handleRequest(NULL, Object(Config\Cache), false)
#9 /home/xkynpbah/public_html/index.php(37): CodeIgniter\CodeIgniter->run()
#10 {main}
ERROR - 2026-07-27 05:25:00 --> Telegram controller called
ERROR - 2026-07-27 05:25:00 --> Table 'xkynpbah_titoo.telegram_premium' doesn't exist
CRITICAL - 2026-07-27 05:25:00 --> Table 'xkynpbah_titoo.telegram_premium' doesn't exist
#0 /home/xkynpbah/public_html/vendor/codeigniter4/framework/system/Database/MySQLi/Connection.php(292): mysqli->query('SELECT COUNT(*)...', 0)
#1 /home/xkynpbah/public_html/vendor/codeigniter4/framework/system/Database/BaseConnection.php(670): CodeIgniter\Database\MySQLi\Connection->execute('SELECT COUNT(*)...')
#2 /home/xkynpbah/public_html/vendor/codeigniter4/framework/system/Database/BaseConnection.php(598): CodeIgniter\Database\BaseConnection->simpleQuery('SELECT COUNT(*)...')
#3 /home/xkynpbah/public_html/vendor/codeigniter4/framework/system/Database/BaseBuilder.php(1527): CodeIgniter\Database\BaseConnection->query('SELECT COUNT(*)...', Array, false)
#4 /home/xkynpbah/public_html/app/Controllers/Telegram.php(165): CodeIgniter\Database\BaseBuilder->countAllResults()
#5 /home/xkynpbah/public_html/app/Controllers/Telegram.php(124): App\Controllers\Telegram->askForResetConfirmation(6719727245, 6719727245, Object(stdClass), 'akashbabu', Object(stdClass))
#6 /home/xkynpbah/public_html/vendor/codeigniter4/framework/system/CodeIgniter.php(824): App\Controllers\Telegram->index()
#7 /home/xkynpbah/public_html/vendor/codeigniter4/framework/system/CodeIgniter.php(410): CodeIgniter\CodeIgniter->runController(Object(App\Controllers\Telegram))
#8 /home/xkynpbah/public_html/vendor/codeigniter4/framework/system/CodeIgniter.php(318): CodeIgniter\CodeIgniter->handleRequest(NULL, Object(Config\Cache), false)
#9 /home/xkynpbah/public_html/index.php(37): CodeIgniter\CodeIgniter->run()
#10 {main}
ERROR - 2026-07-27 05:26:24 --> Telegram controller called
ERROR - 2026-07-27 05:26:24 --> Table 'xkynpbah_titoo.telegram_premium' doesn't exist
CRITICAL - 2026-07-27 05:26:24 --> Table 'xkynpbah_titoo.telegram_premium' doesn't exist
#0 /home/xkynpbah/public_html/vendor/codeigniter4/framework/system/Database/MySQLi/Connection.php(292): mysqli->query('SELECT COUNT(*)...', 0)
#1 /home/xkynpbah/public_html/vendor/codeigniter4/framework/system/Database/BaseConnection.php(670): CodeIgniter\Database\MySQLi\Connection->execute('SELECT COUNT(*)...')
#2 /home/xkynpbah/public_html/vendor/codeigniter4/framework/system/Database/BaseConnection.php(598): CodeIgniter\Database\BaseConnection->simpleQuery('SELECT COUNT(*)...')
#3 /home/xkynpbah/public_html/vendor/codeigniter4/framework/system/Database/BaseBuilder.php(1527): CodeIgniter\Database\BaseConnection->query('SELECT COUNT(*)...', Array, false)
#4 /home/xkynpbah/public_html/app/Controllers/Telegram.php(165): CodeIgniter\Database\BaseBuilder->countAllResults()
#5 /home/xkynpbah/public_html/app/Controllers/Telegram.php(124): App\Controllers\Telegram->askForResetConfirmation(6719727245, 6719727245, Object(stdClass), 'akashbabu', Object(stdClass))
#6 /home/xkynpbah/public_html/vendor/codeigniter4/framework/system/CodeIgniter.php(824): App\Controllers\Telegram->index()
#7 /home/xkynpbah/public_html/vendor/codeigniter4/framework/system/CodeIgniter.php(410): CodeIgniter\CodeIgniter->runController(Object(App\Controllers\Telegram))
#8 /home/xkynpbah/public_html/vendor/codeigniter4/framework/system/CodeIgniter.php(318): CodeIgniter\CodeIgniter->handleRequest(NULL, Object(Config\Cache), false)
#9 /home/xkynpbah/public_html/index.php(37): CodeIgniter\CodeIgniter->run()
#10 {main}
ERROR - 2026-07-27 05:27:26 --> Telegram controller called
ERROR - 2026-07-27 05:27:26 --> Table 'xkynpbah_titoo.telegram_premium' doesn't exist
CRITICAL - 2026-07-27 05:27:26 --> Table 'xkynpbah_titoo.telegram_premium' doesn't exist
#0 /home/xkynpbah/public_html/vendor/codeigniter4/framework/system/Database/MySQLi/Connection.php(292): mysqli->query('SELECT COUNT(*)...', 0)
#1 /home/xkynpbah/public_html/vendor/codeigniter4/framework/system/Database/BaseConnection.php(670): CodeIgniter\Database\MySQLi\Connection->execute('SELECT COUNT(*)...')
#2 /home/xkynpbah/public_html/vendor/codeigniter4/framework/system/Database/BaseConnection.php(598): CodeIgniter\Database\BaseConnection->simpleQuery('SELECT COUNT(*)...')
#3 /home/xkynpbah/public_html/vendor/codeigniter4/framework/system/Database/BaseBuilder.php(1527): CodeIgniter\Database\BaseConnection->query('SELECT COUNT(*)...', Array, false)
#4 /home/xkynpbah/public_html/app/Controllers/Telegram.php(165): CodeIgniter\Database\BaseBuilder->countAllResults()
#5 /home/xkynpbah/public_html/app/Controllers/Telegram.php(124): App\Controllers\Telegram->askForResetConfirmation(6719727245, 6719727245, Object(stdClass), 'akashbabu', Object(stdClass))
#6 /home/xkynpbah/public_html/vendor/codeigniter4/framework/system/CodeIgniter.php(824): App\Controllers\Telegram->index()
#7 /home/xkynpbah/public_html/vendor/codeigniter4/framework/system/CodeIgniter.php(410): CodeIgniter\CodeIgniter->runController(Object(App\Controllers\Telegram))
#8 /home/xkynpbah/public_html/vendor/codeigniter4/framework/system/CodeIgniter.php(318): CodeIgniter\CodeIgniter->handleRequest(NULL, Object(Config\Cache), false)
#9 /home/xkynpbah/public_html/index.php(37): CodeIgniter\CodeIgniter->run()
#10 {main}
ERROR - 2026-07-27 05:29:05 --> Telegram controller called
ERROR - 2026-07-27 05:29:05 --> Table 'xkynpbah_titoo.telegram_premium' doesn't exist
CRITICAL - 2026-07-27 05:29:05 --> Table 'xkynpbah_titoo.telegram_premium' doesn't exist
#0 /home/xkynpbah/public_html/vendor/codeigniter4/framework/system/Database/MySQLi/Connection.php(292): mysqli->query('SELECT COUNT(*)...', 0)
#1 /home/xkynpbah/public_html/vendor/codeigniter4/framework/system/Database/BaseConnection.php(670): CodeIgniter\Database\MySQLi\Connection->execute('SELECT COUNT(*)...')
#2 /home/xkynpbah/public_html/vendor/codeigniter4/framework/system/Database/BaseConnection.php(598): CodeIgniter\Database\BaseConnection->simpleQuery('SELECT COUNT(*)...')
#3 /home/xkynpbah/public_html/vendor/codeigniter4/framework/system/Database/BaseBuilder.php(1527): CodeIgniter\Database\BaseConnection->query('SELECT COUNT(*)...', Array, false)
#4 /home/xkynpbah/public_html/app/Controllers/Telegram.php(165): CodeIgniter\Database\BaseBuilder->countAllResults()
#5 /home/xkynpbah/public_html/app/Controllers/Telegram.php(124): App\Controllers\Telegram->askForResetConfirmation(6719727245, 6719727245, Object(stdClass), 'akashbabu', Object(stdClass))
#6 /home/xkynpbah/public_html/vendor/codeigniter4/framework/system/CodeIgniter.php(824): App\Controllers\Telegram->index()
#7 /home/xkynpbah/public_html/vendor/codeigniter4/framework/system/CodeIgniter.php(410): CodeIgniter\CodeIgniter->runController(Object(App\Controllers\Telegram))
#8 /home/xkynpbah/public_html/vendor/codeigniter4/framework/system/CodeIgniter.php(318): CodeIgniter\CodeIgniter->handleRequest(NULL, Object(Config\Cache), false)
#9 /home/xkynpbah/public_html/index.php(37): CodeIgniter\CodeIgniter->run()
#10 {main}
ERROR - 2026-07-27 05:30:23 --> Telegram controller called
ERROR - 2026-07-27 05:30:23 --> Table 'xkynpbah_titoo.telegram_premium' doesn't exist
CRITICAL - 2026-07-27 05:30:23 --> Table 'xkynpbah_titoo.telegram_premium' doesn't exist
#0 /home/xkynpbah/public_html/vendor/codeigniter4/framework/system/Database/MySQLi/Connection.php(292): mysqli->query('SELECT COUNT(*)...', 0)
#1 /home/xkynpbah/public_html/vendor/codeigniter4/framework/system/Database/BaseConnection.php(670): CodeIgniter\Database\MySQLi\Connection->execute('SELECT COUNT(*)...')
#2 /home/xkynpbah/public_html/vendor/codeigniter4/framework/system/Database/BaseConnection.php(598): CodeIgniter\Database\BaseConnection->simpleQuery('SELECT COUNT(*)...')
#3 /home/xkynpbah/public_html/vendor/codeigniter4/framework/system/Database/BaseBuilder.php(1527): CodeIgniter\Database\BaseConnection->query('SELECT COUNT(*)...', Array, false)
#4 /home/xkynpbah/public_html/app/Controllers/Telegram.php(165): CodeIgniter\Database\BaseBuilder->countAllResults()
#5 /home/xkynpbah/public_html/app/Controllers/Telegram.php(124): App\Controllers\Telegram->askForResetConfirmation(6719727245, 6719727245, Object(stdClass), 'akashbabu', Object(stdClass))
#6 /home/xkynpbah/public_html/vendor/codeigniter4/framework/system/CodeIgniter.php(824): App\Controllers\Telegram->index()
#7 /home/xkynpbah/public_html/vendor/codeigniter4/framework/system/CodeIgniter.php(410): CodeIgniter\CodeIgniter->runController(Object(App\Controllers\Telegram))
#8 /home/xkynpbah/public_html/vendor/codeigniter4/framework/system/CodeIgniter.php(318): CodeIgniter\CodeIgniter->handleRequest(NULL, Object(Config\Cache), false)
#9 /home/xkynpbah/public_html/index.php(37): CodeIgniter\CodeIgniter->run()
#10 {main}
ERROR - 2026-07-27 05:31:34 --> Telegram controller called
ERROR - 2026-07-27 05:31:34 --> Table 'xkynpbah_titoo.telegram_premium' doesn't exist
CRITICAL - 2026-07-27 05:31:34 --> Table 'xkynpbah_titoo.telegram_premium' doesn't exist
#0 /home/xkynpbah/public_html/vendor/codeigniter4/framework/system/Database/MySQLi/Connection.php(292): mysqli->query('SELECT COUNT(*)...', 0)
#1 /home/xkynpbah/public_html/vendor/codeigniter4/framework/system/Database/BaseConnection.php(670): CodeIgniter\Database\MySQLi\Connection->execute('SELECT COUNT(*)...')
#2 /home/xkynpbah/public_html/vendor/codeigniter4/framework/system/Database/BaseConnection.php(598): CodeIgniter\Database\BaseConnection->simpleQuery('SELECT COUNT(*)...')
#3 /home/xkynpbah/public_html/vendor/codeigniter4/framework/system/Database/BaseBuilder.php(1527): CodeIgniter\Database\BaseConnection->query('SELECT COUNT(*)...', Array, false)
#4 /home/xkynpbah/public_html/app/Controllers/Telegram.php(165): CodeIgniter\Database\BaseBuilder->countAllResults()
#5 /home/xkynpbah/public_html/app/Controllers/Telegram.php(124): App\Controllers\Telegram->askForResetConfirmation(6719727245, 6719727245, Object(stdClass), 'akashbabu', Object(stdClass))
#6 /home/xkynpbah/public_html/vendor/codeigniter4/framework/system/CodeIgniter.php(824): App\Controllers\Telegram->index()
#7 /home/xkynpbah/public_html/vendor/codeigniter4/framework/system/CodeIgniter.php(410): CodeIgniter\CodeIgniter->runController(Object(App\Controllers\Telegram))
#8 /home/xkynpbah/public_html/vendor/codeigniter4/framework/system/CodeIgniter.php(318): CodeIgniter\CodeIgniter->handleRequest(NULL, Object(Config\Cache), false)
#9 /home/xkynpbah/public_html/index.php(37): CodeIgniter\CodeIgniter->run()
#10 {main}
ERROR - 2026-07-27 05:33:14 --> Telegram controller called
ERROR - 2026-07-27 05:33:14 --> Table 'xkynpbah_titoo.telegram_premium' doesn't exist
CRITICAL - 2026-07-27 05:33:14 --> Table 'xkynpbah_titoo.telegram_premium' doesn't exist
#0 /home/xkynpbah/public_html/vendor/codeigniter4/framework/system/Database/MySQLi/Connection.php(292): mysqli->query('SELECT COUNT(*)...', 0)
#1 /home/xkynpbah/public_html/vendor/codeigniter4/framework/system/Database/BaseConnection.php(670): CodeIgniter\Database\MySQLi\Connection->execute('SELECT COUNT(*)...')
#2 /home/xkynpbah/public_html/vendor/codeigniter4/framework/system/Database/BaseConnection.php(598): CodeIgniter\Database\BaseConnection->simpleQuery('SELECT COUNT(*)...')
#3 /home/xkynpbah/public_html/vendor/codeigniter4/framework/system/Database/BaseBuilder.php(1527): CodeIgniter\Database\BaseConnection->query('SELECT COUNT(*)...', Array, false)
#4 /home/xkynpbah/public_html/app/Controllers/Telegram.php(165): CodeIgniter\Database\BaseBuilder->countAllResults()
#5 /home/xkynpbah/public_html/app/Controllers/Telegram.php(124): App\Controllers\Telegram->askForResetConfirmation(6719727245, 6719727245, Object(stdClass), 'akashbabu', Object(stdClass))
#6 /home/xkynpbah/public_html/vendor/codeigniter4/framework/system/CodeIgniter.php(824): App\Controllers\Telegram->index()
#7 /home/xkynpbah/public_html/vendor/codeigniter4/framework/system/CodeIgniter.php(410): CodeIgniter\CodeIgniter->runController(Object(App\Controllers\Telegram))
#8 /home/xkynpbah/public_html/vendor/codeigniter4/framework/system/CodeIgniter.php(318): CodeIgniter\CodeIgniter->handleRequest(NULL, Object(Config\Cache), false)
#9 /home/xkynpbah/public_html/index.php(37): CodeIgniter\CodeIgniter->run()
#10 {main}
ERROR - 2026-07-27 05:35:00 --> Telegram controller called
ERROR - 2026-07-27 05:35:00 --> Table 'xkynpbah_titoo.telegram_premium' doesn't exist
CRITICAL - 2026-07-27 05:35:00 --> Table 'xkynpbah_titoo.telegram_premium' doesn't exist
#0 /home/xkynpbah/public_html/vendor/codeigniter4/framework/system/Database/MySQLi/Connection.php(292): mysqli->query('SELECT COUNT(*)...', 0)
#1 /home/xkynpbah/public_html/vendor/codeigniter4/framework/system/Database/BaseConnection.php(670): CodeIgniter\Database\MySQLi\Connection->execute('SELECT COUNT(*)...')
#2 /home/xkynpbah/public_html/vendor/codeigniter4/framework/system/Database/BaseConnection.php(598): CodeIgniter\Database\BaseConnection->simpleQuery('SELECT COUNT(*)...')
#3 /home/xkynpbah/public_html/vendor/codeigniter4/framework/system/Database/BaseBuilder.php(1527): CodeIgniter\Database\BaseConnection->query('SELECT COUNT(*)...', Array, false)
#4 /home/xkynpbah/public_html/app/Controllers/Telegram.php(165): CodeIgniter\Database\BaseBuilder->countAllResults()
#5 /home/xkynpbah/public_html/app/Controllers/Telegram.php(124): App\Controllers\Telegram->askForResetConfirmation(6719727245, 6719727245, Object(stdClass), 'akashbabu', Object(stdClass))
#6 /home/xkynpbah/public_html/vendor/codeigniter4/framework/system/CodeIgniter.php(824): App\Controllers\Telegram->index()
#7 /home/xkynpbah/public_html/vendor/codeigniter4/framework/system/CodeIgniter.php(410): CodeIgniter\CodeIgniter->runController(Object(App\Controllers\Telegram))
#8 /home/xkynpbah/public_html/vendor/codeigniter4/framework/system/CodeIgniter.php(318): CodeIgniter\CodeIgniter->handleRequest(NULL, Object(Config\Cache), false)
#9 /home/xkynpbah/public_html/index.php(37): CodeIgniter\CodeIgniter->run()
#10 {main}
ERROR - 2026-07-27 05:36:54 --> Telegram controller called
ERROR - 2026-07-27 05:36:54 --> Table 'xkynpbah_titoo.telegram_premium' doesn't exist
CRITICAL - 2026-07-27 05:36:54 --> Table 'xkynpbah_titoo.telegram_premium' doesn't exist
#0 /home/xkynpbah/public_html/vendor/codeigniter4/framework/system/Database/MySQLi/Connection.php(292): mysqli->query('SELECT COUNT(*)...', 0)
#1 /home/xkynpbah/public_html/vendor/codeigniter4/framework/system/Database/BaseConnection.php(670): CodeIgniter\Database\MySQLi\Connection->execute('SELECT COUNT(*)...')
#2 /home/xkynpbah/public_html/vendor/codeigniter4/framework/system/Database/BaseConnection.php(598): CodeIgniter\Database\BaseConnection->simpleQuery('SELECT COUNT(*)...')
#3 /home/xkynpbah/public_html/vendor/codeigniter4/framework/system/Database/BaseBuilder.php(1527): CodeIgniter\Database\BaseConnection->query('SELECT COUNT(*)...', Array, false)
#4 /home/xkynpbah/public_html/app/Controllers/Telegram.php(165): CodeIgniter\Database\BaseBuilder->countAllResults()
#5 /home/xkynpbah/public_html/app/Controllers/Telegram.php(124): App\Controllers\Telegram->askForResetConfirmation(6719727245, 6719727245, Object(stdClass), 'akashbabu', Object(stdClass))
#6 /home/xkynpbah/public_html/vendor/codeigniter4/framework/system/CodeIgniter.php(824): App\Controllers\Telegram->index()
#7 /home/xkynpbah/public_html/vendor/codeigniter4/framework/system/CodeIgniter.php(410): CodeIgniter\CodeIgniter->runController(Object(App\Controllers\Telegram))
#8 /home/xkynpbah/public_html/vendor/codeigniter4/framework/system/CodeIgniter.php(318): CodeIgniter\CodeIgniter->handleRequest(NULL, Object(Config\Cache), false)
#9 /home/xkynpbah/public_html/index.php(37): CodeIgniter\CodeIgniter->run()
#10 {main}
ERROR - 2026-07-27 05:38:19 --> Telegram controller called
ERROR - 2026-07-27 05:38:19 --> Table 'xkynpbah_titoo.telegram_premium' doesn't exist
CRITICAL - 2026-07-27 05:38:19 --> Table 'xkynpbah_titoo.telegram_premium' doesn't exist
#0 /home/xkynpbah/public_html/vendor/codeigniter4/framework/system/Database/MySQLi/Connection.php(292): mysqli->query('SELECT COUNT(*)...', 0)
#1 /home/xkynpbah/public_html/vendor/codeigniter4/framework/system/Database/BaseConnection.php(670): CodeIgniter\Database\MySQLi\Connection->execute('SELECT COUNT(*)...')
#2 /home/xkynpbah/public_html/vendor/codeigniter4/framework/system/Database/BaseConnection.php(598): CodeIgniter\Database\BaseConnection->simpleQuery('SELECT COUNT(*)...')
#3 /home/xkynpbah/public_html/vendor/codeigniter4/framework/system/Database/BaseBuilder.php(1527): CodeIgniter\Database\BaseConnection->query('SELECT COUNT(*)...', Array, false)
#4 /home/xkynpbah/public_html/app/Controllers/Telegram.php(165): CodeIgniter\Database\BaseBuilder->countAllResults()
#5 /home/xkynpbah/public_html/app/Controllers/Telegram.php(124): App\Controllers\Telegram->askForResetConfirmation(6719727245, 6719727245, Object(stdClass), 'akashbabu', Object(stdClass))
#6 /home/xkynpbah/public_html/vendor/codeigniter4/framework/system/CodeIgniter.php(824): App\Controllers\Telegram->index()
#7 /home/xkynpbah/public_html/vendor/codeigniter4/framework/system/CodeIgniter.php(410): CodeIgniter\CodeIgniter->runController(Object(App\Controllers\Telegram))
#8 /home/xkynpbah/public_html/vendor/codeigniter4/framework/system/CodeIgniter.php(318): CodeIgniter\CodeIgniter->handleRequest(NULL, Object(Config\Cache), false)
#9 /home/xkynpbah/public_html/index.php(37): CodeIgniter\CodeIgniter->run()
#10 {main}
ERROR - 2026-07-27 05:39:19 --> Telegram controller called
ERROR - 2026-07-27 05:39:19 --> Table 'xkynpbah_titoo.telegram_premium' doesn't exist
CRITICAL - 2026-07-27 05:39:19 --> Table 'xkynpbah_titoo.telegram_premium' doesn't exist
#0 /home/xkynpbah/public_html/vendor/codeigniter4/framework/system/Database/MySQLi/Connection.php(292): mysqli->query('SELECT COUNT(*)...', 0)
#1 /home/xkynpbah/public_html/vendor/codeigniter4/framework/system/Database/BaseConnection.php(670): CodeIgniter\Database\MySQLi\Connection->execute('SELECT COUNT(*)...')
#2 /home/xkynpbah/public_html/vendor/codeigniter4/framework/system/Database/BaseConnection.php(598): CodeIgniter\Database\BaseConnection->simpleQuery('SELECT COUNT(*)...')
#3 /home/xkynpbah/public_html/vendor/codeigniter4/framework/system/Database/BaseBuilder.php(1527): CodeIgniter\Database\BaseConnection->query('SELECT COUNT(*)...', Array, false)
#4 /home/xkynpbah/public_html/app/Controllers/Telegram.php(165): CodeIgniter\Database\BaseBuilder->countAllResults()
#5 /home/xkynpbah/public_html/app/Controllers/Telegram.php(124): App\Controllers\Telegram->askForResetConfirmation(6719727245, 6719727245, Object(stdClass), 'akashbabu', Object(stdClass))
#6 /home/xkynpbah/public_html/vendor/codeigniter4/framework/system/CodeIgniter.php(824): App\Controllers\Telegram->index()
#7 /home/xkynpbah/public_html/vendor/codeigniter4/framework/system/CodeIgniter.php(410): CodeIgniter\CodeIgniter->runController(Object(App\Controllers\Telegram))
#8 /home/xkynpbah/public_html/vendor/codeigniter4/framework/system/CodeIgniter.php(318): CodeIgniter\CodeIgniter->handleRequest(NULL, Object(Config\Cache), false)
#9 /home/xkynpbah/public_html/index.php(37): CodeIgniter\CodeIgniter->run()
#10 {main}
ERROR - 2026-07-27 05:41:18 --> Telegram controller called
ERROR - 2026-07-27 05:41:18 --> Table 'xkynpbah_titoo.telegram_premium' doesn't exist
CRITICAL - 2026-07-27 05:41:18 --> Table 'xkynpbah_titoo.telegram_premium' doesn't exist
#0 /home/xkynpbah/public_html/vendor/codeigniter4/framework/system/Database/MySQLi/Connection.php(292): mysqli->query('SELECT COUNT(*)...', 0)
#1 /home/xkynpbah/public_html/vendor/codeigniter4/framework/system/Database/BaseConnection.php(670): CodeIgniter\Database\MySQLi\Connection->execute('SELECT COUNT(*)...')
#2 /home/xkynpbah/public_html/vendor/codeigniter4/framework/system/Database/BaseConnection.php(598): CodeIgniter\Database\BaseConnection->simpleQuery('SELECT COUNT(*)...')
#3 /home/xkynpbah/public_html/vendor/codeigniter4/framework/system/Database/BaseBuilder.php(1527): CodeIgniter\Database\BaseConnection->query('SELECT COUNT(*)...', Array, false)
#4 /home/xkynpbah/public_html/app/Controllers/Telegram.php(165): CodeIgniter\Database\BaseBuilder->countAllResults()
#5 /home/xkynpbah/public_html/app/Controllers/Telegram.php(124): App\Controllers\Telegram->askForResetConfirmation(6719727245, 6719727245, Object(stdClass), 'akashbabu', Object(stdClass))
#6 /home/xkynpbah/public_html/vendor/codeigniter4/framework/system/CodeIgniter.php(824): App\Controllers\Telegram->index()
#7 /home/xkynpbah/public_html/vendor/codeigniter4/framework/system/CodeIgniter.php(410): CodeIgniter\CodeIgniter->runController(Object(App\Controllers\Telegram))
#8 /home/xkynpbah/public_html/vendor/codeigniter4/framework/system/CodeIgniter.php(318): CodeIgniter\CodeIgniter->handleRequest(NULL, Object(Config\Cache), false)
#9 /home/xkynpbah/public_html/index.php(37): CodeIgniter\CodeIgniter->run()
#10 {main}
ERROR - 2026-07-27 05:43:14 --> Telegram controller called
ERROR - 2026-07-27 05:43:14 --> Table 'xkynpbah_titoo.telegram_premium' doesn't exist
CRITICAL - 2026-07-27 05:43:14 --> Table 'xkynpbah_titoo.telegram_premium' doesn't exist
#0 /home/xkynpbah/public_html/vendor/codeigniter4/framework/system/Database/MySQLi/Connection.php(292): mysqli->query('SELECT COUNT(*)...', 0)
#1 /home/xkynpbah/public_html/vendor/codeigniter4/framework/system/Database/BaseConnection.php(670): CodeIgniter\Database\MySQLi\Connection->execute('SELECT COUNT(*)...')
#2 /home/xkynpbah/public_html/vendor/codeigniter4/framework/system/Database/BaseConnection.php(598): CodeIgniter\Database\BaseConnection->simpleQuery('SELECT COUNT(*)...')
#3 /home/xkynpbah/public_html/vendor/codeigniter4/framework/system/Database/BaseBuilder.php(1527): CodeIgniter\Database\BaseConnection->query('SELECT COUNT(*)...', Array, false)
#4 /home/xkynpbah/public_html/app/Controllers/Telegram.php(165): CodeIgniter\Database\BaseBuilder->countAllResults()
#5 /home/xkynpbah/public_html/app/Controllers/Telegram.php(124): App\Controllers\Telegram->askForResetConfirmation(6719727245, 6719727245, Object(stdClass), 'akashbabu', Object(stdClass))
#6 /home/xkynpbah/public_html/vendor/codeigniter4/framework/system/CodeIgniter.php(824): App\Controllers\Telegram->index()
#7 /home/xkynpbah/public_html/vendor/codeigniter4/framework/system/CodeIgniter.php(410): CodeIgniter\CodeIgniter->runController(Object(App\Controllers\Telegram))
#8 /home/xkynpbah/public_html/vendor/codeigniter4/framework/system/CodeIgniter.php(318): CodeIgniter\CodeIgniter->handleRequest(NULL, Object(Config\Cache), false)
#9 /home/xkynpbah/public_html/index.php(37): CodeIgniter\CodeIgniter->run()
#10 {main}
ERROR - 2026-07-27 05:44:35 --> Telegram controller called
ERROR - 2026-07-27 05:44:35 --> Table 'xkynpbah_titoo.telegram_premium' doesn't exist
CRITICAL - 2026-07-27 05:44:35 --> Table 'xkynpbah_titoo.telegram_premium' doesn't exist
#0 /home/xkynpbah/public_html/vendor/codeigniter4/framework/system/Database/MySQLi/Connection.php(292): mysqli->query('SELECT COUNT(*)...', 0)
#1 /home/xkynpbah/public_html/vendor/codeigniter4/framework/system/Database/BaseConnection.php(670): CodeIgniter\Database\MySQLi\Connection->execute('SELECT COUNT(*)...')
#2 /home/xkynpbah/public_html/vendor/codeigniter4/framework/system/Database/BaseConnection.php(598): CodeIgniter\Database\BaseConnection->simpleQuery('SELECT COUNT(*)...')
#3 /home/xkynpbah/public_html/vendor/codeigniter4/framework/system/Database/BaseBuilder.php(1527): CodeIgniter\Database\BaseConnection->query('SELECT COUNT(*)...', Array, false)
#4 /home/xkynpbah/public_html/app/Controllers/Telegram.php(165): CodeIgniter\Database\BaseBuilder->countAllResults()
#5 /home/xkynpbah/public_html/app/Controllers/Telegram.php(124): App\Controllers\Telegram->askForResetConfirmation(6719727245, 6719727245, Object(stdClass), 'akashbabu', Object(stdClass))
#6 /home/xkynpbah/public_html/vendor/codeigniter4/framework/system/CodeIgniter.php(824): App\Controllers\Telegram->index()
#7 /home/xkynpbah/public_html/vendor/codeigniter4/framework/system/CodeIgniter.php(410): CodeIgniter\CodeIgniter->runController(Object(App\Controllers\Telegram))
#8 /home/xkynpbah/public_html/vendor/codeigniter4/framework/system/CodeIgniter.php(318): CodeIgniter\CodeIgniter->handleRequest(NULL, Object(Config\Cache), false)
#9 /home/xkynpbah/public_html/index.php(37): CodeIgniter\CodeIgniter->run()
#10 {main}
ERROR - 2026-07-27 05:45:43 --> Telegram controller called
ERROR - 2026-07-27 05:45:43 --> Table 'xkynpbah_titoo.telegram_premium' doesn't exist
CRITICAL - 2026-07-27 05:45:43 --> Table 'xkynpbah_titoo.telegram_premium' doesn't exist
#0 /home/xkynpbah/public_html/vendor/codeigniter4/framework/system/Database/MySQLi/Connection.php(292): mysqli->query('SELECT COUNT(*)...', 0)
#1 /home/xkynpbah/public_html/vendor/codeigniter4/framework/system/Database/BaseConnection.php(670): CodeIgniter\Database\MySQLi\Connection->execute('SELECT COUNT(*)...')
#2 /home/xkynpbah/public_html/vendor/codeigniter4/framework/system/Database/BaseConnection.php(598): CodeIgniter\Database\BaseConnection->simpleQuery('SELECT COUNT(*)...')
#3 /home/xkynpbah/public_html/vendor/codeigniter4/framework/system/Database/BaseBuilder.php(1527): CodeIgniter\Database\BaseConnection->query('SELECT COUNT(*)...', Array, false)
#4 /home/xkynpbah/public_html/app/Controllers/Telegram.php(165): CodeIgniter\Database\BaseBuilder->countAllResults()
#5 /home/xkynpbah/public_html/app/Controllers/Telegram.php(124): App\Controllers\Telegram->askForResetConfirmation(6719727245, 6719727245, Object(stdClass), 'akashbabu', Object(stdClass))
#6 /home/xkynpbah/public_html/vendor/codeigniter4/framework/system/CodeIgniter.php(824): App\Controllers\Telegram->index()
#7 /home/xkynpbah/public_html/vendor/codeigniter4/framework/system/CodeIgniter.php(410): CodeIgniter\CodeIgniter->runController(Object(App\Controllers\Telegram))
#8 /home/xkynpbah/public_html/vendor/codeigniter4/framework/system/CodeIgniter.php(318): CodeIgniter\CodeIgniter->handleRequest(NULL, Object(Config\Cache), false)
#9 /home/xkynpbah/public_html/index.php(37): CodeIgniter\CodeIgniter->run()
#10 {main}
ERROR - 2026-07-27 05:47:40 --> Telegram controller called
ERROR - 2026-07-27 05:47:40 --> Table 'xkynpbah_titoo.telegram_premium' doesn't exist
CRITICAL - 2026-07-27 05:47:40 --> Table 'xkynpbah_titoo.telegram_premium' doesn't exist
#0 /home/xkynpbah/public_html/vendor/codeigniter4/framework/system/Database/MySQLi/Connection.php(292): mysqli->query('SELECT COUNT(*)...', 0)
#1 /home/xkynpbah/public_html/vendor/codeigniter4/framework/system/Database/BaseConnection.php(670): CodeIgniter\Database\MySQLi\Connection->execute('SELECT COUNT(*)...')
#2 /home/xkynpbah/public_html/vendor/codeigniter4/framework/system/Database/BaseConnection.php(598): CodeIgniter\Database\BaseConnection->simpleQuery('SELECT COUNT(*)...')
#3 /home/xkynpbah/public_html/vendor/codeigniter4/framework/system/Database/BaseBuilder.php(1527): CodeIgniter\Database\BaseConnection->query('SELECT COUNT(*)...', Array, false)
#4 /home/xkynpbah/public_html/app/Controllers/Telegram.php(165): CodeIgniter\Database\BaseBuilder->countAllResults()
#5 /home/xkynpbah/public_html/app/Controllers/Telegram.php(124): App\Controllers\Telegram->askForResetConfirmation(6719727245, 6719727245, Object(stdClass), 'akashbabu', Object(stdClass))
#6 /home/xkynpbah/public_html/vendor/codeigniter4/framework/system/CodeIgniter.php(824): App\Controllers\Telegram->index()
#7 /home/xkynpbah/public_html/vendor/codeigniter4/framework/system/CodeIgniter.php(410): CodeIgniter\CodeIgniter->runController(Object(App\Controllers\Telegram))
#8 /home/xkynpbah/public_html/vendor/codeigniter4/framework/system/CodeIgniter.php(318): CodeIgniter\CodeIgniter->handleRequest(NULL, Object(Config\Cache), false)
#9 /home/xkynpbah/public_html/index.php(37): CodeIgniter\CodeIgniter->run()
#10 {main}
ERROR - 2026-07-27 05:48:59 --> Telegram controller called
ERROR - 2026-07-27 05:48:59 --> Table 'xkynpbah_titoo.telegram_premium' doesn't exist
CRITICAL - 2026-07-27 05:48:59 --> Table 'xkynpbah_titoo.telegram_premium' doesn't exist
#0 /home/xkynpbah/public_html/vendor/codeigniter4/framework/system/Database/MySQLi/Connection.php(292): mysqli->query('SELECT COUNT(*)...', 0)
#1 /home/xkynpbah/public_html/vendor/codeigniter4/framework/system/Database/BaseConnection.php(670): CodeIgniter\Database\MySQLi\Connection->execute('SELECT COUNT(*)...')
#2 /home/xkynpbah/public_html/vendor/codeigniter4/framework/system/Database/BaseConnection.php(598): CodeIgniter\Database\BaseConnection->simpleQuery('SELECT COUNT(*)...')
#3 /home/xkynpbah/public_html/vendor/codeigniter4/framework/system/Database/BaseBuilder.php(1527): CodeIgniter\Database\BaseConnection->query('SELECT COUNT(*)...', Array, false)
#4 /home/xkynpbah/public_html/app/Controllers/Telegram.php(165): CodeIgniter\Database\BaseBuilder->countAllResults()
#5 /home/xkynpbah/public_html/app/Controllers/Telegram.php(124): App\Controllers\Telegram->askForResetConfirmation(6719727245, 6719727245, Object(stdClass), 'akashbabu', Object(stdClass))
#6 /home/xkynpbah/public_html/vendor/codeigniter4/framework/system/CodeIgniter.php(824): App\Controllers\Telegram->index()
#7 /home/xkynpbah/public_html/vendor/codeigniter4/framework/system/CodeIgniter.php(410): CodeIgniter\CodeIgniter->runController(Object(App\Controllers\Telegram))
#8 /home/xkynpbah/public_html/vendor/codeigniter4/framework/system/CodeIgniter.php(318): CodeIgniter\CodeIgniter->handleRequest(NULL, Object(Config\Cache), false)
#9 /home/xkynpbah/public_html/index.php(37): CodeIgniter\CodeIgniter->run()
#10 {main}
ERROR - 2026-07-27 05:50:32 --> Telegram controller called
ERROR - 2026-07-27 05:50:32 --> Table 'xkynpbah_titoo.telegram_premium' doesn't exist
CRITICAL - 2026-07-27 05:50:32 --> Table 'xkynpbah_titoo.telegram_premium' doesn't exist
#0 /home/xkynpbah/public_html/vendor/codeigniter4/framework/system/Database/MySQLi/Connection.php(292): mysqli->query('SELECT COUNT(*)...', 0)
#1 /home/xkynpbah/public_html/vendor/codeigniter4/framework/system/Database/BaseConnection.php(670): CodeIgniter\Database\MySQLi\Connection->execute('SELECT COUNT(*)...')
#2 /home/xkynpbah/public_html/vendor/codeigniter4/framework/system/Database/BaseConnection.php(598): CodeIgniter\Database\BaseConnection->simpleQuery('SELECT COUNT(*)...')
#3 /home/xkynpbah/public_html/vendor/codeigniter4/framework/system/Database/BaseBuilder.php(1527): CodeIgniter\Database\BaseConnection->query('SELECT COUNT(*)...', Array, false)
#4 /home/xkynpbah/public_html/app/Controllers/Telegram.php(165): CodeIgniter\Database\BaseBuilder->countAllResults()
#5 /home/xkynpbah/public_html/app/Controllers/Telegram.php(124): App\Controllers\Telegram->askForResetConfirmation(6719727245, 6719727245, Object(stdClass), 'akashbabu', Object(stdClass))
#6 /home/xkynpbah/public_html/vendor/codeigniter4/framework/system/CodeIgniter.php(824): App\Controllers\Telegram->index()
#7 /home/xkynpbah/public_html/vendor/codeigniter4/framework/system/CodeIgniter.php(410): CodeIgniter\CodeIgniter->runController(Object(App\Controllers\Telegram))
#8 /home/xkynpbah/public_html/vendor/codeigniter4/framework/system/CodeIgniter.php(318): CodeIgniter\CodeIgniter->handleRequest(NULL, Object(Config\Cache), false)
#9 /home/xkynpbah/public_html/index.php(37): CodeIgniter\CodeIgniter->run()
#10 {main}
ERROR - 2026-07-27 05:51:59 --> Telegram controller called
ERROR - 2026-07-27 05:51:59 --> Table 'xkynpbah_titoo.telegram_premium' doesn't exist
CRITICAL - 2026-07-27 05:51:59 --> Table 'xkynpbah_titoo.telegram_premium' doesn't exist
#0 /home/xkynpbah/public_html/vendor/codeigniter4/framework/system/Database/MySQLi/Connection.php(292): mysqli->query('SELECT COUNT(*)...', 0)
#1 /home/xkynpbah/public_html/vendor/codeigniter4/framework/system/Database/BaseConnection.php(670): CodeIgniter\Database\MySQLi\Connection->execute('SELECT COUNT(*)...')
#2 /home/xkynpbah/public_html/vendor/codeigniter4/framework/system/Database/BaseConnection.php(598): CodeIgniter\Database\BaseConnection->simpleQuery('SELECT COUNT(*)...')
#3 /home/xkynpbah/public_html/vendor/codeigniter4/framework/system/Database/BaseBuilder.php(1527): CodeIgniter\Database\BaseConnection->query('SELECT COUNT(*)...', Array, false)
#4 /home/xkynpbah/public_html/app/Controllers/Telegram.php(165): CodeIgniter\Database\BaseBuilder->countAllResults()
#5 /home/xkynpbah/public_html/app/Controllers/Telegram.php(124): App\Controllers\Telegram->askForResetConfirmation(6719727245, 6719727245, Object(stdClass), 'akashbabu', Object(stdClass))
#6 /home/xkynpbah/public_html/vendor/codeigniter4/framework/system/CodeIgniter.php(824): App\Controllers\Telegram->index()
#7 /home/xkynpbah/public_html/vendor/codeigniter4/framework/system/CodeIgniter.php(410): CodeIgniter\CodeIgniter->runController(Object(App\Controllers\Telegram))
#8 /home/xkynpbah/public_html/vendor/codeigniter4/framework/system/CodeIgniter.php(318): CodeIgniter\CodeIgniter->handleRequest(NULL, Object(Config\Cache), false)
#9 /home/xkynpbah/public_html/index.php(37): CodeIgniter\CodeIgniter->run()
#10 {main}
ERROR - 2026-07-27 05:53:15 --> Telegram controller called
ERROR - 2026-07-27 05:53:15 --> Table 'xkynpbah_titoo.telegram_premium' doesn't exist
CRITICAL - 2026-07-27 05:53:15 --> Table 'xkynpbah_titoo.telegram_premium' doesn't exist
#0 /home/xkynpbah/public_html/vendor/codeigniter4/framework/system/Database/MySQLi/Connection.php(292): mysqli->query('SELECT COUNT(*)...', 0)
#1 /home/xkynpbah/public_html/vendor/codeigniter4/framework/system/Database/BaseConnection.php(670): CodeIgniter\Database\MySQLi\Connection->execute('SELECT COUNT(*)...')
#2 /home/xkynpbah/public_html/vendor/codeigniter4/framework/system/Database/BaseConnection.php(598): CodeIgniter\Database\BaseConnection->simpleQuery('SELECT COUNT(*)...')
#3 /home/xkynpbah/public_html/vendor/codeigniter4/framework/system/Database/BaseBuilder.php(1527): CodeIgniter\Database\BaseConnection->query('SELECT COUNT(*)...', Array, false)
#4 /home/xkynpbah/public_html/app/Controllers/Telegram.php(165): CodeIgniter\Database\BaseBuilder->countAllResults()
#5 /home/xkynpbah/public_html/app/Controllers/Telegram.php(124): App\Controllers\Telegram->askForResetConfirmation(6719727245, 6719727245, Object(stdClass), 'akashbabu', Object(stdClass))
#6 /home/xkynpbah/public_html/vendor/codeigniter4/framework/system/CodeIgniter.php(824): App\Controllers\Telegram->index()
#7 /home/xkynpbah/public_html/vendor/codeigniter4/framework/system/CodeIgniter.php(410): CodeIgniter\CodeIgniter->runController(Object(App\Controllers\Telegram))
#8 /home/xkynpbah/public_html/vendor/codeigniter4/framework/system/CodeIgniter.php(318): CodeIgniter\CodeIgniter->handleRequest(NULL, Object(Config\Cache), false)
#9 /home/xkynpbah/public_html/index.php(37): CodeIgniter\CodeIgniter->run()
#10 {main}
ERROR - 2026-07-27 05:54:39 --> Telegram controller called
ERROR - 2026-07-27 05:54:39 --> Table 'xkynpbah_titoo.telegram_premium' doesn't exist
CRITICAL - 2026-07-27 05:54:39 --> Table 'xkynpbah_titoo.telegram_premium' doesn't exist
#0 /home/xkynpbah/public_html/vendor/codeigniter4/framework/system/Database/MySQLi/Connection.php(292): mysqli->query('SELECT COUNT(*)...', 0)
#1 /home/xkynpbah/public_html/vendor/codeigniter4/framework/system/Database/BaseConnection.php(670): CodeIgniter\Database\MySQLi\Connection->execute('SELECT COUNT(*)...')
#2 /home/xkynpbah/public_html/vendor/codeigniter4/framework/system/Database/BaseConnection.php(598): CodeIgniter\Database\BaseConnection->simpleQuery('SELECT COUNT(*)...')
#3 /home/xkynpbah/public_html/vendor/codeigniter4/framework/system/Database/BaseBuilder.php(1527): CodeIgniter\Database\BaseConnection->query('SELECT COUNT(*)...', Array, false)
#4 /home/xkynpbah/public_html/app/Controllers/Telegram.php(165): CodeIgniter\Database\BaseBuilder->countAllResults()
#5 /home/xkynpbah/public_html/app/Controllers/Telegram.php(124): App\Controllers\Telegram->askForResetConfirmation(6719727245, 6719727245, Object(stdClass), 'akashbabu', Object(stdClass))
#6 /home/xkynpbah/public_html/vendor/codeigniter4/framework/system/CodeIgniter.php(824): App\Controllers\Telegram->index()
#7 /home/xkynpbah/public_html/vendor/codeigniter4/framework/system/CodeIgniter.php(410): CodeIgniter\CodeIgniter->runController(Object(App\Controllers\Telegram))
#8 /home/xkynpbah/public_html/vendor/codeigniter4/framework/system/CodeIgniter.php(318): CodeIgniter\CodeIgniter->handleRequest(NULL, Object(Config\Cache), false)
#9 /home/xkynpbah/public_html/index.php(37): CodeIgniter\CodeIgniter->run()
#10 {main}
ERROR - 2026-07-27 05:56:00 --> Telegram controller called
ERROR - 2026-07-27 05:56:00 --> Table 'xkynpbah_titoo.telegram_premium' doesn't exist
CRITICAL - 2026-07-27 05:56:00 --> Table 'xkynpbah_titoo.telegram_premium' doesn't exist
#0 /home/xkynpbah/public_html/vendor/codeigniter4/framework/system/Database/MySQLi/Connection.php(292): mysqli->query('SELECT COUNT(*)...', 0)
#1 /home/xkynpbah/public_html/vendor/codeigniter4/framework/system/Database/BaseConnection.php(670): CodeIgniter\Database\MySQLi\Connection->execute('SELECT COUNT(*)...')
#2 /home/xkynpbah/public_html/vendor/codeigniter4/framework/system/Database/BaseConnection.php(598): CodeIgniter\Database\BaseConnection->simpleQuery('SELECT COUNT(*)...')
#3 /home/xkynpbah/public_html/vendor/codeigniter4/framework/system/Database/BaseBuilder.php(1527): CodeIgniter\Database\BaseConnection->query('SELECT COUNT(*)...', Array, false)
#4 /home/xkynpbah/public_html/app/Controllers/Telegram.php(165): CodeIgniter\Database\BaseBuilder->countAllResults()
#5 /home/xkynpbah/public_html/app/Controllers/Telegram.php(124): App\Controllers\Telegram->askForResetConfirmation(6719727245, 6719727245, Object(stdClass), 'akashbabu', Object(stdClass))
#6 /home/xkynpbah/public_html/vendor/codeigniter4/framework/system/CodeIgniter.php(824): App\Controllers\Telegram->index()
#7 /home/xkynpbah/public_html/vendor/codeigniter4/framework/system/CodeIgniter.php(410): CodeIgniter\CodeIgniter->runController(Object(App\Controllers\Telegram))
#8 /home/xkynpbah/public_html/vendor/codeigniter4/framework/system/CodeIgniter.php(318): CodeIgniter\CodeIgniter->handleRequest(NULL, Object(Config\Cache), false)
#9 /home/xkynpbah/public_html/index.php(37): CodeIgniter\CodeIgniter->run()
#10 {main}
ERROR - 2026-07-27 05:57:52 --> Telegram controller called
ERROR - 2026-07-27 05:57:52 --> Table 'xkynpbah_titoo.telegram_premium' doesn't exist
CRITICAL - 2026-07-27 05:57:52 --> Table 'xkynpbah_titoo.telegram_premium' doesn't exist
#0 /home/xkynpbah/public_html/vendor/codeigniter4/framework/system/Database/MySQLi/Connection.php(292): mysqli->query('SELECT COUNT(*)...', 0)
#1 /home/xkynpbah/public_html/vendor/codeigniter4/framework/system/Database/BaseConnection.php(670): CodeIgniter\Database\MySQLi\Connection->execute('SELECT COUNT(*)...')
#2 /home/xkynpbah/public_html/vendor/codeigniter4/framework/system/Database/BaseConnection.php(598): CodeIgniter\Database\BaseConnection->simpleQuery('SELECT COUNT(*)...')
#3 /home/xkynpbah/public_html/vendor/codeigniter4/framework/system/Database/BaseBuilder.php(1527): CodeIgniter\Database\BaseConnection->query('SELECT COUNT(*)...', Array, false)
#4 /home/xkynpbah/public_html/app/Controllers/Telegram.php(165): CodeIgniter\Database\BaseBuilder->countAllResults()
#5 /home/xkynpbah/public_html/app/Controllers/Telegram.php(124): App\Controllers\Telegram->askForResetConfirmation(6719727245, 6719727245, Object(stdClass), 'akashbabu', Object(stdClass))
#6 /home/xkynpbah/public_html/vendor/codeigniter4/framework/system/CodeIgniter.php(824): App\Controllers\Telegram->index()
#7 /home/xkynpbah/public_html/vendor/codeigniter4/framework/system/CodeIgniter.php(410): CodeIgniter\CodeIgniter->runController(Object(App\Controllers\Telegram))
#8 /home/xkynpbah/public_html/vendor/codeigniter4/framework/system/CodeIgniter.php(318): CodeIgniter\CodeIgniter->handleRequest(NULL, Object(Config\Cache), false)
#9 /home/xkynpbah/public_html/index.php(37): CodeIgniter\CodeIgniter->run()
#10 {main}
ERROR - 2026-07-27 05:59:49 --> Telegram controller called
ERROR - 2026-07-27 05:59:49 --> Table 'xkynpbah_titoo.telegram_premium' doesn't exist
CRITICAL - 2026-07-27 05:59:49 --> Table 'xkynpbah_titoo.telegram_premium' doesn't exist
#0 /home/xkynpbah/public_html/vendor/codeigniter4/framework/system/Database/MySQLi/Connection.php(292): mysqli->query('SELECT COUNT(*)...', 0)
#1 /home/xkynpbah/public_html/vendor/codeigniter4/framework/system/Database/BaseConnection.php(670): CodeIgniter\Database\MySQLi\Connection->execute('SELECT COUNT(*)...')
#2 /home/xkynpbah/public_html/vendor/codeigniter4/framework/system/Database/BaseConnection.php(598): CodeIgniter\Database\BaseConnection->simpleQuery('SELECT COUNT(*)...')
#3 /home/xkynpbah/public_html/vendor/codeigniter4/framework/system/Database/BaseBuilder.php(1527): CodeIgniter\Database\BaseConnection->query('SELECT COUNT(*)...', Array, false)
#4 /home/xkynpbah/public_html/app/Controllers/Telegram.php(165): CodeIgniter\Database\BaseBuilder->countAllResults()
#5 /home/xkynpbah/public_html/app/Controllers/Telegram.php(124): App\Controllers\Telegram->askForResetConfirmation(6719727245, 6719727245, Object(stdClass), 'akashbabu', Object(stdClass))
#6 /home/xkynpbah/public_html/vendor/codeigniter4/framework/system/CodeIgniter.php(824): App\Controllers\Telegram->index()
#7 /home/xkynpbah/public_html/vendor/codeigniter4/framework/system/CodeIgniter.php(410): CodeIgniter\CodeIgniter->runController(Object(App\Controllers\Telegram))
#8 /home/xkynpbah/public_html/vendor/codeigniter4/framework/system/CodeIgniter.php(318): CodeIgniter\CodeIgniter->handleRequest(NULL, Object(Config\Cache), false)
#9 /home/xkynpbah/public_html/index.php(37): CodeIgniter\CodeIgniter->run()
#10 {main}
ERROR - 2026-07-27 06:01:19 --> Telegram controller called
ERROR - 2026-07-27 06:01:19 --> Table 'xkynpbah_titoo.telegram_premium' doesn't exist
CRITICAL - 2026-07-27 06:01:19 --> Table 'xkynpbah_titoo.telegram_premium' doesn't exist
#0 /home/xkynpbah/public_html/vendor/codeigniter4/framework/system/Database/MySQLi/Connection.php(292): mysqli->query('SELECT COUNT(*)...', 0)
#1 /home/xkynpbah/public_html/vendor/codeigniter4/framework/system/Database/BaseConnection.php(670): CodeIgniter\Database\MySQLi\Connection->execute('SELECT COUNT(*)...')
#2 /home/xkynpbah/public_html/vendor/codeigniter4/framework/system/Database/BaseConnection.php(598): CodeIgniter\Database\BaseConnection->simpleQuery('SELECT COUNT(*)...')
#3 /home/xkynpbah/public_html/vendor/codeigniter4/framework/system/Database/BaseBuilder.php(1527): CodeIgniter\Database\BaseConnection->query('SELECT COUNT(*)...', Array, false)
#4 /home/xkynpbah/public_html/app/Controllers/Telegram.php(165): CodeIgniter\Database\BaseBuilder->countAllResults()
#5 /home/xkynpbah/public_html/app/Controllers/Telegram.php(124): App\Controllers\Telegram->askForResetConfirmation(6719727245, 6719727245, Object(stdClass), 'akashbabu', Object(stdClass))
#6 /home/xkynpbah/public_html/vendor/codeigniter4/framework/system/CodeIgniter.php(824): App\Controllers\Telegram->index()
#7 /home/xkynpbah/public_html/vendor/codeigniter4/framework/system/CodeIgniter.php(410): CodeIgniter\CodeIgniter->runController(Object(App\Controllers\Telegram))
#8 /home/xkynpbah/public_html/vendor/codeigniter4/framework/system/CodeIgniter.php(318): CodeIgniter\CodeIgniter->handleRequest(NULL, Object(Config\Cache), false)
#9 /home/xkynpbah/public_html/index.php(37): CodeIgniter\CodeIgniter->run()
#10 {main}
ERROR - 2026-07-27 06:02:43 --> Telegram controller called
ERROR - 2026-07-27 06:02:43 --> Table 'xkynpbah_titoo.telegram_premium' doesn't exist
CRITICAL - 2026-07-27 06:02:43 --> Table 'xkynpbah_titoo.telegram_premium' doesn't exist
#0 /home/xkynpbah/public_html/vendor/codeigniter4/framework/system/Database/MySQLi/Connection.php(292): mysqli->query('SELECT COUNT(*)...', 0)
#1 /home/xkynpbah/public_html/vendor/codeigniter4/framework/system/Database/BaseConnection.php(670): CodeIgniter\Database\MySQLi\Connection->execute('SELECT COUNT(*)...')
#2 /home/xkynpbah/public_html/vendor/codeigniter4/framework/system/Database/BaseConnection.php(598): CodeIgniter\Database\BaseConnection->simpleQuery('SELECT COUNT(*)...')
#3 /home/xkynpbah/public_html/vendor/codeigniter4/framework/system/Database/BaseBuilder.php(1527): CodeIgniter\Database\BaseConnection->query('SELECT COUNT(*)...', Array, false)
#4 /home/xkynpbah/public_html/app/Controllers/Telegram.php(165): CodeIgniter\Database\BaseBuilder->countAllResults()
#5 /home/xkynpbah/public_html/app/Controllers/Telegram.php(124): App\Controllers\Telegram->askForResetConfirmation(6719727245, 6719727245, Object(stdClass), 'akashbabu', Object(stdClass))
#6 /home/xkynpbah/public_html/vendor/codeigniter4/framework/system/CodeIgniter.php(824): App\Controllers\Telegram->index()
#7 /home/xkynpbah/public_html/vendor/codeigniter4/framework/system/CodeIgniter.php(410): CodeIgniter\CodeIgniter->runController(Object(App\Controllers\Telegram))
#8 /home/xkynpbah/public_html/vendor/codeigniter4/framework/system/CodeIgniter.php(318): CodeIgniter\CodeIgniter->handleRequest(NULL, Object(Config\Cache), false)
#9 /home/xkynpbah/public_html/index.php(37): CodeIgniter\CodeIgniter->run()
#10 {main}
ERROR - 2026-07-27 06:04:36 --> Telegram controller called
ERROR - 2026-07-27 06:04:36 --> Table 'xkynpbah_titoo.telegram_premium' doesn't exist
CRITICAL - 2026-07-27 06:04:36 --> Table 'xkynpbah_titoo.telegram_premium' doesn't exist
#0 /home/xkynpbah/public_html/vendor/codeigniter4/framework/system/Database/MySQLi/Connection.php(292): mysqli->query('SELECT COUNT(*)...', 0)
#1 /home/xkynpbah/public_html/vendor/codeigniter4/framework/system/Database/BaseConnection.php(670): CodeIgniter\Database\MySQLi\Connection->execute('SELECT COUNT(*)...')
#2 /home/xkynpbah/public_html/vendor/codeigniter4/framework/system/Database/BaseConnection.php(598): CodeIgniter\Database\BaseConnection->simpleQuery('SELECT COUNT(*)...')
#3 /home/xkynpbah/public_html/vendor/codeigniter4/framework/system/Database/BaseBuilder.php(1527): CodeIgniter\Database\BaseConnection->query('SELECT COUNT(*)...', Array, false)
#4 /home/xkynpbah/public_html/app/Controllers/Telegram.php(165): CodeIgniter\Database\BaseBuilder->countAllResults()
#5 /home/xkynpbah/public_html/app/Controllers/Telegram.php(124): App\Controllers\Telegram->askForResetConfirmation(6719727245, 6719727245, Object(stdClass), 'akashbabu', Object(stdClass))
#6 /home/xkynpbah/public_html/vendor/codeigniter4/framework/system/CodeIgniter.php(824): App\Controllers\Telegram->index()
#7 /home/xkynpbah/public_html/vendor/codeigniter4/framework/system/CodeIgniter.php(410): CodeIgniter\CodeIgniter->runController(Object(App\Controllers\Telegram))
#8 /home/xkynpbah/public_html/vendor/codeigniter4/framework/system/CodeIgniter.php(318): CodeIgniter\CodeIgniter->handleRequest(NULL, Object(Config\Cache), false)
#9 /home/xkynpbah/public_html/index.php(37): CodeIgniter\CodeIgniter->run()
#10 {main}
ERROR - 2026-07-27 06:06:22 --> Telegram controller called
ERROR - 2026-07-27 06:06:22 --> Table 'xkynpbah_titoo.telegram_premium' doesn't exist
CRITICAL - 2026-07-27 06:06:22 --> Table 'xkynpbah_titoo.telegram_premium' doesn't exist
#0 /home/xkynpbah/public_html/vendor/codeigniter4/framework/system/Database/MySQLi/Connection.php(292): mysqli->query('SELECT COUNT(*)...', 0)
#1 /home/xkynpbah/public_html/vendor/codeigniter4/framework/system/Database/BaseConnection.php(670): CodeIgniter\Database\MySQLi\Connection->execute('SELECT COUNT(*)...')
#2 /home/xkynpbah/public_html/vendor/codeigniter4/framework/system/Database/BaseConnection.php(598): CodeIgniter\Database\BaseConnection->simpleQuery('SELECT COUNT(*)...')
#3 /home/xkynpbah/public_html/vendor/codeigniter4/framework/system/Database/BaseBuilder.php(1527): CodeIgniter\Database\BaseConnection->query('SELECT COUNT(*)...', Array, false)
#4 /home/xkynpbah/public_html/app/Controllers/Telegram.php(165): CodeIgniter\Database\BaseBuilder->countAllResults()
#5 /home/xkynpbah/public_html/app/Controllers/Telegram.php(124): App\Controllers\Telegram->askForResetConfirmation(6719727245, 6719727245, Object(stdClass), 'akashbabu', Object(stdClass))
#6 /home/xkynpbah/public_html/vendor/codeigniter4/framework/system/CodeIgniter.php(824): App\Controllers\Telegram->index()
#7 /home/xkynpbah/public_html/vendor/codeigniter4/framework/system/CodeIgniter.php(410): CodeIgniter\CodeIgniter->runController(Object(App\Controllers\Telegram))
#8 /home/xkynpbah/public_html/vendor/codeigniter4/framework/system/CodeIgniter.php(318): CodeIgniter\CodeIgniter->handleRequest(NULL, Object(Config\Cache), false)
#9 /home/xkynpbah/public_html/index.php(37): CodeIgniter\CodeIgniter->run()
#10 {main}
ERROR - 2026-07-27 06:07:39 --> Telegram controller called
ERROR - 2026-07-27 06:07:39 --> Table 'xkynpbah_titoo.telegram_premium' doesn't exist
CRITICAL - 2026-07-27 06:07:39 --> Table 'xkynpbah_titoo.telegram_premium' doesn't exist
#0 /home/xkynpbah/public_html/vendor/codeigniter4/framework/system/Database/MySQLi/Connection.php(292): mysqli->query('SELECT COUNT(*)...', 0)
#1 /home/xkynpbah/public_html/vendor/codeigniter4/framework/system/Database/BaseConnection.php(670): CodeIgniter\Database\MySQLi\Connection->execute('SELECT COUNT(*)...')
#2 /home/xkynpbah/public_html/vendor/codeigniter4/framework/system/Database/BaseConnection.php(598): CodeIgniter\Database\BaseConnection->simpleQuery('SELECT COUNT(*)...')
#3 /home/xkynpbah/public_html/vendor/codeigniter4/framework/system/Database/BaseBuilder.php(1527): CodeIgniter\Database\BaseConnection->query('SELECT COUNT(*)...', Array, false)
#4 /home/xkynpbah/public_html/app/Controllers/Telegram.php(165): CodeIgniter\Database\BaseBuilder->countAllResults()
#5 /home/xkynpbah/public_html/app/Controllers/Telegram.php(124): App\Controllers\Telegram->askForResetConfirmation(6719727245, 6719727245, Object(stdClass), 'akashbabu', Object(stdClass))
#6 /home/xkynpbah/public_html/vendor/codeigniter4/framework/system/CodeIgniter.php(824): App\Controllers\Telegram->index()
#7 /home/xkynpbah/public_html/vendor/codeigniter4/framework/system/CodeIgniter.php(410): CodeIgniter\CodeIgniter->runController(Object(App\Controllers\Telegram))
#8 /home/xkynpbah/public_html/vendor/codeigniter4/framework/system/CodeIgniter.php(318): CodeIgniter\CodeIgniter->handleRequest(NULL, Object(Config\Cache), false)
#9 /home/xkynpbah/public_html/index.php(37): CodeIgniter\CodeIgniter->run()
#10 {main}
ERROR - 2026-07-27 06:08:57 --> Telegram controller called
ERROR - 2026-07-27 06:08:57 --> Table 'xkynpbah_titoo.telegram_premium' doesn't exist
CRITICAL - 2026-07-27 06:08:57 --> Table 'xkynpbah_titoo.telegram_premium' doesn't exist
#0 /home/xkynpbah/public_html/vendor/codeigniter4/framework/system/Database/MySQLi/Connection.php(292): mysqli->query('SELECT COUNT(*)...', 0)
#1 /home/xkynpbah/public_html/vendor/codeigniter4/framework/system/Database/BaseConnection.php(670): CodeIgniter\Database\MySQLi\Connection->execute('SELECT COUNT(*)...')
#2 /home/xkynpbah/public_html/vendor/codeigniter4/framework/system/Database/BaseConnection.php(598): CodeIgniter\Database\BaseConnection->simpleQuery('SELECT COUNT(*)...')
#3 /home/xkynpbah/public_html/vendor/codeigniter4/framework/system/Database/BaseBuilder.php(1527): CodeIgniter\Database\BaseConnection->query('SELECT COUNT(*)...', Array, false)
#4 /home/xkynpbah/public_html/app/Controllers/Telegram.php(165): CodeIgniter\Database\BaseBuilder->countAllResults()
#5 /home/xkynpbah/public_html/app/Controllers/Telegram.php(124): App\Controllers\Telegram->askForResetConfirmation(6719727245, 6719727245, Object(stdClass), 'akashbabu', Object(stdClass))
#6 /home/xkynpbah/public_html/vendor/codeigniter4/framework/system/CodeIgniter.php(824): App\Controllers\Telegram->index()
#7 /home/xkynpbah/public_html/vendor/codeigniter4/framework/system/CodeIgniter.php(410): CodeIgniter\CodeIgniter->runController(Object(App\Controllers\Telegram))
#8 /home/xkynpbah/public_html/vendor/codeigniter4/framework/system/CodeIgniter.php(318): CodeIgniter\CodeIgniter->handleRequest(NULL, Object(Config\Cache), false)
#9 /home/xkynpbah/public_html/index.php(37): CodeIgniter\CodeIgniter->run()
#10 {main}
ERROR - 2026-07-27 06:10:16 --> Telegram controller called
ERROR - 2026-07-27 06:10:16 --> Table 'xkynpbah_titoo.telegram_premium' doesn't exist
CRITICAL - 2026-07-27 06:10:16 --> Table 'xkynpbah_titoo.telegram_premium' doesn't exist
#0 /home/xkynpbah/public_html/vendor/codeigniter4/framework/system/Database/MySQLi/Connection.php(292): mysqli->query('SELECT COUNT(*)...', 0)
#1 /home/xkynpbah/public_html/vendor/codeigniter4/framework/system/Database/BaseConnection.php(670): CodeIgniter\Database\MySQLi\Connection->execute('SELECT COUNT(*)...')
#2 /home/xkynpbah/public_html/vendor/codeigniter4/framework/system/Database/BaseConnection.php(598): CodeIgniter\Database\BaseConnection->simpleQuery('SELECT COUNT(*)...')
#3 /home/xkynpbah/public_html/vendor/codeigniter4/framework/system/Database/BaseBuilder.php(1527): CodeIgniter\Database\BaseConnection->query('SELECT COUNT(*)...', Array, false)
#4 /home/xkynpbah/public_html/app/Controllers/Telegram.php(165): CodeIgniter\Database\BaseBuilder->countAllResults()
#5 /home/xkynpbah/public_html/app/Controllers/Telegram.php(124): App\Controllers\Telegram->askForResetConfirmation(6719727245, 6719727245, Object(stdClass), 'akashbabu', Object(stdClass))
#6 /home/xkynpbah/public_html/vendor/codeigniter4/framework/system/CodeIgniter.php(824): App\Controllers\Telegram->index()
#7 /home/xkynpbah/public_html/vendor/codeigniter4/framework/system/CodeIgniter.php(410): CodeIgniter\CodeIgniter->runController(Object(App\Controllers\Telegram))
#8 /home/xkynpbah/public_html/vendor/codeigniter4/framework/system/CodeIgniter.php(318): CodeIgniter\CodeIgniter->handleRequest(NULL, Object(Config\Cache), false)
#9 /home/xkynpbah/public_html/index.php(37): CodeIgniter\CodeIgniter->run()
#10 {main}
ERROR - 2026-07-27 06:11:43 --> Telegram controller called
ERROR - 2026-07-27 06:11:43 --> Table 'xkynpbah_titoo.telegram_premium' doesn't exist
CRITICAL - 2026-07-27 06:11:43 --> Table 'xkynpbah_titoo.telegram_premium' doesn't exist
#0 /home/xkynpbah/public_html/vendor/codeigniter4/framework/system/Database/MySQLi/Connection.php(292): mysqli->query('SELECT COUNT(*)...', 0)
#1 /home/xkynpbah/public_html/vendor/codeigniter4/framework/system/Database/BaseConnection.php(670): CodeIgniter\Database\MySQLi\Connection->execute('SELECT COUNT(*)...')
#2 /home/xkynpbah/public_html/vendor/codeigniter4/framework/system/Database/BaseConnection.php(598): CodeIgniter\Database\BaseConnection->simpleQuery('SELECT COUNT(*)...')
#3 /home/xkynpbah/public_html/vendor/codeigniter4/framework/system/Database/BaseBuilder.php(1527): CodeIgniter\Database\BaseConnection->query('SELECT COUNT(*)...', Array, false)
#4 /home/xkynpbah/public_html/app/Controllers/Telegram.php(165): CodeIgniter\Database\BaseBuilder->countAllResults()
#5 /home/xkynpbah/public_html/app/Controllers/Telegram.php(124): App\Controllers\Telegram->askForResetConfirmation(6719727245, 6719727245, Object(stdClass), 'akashbabu', Object(stdClass))
#6 /home/xkynpbah/public_html/vendor/codeigniter4/framework/system/CodeIgniter.php(824): App\Controllers\Telegram->index()
#7 /home/xkynpbah/public_html/vendor/codeigniter4/framework/system/CodeIgniter.php(410): CodeIgniter\CodeIgniter->runController(Object(App\Controllers\Telegram))
#8 /home/xkynpbah/public_html/vendor/codeigniter4/framework/system/CodeIgniter.php(318): CodeIgniter\CodeIgniter->handleRequest(NULL, Object(Config\Cache), false)
#9 /home/xkynpbah/public_html/index.php(37): CodeIgniter\CodeIgniter->run()
#10 {main}
ERROR - 2026-07-27 06:13:02 --> Telegram controller called
ERROR - 2026-07-27 06:13:02 --> Table 'xkynpbah_titoo.telegram_premium' doesn't exist
CRITICAL - 2026-07-27 06:13:02 --> Table 'xkynpbah_titoo.telegram_premium' doesn't exist
#0 /home/xkynpbah/public_html/vendor/codeigniter4/framework/system/Database/MySQLi/Connection.php(292): mysqli->query('SELECT COUNT(*)...', 0)
#1 /home/xkynpbah/public_html/vendor/codeigniter4/framework/system/Database/BaseConnection.php(670): CodeIgniter\Database\MySQLi\Connection->execute('SELECT COUNT(*)...')
#2 /home/xkynpbah/public_html/vendor/codeigniter4/framework/system/Database/BaseConnection.php(598): CodeIgniter\Database\BaseConnection->simpleQuery('SELECT COUNT(*)...')
#3 /home/xkynpbah/public_html/vendor/codeigniter4/framework/system/Database/BaseBuilder.php(1527): CodeIgniter\Database\BaseConnection->query('SELECT COUNT(*)...', Array, false)
#4 /home/xkynpbah/public_html/app/Controllers/Telegram.php(165): CodeIgniter\Database\BaseBuilder->countAllResults()
#5 /home/xkynpbah/public_html/app/Controllers/Telegram.php(124): App\Controllers\Telegram->askForResetConfirmation(6719727245, 6719727245, Object(stdClass), 'akashbabu', Object(stdClass))
#6 /home/xkynpbah/public_html/vendor/codeigniter4/framework/system/CodeIgniter.php(824): App\Controllers\Telegram->index()
#7 /home/xkynpbah/public_html/vendor/codeigniter4/framework/system/CodeIgniter.php(410): CodeIgniter\CodeIgniter->runController(Object(App\Controllers\Telegram))
#8 /home/xkynpbah/public_html/vendor/codeigniter4/framework/system/CodeIgniter.php(318): CodeIgniter\CodeIgniter->handleRequest(NULL, Object(Config\Cache), false)
#9 /home/xkynpbah/public_html/index.php(37): CodeIgniter\CodeIgniter->run()
#10 {main}
ERROR - 2026-07-27 06:14:28 --> Telegram controller called
ERROR - 2026-07-27 06:14:28 --> Table 'xkynpbah_titoo.telegram_premium' doesn't exist
CRITICAL - 2026-07-27 06:14:28 --> Table 'xkynpbah_titoo.telegram_premium' doesn't exist
#0 /home/xkynpbah/public_html/vendor/codeigniter4/framework/system/Database/MySQLi/Connection.php(292): mysqli->query('SELECT COUNT(*)...', 0)
#1 /home/xkynpbah/public_html/vendor/codeigniter4/framework/system/Database/BaseConnection.php(670): CodeIgniter\Database\MySQLi\Connection->execute('SELECT COUNT(*)...')
#2 /home/xkynpbah/public_html/vendor/codeigniter4/framework/system/Database/BaseConnection.php(598): CodeIgniter\Database\BaseConnection->simpleQuery('SELECT COUNT(*)...')
#3 /home/xkynpbah/public_html/vendor/codeigniter4/framework/system/Database/BaseBuilder.php(1527): CodeIgniter\Database\BaseConnection->query('SELECT COUNT(*)...', Array, false)
#4 /home/xkynpbah/public_html/app/Controllers/Telegram.php(165): CodeIgniter\Database\BaseBuilder->countAllResults()
#5 /home/xkynpbah/public_html/app/Controllers/Telegram.php(124): App\Controllers\Telegram->askForResetConfirmation(6719727245, 6719727245, Object(stdClass), 'akashbabu', Object(stdClass))
#6 /home/xkynpbah/public_html/vendor/codeigniter4/framework/system/CodeIgniter.php(824): App\Controllers\Telegram->index()
#7 /home/xkynpbah/public_html/vendor/codeigniter4/framework/system/CodeIgniter.php(410): CodeIgniter\CodeIgniter->runController(Object(App\Controllers\Telegram))
#8 /home/xkynpbah/public_html/vendor/codeigniter4/framework/system/CodeIgniter.php(318): CodeIgniter\CodeIgniter->handleRequest(NULL, Object(Config\Cache), false)
#9 /home/xkynpbah/public_html/index.php(37): CodeIgniter\CodeIgniter->run()
#10 {main}
ERROR - 2026-07-27 06:15:58 --> Telegram controller called
ERROR - 2026-07-27 06:15:58 --> Table 'xkynpbah_titoo.telegram_premium' doesn't exist
CRITICAL - 2026-07-27 06:15:58 --> Table 'xkynpbah_titoo.telegram_premium' doesn't exist
#0 /home/xkynpbah/public_html/vendor/codeigniter4/framework/system/Database/MySQLi/Connection.php(292): mysqli->query('SELECT COUNT(*)...', 0)
#1 /home/xkynpbah/public_html/vendor/codeigniter4/framework/system/Database/BaseConnection.php(670): CodeIgniter\Database\MySQLi\Connection->execute('SELECT COUNT(*)...')
#2 /home/xkynpbah/public_html/vendor/codeigniter4/framework/system/Database/BaseConnection.php(598): CodeIgniter\Database\BaseConnection->simpleQuery('SELECT COUNT(*)...')
#3 /home/xkynpbah/public_html/vendor/codeigniter4/framework/system/Database/BaseBuilder.php(1527): CodeIgniter\Database\BaseConnection->query('SELECT COUNT(*)...', Array, false)
#4 /home/xkynpbah/public_html/app/Controllers/Telegram.php(165): CodeIgniter\Database\BaseBuilder->countAllResults()
#5 /home/xkynpbah/public_html/app/Controllers/Telegram.php(124): App\Controllers\Telegram->askForResetConfirmation(6719727245, 6719727245, Object(stdClass), 'akashbabu', Object(stdClass))
#6 /home/xkynpbah/public_html/vendor/codeigniter4/framework/system/CodeIgniter.php(824): App\Controllers\Telegram->index()
#7 /home/xkynpbah/public_html/vendor/codeigniter4/framework/system/CodeIgniter.php(410): CodeIgniter\CodeIgniter->runController(Object(App\Controllers\Telegram))
#8 /home/xkynpbah/public_html/vendor/codeigniter4/framework/system/CodeIgniter.php(318): CodeIgniter\CodeIgniter->handleRequest(NULL, Object(Config\Cache), false)
#9 /home/xkynpbah/public_html/index.php(37): CodeIgniter\CodeIgniter->run()
#10 {main}
ERROR - 2026-07-27 06:17:52 --> Telegram controller called
ERROR - 2026-07-27 06:17:52 --> Table 'xkynpbah_titoo.telegram_premium' doesn't exist
CRITICAL - 2026-07-27 06:17:52 --> Table 'xkynpbah_titoo.telegram_premium' doesn't exist
#0 /home/xkynpbah/public_html/vendor/codeigniter4/framework/system/Database/MySQLi/Connection.php(292): mysqli->query('SELECT COUNT(*)...', 0)
#1 /home/xkynpbah/public_html/vendor/codeigniter4/framework/system/Database/BaseConnection.php(670): CodeIgniter\Database\MySQLi\Connection->execute('SELECT COUNT(*)...')
#2 /home/xkynpbah/public_html/vendor/codeigniter4/framework/system/Database/BaseConnection.php(598): CodeIgniter\Database\BaseConnection->simpleQuery('SELECT COUNT(*)...')
#3 /home/xkynpbah/public_html/vendor/codeigniter4/framework/system/Database/BaseBuilder.php(1527): CodeIgniter\Database\BaseConnection->query('SELECT COUNT(*)...', Array, false)
#4 /home/xkynpbah/public_html/app/Controllers/Telegram.php(165): CodeIgniter\Database\BaseBuilder->countAllResults()
#5 /home/xkynpbah/public_html/app/Controllers/Telegram.php(124): App\Controllers\Telegram->askForResetConfirmation(6719727245, 6719727245, Object(stdClass), 'akashbabu', Object(stdClass))
#6 /home/xkynpbah/public_html/vendor/codeigniter4/framework/system/CodeIgniter.php(824): App\Controllers\Telegram->index()
#7 /home/xkynpbah/public_html/vendor/codeigniter4/framework/system/CodeIgniter.php(410): CodeIgniter\CodeIgniter->runController(Object(App\Controllers\Telegram))
#8 /home/xkynpbah/public_html/vendor/codeigniter4/framework/system/CodeIgniter.php(318): CodeIgniter\CodeIgniter->handleRequest(NULL, Object(Config\Cache), false)
#9 /home/xkynpbah/public_html/index.php(37): CodeIgniter\CodeIgniter->run()
#10 {main}
ERROR - 2026-07-27 06:19:27 --> Telegram controller called
ERROR - 2026-07-27 06:19:27 --> Table 'xkynpbah_titoo.telegram_premium' doesn't exist
CRITICAL - 2026-07-27 06:19:27 --> Table 'xkynpbah_titoo.telegram_premium' doesn't exist
#0 /home/xkynpbah/public_html/vendor/codeigniter4/framework/system/Database/MySQLi/Connection.php(292): mysqli->query('SELECT COUNT(*)...', 0)
#1 /home/xkynpbah/public_html/vendor/codeigniter4/framework/system/Database/BaseConnection.php(670): CodeIgniter\Database\MySQLi\Connection->execute('SELECT COUNT(*)...')
#2 /home/xkynpbah/public_html/vendor/codeigniter4/framework/system/Database/BaseConnection.php(598): CodeIgniter\Database\BaseConnection->simpleQuery('SELECT COUNT(*)...')
#3 /home/xkynpbah/public_html/vendor/codeigniter4/framework/system/Database/BaseBuilder.php(1527): CodeIgniter\Database\BaseConnection->query('SELECT COUNT(*)...', Array, false)
#4 /home/xkynpbah/public_html/app/Controllers/Telegram.php(165): CodeIgniter\Database\BaseBuilder->countAllResults()
#5 /home/xkynpbah/public_html/app/Controllers/Telegram.php(124): App\Controllers\Telegram->askForResetConfirmation(6719727245, 6719727245, Object(stdClass), 'akashbabu', Object(stdClass))
#6 /home/xkynpbah/public_html/vendor/codeigniter4/framework/system/CodeIgniter.php(824): App\Controllers\Telegram->index()
#7 /home/xkynpbah/public_html/vendor/codeigniter4/framework/system/CodeIgniter.php(410): CodeIgniter\CodeIgniter->runController(Object(App\Controllers\Telegram))
#8 /home/xkynpbah/public_html/vendor/codeigniter4/framework/system/CodeIgniter.php(318): CodeIgniter\CodeIgniter->handleRequest(NULL, Object(Config\Cache), false)
#9 /home/xkynpbah/public_html/index.php(37): CodeIgniter\CodeIgniter->run()
#10 {main}
ERROR - 2026-07-27 06:21:22 --> Telegram controller called
ERROR - 2026-07-27 06:21:22 --> Table 'xkynpbah_titoo.telegram_premium' doesn't exist
CRITICAL - 2026-07-27 06:21:22 --> Table 'xkynpbah_titoo.telegram_premium' doesn't exist
#0 /home/xkynpbah/public_html/vendor/codeigniter4/framework/system/Database/MySQLi/Connection.php(292): mysqli->query('SELECT COUNT(*)...', 0)
#1 /home/xkynpbah/public_html/vendor/codeigniter4/framework/system/Database/BaseConnection.php(670): CodeIgniter\Database\MySQLi\Connection->execute('SELECT COUNT(*)...')
#2 /home/xkynpbah/public_html/vendor/codeigniter4/framework/system/Database/BaseConnection.php(598): CodeIgniter\Database\BaseConnection->simpleQuery('SELECT COUNT(*)...')
#3 /home/xkynpbah/public_html/vendor/codeigniter4/framework/system/Database/BaseBuilder.php(1527): CodeIgniter\Database\BaseConnection->query('SELECT COUNT(*)...', Array, false)
#4 /home/xkynpbah/public_html/app/Controllers/Telegram.php(165): CodeIgniter\Database\BaseBuilder->countAllResults()
#5 /home/xkynpbah/public_html/app/Controllers/Telegram.php(124): App\Controllers\Telegram->askForResetConfirmation(6719727245, 6719727245, Object(stdClass), 'akashbabu', Object(stdClass))
#6 /home/xkynpbah/public_html/vendor/codeigniter4/framework/system/CodeIgniter.php(824): App\Controllers\Telegram->index()
#7 /home/xkynpbah/public_html/vendor/codeigniter4/framework/system/CodeIgniter.php(410): CodeIgniter\CodeIgniter->runController(Object(App\Controllers\Telegram))
#8 /home/xkynpbah/public_html/vendor/codeigniter4/framework/system/CodeIgniter.php(318): CodeIgniter\CodeIgniter->handleRequest(NULL, Object(Config\Cache), false)
#9 /home/xkynpbah/public_html/index.php(37): CodeIgniter\CodeIgniter->run()
#10 {main}
ERROR - 2026-07-27 06:22:54 --> Telegram controller called
ERROR - 2026-07-27 06:22:54 --> Table 'xkynpbah_titoo.telegram_premium' doesn't exist
CRITICAL - 2026-07-27 06:22:54 --> Table 'xkynpbah_titoo.telegram_premium' doesn't exist
#0 /home/xkynpbah/public_html/vendor/codeigniter4/framework/system/Database/MySQLi/Connection.php(292): mysqli->query('SELECT COUNT(*)...', 0)
#1 /home/xkynpbah/public_html/vendor/codeigniter4/framework/system/Database/BaseConnection.php(670): CodeIgniter\Database\MySQLi\Connection->execute('SELECT COUNT(*)...')
#2 /home/xkynpbah/public_html/vendor/codeigniter4/framework/system/Database/BaseConnection.php(598): CodeIgniter\Database\BaseConnection->simpleQuery('SELECT COUNT(*)...')
#3 /home/xkynpbah/public_html/vendor/codeigniter4/framework/system/Database/BaseBuilder.php(1527): CodeIgniter\Database\BaseConnection->query('SELECT COUNT(*)...', Array, false)
#4 /home/xkynpbah/public_html/app/Controllers/Telegram.php(165): CodeIgniter\Database\BaseBuilder->countAllResults()
#5 /home/xkynpbah/public_html/app/Controllers/Telegram.php(124): App\Controllers\Telegram->askForResetConfirmation(6719727245, 6719727245, Object(stdClass), 'akashbabu', Object(stdClass))
#6 /home/xkynpbah/public_html/vendor/codeigniter4/framework/system/CodeIgniter.php(824): App\Controllers\Telegram->index()
#7 /home/xkynpbah/public_html/vendor/codeigniter4/framework/system/CodeIgniter.php(410): CodeIgniter\CodeIgniter->runController(Object(App\Controllers\Telegram))
#8 /home/xkynpbah/public_html/vendor/codeigniter4/framework/system/CodeIgniter.php(318): CodeIgniter\CodeIgniter->handleRequest(NULL, Object(Config\Cache), false)
#9 /home/xkynpbah/public_html/index.php(37): CodeIgniter\CodeIgniter->run()
#10 {main}
ERROR - 2026-07-27 06:24:27 --> Telegram controller called
ERROR - 2026-07-27 06:24:27 --> Table 'xkynpbah_titoo.telegram_premium' doesn't exist
CRITICAL - 2026-07-27 06:24:27 --> Table 'xkynpbah_titoo.telegram_premium' doesn't exist
#0 /home/xkynpbah/public_html/vendor/codeigniter4/framework/system/Database/MySQLi/Connection.php(292): mysqli->query('SELECT COUNT(*)...', 0)
#1 /home/xkynpbah/public_html/vendor/codeigniter4/framework/system/Database/BaseConnection.php(670): CodeIgniter\Database\MySQLi\Connection->execute('SELECT COUNT(*)...')
#2 /home/xkynpbah/public_html/vendor/codeigniter4/framework/system/Database/BaseConnection.php(598): CodeIgniter\Database\BaseConnection->simpleQuery('SELECT COUNT(*)...')
#3 /home/xkynpbah/public_html/vendor/codeigniter4/framework/system/Database/BaseBuilder.php(1527): CodeIgniter\Database\BaseConnection->query('SELECT COUNT(*)...', Array, false)
#4 /home/xkynpbah/public_html/app/Controllers/Telegram.php(165): CodeIgniter\Database\BaseBuilder->countAllResults()
#5 /home/xkynpbah/public_html/app/Controllers/Telegram.php(124): App\Controllers\Telegram->askForResetConfirmation(6719727245, 6719727245, Object(stdClass), 'akashbabu', Object(stdClass))
#6 /home/xkynpbah/public_html/vendor/codeigniter4/framework/system/CodeIgniter.php(824): App\Controllers\Telegram->index()
#7 /home/xkynpbah/public_html/vendor/codeigniter4/framework/system/CodeIgniter.php(410): CodeIgniter\CodeIgniter->runController(Object(App\Controllers\Telegram))
#8 /home/xkynpbah/public_html/vendor/codeigniter4/framework/system/CodeIgniter.php(318): CodeIgniter\CodeIgniter->handleRequest(NULL, Object(Config\Cache), false)
#9 /home/xkynpbah/public_html/index.php(37): CodeIgniter\CodeIgniter->run()
#10 {main}
ERROR - 2026-07-27 06:26:03 --> Telegram controller called
ERROR - 2026-07-27 06:26:03 --> Table 'xkynpbah_titoo.telegram_premium' doesn't exist
CRITICAL - 2026-07-27 06:26:03 --> Table 'xkynpbah_titoo.telegram_premium' doesn't exist
#0 /home/xkynpbah/public_html/vendor/codeigniter4/framework/system/Database/MySQLi/Connection.php(292): mysqli->query('SELECT COUNT(*)...', 0)
#1 /home/xkynpbah/public_html/vendor/codeigniter4/framework/system/Database/BaseConnection.php(670): CodeIgniter\Database\MySQLi\Connection->execute('SELECT COUNT(*)...')
#2 /home/xkynpbah/public_html/vendor/codeigniter4/framework/system/Database/BaseConnection.php(598): CodeIgniter\Database\BaseConnection->simpleQuery('SELECT COUNT(*)...')
#3 /home/xkynpbah/public_html/vendor/codeigniter4/framework/system/Database/BaseBuilder.php(1527): CodeIgniter\Database\BaseConnection->query('SELECT COUNT(*)...', Array, false)
#4 /home/xkynpbah/public_html/app/Controllers/Telegram.php(165): CodeIgniter\Database\BaseBuilder->countAllResults()
#5 /home/xkynpbah/public_html/app/Controllers/Telegram.php(124): App\Controllers\Telegram->askForResetConfirmation(6719727245, 6719727245, Object(stdClass), 'akashbabu', Object(stdClass))
#6 /home/xkynpbah/public_html/vendor/codeigniter4/framework/system/CodeIgniter.php(824): App\Controllers\Telegram->index()
#7 /home/xkynpbah/public_html/vendor/codeigniter4/framework/system/CodeIgniter.php(410): CodeIgniter\CodeIgniter->runController(Object(App\Controllers\Telegram))
#8 /home/xkynpbah/public_html/vendor/codeigniter4/framework/system/CodeIgniter.php(318): CodeIgniter\CodeIgniter->handleRequest(NULL, Object(Config\Cache), false)
#9 /home/xkynpbah/public_html/index.php(37): CodeIgniter\CodeIgniter->run()
#10 {main}
ERROR - 2026-07-27 06:27:09 --> Telegram controller called
ERROR - 2026-07-27 06:27:09 --> Table 'xkynpbah_titoo.telegram_premium' doesn't exist
CRITICAL - 2026-07-27 06:27:09 --> Table 'xkynpbah_titoo.telegram_premium' doesn't exist
#0 /home/xkynpbah/public_html/vendor/codeigniter4/framework/system/Database/MySQLi/Connection.php(292): mysqli->query('SELECT COUNT(*)...', 0)
#1 /home/xkynpbah/public_html/vendor/codeigniter4/framework/system/Database/BaseConnection.php(670): CodeIgniter\Database\MySQLi\Connection->execute('SELECT COUNT(*)...')
#2 /home/xkynpbah/public_html/vendor/codeigniter4/framework/system/Database/BaseConnection.php(598): CodeIgniter\Database\BaseConnection->simpleQuery('SELECT COUNT(*)...')
#3 /home/xkynpbah/public_html/vendor/codeigniter4/framework/system/Database/BaseBuilder.php(1527): CodeIgniter\Database\BaseConnection->query('SELECT COUNT(*)...', Array, false)
#4 /home/xkynpbah/public_html/app/Controllers/Telegram.php(165): CodeIgniter\Database\BaseBuilder->countAllResults()
#5 /home/xkynpbah/public_html/app/Controllers/Telegram.php(124): App\Controllers\Telegram->askForResetConfirmation(6719727245, 6719727245, Object(stdClass), 'akashbabu', Object(stdClass))
#6 /home/xkynpbah/public_html/vendor/codeigniter4/framework/system/CodeIgniter.php(824): App\Controllers\Telegram->index()
#7 /home/xkynpbah/public_html/vendor/codeigniter4/framework/system/CodeIgniter.php(410): CodeIgniter\CodeIgniter->runController(Object(App\Controllers\Telegram))
#8 /home/xkynpbah/public_html/vendor/codeigniter4/framework/system/CodeIgniter.php(318): CodeIgniter\CodeIgniter->handleRequest(NULL, Object(Config\Cache), false)
#9 /home/xkynpbah/public_html/index.php(37): CodeIgniter\CodeIgniter->run()
#10 {main}
ERROR - 2026-07-27 06:28:39 --> Telegram controller called
ERROR - 2026-07-27 06:28:39 --> Table 'xkynpbah_titoo.telegram_premium' doesn't exist
CRITICAL - 2026-07-27 06:28:39 --> Table 'xkynpbah_titoo.telegram_premium' doesn't exist
#0 /home/xkynpbah/public_html/vendor/codeigniter4/framework/system/Database/MySQLi/Connection.php(292): mysqli->query('SELECT COUNT(*)...', 0)
#1 /home/xkynpbah/public_html/vendor/codeigniter4/framework/system/Database/BaseConnection.php(670): CodeIgniter\Database\MySQLi\Connection->execute('SELECT COUNT(*)...')
#2 /home/xkynpbah/public_html/vendor/codeigniter4/framework/system/Database/BaseConnection.php(598): CodeIgniter\Database\BaseConnection->simpleQuery('SELECT COUNT(*)...')
#3 /home/xkynpbah/public_html/vendor/codeigniter4/framework/system/Database/BaseBuilder.php(1527): CodeIgniter\Database\BaseConnection->query('SELECT COUNT(*)...', Array, false)
#4 /home/xkynpbah/public_html/app/Controllers/Telegram.php(165): CodeIgniter\Database\BaseBuilder->countAllResults()
#5 /home/xkynpbah/public_html/app/Controllers/Telegram.php(124): App\Controllers\Telegram->askForResetConfirmation(6719727245, 6719727245, Object(stdClass), 'akashbabu', Object(stdClass))
#6 /home/xkynpbah/public_html/vendor/codeigniter4/framework/system/CodeIgniter.php(824): App\Controllers\Telegram->index()
#7 /home/xkynpbah/public_html/vendor/codeigniter4/framework/system/CodeIgniter.php(410): CodeIgniter\CodeIgniter->runController(Object(App\Controllers\Telegram))
#8 /home/xkynpbah/public_html/vendor/codeigniter4/framework/system/CodeIgniter.php(318): CodeIgniter\CodeIgniter->handleRequest(NULL, Object(Config\Cache), false)
#9 /home/xkynpbah/public_html/index.php(37): CodeIgniter\CodeIgniter->run()
#10 {main}
ERROR - 2026-07-27 06:29:47 --> Telegram controller called
ERROR - 2026-07-27 06:29:47 --> Table 'xkynpbah_titoo.telegram_premium' doesn't exist
CRITICAL - 2026-07-27 06:29:47 --> Table 'xkynpbah_titoo.telegram_premium' doesn't exist
#0 /home/xkynpbah/public_html/vendor/codeigniter4/framework/system/Database/MySQLi/Connection.php(292): mysqli->query('SELECT COUNT(*)...', 0)
#1 /home/xkynpbah/public_html/vendor/codeigniter4/framework/system/Database/BaseConnection.php(670): CodeIgniter\Database\MySQLi\Connection->execute('SELECT COUNT(*)...')
#2 /home/xkynpbah/public_html/vendor/codeigniter4/framework/system/Database/BaseConnection.php(598): CodeIgniter\Database\BaseConnection->simpleQuery('SELECT COUNT(*)...')
#3 /home/xkynpbah/public_html/vendor/codeigniter4/framework/system/Database/BaseBuilder.php(1527): CodeIgniter\Database\BaseConnection->query('SELECT COUNT(*)...', Array, false)
#4 /home/xkynpbah/public_html/app/Controllers/Telegram.php(165): CodeIgniter\Database\BaseBuilder->countAllResults()
#5 /home/xkynpbah/public_html/app/Controllers/Telegram.php(124): App\Controllers\Telegram->askForResetConfirmation(6719727245, 6719727245, Object(stdClass), 'akashbabu', Object(stdClass))
#6 /home/xkynpbah/public_html/vendor/codeigniter4/framework/system/CodeIgniter.php(824): App\Controllers\Telegram->index()
#7 /home/xkynpbah/public_html/vendor/codeigniter4/framework/system/CodeIgniter.php(410): CodeIgniter\CodeIgniter->runController(Object(App\Controllers\Telegram))
#8 /home/xkynpbah/public_html/vendor/codeigniter4/framework/system/CodeIgniter.php(318): CodeIgniter\CodeIgniter->handleRequest(NULL, Object(Config\Cache), false)
#9 /home/xkynpbah/public_html/index.php(37): CodeIgniter\CodeIgniter->run()
#10 {main}
ERROR - 2026-07-27 06:31:41 --> Telegram controller called
ERROR - 2026-07-27 06:31:41 --> Table 'xkynpbah_titoo.telegram_premium' doesn't exist
CRITICAL - 2026-07-27 06:31:41 --> Table 'xkynpbah_titoo.telegram_premium' doesn't exist
#0 /home/xkynpbah/public_html/vendor/codeigniter4/framework/system/Database/MySQLi/Connection.php(292): mysqli->query('SELECT COUNT(*)...', 0)
#1 /home/xkynpbah/public_html/vendor/codeigniter4/framework/system/Database/BaseConnection.php(670): CodeIgniter\Database\MySQLi\Connection->execute('SELECT COUNT(*)...')
#2 /home/xkynpbah/public_html/vendor/codeigniter4/framework/system/Database/BaseConnection.php(598): CodeIgniter\Database\BaseConnection->simpleQuery('SELECT COUNT(*)...')
#3 /home/xkynpbah/public_html/vendor/codeigniter4/framework/system/Database/BaseBuilder.php(1527): CodeIgniter\Database\BaseConnection->query('SELECT COUNT(*)...', Array, false)
#4 /home/xkynpbah/public_html/app/Controllers/Telegram.php(165): CodeIgniter\Database\BaseBuilder->countAllResults()
#5 /home/xkynpbah/public_html/app/Controllers/Telegram.php(124): App\Controllers\Telegram->askForResetConfirmation(6719727245, 6719727245, Object(stdClass), 'akashbabu', Object(stdClass))
#6 /home/xkynpbah/public_html/vendor/codeigniter4/framework/system/CodeIgniter.php(824): App\Controllers\Telegram->index()
#7 /home/xkynpbah/public_html/vendor/codeigniter4/framework/system/CodeIgniter.php(410): CodeIgniter\CodeIgniter->runController(Object(App\Controllers\Telegram))
#8 /home/xkynpbah/public_html/vendor/codeigniter4/framework/system/CodeIgniter.php(318): CodeIgniter\CodeIgniter->handleRequest(NULL, Object(Config\Cache), false)
#9 /home/xkynpbah/public_html/index.php(37): CodeIgniter\CodeIgniter->run()
#10 {main}
ERROR - 2026-07-27 06:32:58 --> Telegram controller called
ERROR - 2026-07-27 06:32:58 --> Table 'xkynpbah_titoo.telegram_premium' doesn't exist
CRITICAL - 2026-07-27 06:32:58 --> Table 'xkynpbah_titoo.telegram_premium' doesn't exist
#0 /home/xkynpbah/public_html/vendor/codeigniter4/framework/system/Database/MySQLi/Connection.php(292): mysqli->query('SELECT COUNT(*)...', 0)
#1 /home/xkynpbah/public_html/vendor/codeigniter4/framework/system/Database/BaseConnection.php(670): CodeIgniter\Database\MySQLi\Connection->execute('SELECT COUNT(*)...')
#2 /home/xkynpbah/public_html/vendor/codeigniter4/framework/system/Database/BaseConnection.php(598): CodeIgniter\Database\BaseConnection->simpleQuery('SELECT COUNT(*)...')
#3 /home/xkynpbah/public_html/vendor/codeigniter4/framework/system/Database/BaseBuilder.php(1527): CodeIgniter\Database\BaseConnection->query('SELECT COUNT(*)...', Array, false)
#4 /home/xkynpbah/public_html/app/Controllers/Telegram.php(165): CodeIgniter\Database\BaseBuilder->countAllResults()
#5 /home/xkynpbah/public_html/app/Controllers/Telegram.php(124): App\Controllers\Telegram->askForResetConfirmation(6719727245, 6719727245, Object(stdClass), 'akashbabu', Object(stdClass))
#6 /home/xkynpbah/public_html/vendor/codeigniter4/framework/system/CodeIgniter.php(824): App\Controllers\Telegram->index()
#7 /home/xkynpbah/public_html/vendor/codeigniter4/framework/system/CodeIgniter.php(410): CodeIgniter\CodeIgniter->runController(Object(App\Controllers\Telegram))
#8 /home/xkynpbah/public_html/vendor/codeigniter4/framework/system/CodeIgniter.php(318): CodeIgniter\CodeIgniter->handleRequest(NULL, Object(Config\Cache), false)
#9 /home/xkynpbah/public_html/index.php(37): CodeIgniter\CodeIgniter->run()
#10 {main}
ERROR - 2026-07-27 06:34:41 --> Telegram controller called
ERROR - 2026-07-27 06:34:41 --> Table 'xkynpbah_titoo.telegram_premium' doesn't exist
CRITICAL - 2026-07-27 06:34:41 --> Table 'xkynpbah_titoo.telegram_premium' doesn't exist
#0 /home/xkynpbah/public_html/vendor/codeigniter4/framework/system/Database/MySQLi/Connection.php(292): mysqli->query('SELECT COUNT(*)...', 0)
#1 /home/xkynpbah/public_html/vendor/codeigniter4/framework/system/Database/BaseConnection.php(670): CodeIgniter\Database\MySQLi\Connection->execute('SELECT COUNT(*)...')
#2 /home/xkynpbah/public_html/vendor/codeigniter4/framework/system/Database/BaseConnection.php(598): CodeIgniter\Database\BaseConnection->simpleQuery('SELECT COUNT(*)...')
#3 /home/xkynpbah/public_html/vendor/codeigniter4/framework/system/Database/BaseBuilder.php(1527): CodeIgniter\Database\BaseConnection->query('SELECT COUNT(*)...', Array, false)
#4 /home/xkynpbah/public_html/app/Controllers/Telegram.php(165): CodeIgniter\Database\BaseBuilder->countAllResults()
#5 /home/xkynpbah/public_html/app/Controllers/Telegram.php(124): App\Controllers\Telegram->askForResetConfirmation(6719727245, 6719727245, Object(stdClass), 'akashbabu', Object(stdClass))
#6 /home/xkynpbah/public_html/vendor/codeigniter4/framework/system/CodeIgniter.php(824): App\Controllers\Telegram->index()
#7 /home/xkynpbah/public_html/vendor/codeigniter4/framework/system/CodeIgniter.php(410): CodeIgniter\CodeIgniter->runController(Object(App\Controllers\Telegram))
#8 /home/xkynpbah/public_html/vendor/codeigniter4/framework/system/CodeIgniter.php(318): CodeIgniter\CodeIgniter->handleRequest(NULL, Object(Config\Cache), false)
#9 /home/xkynpbah/public_html/index.php(37): CodeIgniter\CodeIgniter->run()
#10 {main}
ERROR - 2026-07-27 06:36:34 --> Telegram controller called
ERROR - 2026-07-27 06:36:34 --> Table 'xkynpbah_titoo.telegram_premium' doesn't exist
CRITICAL - 2026-07-27 06:36:34 --> Table 'xkynpbah_titoo.telegram_premium' doesn't exist
#0 /home/xkynpbah/public_html/vendor/codeigniter4/framework/system/Database/MySQLi/Connection.php(292): mysqli->query('SELECT COUNT(*)...', 0)
#1 /home/xkynpbah/public_html/vendor/codeigniter4/framework/system/Database/BaseConnection.php(670): CodeIgniter\Database\MySQLi\Connection->execute('SELECT COUNT(*)...')
#2 /home/xkynpbah/public_html/vendor/codeigniter4/framework/system/Database/BaseConnection.php(598): CodeIgniter\Database\BaseConnection->simpleQuery('SELECT COUNT(*)...')
#3 /home/xkynpbah/public_html/vendor/codeigniter4/framework/system/Database/BaseBuilder.php(1527): CodeIgniter\Database\BaseConnection->query('SELECT COUNT(*)...', Array, false)
#4 /home/xkynpbah/public_html/app/Controllers/Telegram.php(165): CodeIgniter\Database\BaseBuilder->countAllResults()
#5 /home/xkynpbah/public_html/app/Controllers/Telegram.php(124): App\Controllers\Telegram->askForResetConfirmation(6719727245, 6719727245, Object(stdClass), 'akashbabu', Object(stdClass))
#6 /home/xkynpbah/public_html/vendor/codeigniter4/framework/system/CodeIgniter.php(824): App\Controllers\Telegram->index()
#7 /home/xkynpbah/public_html/vendor/codeigniter4/framework/system/CodeIgniter.php(410): CodeIgniter\CodeIgniter->runController(Object(App\Controllers\Telegram))
#8 /home/xkynpbah/public_html/vendor/codeigniter4/framework/system/CodeIgniter.php(318): CodeIgniter\CodeIgniter->handleRequest(NULL, Object(Config\Cache), false)
#9 /home/xkynpbah/public_html/index.php(37): CodeIgniter\CodeIgniter->run()
#10 {main}
ERROR - 2026-07-27 06:38:03 --> Telegram controller called
ERROR - 2026-07-27 06:38:03 --> Table 'xkynpbah_titoo.telegram_premium' doesn't exist
CRITICAL - 2026-07-27 06:38:03 --> Table 'xkynpbah_titoo.telegram_premium' doesn't exist
#0 /home/xkynpbah/public_html/vendor/codeigniter4/framework/system/Database/MySQLi/Connection.php(292): mysqli->query('SELECT COUNT(*)...', 0)
#1 /home/xkynpbah/public_html/vendor/codeigniter4/framework/system/Database/BaseConnection.php(670): CodeIgniter\Database\MySQLi\Connection->execute('SELECT COUNT(*)...')
#2 /home/xkynpbah/public_html/vendor/codeigniter4/framework/system/Database/BaseConnection.php(598): CodeIgniter\Database\BaseConnection->simpleQuery('SELECT COUNT(*)...')
#3 /home/xkynpbah/public_html/vendor/codeigniter4/framework/system/Database/BaseBuilder.php(1527): CodeIgniter\Database\BaseConnection->query('SELECT COUNT(*)...', Array, false)
#4 /home/xkynpbah/public_html/app/Controllers/Telegram.php(165): CodeIgniter\Database\BaseBuilder->countAllResults()
#5 /home/xkynpbah/public_html/app/Controllers/Telegram.php(124): App\Controllers\Telegram->askForResetConfirmation(6719727245, 6719727245, Object(stdClass), 'akashbabu', Object(stdClass))
#6 /home/xkynpbah/public_html/vendor/codeigniter4/framework/system/CodeIgniter.php(824): App\Controllers\Telegram->index()
#7 /home/xkynpbah/public_html/vendor/codeigniter4/framework/system/CodeIgniter.php(410): CodeIgniter\CodeIgniter->runController(Object(App\Controllers\Telegram))
#8 /home/xkynpbah/public_html/vendor/codeigniter4/framework/system/CodeIgniter.php(318): CodeIgniter\CodeIgniter->handleRequest(NULL, Object(Config\Cache), false)
#9 /home/xkynpbah/public_html/index.php(37): CodeIgniter\CodeIgniter->run()
#10 {main}
ERROR - 2026-07-27 06:39:41 --> Telegram controller called
ERROR - 2026-07-27 06:39:41 --> Table 'xkynpbah_titoo.telegram_premium' doesn't exist
CRITICAL - 2026-07-27 06:39:41 --> Table 'xkynpbah_titoo.telegram_premium' doesn't exist
#0 /home/xkynpbah/public_html/vendor/codeigniter4/framework/system/Database/MySQLi/Connection.php(292): mysqli->query('SELECT COUNT(*)...', 0)
#1 /home/xkynpbah/public_html/vendor/codeigniter4/framework/system/Database/BaseConnection.php(670): CodeIgniter\Database\MySQLi\Connection->execute('SELECT COUNT(*)...')
#2 /home/xkynpbah/public_html/vendor/codeigniter4/framework/system/Database/BaseConnection.php(598): CodeIgniter\Database\BaseConnection->simpleQuery('SELECT COUNT(*)...')
#3 /home/xkynpbah/public_html/vendor/codeigniter4/framework/system/Database/BaseBuilder.php(1527): CodeIgniter\Database\BaseConnection->query('SELECT COUNT(*)...', Array, false)
#4 /home/xkynpbah/public_html/app/Controllers/Telegram.php(165): CodeIgniter\Database\BaseBuilder->countAllResults()
#5 /home/xkynpbah/public_html/app/Controllers/Telegram.php(124): App\Controllers\Telegram->askForResetConfirmation(6719727245, 6719727245, Object(stdClass), 'akashbabu', Object(stdClass))
#6 /home/xkynpbah/public_html/vendor/codeigniter4/framework/system/CodeIgniter.php(824): App\Controllers\Telegram->index()
#7 /home/xkynpbah/public_html/vendor/codeigniter4/framework/system/CodeIgniter.php(410): CodeIgniter\CodeIgniter->runController(Object(App\Controllers\Telegram))
#8 /home/xkynpbah/public_html/vendor/codeigniter4/framework/system/CodeIgniter.php(318): CodeIgniter\CodeIgniter->handleRequest(NULL, Object(Config\Cache), false)
#9 /home/xkynpbah/public_html/index.php(37): CodeIgniter\CodeIgniter->run()
#10 {main}
ERROR - 2026-07-27 06:41:13 --> Telegram controller called
ERROR - 2026-07-27 06:41:13 --> Table 'xkynpbah_titoo.telegram_premium' doesn't exist
CRITICAL - 2026-07-27 06:41:13 --> Table 'xkynpbah_titoo.telegram_premium' doesn't exist
#0 /home/xkynpbah/public_html/vendor/codeigniter4/framework/system/Database/MySQLi/Connection.php(292): mysqli->query('SELECT COUNT(*)...', 0)
#1 /home/xkynpbah/public_html/vendor/codeigniter4/framework/system/Database/BaseConnection.php(670): CodeIgniter\Database\MySQLi\Connection->execute('SELECT COUNT(*)...')
#2 /home/xkynpbah/public_html/vendor/codeigniter4/framework/system/Database/BaseConnection.php(598): CodeIgniter\Database\BaseConnection->simpleQuery('SELECT COUNT(*)...')
#3 /home/xkynpbah/public_html/vendor/codeigniter4/framework/system/Database/BaseBuilder.php(1527): CodeIgniter\Database\BaseConnection->query('SELECT COUNT(*)...', Array, false)
#4 /home/xkynpbah/public_html/app/Controllers/Telegram.php(165): CodeIgniter\Database\BaseBuilder->countAllResults()
#5 /home/xkynpbah/public_html/app/Controllers/Telegram.php(124): App\Controllers\Telegram->askForResetConfirmation(6719727245, 6719727245, Object(stdClass), 'akashbabu', Object(stdClass))
#6 /home/xkynpbah/public_html/vendor/codeigniter4/framework/system/CodeIgniter.php(824): App\Controllers\Telegram->index()
#7 /home/xkynpbah/public_html/vendor/codeigniter4/framework/system/CodeIgniter.php(410): CodeIgniter\CodeIgniter->runController(Object(App\Controllers\Telegram))
#8 /home/xkynpbah/public_html/vendor/codeigniter4/framework/system/CodeIgniter.php(318): CodeIgniter\CodeIgniter->handleRequest(NULL, Object(Config\Cache), false)
#9 /home/xkynpbah/public_html/index.php(37): CodeIgniter\CodeIgniter->run()
#10 {main}
ERROR - 2026-07-27 06:42:16 --> Telegram controller called
ERROR - 2026-07-27 06:42:16 --> Table 'xkynpbah_titoo.telegram_premium' doesn't exist
CRITICAL - 2026-07-27 06:42:16 --> Table 'xkynpbah_titoo.telegram_premium' doesn't exist
#0 /home/xkynpbah/public_html/vendor/codeigniter4/framework/system/Database/MySQLi/Connection.php(292): mysqli->query('SELECT COUNT(*)...', 0)
#1 /home/xkynpbah/public_html/vendor/codeigniter4/framework/system/Database/BaseConnection.php(670): CodeIgniter\Database\MySQLi\Connection->execute('SELECT COUNT(*)...')
#2 /home/xkynpbah/public_html/vendor/codeigniter4/framework/system/Database/BaseConnection.php(598): CodeIgniter\Database\BaseConnection->simpleQuery('SELECT COUNT(*)...')
#3 /home/xkynpbah/public_html/vendor/codeigniter4/framework/system/Database/BaseBuilder.php(1527): CodeIgniter\Database\BaseConnection->query('SELECT COUNT(*)...', Array, false)
#4 /home/xkynpbah/public_html/app/Controllers/Telegram.php(165): CodeIgniter\Database\BaseBuilder->countAllResults()
#5 /home/xkynpbah/public_html/app/Controllers/Telegram.php(124): App\Controllers\Telegram->askForResetConfirmation(6719727245, 6719727245, Object(stdClass), 'akashbabu', Object(stdClass))
#6 /home/xkynpbah/public_html/vendor/codeigniter4/framework/system/CodeIgniter.php(824): App\Controllers\Telegram->index()
#7 /home/xkynpbah/public_html/vendor/codeigniter4/framework/system/CodeIgniter.php(410): CodeIgniter\CodeIgniter->runController(Object(App\Controllers\Telegram))
#8 /home/xkynpbah/public_html/vendor/codeigniter4/framework/system/CodeIgniter.php(318): CodeIgniter\CodeIgniter->handleRequest(NULL, Object(Config\Cache), false)
#9 /home/xkynpbah/public_html/index.php(37): CodeIgniter\CodeIgniter->run()
#10 {main}
ERROR - 2026-07-27 06:43:25 --> Telegram controller called
ERROR - 2026-07-27 06:43:25 --> Table 'xkynpbah_titoo.telegram_premium' doesn't exist
CRITICAL - 2026-07-27 06:43:25 --> Table 'xkynpbah_titoo.telegram_premium' doesn't exist
#0 /home/xkynpbah/public_html/vendor/codeigniter4/framework/system/Database/MySQLi/Connection.php(292): mysqli->query('SELECT COUNT(*)...', 0)
#1 /home/xkynpbah/public_html/vendor/codeigniter4/framework/system/Database/BaseConnection.php(670): CodeIgniter\Database\MySQLi\Connection->execute('SELECT COUNT(*)...')
#2 /home/xkynpbah/public_html/vendor/codeigniter4/framework/system/Database/BaseConnection.php(598): CodeIgniter\Database\BaseConnection->simpleQuery('SELECT COUNT(*)...')
#3 /home/xkynpbah/public_html/vendor/codeigniter4/framework/system/Database/BaseBuilder.php(1527): CodeIgniter\Database\BaseConnection->query('SELECT COUNT(*)...', Array, false)
#4 /home/xkynpbah/public_html/app/Controllers/Telegram.php(165): CodeIgniter\Database\BaseBuilder->countAllResults()
#5 /home/xkynpbah/public_html/app/Controllers/Telegram.php(124): App\Controllers\Telegram->askForResetConfirmation(6719727245, 6719727245, Object(stdClass), 'akashbabu', Object(stdClass))
#6 /home/xkynpbah/public_html/vendor/codeigniter4/framework/system/CodeIgniter.php(824): App\Controllers\Telegram->index()
#7 /home/xkynpbah/public_html/vendor/codeigniter4/framework/system/CodeIgniter.php(410): CodeIgniter\CodeIgniter->runController(Object(App\Controllers\Telegram))
#8 /home/xkynpbah/public_html/vendor/codeigniter4/framework/system/CodeIgniter.php(318): CodeIgniter\CodeIgniter->handleRequest(NULL, Object(Config\Cache), false)
#9 /home/xkynpbah/public_html/index.php(37): CodeIgniter\CodeIgniter->run()
#10 {main}
ERROR - 2026-07-27 06:44:31 --> Telegram controller called
ERROR - 2026-07-27 06:44:31 --> Table 'xkynpbah_titoo.telegram_premium' doesn't exist
CRITICAL - 2026-07-27 06:44:31 --> Table 'xkynpbah_titoo.telegram_premium' doesn't exist
#0 /home/xkynpbah/public_html/vendor/codeigniter4/framework/system/Database/MySQLi/Connection.php(292): mysqli->query('SELECT COUNT(*)...', 0)
#1 /home/xkynpbah/public_html/vendor/codeigniter4/framework/system/Database/BaseConnection.php(670): CodeIgniter\Database\MySQLi\Connection->execute('SELECT COUNT(*)...')
#2 /home/xkynpbah/public_html/vendor/codeigniter4/framework/system/Database/BaseConnection.php(598): CodeIgniter\Database\BaseConnection->simpleQuery('SELECT COUNT(*)...')
#3 /home/xkynpbah/public_html/vendor/codeigniter4/framework/system/Database/BaseBuilder.php(1527): CodeIgniter\Database\BaseConnection->query('SELECT COUNT(*)...', Array, false)
#4 /home/xkynpbah/public_html/app/Controllers/Telegram.php(165): CodeIgniter\Database\BaseBuilder->countAllResults()
#5 /home/xkynpbah/public_html/app/Controllers/Telegram.php(124): App\Controllers\Telegram->askForResetConfirmation(6719727245, 6719727245, Object(stdClass), 'akashbabu', Object(stdClass))
#6 /home/xkynpbah/public_html/vendor/codeigniter4/framework/system/CodeIgniter.php(824): App\Controllers\Telegram->index()
#7 /home/xkynpbah/public_html/vendor/codeigniter4/framework/system/CodeIgniter.php(410): CodeIgniter\CodeIgniter->runController(Object(App\Controllers\Telegram))
#8 /home/xkynpbah/public_html/vendor/codeigniter4/framework/system/CodeIgniter.php(318): CodeIgniter\CodeIgniter->handleRequest(NULL, Object(Config\Cache), false)
#9 /home/xkynpbah/public_html/index.php(37): CodeIgniter\CodeIgniter->run()
#10 {main}
ERROR - 2026-07-27 06:46:24 --> Telegram controller called
ERROR - 2026-07-27 06:46:24 --> Table 'xkynpbah_titoo.telegram_premium' doesn't exist
CRITICAL - 2026-07-27 06:46:24 --> Table 'xkynpbah_titoo.telegram_premium' doesn't exist
#0 /home/xkynpbah/public_html/vendor/codeigniter4/framework/system/Database/MySQLi/Connection.php(292): mysqli->query('SELECT COUNT(*)...', 0)
#1 /home/xkynpbah/public_html/vendor/codeigniter4/framework/system/Database/BaseConnection.php(670): CodeIgniter\Database\MySQLi\Connection->execute('SELECT COUNT(*)...')
#2 /home/xkynpbah/public_html/vendor/codeigniter4/framework/system/Database/BaseConnection.php(598): CodeIgniter\Database\BaseConnection->simpleQuery('SELECT COUNT(*)...')
#3 /home/xkynpbah/public_html/vendor/codeigniter4/framework/system/Database/BaseBuilder.php(1527): CodeIgniter\Database\BaseConnection->query('SELECT COUNT(*)...', Array, false)
#4 /home/xkynpbah/public_html/app/Controllers/Telegram.php(165): CodeIgniter\Database\BaseBuilder->countAllResults()
#5 /home/xkynpbah/public_html/app/Controllers/Telegram.php(124): App\Controllers\Telegram->askForResetConfirmation(6719727245, 6719727245, Object(stdClass), 'akashbabu', Object(stdClass))
#6 /home/xkynpbah/public_html/vendor/codeigniter4/framework/system/CodeIgniter.php(824): App\Controllers\Telegram->index()
#7 /home/xkynpbah/public_html/vendor/codeigniter4/framework/system/CodeIgniter.php(410): CodeIgniter\CodeIgniter->runController(Object(App\Controllers\Telegram))
#8 /home/xkynpbah/public_html/vendor/codeigniter4/framework/system/CodeIgniter.php(318): CodeIgniter\CodeIgniter->handleRequest(NULL, Object(Config\Cache), false)
#9 /home/xkynpbah/public_html/index.php(37): CodeIgniter\CodeIgniter->run()
#10 {main}
ERROR - 2026-07-27 06:47:59 --> Telegram controller called
ERROR - 2026-07-27 06:47:59 --> Table 'xkynpbah_titoo.telegram_premium' doesn't exist
CRITICAL - 2026-07-27 06:47:59 --> Table 'xkynpbah_titoo.telegram_premium' doesn't exist
#0 /home/xkynpbah/public_html/vendor/codeigniter4/framework/system/Database/MySQLi/Connection.php(292): mysqli->query('SELECT COUNT(*)...', 0)
#1 /home/xkynpbah/public_html/vendor/codeigniter4/framework/system/Database/BaseConnection.php(670): CodeIgniter\Database\MySQLi\Connection->execute('SELECT COUNT(*)...')
#2 /home/xkynpbah/public_html/vendor/codeigniter4/framework/system/Database/BaseConnection.php(598): CodeIgniter\Database\BaseConnection->simpleQuery('SELECT COUNT(*)...')
#3 /home/xkynpbah/public_html/vendor/codeigniter4/framework/system/Database/BaseBuilder.php(1527): CodeIgniter\Database\BaseConnection->query('SELECT COUNT(*)...', Array, false)
#4 /home/xkynpbah/public_html/app/Controllers/Telegram.php(165): CodeIgniter\Database\BaseBuilder->countAllResults()
#5 /home/xkynpbah/public_html/app/Controllers/Telegram.php(124): App\Controllers\Telegram->askForResetConfirmation(6719727245, 6719727245, Object(stdClass), 'akashbabu', Object(stdClass))
#6 /home/xkynpbah/public_html/vendor/codeigniter4/framework/system/CodeIgniter.php(824): App\Controllers\Telegram->index()
#7 /home/xkynpbah/public_html/vendor/codeigniter4/framework/system/CodeIgniter.php(410): CodeIgniter\CodeIgniter->runController(Object(App\Controllers\Telegram))
#8 /home/xkynpbah/public_html/vendor/codeigniter4/framework/system/CodeIgniter.php(318): CodeIgniter\CodeIgniter->handleRequest(NULL, Object(Config\Cache), false)
#9 /home/xkynpbah/public_html/index.php(37): CodeIgniter\CodeIgniter->run()
#10 {main}
ERROR - 2026-07-27 06:49:41 --> Telegram controller called
ERROR - 2026-07-27 06:49:41 --> Table 'xkynpbah_titoo.telegram_premium' doesn't exist
CRITICAL - 2026-07-27 06:49:41 --> Table 'xkynpbah_titoo.telegram_premium' doesn't exist
#0 /home/xkynpbah/public_html/vendor/codeigniter4/framework/system/Database/MySQLi/Connection.php(292): mysqli->query('SELECT COUNT(*)...', 0)
#1 /home/xkynpbah/public_html/vendor/codeigniter4/framework/system/Database/BaseConnection.php(670): CodeIgniter\Database\MySQLi\Connection->execute('SELECT COUNT(*)...')
#2 /home/xkynpbah/public_html/vendor/codeigniter4/framework/system/Database/BaseConnection.php(598): CodeIgniter\Database\BaseConnection->simpleQuery('SELECT COUNT(*)...')
#3 /home/xkynpbah/public_html/vendor/codeigniter4/framework/system/Database/BaseBuilder.php(1527): CodeIgniter\Database\BaseConnection->query('SELECT COUNT(*)...', Array, false)
#4 /home/xkynpbah/public_html/app/Controllers/Telegram.php(165): CodeIgniter\Database\BaseBuilder->countAllResults()
#5 /home/xkynpbah/public_html/app/Controllers/Telegram.php(124): App\Controllers\Telegram->askForResetConfirmation(6719727245, 6719727245, Object(stdClass), 'akashbabu', Object(stdClass))
#6 /home/xkynpbah/public_html/vendor/codeigniter4/framework/system/CodeIgniter.php(824): App\Controllers\Telegram->index()
#7 /home/xkynpbah/public_html/vendor/codeigniter4/framework/system/CodeIgniter.php(410): CodeIgniter\CodeIgniter->runController(Object(App\Controllers\Telegram))
#8 /home/xkynpbah/public_html/vendor/codeigniter4/framework/system/CodeIgniter.php(318): CodeIgniter\CodeIgniter->handleRequest(NULL, Object(Config\Cache), false)
#9 /home/xkynpbah/public_html/index.php(37): CodeIgniter\CodeIgniter->run()
#10 {main}
ERROR - 2026-07-27 06:51:13 --> Telegram controller called
ERROR - 2026-07-27 06:51:13 --> Table 'xkynpbah_titoo.telegram_premium' doesn't exist
CRITICAL - 2026-07-27 06:51:13 --> Table 'xkynpbah_titoo.telegram_premium' doesn't exist
#0 /home/xkynpbah/public_html/vendor/codeigniter4/framework/system/Database/MySQLi/Connection.php(292): mysqli->query('SELECT COUNT(*)...', 0)
#1 /home/xkynpbah/public_html/vendor/codeigniter4/framework/system/Database/BaseConnection.php(670): CodeIgniter\Database\MySQLi\Connection->execute('SELECT COUNT(*)...')
#2 /home/xkynpbah/public_html/vendor/codeigniter4/framework/system/Database/BaseConnection.php(598): CodeIgniter\Database\BaseConnection->simpleQuery('SELECT COUNT(*)...')
#3 /home/xkynpbah/public_html/vendor/codeigniter4/framework/system/Database/BaseBuilder.php(1527): CodeIgniter\Database\BaseConnection->query('SELECT COUNT(*)...', Array, false)
#4 /home/xkynpbah/public_html/app/Controllers/Telegram.php(165): CodeIgniter\Database\BaseBuilder->countAllResults()
#5 /home/xkynpbah/public_html/app/Controllers/Telegram.php(124): App\Controllers\Telegram->askForResetConfirmation(6719727245, 6719727245, Object(stdClass), 'akashbabu', Object(stdClass))
#6 /home/xkynpbah/public_html/vendor/codeigniter4/framework/system/CodeIgniter.php(824): App\Controllers\Telegram->index()
#7 /home/xkynpbah/public_html/vendor/codeigniter4/framework/system/CodeIgniter.php(410): CodeIgniter\CodeIgniter->runController(Object(App\Controllers\Telegram))
#8 /home/xkynpbah/public_html/vendor/codeigniter4/framework/system/CodeIgniter.php(318): CodeIgniter\CodeIgniter->handleRequest(NULL, Object(Config\Cache), false)
#9 /home/xkynpbah/public_html/index.php(37): CodeIgniter\CodeIgniter->run()
#10 {main}
ERROR - 2026-07-27 06:52:55 --> Telegram controller called
ERROR - 2026-07-27 06:52:55 --> Table 'xkynpbah_titoo.telegram_premium' doesn't exist
CRITICAL - 2026-07-27 06:52:55 --> Table 'xkynpbah_titoo.telegram_premium' doesn't exist
#0 /home/xkynpbah/public_html/vendor/codeigniter4/framework/system/Database/MySQLi/Connection.php(292): mysqli->query('SELECT COUNT(*)...', 0)
#1 /home/xkynpbah/public_html/vendor/codeigniter4/framework/system/Database/BaseConnection.php(670): CodeIgniter\Database\MySQLi\Connection->execute('SELECT COUNT(*)...')
#2 /home/xkynpbah/public_html/vendor/codeigniter4/framework/system/Database/BaseConnection.php(598): CodeIgniter\Database\BaseConnection->simpleQuery('SELECT COUNT(*)...')
#3 /home/xkynpbah/public_html/vendor/codeigniter4/framework/system/Database/BaseBuilder.php(1527): CodeIgniter\Database\BaseConnection->query('SELECT COUNT(*)...', Array, false)
#4 /home/xkynpbah/public_html/app/Controllers/Telegram.php(165): CodeIgniter\Database\BaseBuilder->countAllResults()
#5 /home/xkynpbah/public_html/app/Controllers/Telegram.php(124): App\Controllers\Telegram->askForResetConfirmation(6719727245, 6719727245, Object(stdClass), 'akashbabu', Object(stdClass))
#6 /home/xkynpbah/public_html/vendor/codeigniter4/framework/system/CodeIgniter.php(824): App\Controllers\Telegram->index()
#7 /home/xkynpbah/public_html/vendor/codeigniter4/framework/system/CodeIgniter.php(410): CodeIgniter\CodeIgniter->runController(Object(App\Controllers\Telegram))
#8 /home/xkynpbah/public_html/vendor/codeigniter4/framework/system/CodeIgniter.php(318): CodeIgniter\CodeIgniter->handleRequest(NULL, Object(Config\Cache), false)
#9 /home/xkynpbah/public_html/index.php(37): CodeIgniter\CodeIgniter->run()
#10 {main}
ERROR - 2026-07-27 06:54:16 --> Telegram controller called
ERROR - 2026-07-27 06:54:16 --> Table 'xkynpbah_titoo.telegram_premium' doesn't exist
CRITICAL - 2026-07-27 06:54:16 --> Table 'xkynpbah_titoo.telegram_premium' doesn't exist
#0 /home/xkynpbah/public_html/vendor/codeigniter4/framework/system/Database/MySQLi/Connection.php(292): mysqli->query('SELECT COUNT(*)...', 0)
#1 /home/xkynpbah/public_html/vendor/codeigniter4/framework/system/Database/BaseConnection.php(670): CodeIgniter\Database\MySQLi\Connection->execute('SELECT COUNT(*)...')
#2 /home/xkynpbah/public_html/vendor/codeigniter4/framework/system/Database/BaseConnection.php(598): CodeIgniter\Database\BaseConnection->simpleQuery('SELECT COUNT(*)...')
#3 /home/xkynpbah/public_html/vendor/codeigniter4/framework/system/Database/BaseBuilder.php(1527): CodeIgniter\Database\BaseConnection->query('SELECT COUNT(*)...', Array, false)
#4 /home/xkynpbah/public_html/app/Controllers/Telegram.php(165): CodeIgniter\Database\BaseBuilder->countAllResults()
#5 /home/xkynpbah/public_html/app/Controllers/Telegram.php(124): App\Controllers\Telegram->askForResetConfirmation(6719727245, 6719727245, Object(stdClass), 'akashbabu', Object(stdClass))
#6 /home/xkynpbah/public_html/vendor/codeigniter4/framework/system/CodeIgniter.php(824): App\Controllers\Telegram->index()
#7 /home/xkynpbah/public_html/vendor/codeigniter4/framework/system/CodeIgniter.php(410): CodeIgniter\CodeIgniter->runController(Object(App\Controllers\Telegram))
#8 /home/xkynpbah/public_html/vendor/codeigniter4/framework/system/CodeIgniter.php(318): CodeIgniter\CodeIgniter->handleRequest(NULL, Object(Config\Cache), false)
#9 /home/xkynpbah/public_html/index.php(37): CodeIgniter\CodeIgniter->run()
#10 {main}
ERROR - 2026-07-27 06:55:26 --> Telegram controller called
ERROR - 2026-07-27 06:55:26 --> Table 'xkynpbah_titoo.telegram_premium' doesn't exist
CRITICAL - 2026-07-27 06:55:26 --> Table 'xkynpbah_titoo.telegram_premium' doesn't exist
#0 /home/xkynpbah/public_html/vendor/codeigniter4/framework/system/Database/MySQLi/Connection.php(292): mysqli->query('SELECT COUNT(*)...', 0)
#1 /home/xkynpbah/public_html/vendor/codeigniter4/framework/system/Database/BaseConnection.php(670): CodeIgniter\Database\MySQLi\Connection->execute('SELECT COUNT(*)...')
#2 /home/xkynpbah/public_html/vendor/codeigniter4/framework/system/Database/BaseConnection.php(598): CodeIgniter\Database\BaseConnection->simpleQuery('SELECT COUNT(*)...')
#3 /home/xkynpbah/public_html/vendor/codeigniter4/framework/system/Database/BaseBuilder.php(1527): CodeIgniter\Database\BaseConnection->query('SELECT COUNT(*)...', Array, false)
#4 /home/xkynpbah/public_html/app/Controllers/Telegram.php(165): CodeIgniter\Database\BaseBuilder->countAllResults()
#5 /home/xkynpbah/public_html/app/Controllers/Telegram.php(124): App\Controllers\Telegram->askForResetConfirmation(6719727245, 6719727245, Object(stdClass), 'akashbabu', Object(stdClass))
#6 /home/xkynpbah/public_html/vendor/codeigniter4/framework/system/CodeIgniter.php(824): App\Controllers\Telegram->index()
#7 /home/xkynpbah/public_html/vendor/codeigniter4/framework/system/CodeIgniter.php(410): CodeIgniter\CodeIgniter->runController(Object(App\Controllers\Telegram))
#8 /home/xkynpbah/public_html/vendor/codeigniter4/framework/system/CodeIgniter.php(318): CodeIgniter\CodeIgniter->handleRequest(NULL, Object(Config\Cache), false)
#9 /home/xkynpbah/public_html/index.php(37): CodeIgniter\CodeIgniter->run()
#10 {main}
ERROR - 2026-07-27 06:56:41 --> Telegram controller called
ERROR - 2026-07-27 06:56:41 --> Table 'xkynpbah_titoo.telegram_premium' doesn't exist
CRITICAL - 2026-07-27 06:56:41 --> Table 'xkynpbah_titoo.telegram_premium' doesn't exist
#0 /home/xkynpbah/public_html/vendor/codeigniter4/framework/system/Database/MySQLi/Connection.php(292): mysqli->query('SELECT COUNT(*)...', 0)
#1 /home/xkynpbah/public_html/vendor/codeigniter4/framework/system/Database/BaseConnection.php(670): CodeIgniter\Database\MySQLi\Connection->execute('SELECT COUNT(*)...')
#2 /home/xkynpbah/public_html/vendor/codeigniter4/framework/system/Database/BaseConnection.php(598): CodeIgniter\Database\BaseConnection->simpleQuery('SELECT COUNT(*)...')
#3 /home/xkynpbah/public_html/vendor/codeigniter4/framework/system/Database/BaseBuilder.php(1527): CodeIgniter\Database\BaseConnection->query('SELECT COUNT(*)...', Array, false)
#4 /home/xkynpbah/public_html/app/Controllers/Telegram.php(165): CodeIgniter\Database\BaseBuilder->countAllResults()
#5 /home/xkynpbah/public_html/app/Controllers/Telegram.php(124): App\Controllers\Telegram->askForResetConfirmation(6719727245, 6719727245, Object(stdClass), 'akashbabu', Object(stdClass))
#6 /home/xkynpbah/public_html/vendor/codeigniter4/framework/system/CodeIgniter.php(824): App\Controllers\Telegram->index()
#7 /home/xkynpbah/public_html/vendor/codeigniter4/framework/system/CodeIgniter.php(410): CodeIgniter\CodeIgniter->runController(Object(App\Controllers\Telegram))
#8 /home/xkynpbah/public_html/vendor/codeigniter4/framework/system/CodeIgniter.php(318): CodeIgniter\CodeIgniter->handleRequest(NULL, Object(Config\Cache), false)
#9 /home/xkynpbah/public_html/index.php(37): CodeIgniter\CodeIgniter->run()
#10 {main}
ERROR - 2026-07-27 06:58:07 --> Telegram controller called
ERROR - 2026-07-27 06:58:07 --> Table 'xkynpbah_titoo.telegram_premium' doesn't exist
CRITICAL - 2026-07-27 06:58:07 --> Table 'xkynpbah_titoo.telegram_premium' doesn't exist
#0 /home/xkynpbah/public_html/vendor/codeigniter4/framework/system/Database/MySQLi/Connection.php(292): mysqli->query('SELECT COUNT(*)...', 0)
#1 /home/xkynpbah/public_html/vendor/codeigniter4/framework/system/Database/BaseConnection.php(670): CodeIgniter\Database\MySQLi\Connection->execute('SELECT COUNT(*)...')
#2 /home/xkynpbah/public_html/vendor/codeigniter4/framework/system/Database/BaseConnection.php(598): CodeIgniter\Database\BaseConnection->simpleQuery('SELECT COUNT(*)...')
#3 /home/xkynpbah/public_html/vendor/codeigniter4/framework/system/Database/BaseBuilder.php(1527): CodeIgniter\Database\BaseConnection->query('SELECT COUNT(*)...', Array, false)
#4 /home/xkynpbah/public_html/app/Controllers/Telegram.php(165): CodeIgniter\Database\BaseBuilder->countAllResults()
#5 /home/xkynpbah/public_html/app/Controllers/Telegram.php(124): App\Controllers\Telegram->askForResetConfirmation(6719727245, 6719727245, Object(stdClass), 'akashbabu', Object(stdClass))
#6 /home/xkynpbah/public_html/vendor/codeigniter4/framework/system/CodeIgniter.php(824): App\Controllers\Telegram->index()
#7 /home/xkynpbah/public_html/vendor/codeigniter4/framework/system/CodeIgniter.php(410): CodeIgniter\CodeIgniter->runController(Object(App\Controllers\Telegram))
#8 /home/xkynpbah/public_html/vendor/codeigniter4/framework/system/CodeIgniter.php(318): CodeIgniter\CodeIgniter->handleRequest(NULL, Object(Config\Cache), false)
#9 /home/xkynpbah/public_html/index.php(37): CodeIgniter\CodeIgniter->run()
#10 {main}
ERROR - 2026-07-27 06:59:28 --> Telegram controller called
ERROR - 2026-07-27 06:59:28 --> Table 'xkynpbah_titoo.telegram_premium' doesn't exist
CRITICAL - 2026-07-27 06:59:28 --> Table 'xkynpbah_titoo.telegram_premium' doesn't exist
#0 /home/xkynpbah/public_html/vendor/codeigniter4/framework/system/Database/MySQLi/Connection.php(292): mysqli->query('SELECT COUNT(*)...', 0)
#1 /home/xkynpbah/public_html/vendor/codeigniter4/framework/system/Database/BaseConnection.php(670): CodeIgniter\Database\MySQLi\Connection->execute('SELECT COUNT(*)...')
#2 /home/xkynpbah/public_html/vendor/codeigniter4/framework/system/Database/BaseConnection.php(598): CodeIgniter\Database\BaseConnection->simpleQuery('SELECT COUNT(*)...')
#3 /home/xkynpbah/public_html/vendor/codeigniter4/framework/system/Database/BaseBuilder.php(1527): CodeIgniter\Database\BaseConnection->query('SELECT COUNT(*)...', Array, false)
#4 /home/xkynpbah/public_html/app/Controllers/Telegram.php(165): CodeIgniter\Database\BaseBuilder->countAllResults()
#5 /home/xkynpbah/public_html/app/Controllers/Telegram.php(124): App\Controllers\Telegram->askForResetConfirmation(6719727245, 6719727245, Object(stdClass), 'akashbabu', Object(stdClass))
#6 /home/xkynpbah/public_html/vendor/codeigniter4/framework/system/CodeIgniter.php(824): App\Controllers\Telegram->index()
#7 /home/xkynpbah/public_html/vendor/codeigniter4/framework/system/CodeIgniter.php(410): CodeIgniter\CodeIgniter->runController(Object(App\Controllers\Telegram))
#8 /home/xkynpbah/public_html/vendor/codeigniter4/framework/system/CodeIgniter.php(318): CodeIgniter\CodeIgniter->handleRequest(NULL, Object(Config\Cache), false)
#9 /home/xkynpbah/public_html/index.php(37): CodeIgniter\CodeIgniter->run()
#10 {main}
ERROR - 2026-07-27 07:00:50 --> Telegram controller called
ERROR - 2026-07-27 07:00:50 --> Table 'xkynpbah_titoo.telegram_premium' doesn't exist
CRITICAL - 2026-07-27 07:00:50 --> Table 'xkynpbah_titoo.telegram_premium' doesn't exist
#0 /home/xkynpbah/public_html/vendor/codeigniter4/framework/system/Database/MySQLi/Connection.php(292): mysqli->query('SELECT COUNT(*)...', 0)
#1 /home/xkynpbah/public_html/vendor/codeigniter4/framework/system/Database/BaseConnection.php(670): CodeIgniter\Database\MySQLi\Connection->execute('SELECT COUNT(*)...')
#2 /home/xkynpbah/public_html/vendor/codeigniter4/framework/system/Database/BaseConnection.php(598): CodeIgniter\Database\BaseConnection->simpleQuery('SELECT COUNT(*)...')
#3 /home/xkynpbah/public_html/vendor/codeigniter4/framework/system/Database/BaseBuilder.php(1527): CodeIgniter\Database\BaseConnection->query('SELECT COUNT(*)...', Array, false)
#4 /home/xkynpbah/public_html/app/Controllers/Telegram.php(165): CodeIgniter\Database\BaseBuilder->countAllResults()
#5 /home/xkynpbah/public_html/app/Controllers/Telegram.php(124): App\Controllers\Telegram->askForResetConfirmation(6719727245, 6719727245, Object(stdClass), 'akashbabu', Object(stdClass))
#6 /home/xkynpbah/public_html/vendor/codeigniter4/framework/system/CodeIgniter.php(824): App\Controllers\Telegram->index()
#7 /home/xkynpbah/public_html/vendor/codeigniter4/framework/system/CodeIgniter.php(410): CodeIgniter\CodeIgniter->runController(Object(App\Controllers\Telegram))
#8 /home/xkynpbah/public_html/vendor/codeigniter4/framework/system/CodeIgniter.php(318): CodeIgniter\CodeIgniter->handleRequest(NULL, Object(Config\Cache), false)
#9 /home/xkynpbah/public_html/index.php(37): CodeIgniter\CodeIgniter->run()
#10 {main}
ERROR - 2026-07-27 07:01:57 --> Telegram controller called
ERROR - 2026-07-27 07:01:57 --> Table 'xkynpbah_titoo.telegram_premium' doesn't exist
CRITICAL - 2026-07-27 07:01:57 --> Table 'xkynpbah_titoo.telegram_premium' doesn't exist
#0 /home/xkynpbah/public_html/vendor/codeigniter4/framework/system/Database/MySQLi/Connection.php(292): mysqli->query('SELECT COUNT(*)...', 0)
#1 /home/xkynpbah/public_html/vendor/codeigniter4/framework/system/Database/BaseConnection.php(670): CodeIgniter\Database\MySQLi\Connection->execute('SELECT COUNT(*)...')
#2 /home/xkynpbah/public_html/vendor/codeigniter4/framework/system/Database/BaseConnection.php(598): CodeIgniter\Database\BaseConnection->simpleQuery('SELECT COUNT(*)...')
#3 /home/xkynpbah/public_html/vendor/codeigniter4/framework/system/Database/BaseBuilder.php(1527): CodeIgniter\Database\BaseConnection->query('SELECT COUNT(*)...', Array, false)
#4 /home/xkynpbah/public_html/app/Controllers/Telegram.php(165): CodeIgniter\Database\BaseBuilder->countAllResults()
#5 /home/xkynpbah/public_html/app/Controllers/Telegram.php(124): App\Controllers\Telegram->askForResetConfirmation(6719727245, 6719727245, Object(stdClass), 'akashbabu', Object(stdClass))
#6 /home/xkynpbah/public_html/vendor/codeigniter4/framework/system/CodeIgniter.php(824): App\Controllers\Telegram->index()
#7 /home/xkynpbah/public_html/vendor/codeigniter4/framework/system/CodeIgniter.php(410): CodeIgniter\CodeIgniter->runController(Object(App\Controllers\Telegram))
#8 /home/xkynpbah/public_html/vendor/codeigniter4/framework/system/CodeIgniter.php(318): CodeIgniter\CodeIgniter->handleRequest(NULL, Object(Config\Cache), false)
#9 /home/xkynpbah/public_html/index.php(37): CodeIgniter\CodeIgniter->run()
#10 {main}
ERROR - 2026-07-27 07:03:58 --> Telegram controller called
ERROR - 2026-07-27 07:03:58 --> Table 'xkynpbah_titoo.telegram_premium' doesn't exist
CRITICAL - 2026-07-27 07:03:58 --> Table 'xkynpbah_titoo.telegram_premium' doesn't exist
#0 /home/xkynpbah/public_html/vendor/codeigniter4/framework/system/Database/MySQLi/Connection.php(292): mysqli->query('SELECT COUNT(*)...', 0)
#1 /home/xkynpbah/public_html/vendor/codeigniter4/framework/system/Database/BaseConnection.php(670): CodeIgniter\Database\MySQLi\Connection->execute('SELECT COUNT(*)...')
#2 /home/xkynpbah/public_html/vendor/codeigniter4/framework/system/Database/BaseConnection.php(598): CodeIgniter\Database\BaseConnection->simpleQuery('SELECT COUNT(*)...')
#3 /home/xkynpbah/public_html/vendor/codeigniter4/framework/system/Database/BaseBuilder.php(1527): CodeIgniter\Database\BaseConnection->query('SELECT COUNT(*)...', Array, false)
#4 /home/xkynpbah/public_html/app/Controllers/Telegram.php(165): CodeIgniter\Database\BaseBuilder->countAllResults()
#5 /home/xkynpbah/public_html/app/Controllers/Telegram.php(124): App\Controllers\Telegram->askForResetConfirmation(6719727245, 6719727245, Object(stdClass), 'akashbabu', Object(stdClass))
#6 /home/xkynpbah/public_html/vendor/codeigniter4/framework/system/CodeIgniter.php(824): App\Controllers\Telegram->index()
#7 /home/xkynpbah/public_html/vendor/codeigniter4/framework/system/CodeIgniter.php(410): CodeIgniter\CodeIgniter->runController(Object(App\Controllers\Telegram))
#8 /home/xkynpbah/public_html/vendor/codeigniter4/framework/system/CodeIgniter.php(318): CodeIgniter\CodeIgniter->handleRequest(NULL, Object(Config\Cache), false)
#9 /home/xkynpbah/public_html/index.php(37): CodeIgniter\CodeIgniter->run()
#10 {main}
ERROR - 2026-07-27 07:05:47 --> Telegram controller called
ERROR - 2026-07-27 07:05:47 --> Table 'xkynpbah_titoo.telegram_premium' doesn't exist
CRITICAL - 2026-07-27 07:05:47 --> Table 'xkynpbah_titoo.telegram_premium' doesn't exist
#0 /home/xkynpbah/public_html/vendor/codeigniter4/framework/system/Database/MySQLi/Connection.php(292): mysqli->query('SELECT COUNT(*)...', 0)
#1 /home/xkynpbah/public_html/vendor/codeigniter4/framework/system/Database/BaseConnection.php(670): CodeIgniter\Database\MySQLi\Connection->execute('SELECT COUNT(*)...')
#2 /home/xkynpbah/public_html/vendor/codeigniter4/framework/system/Database/BaseConnection.php(598): CodeIgniter\Database\BaseConnection->simpleQuery('SELECT COUNT(*)...')
#3 /home/xkynpbah/public_html/vendor/codeigniter4/framework/system/Database/BaseBuilder.php(1527): CodeIgniter\Database\BaseConnection->query('SELECT COUNT(*)...', Array, false)
#4 /home/xkynpbah/public_html/app/Controllers/Telegram.php(165): CodeIgniter\Database\BaseBuilder->countAllResults()
#5 /home/xkynpbah/public_html/app/Controllers/Telegram.php(124): App\Controllers\Telegram->askForResetConfirmation(6719727245, 6719727245, Object(stdClass), 'akashbabu', Object(stdClass))
#6 /home/xkynpbah/public_html/vendor/codeigniter4/framework/system/CodeIgniter.php(824): App\Controllers\Telegram->index()
#7 /home/xkynpbah/public_html/vendor/codeigniter4/framework/system/CodeIgniter.php(410): CodeIgniter\CodeIgniter->runController(Object(App\Controllers\Telegram))
#8 /home/xkynpbah/public_html/vendor/codeigniter4/framework/system/CodeIgniter.php(318): CodeIgniter\CodeIgniter->handleRequest(NULL, Object(Config\Cache), false)
#9 /home/xkynpbah/public_html/index.php(37): CodeIgniter\CodeIgniter->run()
#10 {main}
ERROR - 2026-07-27 07:07:37 --> Telegram controller called
ERROR - 2026-07-27 07:07:37 --> Table 'xkynpbah_titoo.telegram_premium' doesn't exist
CRITICAL - 2026-07-27 07:07:37 --> Table 'xkynpbah_titoo.telegram_premium' doesn't exist
#0 /home/xkynpbah/public_html/vendor/codeigniter4/framework/system/Database/MySQLi/Connection.php(292): mysqli->query('SELECT COUNT(*)...', 0)
#1 /home/xkynpbah/public_html/vendor/codeigniter4/framework/system/Database/BaseConnection.php(670): CodeIgniter\Database\MySQLi\Connection->execute('SELECT COUNT(*)...')
#2 /home/xkynpbah/public_html/vendor/codeigniter4/framework/system/Database/BaseConnection.php(598): CodeIgniter\Database\BaseConnection->simpleQuery('SELECT COUNT(*)...')
#3 /home/xkynpbah/public_html/vendor/codeigniter4/framework/system/Database/BaseBuilder.php(1527): CodeIgniter\Database\BaseConnection->query('SELECT COUNT(*)...', Array, false)
#4 /home/xkynpbah/public_html/app/Controllers/Telegram.php(165): CodeIgniter\Database\BaseBuilder->countAllResults()
#5 /home/xkynpbah/public_html/app/Controllers/Telegram.php(124): App\Controllers\Telegram->askForResetConfirmation(6719727245, 6719727245, Object(stdClass), 'akashbabu', Object(stdClass))
#6 /home/xkynpbah/public_html/vendor/codeigniter4/framework/system/CodeIgniter.php(824): App\Controllers\Telegram->index()
#7 /home/xkynpbah/public_html/vendor/codeigniter4/framework/system/CodeIgniter.php(410): CodeIgniter\CodeIgniter->runController(Object(App\Controllers\Telegram))
#8 /home/xkynpbah/public_html/vendor/codeigniter4/framework/system/CodeIgniter.php(318): CodeIgniter\CodeIgniter->handleRequest(NULL, Object(Config\Cache), false)
#9 /home/xkynpbah/public_html/index.php(37): CodeIgniter\CodeIgniter->run()
#10 {main}
ERROR - 2026-07-27 07:08:40 --> Telegram controller called
ERROR - 2026-07-27 07:08:40 --> Table 'xkynpbah_titoo.telegram_premium' doesn't exist
CRITICAL - 2026-07-27 07:08:40 --> Table 'xkynpbah_titoo.telegram_premium' doesn't exist
#0 /home/xkynpbah/public_html/vendor/codeigniter4/framework/system/Database/MySQLi/Connection.php(292): mysqli->query('SELECT COUNT(*)...', 0)
#1 /home/xkynpbah/public_html/vendor/codeigniter4/framework/system/Database/BaseConnection.php(670): CodeIgniter\Database\MySQLi\Connection->execute('SELECT COUNT(*)...')
#2 /home/xkynpbah/public_html/vendor/codeigniter4/framework/system/Database/BaseConnection.php(598): CodeIgniter\Database\BaseConnection->simpleQuery('SELECT COUNT(*)...')
#3 /home/xkynpbah/public_html/vendor/codeigniter4/framework/system/Database/BaseBuilder.php(1527): CodeIgniter\Database\BaseConnection->query('SELECT COUNT(*)...', Array, false)
#4 /home/xkynpbah/public_html/app/Controllers/Telegram.php(165): CodeIgniter\Database\BaseBuilder->countAllResults()
#5 /home/xkynpbah/public_html/app/Controllers/Telegram.php(124): App\Controllers\Telegram->askForResetConfirmation(6719727245, 6719727245, Object(stdClass), 'akashbabu', Object(stdClass))
#6 /home/xkynpbah/public_html/vendor/codeigniter4/framework/system/CodeIgniter.php(824): App\Controllers\Telegram->index()
#7 /home/xkynpbah/public_html/vendor/codeigniter4/framework/system/CodeIgniter.php(410): CodeIgniter\CodeIgniter->runController(Object(App\Controllers\Telegram))
#8 /home/xkynpbah/public_html/vendor/codeigniter4/framework/system/CodeIgniter.php(318): CodeIgniter\CodeIgniter->handleRequest(NULL, Object(Config\Cache), false)
#9 /home/xkynpbah/public_html/index.php(37): CodeIgniter\CodeIgniter->run()
#10 {main}
ERROR - 2026-07-27 07:10:04 --> Telegram controller called
ERROR - 2026-07-27 07:10:04 --> Table 'xkynpbah_titoo.telegram_premium' doesn't exist
CRITICAL - 2026-07-27 07:10:04 --> Table 'xkynpbah_titoo.telegram_premium' doesn't exist
#0 /home/xkynpbah/public_html/vendor/codeigniter4/framework/system/Database/MySQLi/Connection.php(292): mysqli->query('SELECT COUNT(*)...', 0)
#1 /home/xkynpbah/public_html/vendor/codeigniter4/framework/system/Database/BaseConnection.php(670): CodeIgniter\Database\MySQLi\Connection->execute('SELECT COUNT(*)...')
#2 /home/xkynpbah/public_html/vendor/codeigniter4/framework/system/Database/BaseConnection.php(598): CodeIgniter\Database\BaseConnection->simpleQuery('SELECT COUNT(*)...')
#3 /home/xkynpbah/public_html/vendor/codeigniter4/framework/system/Database/BaseBuilder.php(1527): CodeIgniter\Database\BaseConnection->query('SELECT COUNT(*)...', Array, false)
#4 /home/xkynpbah/public_html/app/Controllers/Telegram.php(165): CodeIgniter\Database\BaseBuilder->countAllResults()
#5 /home/xkynpbah/public_html/app/Controllers/Telegram.php(124): App\Controllers\Telegram->askForResetConfirmation(6719727245, 6719727245, Object(stdClass), 'akashbabu', Object(stdClass))
#6 /home/xkynpbah/public_html/vendor/codeigniter4/framework/system/CodeIgniter.php(824): App\Controllers\Telegram->index()
#7 /home/xkynpbah/public_html/vendor/codeigniter4/framework/system/CodeIgniter.php(410): CodeIgniter\CodeIgniter->runController(Object(App\Controllers\Telegram))
#8 /home/xkynpbah/public_html/vendor/codeigniter4/framework/system/CodeIgniter.php(318): CodeIgniter\CodeIgniter->handleRequest(NULL, Object(Config\Cache), false)
#9 /home/xkynpbah/public_html/index.php(37): CodeIgniter\CodeIgniter->run()
#10 {main}
ERROR - 2026-07-27 07:11:10 --> Telegram controller called
ERROR - 2026-07-27 07:11:10 --> Table 'xkynpbah_titoo.telegram_premium' doesn't exist
CRITICAL - 2026-07-27 07:11:10 --> Table 'xkynpbah_titoo.telegram_premium' doesn't exist
#0 /home/xkynpbah/public_html/vendor/codeigniter4/framework/system/Database/MySQLi/Connection.php(292): mysqli->query('SELECT COUNT(*)...', 0)
#1 /home/xkynpbah/public_html/vendor/codeigniter4/framework/system/Database/BaseConnection.php(670): CodeIgniter\Database\MySQLi\Connection->execute('SELECT COUNT(*)...')
#2 /home/xkynpbah/public_html/vendor/codeigniter4/framework/system/Database/BaseConnection.php(598): CodeIgniter\Database\BaseConnection->simpleQuery('SELECT COUNT(*)...')
#3 /home/xkynpbah/public_html/vendor/codeigniter4/framework/system/Database/BaseBuilder.php(1527): CodeIgniter\Database\BaseConnection->query('SELECT COUNT(*)...', Array, false)
#4 /home/xkynpbah/public_html/app/Controllers/Telegram.php(165): CodeIgniter\Database\BaseBuilder->countAllResults()
#5 /home/xkynpbah/public_html/app/Controllers/Telegram.php(124): App\Controllers\Telegram->askForResetConfirmation(6719727245, 6719727245, Object(stdClass), 'akashbabu', Object(stdClass))
#6 /home/xkynpbah/public_html/vendor/codeigniter4/framework/system/CodeIgniter.php(824): App\Controllers\Telegram->index()
#7 /home/xkynpbah/public_html/vendor/codeigniter4/framework/system/CodeIgniter.php(410): CodeIgniter\CodeIgniter->runController(Object(App\Controllers\Telegram))
#8 /home/xkynpbah/public_html/vendor/codeigniter4/framework/system/CodeIgniter.php(318): CodeIgniter\CodeIgniter->handleRequest(NULL, Object(Config\Cache), false)
#9 /home/xkynpbah/public_html/index.php(37): CodeIgniter\CodeIgniter->run()
#10 {main}
ERROR - 2026-07-27 07:12:23 --> Telegram controller called
ERROR - 2026-07-27 07:12:23 --> Table 'xkynpbah_titoo.telegram_premium' doesn't exist
CRITICAL - 2026-07-27 07:12:23 --> Table 'xkynpbah_titoo.telegram_premium' doesn't exist
#0 /home/xkynpbah/public_html/vendor/codeigniter4/framework/system/Database/MySQLi/Connection.php(292): mysqli->query('SELECT COUNT(*)...', 0)
#1 /home/xkynpbah/public_html/vendor/codeigniter4/framework/system/Database/BaseConnection.php(670): CodeIgniter\Database\MySQLi\Connection->execute('SELECT COUNT(*)...')
#2 /home/xkynpbah/public_html/vendor/codeigniter4/framework/system/Database/BaseConnection.php(598): CodeIgniter\Database\BaseConnection->simpleQuery('SELECT COUNT(*)...')
#3 /home/xkynpbah/public_html/vendor/codeigniter4/framework/system/Database/BaseBuilder.php(1527): CodeIgniter\Database\BaseConnection->query('SELECT COUNT(*)...', Array, false)
#4 /home/xkynpbah/public_html/app/Controllers/Telegram.php(165): CodeIgniter\Database\BaseBuilder->countAllResults()
#5 /home/xkynpbah/public_html/app/Controllers/Telegram.php(124): App\Controllers\Telegram->askForResetConfirmation(6719727245, 6719727245, Object(stdClass), 'akashbabu', Object(stdClass))
#6 /home/xkynpbah/public_html/vendor/codeigniter4/framework/system/CodeIgniter.php(824): App\Controllers\Telegram->index()
#7 /home/xkynpbah/public_html/vendor/codeigniter4/framework/system/CodeIgniter.php(410): CodeIgniter\CodeIgniter->runController(Object(App\Controllers\Telegram))
#8 /home/xkynpbah/public_html/vendor/codeigniter4/framework/system/CodeIgniter.php(318): CodeIgniter\CodeIgniter->handleRequest(NULL, Object(Config\Cache), false)
#9 /home/xkynpbah/public_html/index.php(37): CodeIgniter\CodeIgniter->run()
#10 {main}
ERROR - 2026-07-27 07:13:30 --> Telegram controller called
ERROR - 2026-07-27 07:13:30 --> Table 'xkynpbah_titoo.telegram_premium' doesn't exist
CRITICAL - 2026-07-27 07:13:30 --> Table 'xkynpbah_titoo.telegram_premium' doesn't exist
#0 /home/xkynpbah/public_html/vendor/codeigniter4/framework/system/Database/MySQLi/Connection.php(292): mysqli->query('SELECT COUNT(*)...', 0)
#1 /home/xkynpbah/public_html/vendor/codeigniter4/framework/system/Database/BaseConnection.php(670): CodeIgniter\Database\MySQLi\Connection->execute('SELECT COUNT(*)...')
#2 /home/xkynpbah/public_html/vendor/codeigniter4/framework/system/Database/BaseConnection.php(598): CodeIgniter\Database\BaseConnection->simpleQuery('SELECT COUNT(*)...')
#3 /home/xkynpbah/public_html/vendor/codeigniter4/framework/system/Database/BaseBuilder.php(1527): CodeIgniter\Database\BaseConnection->query('SELECT COUNT(*)...', Array, false)
#4 /home/xkynpbah/public_html/app/Controllers/Telegram.php(165): CodeIgniter\Database\BaseBuilder->countAllResults()
#5 /home/xkynpbah/public_html/app/Controllers/Telegram.php(124): App\Controllers\Telegram->askForResetConfirmation(6719727245, 6719727245, Object(stdClass), 'akashbabu', Object(stdClass))
#6 /home/xkynpbah/public_html/vendor/codeigniter4/framework/system/CodeIgniter.php(824): App\Controllers\Telegram->index()
#7 /home/xkynpbah/public_html/vendor/codeigniter4/framework/system/CodeIgniter.php(410): CodeIgniter\CodeIgniter->runController(Object(App\Controllers\Telegram))
#8 /home/xkynpbah/public_html/vendor/codeigniter4/framework/system/CodeIgniter.php(318): CodeIgniter\CodeIgniter->handleRequest(NULL, Object(Config\Cache), false)
#9 /home/xkynpbah/public_html/index.php(37): CodeIgniter\CodeIgniter->run()
#10 {main}
ERROR - 2026-07-27 07:14:39 --> Telegram controller called
ERROR - 2026-07-27 07:14:39 --> Table 'xkynpbah_titoo.telegram_premium' doesn't exist
CRITICAL - 2026-07-27 07:14:39 --> Table 'xkynpbah_titoo.telegram_premium' doesn't exist
#0 /home/xkynpbah/public_html/vendor/codeigniter4/framework/system/Database/MySQLi/Connection.php(292): mysqli->query('SELECT COUNT(*)...', 0)
#1 /home/xkynpbah/public_html/vendor/codeigniter4/framework/system/Database/BaseConnection.php(670): CodeIgniter\Database\MySQLi\Connection->execute('SELECT COUNT(*)...')
#2 /home/xkynpbah/public_html/vendor/codeigniter4/framework/system/Database/BaseConnection.php(598): CodeIgniter\Database\BaseConnection->simpleQuery('SELECT COUNT(*)...')
#3 /home/xkynpbah/public_html/vendor/codeigniter4/framework/system/Database/BaseBuilder.php(1527): CodeIgniter\Database\BaseConnection->query('SELECT COUNT(*)...', Array, false)
#4 /home/xkynpbah/public_html/app/Controllers/Telegram.php(165): CodeIgniter\Database\BaseBuilder->countAllResults()
#5 /home/xkynpbah/public_html/app/Controllers/Telegram.php(124): App\Controllers\Telegram->askForResetConfirmation(6719727245, 6719727245, Object(stdClass), 'akashbabu', Object(stdClass))
#6 /home/xkynpbah/public_html/vendor/codeigniter4/framework/system/CodeIgniter.php(824): App\Controllers\Telegram->index()
#7 /home/xkynpbah/public_html/vendor/codeigniter4/framework/system/CodeIgniter.php(410): CodeIgniter\CodeIgniter->runController(Object(App\Controllers\Telegram))
#8 /home/xkynpbah/public_html/vendor/codeigniter4/framework/system/CodeIgniter.php(318): CodeIgniter\CodeIgniter->handleRequest(NULL, Object(Config\Cache), false)
#9 /home/xkynpbah/public_html/index.php(37): CodeIgniter\CodeIgniter->run()
#10 {main}
ERROR - 2026-07-27 07:16:06 --> Telegram controller called
ERROR - 2026-07-27 07:16:06 --> Table 'xkynpbah_titoo.telegram_premium' doesn't exist
CRITICAL - 2026-07-27 07:16:06 --> Table 'xkynpbah_titoo.telegram_premium' doesn't exist
#0 /home/xkynpbah/public_html/vendor/codeigniter4/framework/system/Database/MySQLi/Connection.php(292): mysqli->query('SELECT COUNT(*)...', 0)
#1 /home/xkynpbah/public_html/vendor/codeigniter4/framework/system/Database/BaseConnection.php(670): CodeIgniter\Database\MySQLi\Connection->execute('SELECT COUNT(*)...')
#2 /home/xkynpbah/public_html/vendor/codeigniter4/framework/system/Database/BaseConnection.php(598): CodeIgniter\Database\BaseConnection->simpleQuery('SELECT COUNT(*)...')
#3 /home/xkynpbah/public_html/vendor/codeigniter4/framework/system/Database/BaseBuilder.php(1527): CodeIgniter\Database\BaseConnection->query('SELECT COUNT(*)...', Array, false)
#4 /home/xkynpbah/public_html/app/Controllers/Telegram.php(165): CodeIgniter\Database\BaseBuilder->countAllResults()
#5 /home/xkynpbah/public_html/app/Controllers/Telegram.php(124): App\Controllers\Telegram->askForResetConfirmation(6719727245, 6719727245, Object(stdClass), 'akashbabu', Object(stdClass))
#6 /home/xkynpbah/public_html/vendor/codeigniter4/framework/system/CodeIgniter.php(824): App\Controllers\Telegram->index()
#7 /home/xkynpbah/public_html/vendor/codeigniter4/framework/system/CodeIgniter.php(410): CodeIgniter\CodeIgniter->runController(Object(App\Controllers\Telegram))
#8 /home/xkynpbah/public_html/vendor/codeigniter4/framework/system/CodeIgniter.php(318): CodeIgniter\CodeIgniter->handleRequest(NULL, Object(Config\Cache), false)
#9 /home/xkynpbah/public_html/index.php(37): CodeIgniter\CodeIgniter->run()
#10 {main}
ERROR - 2026-07-27 07:17:15 --> Telegram controller called
ERROR - 2026-07-27 07:17:15 --> Table 'xkynpbah_titoo.telegram_premium' doesn't exist
CRITICAL - 2026-07-27 07:17:15 --> Table 'xkynpbah_titoo.telegram_premium' doesn't exist
#0 /home/xkynpbah/public_html/vendor/codeigniter4/framework/system/Database/MySQLi/Connection.php(292): mysqli->query('SELECT COUNT(*)...', 0)
#1 /home/xkynpbah/public_html/vendor/codeigniter4/framework/system/Database/BaseConnection.php(670): CodeIgniter\Database\MySQLi\Connection->execute('SELECT COUNT(*)...')
#2 /home/xkynpbah/public_html/vendor/codeigniter4/framework/system/Database/BaseConnection.php(598): CodeIgniter\Database\BaseConnection->simpleQuery('SELECT COUNT(*)...')
#3 /home/xkynpbah/public_html/vendor/codeigniter4/framework/system/Database/BaseBuilder.php(1527): CodeIgniter\Database\BaseConnection->query('SELECT COUNT(*)...', Array, false)
#4 /home/xkynpbah/public_html/app/Controllers/Telegram.php(165): CodeIgniter\Database\BaseBuilder->countAllResults()
#5 /home/xkynpbah/public_html/app/Controllers/Telegram.php(124): App\Controllers\Telegram->askForResetConfirmation(6719727245, 6719727245, Object(stdClass), 'akashbabu', Object(stdClass))
#6 /home/xkynpbah/public_html/vendor/codeigniter4/framework/system/CodeIgniter.php(824): App\Controllers\Telegram->index()
#7 /home/xkynpbah/public_html/vendor/codeigniter4/framework/system/CodeIgniter.php(410): CodeIgniter\CodeIgniter->runController(Object(App\Controllers\Telegram))
#8 /home/xkynpbah/public_html/vendor/codeigniter4/framework/system/CodeIgniter.php(318): CodeIgniter\CodeIgniter->handleRequest(NULL, Object(Config\Cache), false)
#9 /home/xkynpbah/public_html/index.php(37): CodeIgniter\CodeIgniter->run()
#10 {main}
ERROR - 2026-07-27 07:18:36 --> Telegram controller called
ERROR - 2026-07-27 07:18:36 --> Table 'xkynpbah_titoo.telegram_premium' doesn't exist
CRITICAL - 2026-07-27 07:18:36 --> Table 'xkynpbah_titoo.telegram_premium' doesn't exist
#0 /home/xkynpbah/public_html/vendor/codeigniter4/framework/system/Database/MySQLi/Connection.php(292): mysqli->query('SELECT COUNT(*)...', 0)
#1 /home/xkynpbah/public_html/vendor/codeigniter4/framework/system/Database/BaseConnection.php(670): CodeIgniter\Database\MySQLi\Connection->execute('SELECT COUNT(*)...')
#2 /home/xkynpbah/public_html/vendor/codeigniter4/framework/system/Database/BaseConnection.php(598): CodeIgniter\Database\BaseConnection->simpleQuery('SELECT COUNT(*)...')
#3 /home/xkynpbah/public_html/vendor/codeigniter4/framework/system/Database/BaseBuilder.php(1527): CodeIgniter\Database\BaseConnection->query('SELECT COUNT(*)...', Array, false)
#4 /home/xkynpbah/public_html/app/Controllers/Telegram.php(165): CodeIgniter\Database\BaseBuilder->countAllResults()
#5 /home/xkynpbah/public_html/app/Controllers/Telegram.php(124): App\Controllers\Telegram->askForResetConfirmation(6719727245, 6719727245, Object(stdClass), 'akashbabu', Object(stdClass))
#6 /home/xkynpbah/public_html/vendor/codeigniter4/framework/system/CodeIgniter.php(824): App\Controllers\Telegram->index()
#7 /home/xkynpbah/public_html/vendor/codeigniter4/framework/system/CodeIgniter.php(410): CodeIgniter\CodeIgniter->runController(Object(App\Controllers\Telegram))
#8 /home/xkynpbah/public_html/vendor/codeigniter4/framework/system/CodeIgniter.php(318): CodeIgniter\CodeIgniter->handleRequest(NULL, Object(Config\Cache), false)
#9 /home/xkynpbah/public_html/index.php(37): CodeIgniter\CodeIgniter->run()
#10 {main}
ERROR - 2026-07-27 07:20:23 --> Telegram controller called
ERROR - 2026-07-27 07:20:23 --> Table 'xkynpbah_titoo.telegram_premium' doesn't exist
CRITICAL - 2026-07-27 07:20:23 --> Table 'xkynpbah_titoo.telegram_premium' doesn't exist
#0 /home/xkynpbah/public_html/vendor/codeigniter4/framework/system/Database/MySQLi/Connection.php(292): mysqli->query('SELECT COUNT(*)...', 0)
#1 /home/xkynpbah/public_html/vendor/codeigniter4/framework/system/Database/BaseConnection.php(670): CodeIgniter\Database\MySQLi\Connection->execute('SELECT COUNT(*)...')
#2 /home/xkynpbah/public_html/vendor/codeigniter4/framework/system/Database/BaseConnection.php(598): CodeIgniter\Database\BaseConnection->simpleQuery('SELECT COUNT(*)...')
#3 /home/xkynpbah/public_html/vendor/codeigniter4/framework/system/Database/BaseBuilder.php(1527): CodeIgniter\Database\BaseConnection->query('SELECT COUNT(*)...', Array, false)
#4 /home/xkynpbah/public_html/app/Controllers/Telegram.php(165): CodeIgniter\Database\BaseBuilder->countAllResults()
#5 /home/xkynpbah/public_html/app/Controllers/Telegram.php(124): App\Controllers\Telegram->askForResetConfirmation(6719727245, 6719727245, Object(stdClass), 'akashbabu', Object(stdClass))
#6 /home/xkynpbah/public_html/vendor/codeigniter4/framework/system/CodeIgniter.php(824): App\Controllers\Telegram->index()
#7 /home/xkynpbah/public_html/vendor/codeigniter4/framework/system/CodeIgniter.php(410): CodeIgniter\CodeIgniter->runController(Object(App\Controllers\Telegram))
#8 /home/xkynpbah/public_html/vendor/codeigniter4/framework/system/CodeIgniter.php(318): CodeIgniter\CodeIgniter->handleRequest(NULL, Object(Config\Cache), false)
#9 /home/xkynpbah/public_html/index.php(37): CodeIgniter\CodeIgniter->run()
#10 {main}
ERROR - 2026-07-27 07:22:00 --> Telegram controller called
ERROR - 2026-07-27 07:22:00 --> Table 'xkynpbah_titoo.telegram_premium' doesn't exist
CRITICAL - 2026-07-27 07:22:00 --> Table 'xkynpbah_titoo.telegram_premium' doesn't exist
#0 /home/xkynpbah/public_html/vendor/codeigniter4/framework/system/Database/MySQLi/Connection.php(292): mysqli->query('SELECT COUNT(*)...', 0)
#1 /home/xkynpbah/public_html/vendor/codeigniter4/framework/system/Database/BaseConnection.php(670): CodeIgniter\Database\MySQLi\Connection->execute('SELECT COUNT(*)...')
#2 /home/xkynpbah/public_html/vendor/codeigniter4/framework/system/Database/BaseConnection.php(598): CodeIgniter\Database\BaseConnection->simpleQuery('SELECT COUNT(*)...')
#3 /home/xkynpbah/public_html/vendor/codeigniter4/framework/system/Database/BaseBuilder.php(1527): CodeIgniter\Database\BaseConnection->query('SELECT COUNT(*)...', Array, false)
#4 /home/xkynpbah/public_html/app/Controllers/Telegram.php(165): CodeIgniter\Database\BaseBuilder->countAllResults()
#5 /home/xkynpbah/public_html/app/Controllers/Telegram.php(124): App\Controllers\Telegram->askForResetConfirmation(6719727245, 6719727245, Object(stdClass), 'akashbabu', Object(stdClass))
#6 /home/xkynpbah/public_html/vendor/codeigniter4/framework/system/CodeIgniter.php(824): App\Controllers\Telegram->index()
#7 /home/xkynpbah/public_html/vendor/codeigniter4/framework/system/CodeIgniter.php(410): CodeIgniter\CodeIgniter->runController(Object(App\Controllers\Telegram))
#8 /home/xkynpbah/public_html/vendor/codeigniter4/framework/system/CodeIgniter.php(318): CodeIgniter\CodeIgniter->handleRequest(NULL, Object(Config\Cache), false)
#9 /home/xkynpbah/public_html/index.php(37): CodeIgniter\CodeIgniter->run()
#10 {main}
ERROR - 2026-07-27 07:23:36 --> Telegram controller called
ERROR - 2026-07-27 07:23:36 --> Table 'xkynpbah_titoo.telegram_premium' doesn't exist
CRITICAL - 2026-07-27 07:23:36 --> Table 'xkynpbah_titoo.telegram_premium' doesn't exist
#0 /home/xkynpbah/public_html/vendor/codeigniter4/framework/system/Database/MySQLi/Connection.php(292): mysqli->query('SELECT COUNT(*)...', 0)
#1 /home/xkynpbah/public_html/vendor/codeigniter4/framework/system/Database/BaseConnection.php(670): CodeIgniter\Database\MySQLi\Connection->execute('SELECT COUNT(*)...')
#2 /home/xkynpbah/public_html/vendor/codeigniter4/framework/system/Database/BaseConnection.php(598): CodeIgniter\Database\BaseConnection->simpleQuery('SELECT COUNT(*)...')
#3 /home/xkynpbah/public_html/vendor/codeigniter4/framework/system/Database/BaseBuilder.php(1527): CodeIgniter\Database\BaseConnection->query('SELECT COUNT(*)...', Array, false)
#4 /home/xkynpbah/public_html/app/Controllers/Telegram.php(165): CodeIgniter\Database\BaseBuilder->countAllResults()
#5 /home/xkynpbah/public_html/app/Controllers/Telegram.php(124): App\Controllers\Telegram->askForResetConfirmation(6719727245, 6719727245, Object(stdClass), 'akashbabu', Object(stdClass))
#6 /home/xkynpbah/public_html/vendor/codeigniter4/framework/system/CodeIgniter.php(824): App\Controllers\Telegram->index()
#7 /home/xkynpbah/public_html/vendor/codeigniter4/framework/system/CodeIgniter.php(410): CodeIgniter\CodeIgniter->runController(Object(App\Controllers\Telegram))
#8 /home/xkynpbah/public_html/vendor/codeigniter4/framework/system/CodeIgniter.php(318): CodeIgniter\CodeIgniter->handleRequest(NULL, Object(Config\Cache), false)
#9 /home/xkynpbah/public_html/index.php(37): CodeIgniter\CodeIgniter->run()
#10 {main}
ERROR - 2026-07-27 07:24:58 --> Telegram controller called
ERROR - 2026-07-27 07:24:58 --> Table 'xkynpbah_titoo.telegram_premium' doesn't exist
CRITICAL - 2026-07-27 07:24:58 --> Table 'xkynpbah_titoo.telegram_premium' doesn't exist
#0 /home/xkynpbah/public_html/vendor/codeigniter4/framework/system/Database/MySQLi/Connection.php(292): mysqli->query('SELECT COUNT(*)...', 0)
#1 /home/xkynpbah/public_html/vendor/codeigniter4/framework/system/Database/BaseConnection.php(670): CodeIgniter\Database\MySQLi\Connection->execute('SELECT COUNT(*)...')
#2 /home/xkynpbah/public_html/vendor/codeigniter4/framework/system/Database/BaseConnection.php(598): CodeIgniter\Database\BaseConnection->simpleQuery('SELECT COUNT(*)...')
#3 /home/xkynpbah/public_html/vendor/codeigniter4/framework/system/Database/BaseBuilder.php(1527): CodeIgniter\Database\BaseConnection->query('SELECT COUNT(*)...', Array, false)
#4 /home/xkynpbah/public_html/app/Controllers/Telegram.php(165): CodeIgniter\Database\BaseBuilder->countAllResults()
#5 /home/xkynpbah/public_html/app/Controllers/Telegram.php(124): App\Controllers\Telegram->askForResetConfirmation(6719727245, 6719727245, Object(stdClass), 'akashbabu', Object(stdClass))
#6 /home/xkynpbah/public_html/vendor/codeigniter4/framework/system/CodeIgniter.php(824): App\Controllers\Telegram->index()
#7 /home/xkynpbah/public_html/vendor/codeigniter4/framework/system/CodeIgniter.php(410): CodeIgniter\CodeIgniter->runController(Object(App\Controllers\Telegram))
#8 /home/xkynpbah/public_html/vendor/codeigniter4/framework/system/CodeIgniter.php(318): CodeIgniter\CodeIgniter->handleRequest(NULL, Object(Config\Cache), false)
#9 /home/xkynpbah/public_html/index.php(37): CodeIgniter\CodeIgniter->run()
#10 {main}
ERROR - 2026-07-27 07:26:11 --> Telegram controller called
ERROR - 2026-07-27 07:26:11 --> Table 'xkynpbah_titoo.telegram_premium' doesn't exist
CRITICAL - 2026-07-27 07:26:11 --> Table 'xkynpbah_titoo.telegram_premium' doesn't exist
#0 /home/xkynpbah/public_html/vendor/codeigniter4/framework/system/Database/MySQLi/Connection.php(292): mysqli->query('SELECT COUNT(*)...', 0)
#1 /home/xkynpbah/public_html/vendor/codeigniter4/framework/system/Database/BaseConnection.php(670): CodeIgniter\Database\MySQLi\Connection->execute('SELECT COUNT(*)...')
#2 /home/xkynpbah/public_html/vendor/codeigniter4/framework/system/Database/BaseConnection.php(598): CodeIgniter\Database\BaseConnection->simpleQuery('SELECT COUNT(*)...')
#3 /home/xkynpbah/public_html/vendor/codeigniter4/framework/system/Database/BaseBuilder.php(1527): CodeIgniter\Database\BaseConnection->query('SELECT COUNT(*)...', Array, false)
#4 /home/xkynpbah/public_html/app/Controllers/Telegram.php(165): CodeIgniter\Database\BaseBuilder->countAllResults()
#5 /home/xkynpbah/public_html/app/Controllers/Telegram.php(124): App\Controllers\Telegram->askForResetConfirmation(6719727245, 6719727245, Object(stdClass), 'akashbabu', Object(stdClass))
#6 /home/xkynpbah/public_html/vendor/codeigniter4/framework/system/CodeIgniter.php(824): App\Controllers\Telegram->index()
#7 /home/xkynpbah/public_html/vendor/codeigniter4/framework/system/CodeIgniter.php(410): CodeIgniter\CodeIgniter->runController(Object(App\Controllers\Telegram))
#8 /home/xkynpbah/public_html/vendor/codeigniter4/framework/system/CodeIgniter.php(318): CodeIgniter\CodeIgniter->handleRequest(NULL, Object(Config\Cache), false)
#9 /home/xkynpbah/public_html/index.php(37): CodeIgniter\CodeIgniter->run()
#10 {main}
ERROR - 2026-07-27 07:28:05 --> Telegram controller called
ERROR - 2026-07-27 07:28:05 --> Table 'xkynpbah_titoo.telegram_premium' doesn't exist
CRITICAL - 2026-07-27 07:28:05 --> Table 'xkynpbah_titoo.telegram_premium' doesn't exist
#0 /home/xkynpbah/public_html/vendor/codeigniter4/framework/system/Database/MySQLi/Connection.php(292): mysqli->query('SELECT COUNT(*)...', 0)
#1 /home/xkynpbah/public_html/vendor/codeigniter4/framework/system/Database/BaseConnection.php(670): CodeIgniter\Database\MySQLi\Connection->execute('SELECT COUNT(*)...')
#2 /home/xkynpbah/public_html/vendor/codeigniter4/framework/system/Database/BaseConnection.php(598): CodeIgniter\Database\BaseConnection->simpleQuery('SELECT COUNT(*)...')
#3 /home/xkynpbah/public_html/vendor/codeigniter4/framework/system/Database/BaseBuilder.php(1527): CodeIgniter\Database\BaseConnection->query('SELECT COUNT(*)...', Array, false)
#4 /home/xkynpbah/public_html/app/Controllers/Telegram.php(165): CodeIgniter\Database\BaseBuilder->countAllResults()
#5 /home/xkynpbah/public_html/app/Controllers/Telegram.php(124): App\Controllers\Telegram->askForResetConfirmation(6719727245, 6719727245, Object(stdClass), 'akashbabu', Object(stdClass))
#6 /home/xkynpbah/public_html/vendor/codeigniter4/framework/system/CodeIgniter.php(824): App\Controllers\Telegram->index()
#7 /home/xkynpbah/public_html/vendor/codeigniter4/framework/system/CodeIgniter.php(410): CodeIgniter\CodeIgniter->runController(Object(App\Controllers\Telegram))
#8 /home/xkynpbah/public_html/vendor/codeigniter4/framework/system/CodeIgniter.php(318): CodeIgniter\CodeIgniter->handleRequest(NULL, Object(Config\Cache), false)
#9 /home/xkynpbah/public_html/index.php(37): CodeIgniter\CodeIgniter->run()
#10 {main}
ERROR - 2026-07-27 07:29:16 --> Telegram controller called
ERROR - 2026-07-27 07:29:16 --> Table 'xkynpbah_titoo.telegram_premium' doesn't exist
CRITICAL - 2026-07-27 07:29:16 --> Table 'xkynpbah_titoo.telegram_premium' doesn't exist
#0 /home/xkynpbah/public_html/vendor/codeigniter4/framework/system/Database/MySQLi/Connection.php(292): mysqli->query('SELECT COUNT(*)...', 0)
#1 /home/xkynpbah/public_html/vendor/codeigniter4/framework/system/Database/BaseConnection.php(670): CodeIgniter\Database\MySQLi\Connection->execute('SELECT COUNT(*)...')
#2 /home/xkynpbah/public_html/vendor/codeigniter4/framework/system/Database/BaseConnection.php(598): CodeIgniter\Database\BaseConnection->simpleQuery('SELECT COUNT(*)...')
#3 /home/xkynpbah/public_html/vendor/codeigniter4/framework/system/Database/BaseBuilder.php(1527): CodeIgniter\Database\BaseConnection->query('SELECT COUNT(*)...', Array, false)
#4 /home/xkynpbah/public_html/app/Controllers/Telegram.php(165): CodeIgniter\Database\BaseBuilder->countAllResults()
#5 /home/xkynpbah/public_html/app/Controllers/Telegram.php(124): App\Controllers\Telegram->askForResetConfirmation(6719727245, 6719727245, Object(stdClass), 'akashbabu', Object(stdClass))
#6 /home/xkynpbah/public_html/vendor/codeigniter4/framework/system/CodeIgniter.php(824): App\Controllers\Telegram->index()
#7 /home/xkynpbah/public_html/vendor/codeigniter4/framework/system/CodeIgniter.php(410): CodeIgniter\CodeIgniter->runController(Object(App\Controllers\Telegram))
#8 /home/xkynpbah/public_html/vendor/codeigniter4/framework/system/CodeIgniter.php(318): CodeIgniter\CodeIgniter->handleRequest(NULL, Object(Config\Cache), false)
#9 /home/xkynpbah/public_html/index.php(37): CodeIgniter\CodeIgniter->run()
#10 {main}
ERROR - 2026-07-27 07:30:53 --> Telegram controller called
ERROR - 2026-07-27 07:30:53 --> Table 'xkynpbah_titoo.telegram_premium' doesn't exist
CRITICAL - 2026-07-27 07:30:53 --> Table 'xkynpbah_titoo.telegram_premium' doesn't exist
#0 /home/xkynpbah/public_html/vendor/codeigniter4/framework/system/Database/MySQLi/Connection.php(292): mysqli->query('SELECT COUNT(*)...', 0)
#1 /home/xkynpbah/public_html/vendor/codeigniter4/framework/system/Database/BaseConnection.php(670): CodeIgniter\Database\MySQLi\Connection->execute('SELECT COUNT(*)...')
#2 /home/xkynpbah/public_html/vendor/codeigniter4/framework/system/Database/BaseConnection.php(598): CodeIgniter\Database\BaseConnection->simpleQuery('SELECT COUNT(*)...')
#3 /home/xkynpbah/public_html/vendor/codeigniter4/framework/system/Database/BaseBuilder.php(1527): CodeIgniter\Database\BaseConnection->query('SELECT COUNT(*)...', Array, false)
#4 /home/xkynpbah/public_html/app/Controllers/Telegram.php(165): CodeIgniter\Database\BaseBuilder->countAllResults()
#5 /home/xkynpbah/public_html/app/Controllers/Telegram.php(124): App\Controllers\Telegram->askForResetConfirmation(6719727245, 6719727245, Object(stdClass), 'akashbabu', Object(stdClass))
#6 /home/xkynpbah/public_html/vendor/codeigniter4/framework/system/CodeIgniter.php(824): App\Controllers\Telegram->index()
#7 /home/xkynpbah/public_html/vendor/codeigniter4/framework/system/CodeIgniter.php(410): CodeIgniter\CodeIgniter->runController(Object(App\Controllers\Telegram))
#8 /home/xkynpbah/public_html/vendor/codeigniter4/framework/system/CodeIgniter.php(318): CodeIgniter\CodeIgniter->handleRequest(NULL, Object(Config\Cache), false)
#9 /home/xkynpbah/public_html/index.php(37): CodeIgniter\CodeIgniter->run()
#10 {main}
ERROR - 2026-07-27 07:32:08 --> Telegram controller called
ERROR - 2026-07-27 07:32:08 --> Table 'xkynpbah_titoo.telegram_premium' doesn't exist
CRITICAL - 2026-07-27 07:32:08 --> Table 'xkynpbah_titoo.telegram_premium' doesn't exist
#0 /home/xkynpbah/public_html/vendor/codeigniter4/framework/system/Database/MySQLi/Connection.php(292): mysqli->query('SELECT COUNT(*)...', 0)
#1 /home/xkynpbah/public_html/vendor/codeigniter4/framework/system/Database/BaseConnection.php(670): CodeIgniter\Database\MySQLi\Connection->execute('SELECT COUNT(*)...')
#2 /home/xkynpbah/public_html/vendor/codeigniter4/framework/system/Database/BaseConnection.php(598): CodeIgniter\Database\BaseConnection->simpleQuery('SELECT COUNT(*)...')
#3 /home/xkynpbah/public_html/vendor/codeigniter4/framework/system/Database/BaseBuilder.php(1527): CodeIgniter\Database\BaseConnection->query('SELECT COUNT(*)...', Array, false)
#4 /home/xkynpbah/public_html/app/Controllers/Telegram.php(165): CodeIgniter\Database\BaseBuilder->countAllResults()
#5 /home/xkynpbah/public_html/app/Controllers/Telegram.php(124): App\Controllers\Telegram->askForResetConfirmation(6719727245, 6719727245, Object(stdClass), 'akashbabu', Object(stdClass))
#6 /home/xkynpbah/public_html/vendor/codeigniter4/framework/system/CodeIgniter.php(824): App\Controllers\Telegram->index()
#7 /home/xkynpbah/public_html/vendor/codeigniter4/framework/system/CodeIgniter.php(410): CodeIgniter\CodeIgniter->runController(Object(App\Controllers\Telegram))
#8 /home/xkynpbah/public_html/vendor/codeigniter4/framework/system/CodeIgniter.php(318): CodeIgniter\CodeIgniter->handleRequest(NULL, Object(Config\Cache), false)
#9 /home/xkynpbah/public_html/index.php(37): CodeIgniter\CodeIgniter->run()
#10 {main}
ERROR - 2026-07-27 07:33:49 --> Telegram controller called
ERROR - 2026-07-27 07:33:49 --> Table 'xkynpbah_titoo.telegram_premium' doesn't exist
CRITICAL - 2026-07-27 07:33:49 --> Table 'xkynpbah_titoo.telegram_premium' doesn't exist
#0 /home/xkynpbah/public_html/vendor/codeigniter4/framework/system/Database/MySQLi/Connection.php(292): mysqli->query('SELECT COUNT(*)...', 0)
#1 /home/xkynpbah/public_html/vendor/codeigniter4/framework/system/Database/BaseConnection.php(670): CodeIgniter\Database\MySQLi\Connection->execute('SELECT COUNT(*)...')
#2 /home/xkynpbah/public_html/vendor/codeigniter4/framework/system/Database/BaseConnection.php(598): CodeIgniter\Database\BaseConnection->simpleQuery('SELECT COUNT(*)...')
#3 /home/xkynpbah/public_html/vendor/codeigniter4/framework/system/Database/BaseBuilder.php(1527): CodeIgniter\Database\BaseConnection->query('SELECT COUNT(*)...', Array, false)
#4 /home/xkynpbah/public_html/app/Controllers/Telegram.php(165): CodeIgniter\Database\BaseBuilder->countAllResults()
#5 /home/xkynpbah/public_html/app/Controllers/Telegram.php(124): App\Controllers\Telegram->askForResetConfirmation(6719727245, 6719727245, Object(stdClass), 'akashbabu', Object(stdClass))
#6 /home/xkynpbah/public_html/vendor/codeigniter4/framework/system/CodeIgniter.php(824): App\Controllers\Telegram->index()
#7 /home/xkynpbah/public_html/vendor/codeigniter4/framework/system/CodeIgniter.php(410): CodeIgniter\CodeIgniter->runController(Object(App\Controllers\Telegram))
#8 /home/xkynpbah/public_html/vendor/codeigniter4/framework/system/CodeIgniter.php(318): CodeIgniter\CodeIgniter->handleRequest(NULL, Object(Config\Cache), false)
#9 /home/xkynpbah/public_html/index.php(37): CodeIgniter\CodeIgniter->run()
#10 {main}
ERROR - 2026-07-27 07:35:28 --> Telegram controller called
ERROR - 2026-07-27 07:35:28 --> Table 'xkynpbah_titoo.telegram_premium' doesn't exist
CRITICAL - 2026-07-27 07:35:28 --> Table 'xkynpbah_titoo.telegram_premium' doesn't exist
#0 /home/xkynpbah/public_html/vendor/codeigniter4/framework/system/Database/MySQLi/Connection.php(292): mysqli->query('SELECT COUNT(*)...', 0)
#1 /home/xkynpbah/public_html/vendor/codeigniter4/framework/system/Database/BaseConnection.php(670): CodeIgniter\Database\MySQLi\Connection->execute('SELECT COUNT(*)...')
#2 /home/xkynpbah/public_html/vendor/codeigniter4/framework/system/Database/BaseConnection.php(598): CodeIgniter\Database\BaseConnection->simpleQuery('SELECT COUNT(*)...')
#3 /home/xkynpbah/public_html/vendor/codeigniter4/framework/system/Database/BaseBuilder.php(1527): CodeIgniter\Database\BaseConnection->query('SELECT COUNT(*)...', Array, false)
#4 /home/xkynpbah/public_html/app/Controllers/Telegram.php(165): CodeIgniter\Database\BaseBuilder->countAllResults()
#5 /home/xkynpbah/public_html/app/Controllers/Telegram.php(124): App\Controllers\Telegram->askForResetConfirmation(6719727245, 6719727245, Object(stdClass), 'akashbabu', Object(stdClass))
#6 /home/xkynpbah/public_html/vendor/codeigniter4/framework/system/CodeIgniter.php(824): App\Controllers\Telegram->index()
#7 /home/xkynpbah/public_html/vendor/codeigniter4/framework/system/CodeIgniter.php(410): CodeIgniter\CodeIgniter->runController(Object(App\Controllers\Telegram))
#8 /home/xkynpbah/public_html/vendor/codeigniter4/framework/system/CodeIgniter.php(318): CodeIgniter\CodeIgniter->handleRequest(NULL, Object(Config\Cache), false)
#9 /home/xkynpbah/public_html/index.php(37): CodeIgniter\CodeIgniter->run()
#10 {main}
ERROR - 2026-07-27 07:36:41 --> Telegram controller called
ERROR - 2026-07-27 07:36:41 --> Table 'xkynpbah_titoo.telegram_premium' doesn't exist
CRITICAL - 2026-07-27 07:36:41 --> Table 'xkynpbah_titoo.telegram_premium' doesn't exist
#0 /home/xkynpbah/public_html/vendor/codeigniter4/framework/system/Database/MySQLi/Connection.php(292): mysqli->query('SELECT COUNT(*)...', 0)
#1 /home/xkynpbah/public_html/vendor/codeigniter4/framework/system/Database/BaseConnection.php(670): CodeIgniter\Database\MySQLi\Connection->execute('SELECT COUNT(*)...')
#2 /home/xkynpbah/public_html/vendor/codeigniter4/framework/system/Database/BaseConnection.php(598): CodeIgniter\Database\BaseConnection->simpleQuery('SELECT COUNT(*)...')
#3 /home/xkynpbah/public_html/vendor/codeigniter4/framework/system/Database/BaseBuilder.php(1527): CodeIgniter\Database\BaseConnection->query('SELECT COUNT(*)...', Array, false)
#4 /home/xkynpbah/public_html/app/Controllers/Telegram.php(165): CodeIgniter\Database\BaseBuilder->countAllResults()
#5 /home/xkynpbah/public_html/app/Controllers/Telegram.php(124): App\Controllers\Telegram->askForResetConfirmation(6719727245, 6719727245, Object(stdClass), 'akashbabu', Object(stdClass))
#6 /home/xkynpbah/public_html/vendor/codeigniter4/framework/system/CodeIgniter.php(824): App\Controllers\Telegram->index()
#7 /home/xkynpbah/public_html/vendor/codeigniter4/framework/system/CodeIgniter.php(410): CodeIgniter\CodeIgniter->runController(Object(App\Controllers\Telegram))
#8 /home/xkynpbah/public_html/vendor/codeigniter4/framework/system/CodeIgniter.php(318): CodeIgniter\CodeIgniter->handleRequest(NULL, Object(Config\Cache), false)
#9 /home/xkynpbah/public_html/index.php(37): CodeIgniter\CodeIgniter->run()
#10 {main}
ERROR - 2026-07-27 07:38:11 --> Telegram controller called
ERROR - 2026-07-27 07:38:11 --> Table 'xkynpbah_titoo.telegram_premium' doesn't exist
CRITICAL - 2026-07-27 07:38:11 --> Table 'xkynpbah_titoo.telegram_premium' doesn't exist
#0 /home/xkynpbah/public_html/vendor/codeigniter4/framework/system/Database/MySQLi/Connection.php(292): mysqli->query('SELECT COUNT(*)...', 0)
#1 /home/xkynpbah/public_html/vendor/codeigniter4/framework/system/Database/BaseConnection.php(670): CodeIgniter\Database\MySQLi\Connection->execute('SELECT COUNT(*)...')
#2 /home/xkynpbah/public_html/vendor/codeigniter4/framework/system/Database/BaseConnection.php(598): CodeIgniter\Database\BaseConnection->simpleQuery('SELECT COUNT(*)...')
#3 /home/xkynpbah/public_html/vendor/codeigniter4/framework/system/Database/BaseBuilder.php(1527): CodeIgniter\Database\BaseConnection->query('SELECT COUNT(*)...', Array, false)
#4 /home/xkynpbah/public_html/app/Controllers/Telegram.php(165): CodeIgniter\Database\BaseBuilder->countAllResults()
#5 /home/xkynpbah/public_html/app/Controllers/Telegram.php(124): App\Controllers\Telegram->askForResetConfirmation(6719727245, 6719727245, Object(stdClass), 'akashbabu', Object(stdClass))
#6 /home/xkynpbah/public_html/vendor/codeigniter4/framework/system/CodeIgniter.php(824): App\Controllers\Telegram->index()
#7 /home/xkynpbah/public_html/vendor/codeigniter4/framework/system/CodeIgniter.php(410): CodeIgniter\CodeIgniter->runController(Object(App\Controllers\Telegram))
#8 /home/xkynpbah/public_html/vendor/codeigniter4/framework/system/CodeIgniter.php(318): CodeIgniter\CodeIgniter->handleRequest(NULL, Object(Config\Cache), false)
#9 /home/xkynpbah/public_html/index.php(37): CodeIgniter\CodeIgniter->run()
#10 {main}
ERROR - 2026-07-27 07:40:00 --> Telegram controller called
ERROR - 2026-07-27 07:40:00 --> Table 'xkynpbah_titoo.telegram_premium' doesn't exist
CRITICAL - 2026-07-27 07:40:00 --> Table 'xkynpbah_titoo.telegram_premium' doesn't exist
#0 /home/xkynpbah/public_html/vendor/codeigniter4/framework/system/Database/MySQLi/Connection.php(292): mysqli->query('SELECT COUNT(*)...', 0)
#1 /home/xkynpbah/public_html/vendor/codeigniter4/framework/system/Database/BaseConnection.php(670): CodeIgniter\Database\MySQLi\Connection->execute('SELECT COUNT(*)...')
#2 /home/xkynpbah/public_html/vendor/codeigniter4/framework/system/Database/BaseConnection.php(598): CodeIgniter\Database\BaseConnection->simpleQuery('SELECT COUNT(*)...')
#3 /home/xkynpbah/public_html/vendor/codeigniter4/framework/system/Database/BaseBuilder.php(1527): CodeIgniter\Database\BaseConnection->query('SELECT COUNT(*)...', Array, false)
#4 /home/xkynpbah/public_html/app/Controllers/Telegram.php(165): CodeIgniter\Database\BaseBuilder->countAllResults()
#5 /home/xkynpbah/public_html/app/Controllers/Telegram.php(124): App\Controllers\Telegram->askForResetConfirmation(6719727245, 6719727245, Object(stdClass), 'akashbabu', Object(stdClass))
#6 /home/xkynpbah/public_html/vendor/codeigniter4/framework/system/CodeIgniter.php(824): App\Controllers\Telegram->index()
#7 /home/xkynpbah/public_html/vendor/codeigniter4/framework/system/CodeIgniter.php(410): CodeIgniter\CodeIgniter->runController(Object(App\Controllers\Telegram))
#8 /home/xkynpbah/public_html/vendor/codeigniter4/framework/system/CodeIgniter.php(318): CodeIgniter\CodeIgniter->handleRequest(NULL, Object(Config\Cache), false)
#9 /home/xkynpbah/public_html/index.php(37): CodeIgniter\CodeIgniter->run()
#10 {main}
ERROR - 2026-07-27 07:41:04 --> Telegram controller called
ERROR - 2026-07-27 07:41:04 --> Table 'xkynpbah_titoo.telegram_premium' doesn't exist
CRITICAL - 2026-07-27 07:41:04 --> Table 'xkynpbah_titoo.telegram_premium' doesn't exist
#0 /home/xkynpbah/public_html/vendor/codeigniter4/framework/system/Database/MySQLi/Connection.php(292): mysqli->query('SELECT COUNT(*)...', 0)
#1 /home/xkynpbah/public_html/vendor/codeigniter4/framework/system/Database/BaseConnection.php(670): CodeIgniter\Database\MySQLi\Connection->execute('SELECT COUNT(*)...')
#2 /home/xkynpbah/public_html/vendor/codeigniter4/framework/system/Database/BaseConnection.php(598): CodeIgniter\Database\BaseConnection->simpleQuery('SELECT COUNT(*)...')
#3 /home/xkynpbah/public_html/vendor/codeigniter4/framework/system/Database/BaseBuilder.php(1527): CodeIgniter\Database\BaseConnection->query('SELECT COUNT(*)...', Array, false)
#4 /home/xkynpbah/public_html/app/Controllers/Telegram.php(165): CodeIgniter\Database\BaseBuilder->countAllResults()
#5 /home/xkynpbah/public_html/app/Controllers/Telegram.php(124): App\Controllers\Telegram->askForResetConfirmation(6719727245, 6719727245, Object(stdClass), 'akashbabu', Object(stdClass))
#6 /home/xkynpbah/public_html/vendor/codeigniter4/framework/system/CodeIgniter.php(824): App\Controllers\Telegram->index()
#7 /home/xkynpbah/public_html/vendor/codeigniter4/framework/system/CodeIgniter.php(410): CodeIgniter\CodeIgniter->runController(Object(App\Controllers\Telegram))
#8 /home/xkynpbah/public_html/vendor/codeigniter4/framework/system/CodeIgniter.php(318): CodeIgniter\CodeIgniter->handleRequest(NULL, Object(Config\Cache), false)
#9 /home/xkynpbah/public_html/index.php(37): CodeIgniter\CodeIgniter->run()
#10 {main}
ERROR - 2026-07-27 07:42:12 --> Telegram controller called
ERROR - 2026-07-27 07:42:12 --> Table 'xkynpbah_titoo.telegram_premium' doesn't exist
CRITICAL - 2026-07-27 07:42:12 --> Table 'xkynpbah_titoo.telegram_premium' doesn't exist
#0 /home/xkynpbah/public_html/vendor/codeigniter4/framework/system/Database/MySQLi/Connection.php(292): mysqli->query('SELECT COUNT(*)...', 0)
#1 /home/xkynpbah/public_html/vendor/codeigniter4/framework/system/Database/BaseConnection.php(670): CodeIgniter\Database\MySQLi\Connection->execute('SELECT COUNT(*)...')
#2 /home/xkynpbah/public_html/vendor/codeigniter4/framework/system/Database/BaseConnection.php(598): CodeIgniter\Database\BaseConnection->simpleQuery('SELECT COUNT(*)...')
#3 /home/xkynpbah/public_html/vendor/codeigniter4/framework/system/Database/BaseBuilder.php(1527): CodeIgniter\Database\BaseConnection->query('SELECT COUNT(*)...', Array, false)
#4 /home/xkynpbah/public_html/app/Controllers/Telegram.php(165): CodeIgniter\Database\BaseBuilder->countAllResults()
#5 /home/xkynpbah/public_html/app/Controllers/Telegram.php(124): App\Controllers\Telegram->askForResetConfirmation(6719727245, 6719727245, Object(stdClass), 'akashbabu', Object(stdClass))
#6 /home/xkynpbah/public_html/vendor/codeigniter4/framework/system/CodeIgniter.php(824): App\Controllers\Telegram->index()
#7 /home/xkynpbah/public_html/vendor/codeigniter4/framework/system/CodeIgniter.php(410): CodeIgniter\CodeIgniter->runController(Object(App\Controllers\Telegram))
#8 /home/xkynpbah/public_html/vendor/codeigniter4/framework/system/CodeIgniter.php(318): CodeIgniter\CodeIgniter->handleRequest(NULL, Object(Config\Cache), false)
#9 /home/xkynpbah/public_html/index.php(37): CodeIgniter\CodeIgniter->run()
#10 {main}
ERROR - 2026-07-27 07:43:34 --> Telegram controller called
ERROR - 2026-07-27 07:43:34 --> Table 'xkynpbah_titoo.telegram_premium' doesn't exist
CRITICAL - 2026-07-27 07:43:34 --> Table 'xkynpbah_titoo.telegram_premium' doesn't exist
#0 /home/xkynpbah/public_html/vendor/codeigniter4/framework/system/Database/MySQLi/Connection.php(292): mysqli->query('SELECT COUNT(*)...', 0)
#1 /home/xkynpbah/public_html/vendor/codeigniter4/framework/system/Database/BaseConnection.php(670): CodeIgniter\Database\MySQLi\Connection->execute('SELECT COUNT(*)...')
#2 /home/xkynpbah/public_html/vendor/codeigniter4/framework/system/Database/BaseConnection.php(598): CodeIgniter\Database\BaseConnection->simpleQuery('SELECT COUNT(*)...')
#3 /home/xkynpbah/public_html/vendor/codeigniter4/framework/system/Database/BaseBuilder.php(1527): CodeIgniter\Database\BaseConnection->query('SELECT COUNT(*)...', Array, false)
#4 /home/xkynpbah/public_html/app/Controllers/Telegram.php(165): CodeIgniter\Database\BaseBuilder->countAllResults()
#5 /home/xkynpbah/public_html/app/Controllers/Telegram.php(124): App\Controllers\Telegram->askForResetConfirmation(6719727245, 6719727245, Object(stdClass), 'akashbabu', Object(stdClass))
#6 /home/xkynpbah/public_html/vendor/codeigniter4/framework/system/CodeIgniter.php(824): App\Controllers\Telegram->index()
#7 /home/xkynpbah/public_html/vendor/codeigniter4/framework/system/CodeIgniter.php(410): CodeIgniter\CodeIgniter->runController(Object(App\Controllers\Telegram))
#8 /home/xkynpbah/public_html/vendor/codeigniter4/framework/system/CodeIgniter.php(318): CodeIgniter\CodeIgniter->handleRequest(NULL, Object(Config\Cache), false)
#9 /home/xkynpbah/public_html/index.php(37): CodeIgniter\CodeIgniter->run()
#10 {main}
ERROR - 2026-07-27 07:45:32 --> Telegram controller called
ERROR - 2026-07-27 07:45:32 --> Table 'xkynpbah_titoo.telegram_premium' doesn't exist
CRITICAL - 2026-07-27 07:45:32 --> Table 'xkynpbah_titoo.telegram_premium' doesn't exist
#0 /home/xkynpbah/public_html/vendor/codeigniter4/framework/system/Database/MySQLi/Connection.php(292): mysqli->query('SELECT COUNT(*)...', 0)
#1 /home/xkynpbah/public_html/vendor/codeigniter4/framework/system/Database/BaseConnection.php(670): CodeIgniter\Database\MySQLi\Connection->execute('SELECT COUNT(*)...')
#2 /home/xkynpbah/public_html/vendor/codeigniter4/framework/system/Database/BaseConnection.php(598): CodeIgniter\Database\BaseConnection->simpleQuery('SELECT COUNT(*)...')
#3 /home/xkynpbah/public_html/vendor/codeigniter4/framework/system/Database/BaseBuilder.php(1527): CodeIgniter\Database\BaseConnection->query('SELECT COUNT(*)...', Array, false)
#4 /home/xkynpbah/public_html/app/Controllers/Telegram.php(165): CodeIgniter\Database\BaseBuilder->countAllResults()
#5 /home/xkynpbah/public_html/app/Controllers/Telegram.php(124): App\Controllers\Telegram->askForResetConfirmation(6719727245, 6719727245, Object(stdClass), 'akashbabu', Object(stdClass))
#6 /home/xkynpbah/public_html/vendor/codeigniter4/framework/system/CodeIgniter.php(824): App\Controllers\Telegram->index()
#7 /home/xkynpbah/public_html/vendor/codeigniter4/framework/system/CodeIgniter.php(410): CodeIgniter\CodeIgniter->runController(Object(App\Controllers\Telegram))
#8 /home/xkynpbah/public_html/vendor/codeigniter4/framework/system/CodeIgniter.php(318): CodeIgniter\CodeIgniter->handleRequest(NULL, Object(Config\Cache), false)
#9 /home/xkynpbah/public_html/index.php(37): CodeIgniter\CodeIgniter->run()
#10 {main}
ERROR - 2026-07-27 07:47:19 --> Telegram controller called
ERROR - 2026-07-27 07:47:19 --> Table 'xkynpbah_titoo.telegram_premium' doesn't exist
CRITICAL - 2026-07-27 07:47:19 --> Table 'xkynpbah_titoo.telegram_premium' doesn't exist
#0 /home/xkynpbah/public_html/vendor/codeigniter4/framework/system/Database/MySQLi/Connection.php(292): mysqli->query('SELECT COUNT(*)...', 0)
#1 /home/xkynpbah/public_html/vendor/codeigniter4/framework/system/Database/BaseConnection.php(670): CodeIgniter\Database\MySQLi\Connection->execute('SELECT COUNT(*)...')
#2 /home/xkynpbah/public_html/vendor/codeigniter4/framework/system/Database/BaseConnection.php(598): CodeIgniter\Database\BaseConnection->simpleQuery('SELECT COUNT(*)...')
#3 /home/xkynpbah/public_html/vendor/codeigniter4/framework/system/Database/BaseBuilder.php(1527): CodeIgniter\Database\BaseConnection->query('SELECT COUNT(*)...', Array, false)
#4 /home/xkynpbah/public_html/app/Controllers/Telegram.php(165): CodeIgniter\Database\BaseBuilder->countAllResults()
#5 /home/xkynpbah/public_html/app/Controllers/Telegram.php(124): App\Controllers\Telegram->askForResetConfirmation(6719727245, 6719727245, Object(stdClass), 'akashbabu', Object(stdClass))
#6 /home/xkynpbah/public_html/vendor/codeigniter4/framework/system/CodeIgniter.php(824): App\Controllers\Telegram->index()
#7 /home/xkynpbah/public_html/vendor/codeigniter4/framework/system/CodeIgniter.php(410): CodeIgniter\CodeIgniter->runController(Object(App\Controllers\Telegram))
#8 /home/xkynpbah/public_html/vendor/codeigniter4/framework/system/CodeIgniter.php(318): CodeIgniter\CodeIgniter->handleRequest(NULL, Object(Config\Cache), false)
#9 /home/xkynpbah/public_html/index.php(37): CodeIgniter\CodeIgniter->run()
#10 {main}
ERROR - 2026-07-27 07:48:24 --> Telegram controller called
ERROR - 2026-07-27 07:48:24 --> Table 'xkynpbah_titoo.telegram_premium' doesn't exist
CRITICAL - 2026-07-27 07:48:24 --> Table 'xkynpbah_titoo.telegram_premium' doesn't exist
#0 /home/xkynpbah/public_html/vendor/codeigniter4/framework/system/Database/MySQLi/Connection.php(292): mysqli->query('SELECT COUNT(*)...', 0)
#1 /home/xkynpbah/public_html/vendor/codeigniter4/framework/system/Database/BaseConnection.php(670): CodeIgniter\Database\MySQLi\Connection->execute('SELECT COUNT(*)...')
#2 /home/xkynpbah/public_html/vendor/codeigniter4/framework/system/Database/BaseConnection.php(598): CodeIgniter\Database\BaseConnection->simpleQuery('SELECT COUNT(*)...')
#3 /home/xkynpbah/public_html/vendor/codeigniter4/framework/system/Database/BaseBuilder.php(1527): CodeIgniter\Database\BaseConnection->query('SELECT COUNT(*)...', Array, false)
#4 /home/xkynpbah/public_html/app/Controllers/Telegram.php(165): CodeIgniter\Database\BaseBuilder->countAllResults()
#5 /home/xkynpbah/public_html/app/Controllers/Telegram.php(124): App\Controllers\Telegram->askForResetConfirmation(6719727245, 6719727245, Object(stdClass), 'akashbabu', Object(stdClass))
#6 /home/xkynpbah/public_html/vendor/codeigniter4/framework/system/CodeIgniter.php(824): App\Controllers\Telegram->index()
#7 /home/xkynpbah/public_html/vendor/codeigniter4/framework/system/CodeIgniter.php(410): CodeIgniter\CodeIgniter->runController(Object(App\Controllers\Telegram))
#8 /home/xkynpbah/public_html/vendor/codeigniter4/framework/system/CodeIgniter.php(318): CodeIgniter\CodeIgniter->handleRequest(NULL, Object(Config\Cache), false)
#9 /home/xkynpbah/public_html/index.php(37): CodeIgniter\CodeIgniter->run()
#10 {main}
ERROR - 2026-07-27 07:50:13 --> Telegram controller called
ERROR - 2026-07-27 07:50:13 --> Table 'xkynpbah_titoo.telegram_premium' doesn't exist
CRITICAL - 2026-07-27 07:50:13 --> Table 'xkynpbah_titoo.telegram_premium' doesn't exist
#0 /home/xkynpbah/public_html/vendor/codeigniter4/framework/system/Database/MySQLi/Connection.php(292): mysqli->query('SELECT COUNT(*)...', 0)
#1 /home/xkynpbah/public_html/vendor/codeigniter4/framework/system/Database/BaseConnection.php(670): CodeIgniter\Database\MySQLi\Connection->execute('SELECT COUNT(*)...')
#2 /home/xkynpbah/public_html/vendor/codeigniter4/framework/system/Database/BaseConnection.php(598): CodeIgniter\Database\BaseConnection->simpleQuery('SELECT COUNT(*)...')
#3 /home/xkynpbah/public_html/vendor/codeigniter4/framework/system/Database/BaseBuilder.php(1527): CodeIgniter\Database\BaseConnection->query('SELECT COUNT(*)...', Array, false)
#4 /home/xkynpbah/public_html/app/Controllers/Telegram.php(165): CodeIgniter\Database\BaseBuilder->countAllResults()
#5 /home/xkynpbah/public_html/app/Controllers/Telegram.php(124): App\Controllers\Telegram->askForResetConfirmation(6719727245, 6719727245, Object(stdClass), 'akashbabu', Object(stdClass))
#6 /home/xkynpbah/public_html/vendor/codeigniter4/framework/system/CodeIgniter.php(824): App\Controllers\Telegram->index()
#7 /home/xkynpbah/public_html/vendor/codeigniter4/framework/system/CodeIgniter.php(410): CodeIgniter\CodeIgniter->runController(Object(App\Controllers\Telegram))
#8 /home/xkynpbah/public_html/vendor/codeigniter4/framework/system/CodeIgniter.php(318): CodeIgniter\CodeIgniter->handleRequest(NULL, Object(Config\Cache), false)
#9 /home/xkynpbah/public_html/index.php(37): CodeIgniter\CodeIgniter->run()
#10 {main}
ERROR - 2026-07-27 07:51:59 --> Telegram controller called
ERROR - 2026-07-27 07:51:59 --> Table 'xkynpbah_titoo.telegram_premium' doesn't exist
CRITICAL - 2026-07-27 07:51:59 --> Table 'xkynpbah_titoo.telegram_premium' doesn't exist
#0 /home/xkynpbah/public_html/vendor/codeigniter4/framework/system/Database/MySQLi/Connection.php(292): mysqli->query('SELECT COUNT(*)...', 0)
#1 /home/xkynpbah/public_html/vendor/codeigniter4/framework/system/Database/BaseConnection.php(670): CodeIgniter\Database\MySQLi\Connection->execute('SELECT COUNT(*)...')
#2 /home/xkynpbah/public_html/vendor/codeigniter4/framework/system/Database/BaseConnection.php(598): CodeIgniter\Database\BaseConnection->simpleQuery('SELECT COUNT(*)...')
#3 /home/xkynpbah/public_html/vendor/codeigniter4/framework/system/Database/BaseBuilder.php(1527): CodeIgniter\Database\BaseConnection->query('SELECT COUNT(*)...', Array, false)
#4 /home/xkynpbah/public_html/app/Controllers/Telegram.php(165): CodeIgniter\Database\BaseBuilder->countAllResults()
#5 /home/xkynpbah/public_html/app/Controllers/Telegram.php(124): App\Controllers\Telegram->askForResetConfirmation(6719727245, 6719727245, Object(stdClass), 'akashbabu', Object(stdClass))
#6 /home/xkynpbah/public_html/vendor/codeigniter4/framework/system/CodeIgniter.php(824): App\Controllers\Telegram->index()
#7 /home/xkynpbah/public_html/vendor/codeigniter4/framework/system/CodeIgniter.php(410): CodeIgniter\CodeIgniter->runController(Object(App\Controllers\Telegram))
#8 /home/xkynpbah/public_html/vendor/codeigniter4/framework/system/CodeIgniter.php(318): CodeIgniter\CodeIgniter->handleRequest(NULL, Object(Config\Cache), false)
#9 /home/xkynpbah/public_html/index.php(37): CodeIgniter\CodeIgniter->run()
#10 {main}
ERROR - 2026-07-27 07:53:43 --> Telegram controller called
ERROR - 2026-07-27 07:53:43 --> Table 'xkynpbah_titoo.telegram_premium' doesn't exist
CRITICAL - 2026-07-27 07:53:43 --> Table 'xkynpbah_titoo.telegram_premium' doesn't exist
#0 /home/xkynpbah/public_html/vendor/codeigniter4/framework/system/Database/MySQLi/Connection.php(292): mysqli->query('SELECT COUNT(*)...', 0)
#1 /home/xkynpbah/public_html/vendor/codeigniter4/framework/system/Database/BaseConnection.php(670): CodeIgniter\Database\MySQLi\Connection->execute('SELECT COUNT(*)...')
#2 /home/xkynpbah/public_html/vendor/codeigniter4/framework/system/Database/BaseConnection.php(598): CodeIgniter\Database\BaseConnection->simpleQuery('SELECT COUNT(*)...')
#3 /home/xkynpbah/public_html/vendor/codeigniter4/framework/system/Database/BaseBuilder.php(1527): CodeIgniter\Database\BaseConnection->query('SELECT COUNT(*)...', Array, false)
#4 /home/xkynpbah/public_html/app/Controllers/Telegram.php(165): CodeIgniter\Database\BaseBuilder->countAllResults()
#5 /home/xkynpbah/public_html/app/Controllers/Telegram.php(124): App\Controllers\Telegram->askForResetConfirmation(6719727245, 6719727245, Object(stdClass), 'akashbabu', Object(stdClass))
#6 /home/xkynpbah/public_html/vendor/codeigniter4/framework/system/CodeIgniter.php(824): App\Controllers\Telegram->index()
#7 /home/xkynpbah/public_html/vendor/codeigniter4/framework/system/CodeIgniter.php(410): CodeIgniter\CodeIgniter->runController(Object(App\Controllers\Telegram))
#8 /home/xkynpbah/public_html/vendor/codeigniter4/framework/system/CodeIgniter.php(318): CodeIgniter\CodeIgniter->handleRequest(NULL, Object(Config\Cache), false)
#9 /home/xkynpbah/public_html/index.php(37): CodeIgniter\CodeIgniter->run()
#10 {main}
ERROR - 2026-07-27 07:55:30 --> Telegram controller called
ERROR - 2026-07-27 07:55:30 --> Table 'xkynpbah_titoo.telegram_premium' doesn't exist
CRITICAL - 2026-07-27 07:55:30 --> Table 'xkynpbah_titoo.telegram_premium' doesn't exist
#0 /home/xkynpbah/public_html/vendor/codeigniter4/framework/system/Database/MySQLi/Connection.php(292): mysqli->query('SELECT COUNT(*)...', 0)
#1 /home/xkynpbah/public_html/vendor/codeigniter4/framework/system/Database/BaseConnection.php(670): CodeIgniter\Database\MySQLi\Connection->execute('SELECT COUNT(*)...')
#2 /home/xkynpbah/public_html/vendor/codeigniter4/framework/system/Database/BaseConnection.php(598): CodeIgniter\Database\BaseConnection->simpleQuery('SELECT COUNT(*)...')
#3 /home/xkynpbah/public_html/vendor/codeigniter4/framework/system/Database/BaseBuilder.php(1527): CodeIgniter\Database\BaseConnection->query('SELECT COUNT(*)...', Array, false)
#4 /home/xkynpbah/public_html/app/Controllers/Telegram.php(165): CodeIgniter\Database\BaseBuilder->countAllResults()
#5 /home/xkynpbah/public_html/app/Controllers/Telegram.php(124): App\Controllers\Telegram->askForResetConfirmation(6719727245, 6719727245, Object(stdClass), 'akashbabu', Object(stdClass))
#6 /home/xkynpbah/public_html/vendor/codeigniter4/framework/system/CodeIgniter.php(824): App\Controllers\Telegram->index()
#7 /home/xkynpbah/public_html/vendor/codeigniter4/framework/system/CodeIgniter.php(410): CodeIgniter\CodeIgniter->runController(Object(App\Controllers\Telegram))
#8 /home/xkynpbah/public_html/vendor/codeigniter4/framework/system/CodeIgniter.php(318): CodeIgniter\CodeIgniter->handleRequest(NULL, Object(Config\Cache), false)
#9 /home/xkynpbah/public_html/index.php(37): CodeIgniter\CodeIgniter->run()
#10 {main}
ERROR - 2026-07-27 07:56:47 --> Telegram controller called
ERROR - 2026-07-27 07:56:47 --> Table 'xkynpbah_titoo.telegram_premium' doesn't exist
CRITICAL - 2026-07-27 07:56:47 --> Table 'xkynpbah_titoo.telegram_premium' doesn't exist
#0 /home/xkynpbah/public_html/vendor/codeigniter4/framework/system/Database/MySQLi/Connection.php(292): mysqli->query('SELECT COUNT(*)...', 0)
#1 /home/xkynpbah/public_html/vendor/codeigniter4/framework/system/Database/BaseConnection.php(670): CodeIgniter\Database\MySQLi\Connection->execute('SELECT COUNT(*)...')
#2 /home/xkynpbah/public_html/vendor/codeigniter4/framework/system/Database/BaseConnection.php(598): CodeIgniter\Database\BaseConnection->simpleQuery('SELECT COUNT(*)...')
#3 /home/xkynpbah/public_html/vendor/codeigniter4/framework/system/Database/BaseBuilder.php(1527): CodeIgniter\Database\BaseConnection->query('SELECT COUNT(*)...', Array, false)
#4 /home/xkynpbah/public_html/app/Controllers/Telegram.php(165): CodeIgniter\Database\BaseBuilder->countAllResults()
#5 /home/xkynpbah/public_html/app/Controllers/Telegram.php(124): App\Controllers\Telegram->askForResetConfirmation(6719727245, 6719727245, Object(stdClass), 'akashbabu', Object(stdClass))
#6 /home/xkynpbah/public_html/vendor/codeigniter4/framework/system/CodeIgniter.php(824): App\Controllers\Telegram->index()
#7 /home/xkynpbah/public_html/vendor/codeigniter4/framework/system/CodeIgniter.php(410): CodeIgniter\CodeIgniter->runController(Object(App\Controllers\Telegram))
#8 /home/xkynpbah/public_html/vendor/codeigniter4/framework/system/CodeIgniter.php(318): CodeIgniter\CodeIgniter->handleRequest(NULL, Object(Config\Cache), false)
#9 /home/xkynpbah/public_html/index.php(37): CodeIgniter\CodeIgniter->run()
#10 {main}
ERROR - 2026-07-27 07:58:24 --> Telegram controller called
ERROR - 2026-07-27 07:58:24 --> Table 'xkynpbah_titoo.telegram_premium' doesn't exist
CRITICAL - 2026-07-27 07:58:24 --> Table 'xkynpbah_titoo.telegram_premium' doesn't exist
#0 /home/xkynpbah/public_html/vendor/codeigniter4/framework/system/Database/MySQLi/Connection.php(292): mysqli->query('SELECT COUNT(*)...', 0)
#1 /home/xkynpbah/public_html/vendor/codeigniter4/framework/system/Database/BaseConnection.php(670): CodeIgniter\Database\MySQLi\Connection->execute('SELECT COUNT(*)...')
#2 /home/xkynpbah/public_html/vendor/codeigniter4/framework/system/Database/BaseConnection.php(598): CodeIgniter\Database\BaseConnection->simpleQuery('SELECT COUNT(*)...')
#3 /home/xkynpbah/public_html/vendor/codeigniter4/framework/system/Database/BaseBuilder.php(1527): CodeIgniter\Database\BaseConnection->query('SELECT COUNT(*)...', Array, false)
#4 /home/xkynpbah/public_html/app/Controllers/Telegram.php(165): CodeIgniter\Database\BaseBuilder->countAllResults()
#5 /home/xkynpbah/public_html/app/Controllers/Telegram.php(124): App\Controllers\Telegram->askForResetConfirmation(6719727245, 6719727245, Object(stdClass), 'akashbabu', Object(stdClass))
#6 /home/xkynpbah/public_html/vendor/codeigniter4/framework/system/CodeIgniter.php(824): App\Controllers\Telegram->index()
#7 /home/xkynpbah/public_html/vendor/codeigniter4/framework/system/CodeIgniter.php(410): CodeIgniter\CodeIgniter->runController(Object(App\Controllers\Telegram))
#8 /home/xkynpbah/public_html/vendor/codeigniter4/framework/system/CodeIgniter.php(318): CodeIgniter\CodeIgniter->handleRequest(NULL, Object(Config\Cache), false)
#9 /home/xkynpbah/public_html/index.php(37): CodeIgniter\CodeIgniter->run()
#10 {main}
ERROR - 2026-07-27 07:59:56 --> Telegram controller called
ERROR - 2026-07-27 07:59:56 --> Table 'xkynpbah_titoo.telegram_premium' doesn't exist
CRITICAL - 2026-07-27 07:59:56 --> Table 'xkynpbah_titoo.telegram_premium' doesn't exist
#0 /home/xkynpbah/public_html/vendor/codeigniter4/framework/system/Database/MySQLi/Connection.php(292): mysqli->query('SELECT COUNT(*)...', 0)
#1 /home/xkynpbah/public_html/vendor/codeigniter4/framework/system/Database/BaseConnection.php(670): CodeIgniter\Database\MySQLi\Connection->execute('SELECT COUNT(*)...')
#2 /home/xkynpbah/public_html/vendor/codeigniter4/framework/system/Database/BaseConnection.php(598): CodeIgniter\Database\BaseConnection->simpleQuery('SELECT COUNT(*)...')
#3 /home/xkynpbah/public_html/vendor/codeigniter4/framework/system/Database/BaseBuilder.php(1527): CodeIgniter\Database\BaseConnection->query('SELECT COUNT(*)...', Array, false)
#4 /home/xkynpbah/public_html/app/Controllers/Telegram.php(165): CodeIgniter\Database\BaseBuilder->countAllResults()
#5 /home/xkynpbah/public_html/app/Controllers/Telegram.php(124): App\Controllers\Telegram->askForResetConfirmation(6719727245, 6719727245, Object(stdClass), 'akashbabu', Object(stdClass))
#6 /home/xkynpbah/public_html/vendor/codeigniter4/framework/system/CodeIgniter.php(824): App\Controllers\Telegram->index()
#7 /home/xkynpbah/public_html/vendor/codeigniter4/framework/system/CodeIgniter.php(410): CodeIgniter\CodeIgniter->runController(Object(App\Controllers\Telegram))
#8 /home/xkynpbah/public_html/vendor/codeigniter4/framework/system/CodeIgniter.php(318): CodeIgniter\CodeIgniter->handleRequest(NULL, Object(Config\Cache), false)
#9 /home/xkynpbah/public_html/index.php(37): CodeIgniter\CodeIgniter->run()
#10 {main}
ERROR - 2026-07-27 08:01:46 --> Telegram controller called
ERROR - 2026-07-27 08:01:46 --> Table 'xkynpbah_titoo.telegram_premium' doesn't exist
CRITICAL - 2026-07-27 08:01:46 --> Table 'xkynpbah_titoo.telegram_premium' doesn't exist
#0 /home/xkynpbah/public_html/vendor/codeigniter4/framework/system/Database/MySQLi/Connection.php(292): mysqli->query('SELECT COUNT(*)...', 0)
#1 /home/xkynpbah/public_html/vendor/codeigniter4/framework/system/Database/BaseConnection.php(670): CodeIgniter\Database\MySQLi\Connection->execute('SELECT COUNT(*)...')
#2 /home/xkynpbah/public_html/vendor/codeigniter4/framework/system/Database/BaseConnection.php(598): CodeIgniter\Database\BaseConnection->simpleQuery('SELECT COUNT(*)...')
#3 /home/xkynpbah/public_html/vendor/codeigniter4/framework/system/Database/BaseBuilder.php(1527): CodeIgniter\Database\BaseConnection->query('SELECT COUNT(*)...', Array, false)
#4 /home/xkynpbah/public_html/app/Controllers/Telegram.php(165): CodeIgniter\Database\BaseBuilder->countAllResults()
#5 /home/xkynpbah/public_html/app/Controllers/Telegram.php(124): App\Controllers\Telegram->askForResetConfirmation(6719727245, 6719727245, Object(stdClass), 'akashbabu', Object(stdClass))
#6 /home/xkynpbah/public_html/vendor/codeigniter4/framework/system/CodeIgniter.php(824): App\Controllers\Telegram->index()
#7 /home/xkynpbah/public_html/vendor/codeigniter4/framework/system/CodeIgniter.php(410): CodeIgniter\CodeIgniter->runController(Object(App\Controllers\Telegram))
#8 /home/xkynpbah/public_html/vendor/codeigniter4/framework/system/CodeIgniter.php(318): CodeIgniter\CodeIgniter->handleRequest(NULL, Object(Config\Cache), false)
#9 /home/xkynpbah/public_html/index.php(37): CodeIgniter\CodeIgniter->run()
#10 {main}
ERROR - 2026-07-27 08:03:41 --> Telegram controller called
ERROR - 2026-07-27 08:03:41 --> Table 'xkynpbah_titoo.telegram_premium' doesn't exist
CRITICAL - 2026-07-27 08:03:41 --> Table 'xkynpbah_titoo.telegram_premium' doesn't exist
#0 /home/xkynpbah/public_html/vendor/codeigniter4/framework/system/Database/MySQLi/Connection.php(292): mysqli->query('SELECT COUNT(*)...', 0)
#1 /home/xkynpbah/public_html/vendor/codeigniter4/framework/system/Database/BaseConnection.php(670): CodeIgniter\Database\MySQLi\Connection->execute('SELECT COUNT(*)...')
#2 /home/xkynpbah/public_html/vendor/codeigniter4/framework/system/Database/BaseConnection.php(598): CodeIgniter\Database\BaseConnection->simpleQuery('SELECT COUNT(*)...')
#3 /home/xkynpbah/public_html/vendor/codeigniter4/framework/system/Database/BaseBuilder.php(1527): CodeIgniter\Database\BaseConnection->query('SELECT COUNT(*)...', Array, false)
#4 /home/xkynpbah/public_html/app/Controllers/Telegram.php(165): CodeIgniter\Database\BaseBuilder->countAllResults()
#5 /home/xkynpbah/public_html/app/Controllers/Telegram.php(124): App\Controllers\Telegram->askForResetConfirmation(6719727245, 6719727245, Object(stdClass), 'akashbabu', Object(stdClass))
#6 /home/xkynpbah/public_html/vendor/codeigniter4/framework/system/CodeIgniter.php(824): App\Controllers\Telegram->index()
#7 /home/xkynpbah/public_html/vendor/codeigniter4/framework/system/CodeIgniter.php(410): CodeIgniter\CodeIgniter->runController(Object(App\Controllers\Telegram))
#8 /home/xkynpbah/public_html/vendor/codeigniter4/framework/system/CodeIgniter.php(318): CodeIgniter\CodeIgniter->handleRequest(NULL, Object(Config\Cache), false)
#9 /home/xkynpbah/public_html/index.php(37): CodeIgniter\CodeIgniter->run()
#10 {main}
ERROR - 2026-07-27 08:05:21 --> Telegram controller called
ERROR - 2026-07-27 08:05:21 --> Table 'xkynpbah_titoo.telegram_premium' doesn't exist
CRITICAL - 2026-07-27 08:05:21 --> Table 'xkynpbah_titoo.telegram_premium' doesn't exist
#0 /home/xkynpbah/public_html/vendor/codeigniter4/framework/system/Database/MySQLi/Connection.php(292): mysqli->query('SELECT COUNT(*)...', 0)
#1 /home/xkynpbah/public_html/vendor/codeigniter4/framework/system/Database/BaseConnection.php(670): CodeIgniter\Database\MySQLi\Connection->execute('SELECT COUNT(*)...')
#2 /home/xkynpbah/public_html/vendor/codeigniter4/framework/system/Database/BaseConnection.php(598): CodeIgniter\Database\BaseConnection->simpleQuery('SELECT COUNT(*)...')
#3 /home/xkynpbah/public_html/vendor/codeigniter4/framework/system/Database/BaseBuilder.php(1527): CodeIgniter\Database\BaseConnection->query('SELECT COUNT(*)...', Array, false)
#4 /home/xkynpbah/public_html/app/Controllers/Telegram.php(165): CodeIgniter\Database\BaseBuilder->countAllResults()
#5 /home/xkynpbah/public_html/app/Controllers/Telegram.php(124): App\Controllers\Telegram->askForResetConfirmation(6719727245, 6719727245, Object(stdClass), 'akashbabu', Object(stdClass))
#6 /home/xkynpbah/public_html/vendor/codeigniter4/framework/system/CodeIgniter.php(824): App\Controllers\Telegram->index()
#7 /home/xkynpbah/public_html/vendor/codeigniter4/framework/system/CodeIgniter.php(410): CodeIgniter\CodeIgniter->runController(Object(App\Controllers\Telegram))
#8 /home/xkynpbah/public_html/vendor/codeigniter4/framework/system/CodeIgniter.php(318): CodeIgniter\CodeIgniter->handleRequest(NULL, Object(Config\Cache), false)
#9 /home/xkynpbah/public_html/index.php(37): CodeIgniter\CodeIgniter->run()
#10 {main}
ERROR - 2026-07-27 08:07:09 --> Telegram controller called
ERROR - 2026-07-27 08:07:09 --> Table 'xkynpbah_titoo.telegram_premium' doesn't exist
CRITICAL - 2026-07-27 08:07:09 --> Table 'xkynpbah_titoo.telegram_premium' doesn't exist
#0 /home/xkynpbah/public_html/vendor/codeigniter4/framework/system/Database/MySQLi/Connection.php(292): mysqli->query('SELECT COUNT(*)...', 0)
#1 /home/xkynpbah/public_html/vendor/codeigniter4/framework/system/Database/BaseConnection.php(670): CodeIgniter\Database\MySQLi\Connection->execute('SELECT COUNT(*)...')
#2 /home/xkynpbah/public_html/vendor/codeigniter4/framework/system/Database/BaseConnection.php(598): CodeIgniter\Database\BaseConnection->simpleQuery('SELECT COUNT(*)...')
#3 /home/xkynpbah/public_html/vendor/codeigniter4/framework/system/Database/BaseBuilder.php(1527): CodeIgniter\Database\BaseConnection->query('SELECT COUNT(*)...', Array, false)
#4 /home/xkynpbah/public_html/app/Controllers/Telegram.php(165): CodeIgniter\Database\BaseBuilder->countAllResults()
#5 /home/xkynpbah/public_html/app/Controllers/Telegram.php(124): App\Controllers\Telegram->askForResetConfirmation(6719727245, 6719727245, Object(stdClass), 'akashbabu', Object(stdClass))
#6 /home/xkynpbah/public_html/vendor/codeigniter4/framework/system/CodeIgniter.php(824): App\Controllers\Telegram->index()
#7 /home/xkynpbah/public_html/vendor/codeigniter4/framework/system/CodeIgniter.php(410): CodeIgniter\CodeIgniter->runController(Object(App\Controllers\Telegram))
#8 /home/xkynpbah/public_html/vendor/codeigniter4/framework/system/CodeIgniter.php(318): CodeIgniter\CodeIgniter->handleRequest(NULL, Object(Config\Cache), false)
#9 /home/xkynpbah/public_html/index.php(37): CodeIgniter\CodeIgniter->run()
#10 {main}
ERROR - 2026-07-27 08:08:23 --> Telegram controller called
ERROR - 2026-07-27 08:08:23 --> Table 'xkynpbah_titoo.telegram_premium' doesn't exist
CRITICAL - 2026-07-27 08:08:23 --> Table 'xkynpbah_titoo.telegram_premium' doesn't exist
#0 /home/xkynpbah/public_html/vendor/codeigniter4/framework/system/Database/MySQLi/Connection.php(292): mysqli->query('SELECT COUNT(*)...', 0)
#1 /home/xkynpbah/public_html/vendor/codeigniter4/framework/system/Database/BaseConnection.php(670): CodeIgniter\Database\MySQLi\Connection->execute('SELECT COUNT(*)...')
#2 /home/xkynpbah/public_html/vendor/codeigniter4/framework/system/Database/BaseConnection.php(598): CodeIgniter\Database\BaseConnection->simpleQuery('SELECT COUNT(*)...')
#3 /home/xkynpbah/public_html/vendor/codeigniter4/framework/system/Database/BaseBuilder.php(1527): CodeIgniter\Database\BaseConnection->query('SELECT COUNT(*)...', Array, false)
#4 /home/xkynpbah/public_html/app/Controllers/Telegram.php(165): CodeIgniter\Database\BaseBuilder->countAllResults()
#5 /home/xkynpbah/public_html/app/Controllers/Telegram.php(124): App\Controllers\Telegram->askForResetConfirmation(6719727245, 6719727245, Object(stdClass), 'akashbabu', Object(stdClass))
#6 /home/xkynpbah/public_html/vendor/codeigniter4/framework/system/CodeIgniter.php(824): App\Controllers\Telegram->index()
#7 /home/xkynpbah/public_html/vendor/codeigniter4/framework/system/CodeIgniter.php(410): CodeIgniter\CodeIgniter->runController(Object(App\Controllers\Telegram))
#8 /home/xkynpbah/public_html/vendor/codeigniter4/framework/system/CodeIgniter.php(318): CodeIgniter\CodeIgniter->handleRequest(NULL, Object(Config\Cache), false)
#9 /home/xkynpbah/public_html/index.php(37): CodeIgniter\CodeIgniter->run()
#10 {main}
ERROR - 2026-07-27 08:10:17 --> Telegram controller called
ERROR - 2026-07-27 08:10:17 --> Table 'xkynpbah_titoo.telegram_premium' doesn't exist
CRITICAL - 2026-07-27 08:10:17 --> Table 'xkynpbah_titoo.telegram_premium' doesn't exist
#0 /home/xkynpbah/public_html/vendor/codeigniter4/framework/system/Database/MySQLi/Connection.php(292): mysqli->query('SELECT COUNT(*)...', 0)
#1 /home/xkynpbah/public_html/vendor/codeigniter4/framework/system/Database/BaseConnection.php(670): CodeIgniter\Database\MySQLi\Connection->execute('SELECT COUNT(*)...')
#2 /home/xkynpbah/public_html/vendor/codeigniter4/framework/system/Database/BaseConnection.php(598): CodeIgniter\Database\BaseConnection->simpleQuery('SELECT COUNT(*)...')
#3 /home/xkynpbah/public_html/vendor/codeigniter4/framework/system/Database/BaseBuilder.php(1527): CodeIgniter\Database\BaseConnection->query('SELECT COUNT(*)...', Array, false)
#4 /home/xkynpbah/public_html/app/Controllers/Telegram.php(165): CodeIgniter\Database\BaseBuilder->countAllResults()
#5 /home/xkynpbah/public_html/app/Controllers/Telegram.php(124): App\Controllers\Telegram->askForResetConfirmation(6719727245, 6719727245, Object(stdClass), 'akashbabu', Object(stdClass))
#6 /home/xkynpbah/public_html/vendor/codeigniter4/framework/system/CodeIgniter.php(824): App\Controllers\Telegram->index()
#7 /home/xkynpbah/public_html/vendor/codeigniter4/framework/system/CodeIgniter.php(410): CodeIgniter\CodeIgniter->runController(Object(App\Controllers\Telegram))
#8 /home/xkynpbah/public_html/vendor/codeigniter4/framework/system/CodeIgniter.php(318): CodeIgniter\CodeIgniter->handleRequest(NULL, Object(Config\Cache), false)
#9 /home/xkynpbah/public_html/index.php(37): CodeIgniter\CodeIgniter->run()
#10 {main}
ERROR - 2026-07-27 08:12:00 --> Telegram controller called
ERROR - 2026-07-27 08:12:00 --> Table 'xkynpbah_titoo.telegram_premium' doesn't exist
CRITICAL - 2026-07-27 08:12:00 --> Table 'xkynpbah_titoo.telegram_premium' doesn't exist
#0 /home/xkynpbah/public_html/vendor/codeigniter4/framework/system/Database/MySQLi/Connection.php(292): mysqli->query('SELECT COUNT(*)...', 0)
#1 /home/xkynpbah/public_html/vendor/codeigniter4/framework/system/Database/BaseConnection.php(670): CodeIgniter\Database\MySQLi\Connection->execute('SELECT COUNT(*)...')
#2 /home/xkynpbah/public_html/vendor/codeigniter4/framework/system/Database/BaseConnection.php(598): CodeIgniter\Database\BaseConnection->simpleQuery('SELECT COUNT(*)...')
#3 /home/xkynpbah/public_html/vendor/codeigniter4/framework/system/Database/BaseBuilder.php(1527): CodeIgniter\Database\BaseConnection->query('SELECT COUNT(*)...', Array, false)
#4 /home/xkynpbah/public_html/app/Controllers/Telegram.php(165): CodeIgniter\Database\BaseBuilder->countAllResults()
#5 /home/xkynpbah/public_html/app/Controllers/Telegram.php(124): App\Controllers\Telegram->askForResetConfirmation(6719727245, 6719727245, Object(stdClass), 'akashbabu', Object(stdClass))
#6 /home/xkynpbah/public_html/vendor/codeigniter4/framework/system/CodeIgniter.php(824): App\Controllers\Telegram->index()
#7 /home/xkynpbah/public_html/vendor/codeigniter4/framework/system/CodeIgniter.php(410): CodeIgniter\CodeIgniter->runController(Object(App\Controllers\Telegram))
#8 /home/xkynpbah/public_html/vendor/codeigniter4/framework/system/CodeIgniter.php(318): CodeIgniter\CodeIgniter->handleRequest(NULL, Object(Config\Cache), false)
#9 /home/xkynpbah/public_html/index.php(37): CodeIgniter\CodeIgniter->run()
#10 {main}
ERROR - 2026-07-27 08:13:24 --> Telegram controller called
ERROR - 2026-07-27 08:13:24 --> Table 'xkynpbah_titoo.telegram_premium' doesn't exist
CRITICAL - 2026-07-27 08:13:24 --> Table 'xkynpbah_titoo.telegram_premium' doesn't exist
#0 /home/xkynpbah/public_html/vendor/codeigniter4/framework/system/Database/MySQLi/Connection.php(292): mysqli->query('SELECT COUNT(*)...', 0)
#1 /home/xkynpbah/public_html/vendor/codeigniter4/framework/system/Database/BaseConnection.php(670): CodeIgniter\Database\MySQLi\Connection->execute('SELECT COUNT(*)...')
#2 /home/xkynpbah/public_html/vendor/codeigniter4/framework/system/Database/BaseConnection.php(598): CodeIgniter\Database\BaseConnection->simpleQuery('SELECT COUNT(*)...')
#3 /home/xkynpbah/public_html/vendor/codeigniter4/framework/system/Database/BaseBuilder.php(1527): CodeIgniter\Database\BaseConnection->query('SELECT COUNT(*)...', Array, false)
#4 /home/xkynpbah/public_html/app/Controllers/Telegram.php(165): CodeIgniter\Database\BaseBuilder->countAllResults()
#5 /home/xkynpbah/public_html/app/Controllers/Telegram.php(124): App\Controllers\Telegram->askForResetConfirmation(6719727245, 6719727245, Object(stdClass), 'akashbabu', Object(stdClass))
#6 /home/xkynpbah/public_html/vendor/codeigniter4/framework/system/CodeIgniter.php(824): App\Controllers\Telegram->index()
#7 /home/xkynpbah/public_html/vendor/codeigniter4/framework/system/CodeIgniter.php(410): CodeIgniter\CodeIgniter->runController(Object(App\Controllers\Telegram))
#8 /home/xkynpbah/public_html/vendor/codeigniter4/framework/system/CodeIgniter.php(318): CodeIgniter\CodeIgniter->handleRequest(NULL, Object(Config\Cache), false)
#9 /home/xkynpbah/public_html/index.php(37): CodeIgniter\CodeIgniter->run()
#10 {main}
ERROR - 2026-07-27 08:14:51 --> Telegram controller called
ERROR - 2026-07-27 08:14:51 --> Table 'xkynpbah_titoo.telegram_premium' doesn't exist
CRITICAL - 2026-07-27 08:14:51 --> Table 'xkynpbah_titoo.telegram_premium' doesn't exist
#0 /home/xkynpbah/public_html/vendor/codeigniter4/framework/system/Database/MySQLi/Connection.php(292): mysqli->query('SELECT COUNT(*)...', 0)
#1 /home/xkynpbah/public_html/vendor/codeigniter4/framework/system/Database/BaseConnection.php(670): CodeIgniter\Database\MySQLi\Connection->execute('SELECT COUNT(*)...')
#2 /home/xkynpbah/public_html/vendor/codeigniter4/framework/system/Database/BaseConnection.php(598): CodeIgniter\Database\BaseConnection->simpleQuery('SELECT COUNT(*)...')
#3 /home/xkynpbah/public_html/vendor/codeigniter4/framework/system/Database/BaseBuilder.php(1527): CodeIgniter\Database\BaseConnection->query('SELECT COUNT(*)...', Array, false)
#4 /home/xkynpbah/public_html/app/Controllers/Telegram.php(165): CodeIgniter\Database\BaseBuilder->countAllResults()
#5 /home/xkynpbah/public_html/app/Controllers/Telegram.php(124): App\Controllers\Telegram->askForResetConfirmation(6719727245, 6719727245, Object(stdClass), 'akashbabu', Object(stdClass))
#6 /home/xkynpbah/public_html/vendor/codeigniter4/framework/system/CodeIgniter.php(824): App\Controllers\Telegram->index()
#7 /home/xkynpbah/public_html/vendor/codeigniter4/framework/system/CodeIgniter.php(410): CodeIgniter\CodeIgniter->runController(Object(App\Controllers\Telegram))
#8 /home/xkynpbah/public_html/vendor/codeigniter4/framework/system/CodeIgniter.php(318): CodeIgniter\CodeIgniter->handleRequest(NULL, Object(Config\Cache), false)
#9 /home/xkynpbah/public_html/index.php(37): CodeIgniter\CodeIgniter->run()
#10 {main}
ERROR - 2026-07-27 08:16:29 --> Telegram controller called
ERROR - 2026-07-27 08:16:29 --> Table 'xkynpbah_titoo.telegram_premium' doesn't exist
CRITICAL - 2026-07-27 08:16:29 --> Table 'xkynpbah_titoo.telegram_premium' doesn't exist
#0 /home/xkynpbah/public_html/vendor/codeigniter4/framework/system/Database/MySQLi/Connection.php(292): mysqli->query('SELECT COUNT(*)...', 0)
#1 /home/xkynpbah/public_html/vendor/codeigniter4/framework/system/Database/BaseConnection.php(670): CodeIgniter\Database\MySQLi\Connection->execute('SELECT COUNT(*)...')
#2 /home/xkynpbah/public_html/vendor/codeigniter4/framework/system/Database/BaseConnection.php(598): CodeIgniter\Database\BaseConnection->simpleQuery('SELECT COUNT(*)...')
#3 /home/xkynpbah/public_html/vendor/codeigniter4/framework/system/Database/BaseBuilder.php(1527): CodeIgniter\Database\BaseConnection->query('SELECT COUNT(*)...', Array, false)
#4 /home/xkynpbah/public_html/app/Controllers/Telegram.php(165): CodeIgniter\Database\BaseBuilder->countAllResults()
#5 /home/xkynpbah/public_html/app/Controllers/Telegram.php(124): App\Controllers\Telegram->askForResetConfirmation(6719727245, 6719727245, Object(stdClass), 'akashbabu', Object(stdClass))
#6 /home/xkynpbah/public_html/vendor/codeigniter4/framework/system/CodeIgniter.php(824): App\Controllers\Telegram->index()
#7 /home/xkynpbah/public_html/vendor/codeigniter4/framework/system/CodeIgniter.php(410): CodeIgniter\CodeIgniter->runController(Object(App\Controllers\Telegram))
#8 /home/xkynpbah/public_html/vendor/codeigniter4/framework/system/CodeIgniter.php(318): CodeIgniter\CodeIgniter->handleRequest(NULL, Object(Config\Cache), false)
#9 /home/xkynpbah/public_html/index.php(37): CodeIgniter\CodeIgniter->run()
#10 {main}
ERROR - 2026-07-27 08:17:51 --> Telegram controller called
ERROR - 2026-07-27 08:17:51 --> Table 'xkynpbah_titoo.telegram_premium' doesn't exist
CRITICAL - 2026-07-27 08:17:51 --> Table 'xkynpbah_titoo.telegram_premium' doesn't exist
#0 /home/xkynpbah/public_html/vendor/codeigniter4/framework/system/Database/MySQLi/Connection.php(292): mysqli->query('SELECT COUNT(*)...', 0)
#1 /home/xkynpbah/public_html/vendor/codeigniter4/framework/system/Database/BaseConnection.php(670): CodeIgniter\Database\MySQLi\Connection->execute('SELECT COUNT(*)...')
#2 /home/xkynpbah/public_html/vendor/codeigniter4/framework/system/Database/BaseConnection.php(598): CodeIgniter\Database\BaseConnection->simpleQuery('SELECT COUNT(*)...')
#3 /home/xkynpbah/public_html/vendor/codeigniter4/framework/system/Database/BaseBuilder.php(1527): CodeIgniter\Database\BaseConnection->query('SELECT COUNT(*)...', Array, false)
#4 /home/xkynpbah/public_html/app/Controllers/Telegram.php(165): CodeIgniter\Database\BaseBuilder->countAllResults()
#5 /home/xkynpbah/public_html/app/Controllers/Telegram.php(124): App\Controllers\Telegram->askForResetConfirmation(6719727245, 6719727245, Object(stdClass), 'akashbabu', Object(stdClass))
#6 /home/xkynpbah/public_html/vendor/codeigniter4/framework/system/CodeIgniter.php(824): App\Controllers\Telegram->index()
#7 /home/xkynpbah/public_html/vendor/codeigniter4/framework/system/CodeIgniter.php(410): CodeIgniter\CodeIgniter->runController(Object(App\Controllers\Telegram))
#8 /home/xkynpbah/public_html/vendor/codeigniter4/framework/system/CodeIgniter.php(318): CodeIgniter\CodeIgniter->handleRequest(NULL, Object(Config\Cache), false)
#9 /home/xkynpbah/public_html/index.php(37): CodeIgniter\CodeIgniter->run()
#10 {main}
ERROR - 2026-07-27 08:18:52 --> Telegram controller called
ERROR - 2026-07-27 08:18:52 --> Table 'xkynpbah_titoo.telegram_premium' doesn't exist
CRITICAL - 2026-07-27 08:18:52 --> Table 'xkynpbah_titoo.telegram_premium' doesn't exist
#0 /home/xkynpbah/public_html/vendor/codeigniter4/framework/system/Database/MySQLi/Connection.php(292): mysqli->query('SELECT COUNT(*)...', 0)
#1 /home/xkynpbah/public_html/vendor/codeigniter4/framework/system/Database/BaseConnection.php(670): CodeIgniter\Database\MySQLi\Connection->execute('SELECT COUNT(*)...')
#2 /home/xkynpbah/public_html/vendor/codeigniter4/framework/system/Database/BaseConnection.php(598): CodeIgniter\Database\BaseConnection->simpleQuery('SELECT COUNT(*)...')
#3 /home/xkynpbah/public_html/vendor/codeigniter4/framework/system/Database/BaseBuilder.php(1527): CodeIgniter\Database\BaseConnection->query('SELECT COUNT(*)...', Array, false)
#4 /home/xkynpbah/public_html/app/Controllers/Telegram.php(165): CodeIgniter\Database\BaseBuilder->countAllResults()
#5 /home/xkynpbah/public_html/app/Controllers/Telegram.php(124): App\Controllers\Telegram->askForResetConfirmation(6719727245, 6719727245, Object(stdClass), 'akashbabu', Object(stdClass))
#6 /home/xkynpbah/public_html/vendor/codeigniter4/framework/system/CodeIgniter.php(824): App\Controllers\Telegram->index()
#7 /home/xkynpbah/public_html/vendor/codeigniter4/framework/system/CodeIgniter.php(410): CodeIgniter\CodeIgniter->runController(Object(App\Controllers\Telegram))
#8 /home/xkynpbah/public_html/vendor/codeigniter4/framework/system/CodeIgniter.php(318): CodeIgniter\CodeIgniter->handleRequest(NULL, Object(Config\Cache), false)
#9 /home/xkynpbah/public_html/index.php(37): CodeIgniter\CodeIgniter->run()
#10 {main}
ERROR - 2026-07-27 08:20:17 --> Telegram controller called
ERROR - 2026-07-27 08:20:17 --> Table 'xkynpbah_titoo.telegram_premium' doesn't exist
CRITICAL - 2026-07-27 08:20:17 --> Table 'xkynpbah_titoo.telegram_premium' doesn't exist
#0 /home/xkynpbah/public_html/vendor/codeigniter4/framework/system/Database/MySQLi/Connection.php(292): mysqli->query('SELECT COUNT(*)...', 0)
#1 /home/xkynpbah/public_html/vendor/codeigniter4/framework/system/Database/BaseConnection.php(670): CodeIgniter\Database\MySQLi\Connection->execute('SELECT COUNT(*)...')
#2 /home/xkynpbah/public_html/vendor/codeigniter4/framework/system/Database/BaseConnection.php(598): CodeIgniter\Database\BaseConnection->simpleQuery('SELECT COUNT(*)...')
#3 /home/xkynpbah/public_html/vendor/codeigniter4/framework/system/Database/BaseBuilder.php(1527): CodeIgniter\Database\BaseConnection->query('SELECT COUNT(*)...', Array, false)
#4 /home/xkynpbah/public_html/app/Controllers/Telegram.php(165): CodeIgniter\Database\BaseBuilder->countAllResults()
#5 /home/xkynpbah/public_html/app/Controllers/Telegram.php(124): App\Controllers\Telegram->askForResetConfirmation(6719727245, 6719727245, Object(stdClass), 'akashbabu', Object(stdClass))
#6 /home/xkynpbah/public_html/vendor/codeigniter4/framework/system/CodeIgniter.php(824): App\Controllers\Telegram->index()
#7 /home/xkynpbah/public_html/vendor/codeigniter4/framework/system/CodeIgniter.php(410): CodeIgniter\CodeIgniter->runController(Object(App\Controllers\Telegram))
#8 /home/xkynpbah/public_html/vendor/codeigniter4/framework/system/CodeIgniter.php(318): CodeIgniter\CodeIgniter->handleRequest(NULL, Object(Config\Cache), false)
#9 /home/xkynpbah/public_html/index.php(37): CodeIgniter\CodeIgniter->run()
#10 {main}
ERROR - 2026-07-27 08:21:51 --> Telegram controller called
ERROR - 2026-07-27 08:21:51 --> Table 'xkynpbah_titoo.telegram_premium' doesn't exist
CRITICAL - 2026-07-27 08:21:51 --> Table 'xkynpbah_titoo.telegram_premium' doesn't exist
#0 /home/xkynpbah/public_html/vendor/codeigniter4/framework/system/Database/MySQLi/Connection.php(292): mysqli->query('SELECT COUNT(*)...', 0)
#1 /home/xkynpbah/public_html/vendor/codeigniter4/framework/system/Database/BaseConnection.php(670): CodeIgniter\Database\MySQLi\Connection->execute('SELECT COUNT(*)...')
#2 /home/xkynpbah/public_html/vendor/codeigniter4/framework/system/Database/BaseConnection.php(598): CodeIgniter\Database\BaseConnection->simpleQuery('SELECT COUNT(*)...')
#3 /home/xkynpbah/public_html/vendor/codeigniter4/framework/system/Database/BaseBuilder.php(1527): CodeIgniter\Database\BaseConnection->query('SELECT COUNT(*)...', Array, false)
#4 /home/xkynpbah/public_html/app/Controllers/Telegram.php(165): CodeIgniter\Database\BaseBuilder->countAllResults()
#5 /home/xkynpbah/public_html/app/Controllers/Telegram.php(124): App\Controllers\Telegram->askForResetConfirmation(6719727245, 6719727245, Object(stdClass), 'akashbabu', Object(stdClass))
#6 /home/xkynpbah/public_html/vendor/codeigniter4/framework/system/CodeIgniter.php(824): App\Controllers\Telegram->index()
#7 /home/xkynpbah/public_html/vendor/codeigniter4/framework/system/CodeIgniter.php(410): CodeIgniter\CodeIgniter->runController(Object(App\Controllers\Telegram))
#8 /home/xkynpbah/public_html/vendor/codeigniter4/framework/system/CodeIgniter.php(318): CodeIgniter\CodeIgniter->handleRequest(NULL, Object(Config\Cache), false)
#9 /home/xkynpbah/public_html/index.php(37): CodeIgniter\CodeIgniter->run()
#10 {main}
ERROR - 2026-07-27 08:23:27 --> Telegram controller called
ERROR - 2026-07-27 08:23:27 --> Table 'xkynpbah_titoo.telegram_premium' doesn't exist
CRITICAL - 2026-07-27 08:23:27 --> Table 'xkynpbah_titoo.telegram_premium' doesn't exist
#0 /home/xkynpbah/public_html/vendor/codeigniter4/framework/system/Database/MySQLi/Connection.php(292): mysqli->query('SELECT COUNT(*)...', 0)
#1 /home/xkynpbah/public_html/vendor/codeigniter4/framework/system/Database/BaseConnection.php(670): CodeIgniter\Database\MySQLi\Connection->execute('SELECT COUNT(*)...')
#2 /home/xkynpbah/public_html/vendor/codeigniter4/framework/system/Database/BaseConnection.php(598): CodeIgniter\Database\BaseConnection->simpleQuery('SELECT COUNT(*)...')
#3 /home/xkynpbah/public_html/vendor/codeigniter4/framework/system/Database/BaseBuilder.php(1527): CodeIgniter\Database\BaseConnection->query('SELECT COUNT(*)...', Array, false)
#4 /home/xkynpbah/public_html/app/Controllers/Telegram.php(165): CodeIgniter\Database\BaseBuilder->countAllResults()
#5 /home/xkynpbah/public_html/app/Controllers/Telegram.php(124): App\Controllers\Telegram->askForResetConfirmation(6719727245, 6719727245, Object(stdClass), 'akashbabu', Object(stdClass))
#6 /home/xkynpbah/public_html/vendor/codeigniter4/framework/system/CodeIgniter.php(824): App\Controllers\Telegram->index()
#7 /home/xkynpbah/public_html/vendor/codeigniter4/framework/system/CodeIgniter.php(410): CodeIgniter\CodeIgniter->runController(Object(App\Controllers\Telegram))
#8 /home/xkynpbah/public_html/vendor/codeigniter4/framework/system/CodeIgniter.php(318): CodeIgniter\CodeIgniter->handleRequest(NULL, Object(Config\Cache), false)
#9 /home/xkynpbah/public_html/index.php(37): CodeIgniter\CodeIgniter->run()
#10 {main}
ERROR - 2026-07-27 08:24:57 --> Telegram controller called
ERROR - 2026-07-27 08:24:57 --> Table 'xkynpbah_titoo.telegram_premium' doesn't exist
CRITICAL - 2026-07-27 08:24:57 --> Table 'xkynpbah_titoo.telegram_premium' doesn't exist
#0 /home/xkynpbah/public_html/vendor/codeigniter4/framework/system/Database/MySQLi/Connection.php(292): mysqli->query('SELECT COUNT(*)...', 0)
#1 /home/xkynpbah/public_html/vendor/codeigniter4/framework/system/Database/BaseConnection.php(670): CodeIgniter\Database\MySQLi\Connection->execute('SELECT COUNT(*)...')
#2 /home/xkynpbah/public_html/vendor/codeigniter4/framework/system/Database/BaseConnection.php(598): CodeIgniter\Database\BaseConnection->simpleQuery('SELECT COUNT(*)...')
#3 /home/xkynpbah/public_html/vendor/codeigniter4/framework/system/Database/BaseBuilder.php(1527): CodeIgniter\Database\BaseConnection->query('SELECT COUNT(*)...', Array, false)
#4 /home/xkynpbah/public_html/app/Controllers/Telegram.php(165): CodeIgniter\Database\BaseBuilder->countAllResults()
#5 /home/xkynpbah/public_html/app/Controllers/Telegram.php(124): App\Controllers\Telegram->askForResetConfirmation(6719727245, 6719727245, Object(stdClass), 'akashbabu', Object(stdClass))
#6 /home/xkynpbah/public_html/vendor/codeigniter4/framework/system/CodeIgniter.php(824): App\Controllers\Telegram->index()
#7 /home/xkynpbah/public_html/vendor/codeigniter4/framework/system/CodeIgniter.php(410): CodeIgniter\CodeIgniter->runController(Object(App\Controllers\Telegram))
#8 /home/xkynpbah/public_html/vendor/codeigniter4/framework/system/CodeIgniter.php(318): CodeIgniter\CodeIgniter->handleRequest(NULL, Object(Config\Cache), false)
#9 /home/xkynpbah/public_html/index.php(37): CodeIgniter\CodeIgniter->run()
#10 {main}
ERROR - 2026-07-27 08:26:07 --> Telegram controller called
ERROR - 2026-07-27 08:26:07 --> Table 'xkynpbah_titoo.telegram_premium' doesn't exist
CRITICAL - 2026-07-27 08:26:07 --> Table 'xkynpbah_titoo.telegram_premium' doesn't exist
#0 /home/xkynpbah/public_html/vendor/codeigniter4/framework/system/Database/MySQLi/Connection.php(292): mysqli->query('SELECT COUNT(*)...', 0)
#1 /home/xkynpbah/public_html/vendor/codeigniter4/framework/system/Database/BaseConnection.php(670): CodeIgniter\Database\MySQLi\Connection->execute('SELECT COUNT(*)...')
#2 /home/xkynpbah/public_html/vendor/codeigniter4/framework/system/Database/BaseConnection.php(598): CodeIgniter\Database\BaseConnection->simpleQuery('SELECT COUNT(*)...')
#3 /home/xkynpbah/public_html/vendor/codeigniter4/framework/system/Database/BaseBuilder.php(1527): CodeIgniter\Database\BaseConnection->query('SELECT COUNT(*)...', Array, false)
#4 /home/xkynpbah/public_html/app/Controllers/Telegram.php(165): CodeIgniter\Database\BaseBuilder->countAllResults()
#5 /home/xkynpbah/public_html/app/Controllers/Telegram.php(124): App\Controllers\Telegram->askForResetConfirmation(6719727245, 6719727245, Object(stdClass), 'akashbabu', Object(stdClass))
#6 /home/xkynpbah/public_html/vendor/codeigniter4/framework/system/CodeIgniter.php(824): App\Controllers\Telegram->index()
#7 /home/xkynpbah/public_html/vendor/codeigniter4/framework/system/CodeIgniter.php(410): CodeIgniter\CodeIgniter->runController(Object(App\Controllers\Telegram))
#8 /home/xkynpbah/public_html/vendor/codeigniter4/framework/system/CodeIgniter.php(318): CodeIgniter\CodeIgniter->handleRequest(NULL, Object(Config\Cache), false)
#9 /home/xkynpbah/public_html/index.php(37): CodeIgniter\CodeIgniter->run()
#10 {main}
ERROR - 2026-07-27 08:27:08 --> Telegram controller called
ERROR - 2026-07-27 08:27:08 --> Table 'xkynpbah_titoo.telegram_premium' doesn't exist
CRITICAL - 2026-07-27 08:27:08 --> Table 'xkynpbah_titoo.telegram_premium' doesn't exist
#0 /home/xkynpbah/public_html/vendor/codeigniter4/framework/system/Database/MySQLi/Connection.php(292): mysqli->query('SELECT COUNT(*)...', 0)
#1 /home/xkynpbah/public_html/vendor/codeigniter4/framework/system/Database/BaseConnection.php(670): CodeIgniter\Database\MySQLi\Connection->execute('SELECT COUNT(*)...')
#2 /home/xkynpbah/public_html/vendor/codeigniter4/framework/system/Database/BaseConnection.php(598): CodeIgniter\Database\BaseConnection->simpleQuery('SELECT COUNT(*)...')
#3 /home/xkynpbah/public_html/vendor/codeigniter4/framework/system/Database/BaseBuilder.php(1527): CodeIgniter\Database\BaseConnection->query('SELECT COUNT(*)...', Array, false)
#4 /home/xkynpbah/public_html/app/Controllers/Telegram.php(165): CodeIgniter\Database\BaseBuilder->countAllResults()
#5 /home/xkynpbah/public_html/app/Controllers/Telegram.php(124): App\Controllers\Telegram->askForResetConfirmation(6719727245, 6719727245, Object(stdClass), 'akashbabu', Object(stdClass))
#6 /home/xkynpbah/public_html/vendor/codeigniter4/framework/system/CodeIgniter.php(824): App\Controllers\Telegram->index()
#7 /home/xkynpbah/public_html/vendor/codeigniter4/framework/system/CodeIgniter.php(410): CodeIgniter\CodeIgniter->runController(Object(App\Controllers\Telegram))
#8 /home/xkynpbah/public_html/vendor/codeigniter4/framework/system/CodeIgniter.php(318): CodeIgniter\CodeIgniter->handleRequest(NULL, Object(Config\Cache), false)
#9 /home/xkynpbah/public_html/index.php(37): CodeIgniter\CodeIgniter->run()
#10 {main}
ERROR - 2026-07-27 08:29:05 --> Telegram controller called
ERROR - 2026-07-27 08:29:05 --> Table 'xkynpbah_titoo.telegram_premium' doesn't exist
CRITICAL - 2026-07-27 08:29:05 --> Table 'xkynpbah_titoo.telegram_premium' doesn't exist
#0 /home/xkynpbah/public_html/vendor/codeigniter4/framework/system/Database/MySQLi/Connection.php(292): mysqli->query('SELECT COUNT(*)...', 0)
#1 /home/xkynpbah/public_html/vendor/codeigniter4/framework/system/Database/BaseConnection.php(670): CodeIgniter\Database\MySQLi\Connection->execute('SELECT COUNT(*)...')
#2 /home/xkynpbah/public_html/vendor/codeigniter4/framework/system/Database/BaseConnection.php(598): CodeIgniter\Database\BaseConnection->simpleQuery('SELECT COUNT(*)...')
#3 /home/xkynpbah/public_html/vendor/codeigniter4/framework/system/Database/BaseBuilder.php(1527): CodeIgniter\Database\BaseConnection->query('SELECT COUNT(*)...', Array, false)
#4 /home/xkynpbah/public_html/app/Controllers/Telegram.php(165): CodeIgniter\Database\BaseBuilder->countAllResults()
#5 /home/xkynpbah/public_html/app/Controllers/Telegram.php(124): App\Controllers\Telegram->askForResetConfirmation(6719727245, 6719727245, Object(stdClass), 'akashbabu', Object(stdClass))
#6 /home/xkynpbah/public_html/vendor/codeigniter4/framework/system/CodeIgniter.php(824): App\Controllers\Telegram->index()
#7 /home/xkynpbah/public_html/vendor/codeigniter4/framework/system/CodeIgniter.php(410): CodeIgniter\CodeIgniter->runController(Object(App\Controllers\Telegram))
#8 /home/xkynpbah/public_html/vendor/codeigniter4/framework/system/CodeIgniter.php(318): CodeIgniter\CodeIgniter->handleRequest(NULL, Object(Config\Cache), false)
#9 /home/xkynpbah/public_html/index.php(37): CodeIgniter\CodeIgniter->run()
#10 {main}
ERROR - 2026-07-27 08:31:04 --> Telegram controller called
ERROR - 2026-07-27 08:31:04 --> Table 'xkynpbah_titoo.telegram_premium' doesn't exist
CRITICAL - 2026-07-27 08:31:04 --> Table 'xkynpbah_titoo.telegram_premium' doesn't exist
#0 /home/xkynpbah/public_html/vendor/codeigniter4/framework/system/Database/MySQLi/Connection.php(292): mysqli->query('SELECT COUNT(*)...', 0)
#1 /home/xkynpbah/public_html/vendor/codeigniter4/framework/system/Database/BaseConnection.php(670): CodeIgniter\Database\MySQLi\Connection->execute('SELECT COUNT(*)...')
#2 /home/xkynpbah/public_html/vendor/codeigniter4/framework/system/Database/BaseConnection.php(598): CodeIgniter\Database\BaseConnection->simpleQuery('SELECT COUNT(*)...')
#3 /home/xkynpbah/public_html/vendor/codeigniter4/framework/system/Database/BaseBuilder.php(1527): CodeIgniter\Database\BaseConnection->query('SELECT COUNT(*)...', Array, false)
#4 /home/xkynpbah/public_html/app/Controllers/Telegram.php(165): CodeIgniter\Database\BaseBuilder->countAllResults()
#5 /home/xkynpbah/public_html/app/Controllers/Telegram.php(124): App\Controllers\Telegram->askForResetConfirmation(6719727245, 6719727245, Object(stdClass), 'akashbabu', Object(stdClass))
#6 /home/xkynpbah/public_html/vendor/codeigniter4/framework/system/CodeIgniter.php(824): App\Controllers\Telegram->index()
#7 /home/xkynpbah/public_html/vendor/codeigniter4/framework/system/CodeIgniter.php(410): CodeIgniter\CodeIgniter->runController(Object(App\Controllers\Telegram))
#8 /home/xkynpbah/public_html/vendor/codeigniter4/framework/system/CodeIgniter.php(318): CodeIgniter\CodeIgniter->handleRequest(NULL, Object(Config\Cache), false)
#9 /home/xkynpbah/public_html/index.php(37): CodeIgniter\CodeIgniter->run()
#10 {main}
ERROR - 2026-07-27 08:32:30 --> Telegram controller called
ERROR - 2026-07-27 08:32:30 --> Table 'xkynpbah_titoo.telegram_premium' doesn't exist
CRITICAL - 2026-07-27 08:32:30 --> Table 'xkynpbah_titoo.telegram_premium' doesn't exist
#0 /home/xkynpbah/public_html/vendor/codeigniter4/framework/system/Database/MySQLi/Connection.php(292): mysqli->query('SELECT COUNT(*)...', 0)
#1 /home/xkynpbah/public_html/vendor/codeigniter4/framework/system/Database/BaseConnection.php(670): CodeIgniter\Database\MySQLi\Connection->execute('SELECT COUNT(*)...')
#2 /home/xkynpbah/public_html/vendor/codeigniter4/framework/system/Database/BaseConnection.php(598): CodeIgniter\Database\BaseConnection->simpleQuery('SELECT COUNT(*)...')
#3 /home/xkynpbah/public_html/vendor/codeigniter4/framework/system/Database/BaseBuilder.php(1527): CodeIgniter\Database\BaseConnection->query('SELECT COUNT(*)...', Array, false)
#4 /home/xkynpbah/public_html/app/Controllers/Telegram.php(165): CodeIgniter\Database\BaseBuilder->countAllResults()
#5 /home/xkynpbah/public_html/app/Controllers/Telegram.php(124): App\Controllers\Telegram->askForResetConfirmation(6719727245, 6719727245, Object(stdClass), 'akashbabu', Object(stdClass))
#6 /home/xkynpbah/public_html/vendor/codeigniter4/framework/system/CodeIgniter.php(824): App\Controllers\Telegram->index()
#7 /home/xkynpbah/public_html/vendor/codeigniter4/framework/system/CodeIgniter.php(410): CodeIgniter\CodeIgniter->runController(Object(App\Controllers\Telegram))
#8 /home/xkynpbah/public_html/vendor/codeigniter4/framework/system/CodeIgniter.php(318): CodeIgniter\CodeIgniter->handleRequest(NULL, Object(Config\Cache), false)
#9 /home/xkynpbah/public_html/index.php(37): CodeIgniter\CodeIgniter->run()
#10 {main}
ERROR - 2026-07-27 08:34:08 --> Telegram controller called
ERROR - 2026-07-27 08:34:08 --> Table 'xkynpbah_titoo.telegram_premium' doesn't exist
CRITICAL - 2026-07-27 08:34:08 --> Table 'xkynpbah_titoo.telegram_premium' doesn't exist
#0 /home/xkynpbah/public_html/vendor/codeigniter4/framework/system/Database/MySQLi/Connection.php(292): mysqli->query('SELECT COUNT(*)...', 0)
#1 /home/xkynpbah/public_html/vendor/codeigniter4/framework/system/Database/BaseConnection.php(670): CodeIgniter\Database\MySQLi\Connection->execute('SELECT COUNT(*)...')
#2 /home/xkynpbah/public_html/vendor/codeigniter4/framework/system/Database/BaseConnection.php(598): CodeIgniter\Database\BaseConnection->simpleQuery('SELECT COUNT(*)...')
#3 /home/xkynpbah/public_html/vendor/codeigniter4/framework/system/Database/BaseBuilder.php(1527): CodeIgniter\Database\BaseConnection->query('SELECT COUNT(*)...', Array, false)
#4 /home/xkynpbah/public_html/app/Controllers/Telegram.php(165): CodeIgniter\Database\BaseBuilder->countAllResults()
#5 /home/xkynpbah/public_html/app/Controllers/Telegram.php(124): App\Controllers\Telegram->askForResetConfirmation(6719727245, 6719727245, Object(stdClass), 'akashbabu', Object(stdClass))
#6 /home/xkynpbah/public_html/vendor/codeigniter4/framework/system/CodeIgniter.php(824): App\Controllers\Telegram->index()
#7 /home/xkynpbah/public_html/vendor/codeigniter4/framework/system/CodeIgniter.php(410): CodeIgniter\CodeIgniter->runController(Object(App\Controllers\Telegram))
#8 /home/xkynpbah/public_html/vendor/codeigniter4/framework/system/CodeIgniter.php(318): CodeIgniter\CodeIgniter->handleRequest(NULL, Object(Config\Cache), false)
#9 /home/xkynpbah/public_html/index.php(37): CodeIgniter\CodeIgniter->run()
#10 {main}
ERROR - 2026-07-27 08:35:38 --> Telegram controller called
ERROR - 2026-07-27 08:35:38 --> Table 'xkynpbah_titoo.telegram_premium' doesn't exist
CRITICAL - 2026-07-27 08:35:38 --> Table 'xkynpbah_titoo.telegram_premium' doesn't exist
#0 /home/xkynpbah/public_html/vendor/codeigniter4/framework/system/Database/MySQLi/Connection.php(292): mysqli->query('SELECT COUNT(*)...', 0)
#1 /home/xkynpbah/public_html/vendor/codeigniter4/framework/system/Database/BaseConnection.php(670): CodeIgniter\Database\MySQLi\Connection->execute('SELECT COUNT(*)...')
#2 /home/xkynpbah/public_html/vendor/codeigniter4/framework/system/Database/BaseConnection.php(598): CodeIgniter\Database\BaseConnection->simpleQuery('SELECT COUNT(*)...')
#3 /home/xkynpbah/public_html/vendor/codeigniter4/framework/system/Database/BaseBuilder.php(1527): CodeIgniter\Database\BaseConnection->query('SELECT COUNT(*)...', Array, false)
#4 /home/xkynpbah/public_html/app/Controllers/Telegram.php(165): CodeIgniter\Database\BaseBuilder->countAllResults()
#5 /home/xkynpbah/public_html/app/Controllers/Telegram.php(124): App\Controllers\Telegram->askForResetConfirmation(6719727245, 6719727245, Object(stdClass), 'akashbabu', Object(stdClass))
#6 /home/xkynpbah/public_html/vendor/codeigniter4/framework/system/CodeIgniter.php(824): App\Controllers\Telegram->index()
#7 /home/xkynpbah/public_html/vendor/codeigniter4/framework/system/CodeIgniter.php(410): CodeIgniter\CodeIgniter->runController(Object(App\Controllers\Telegram))
#8 /home/xkynpbah/public_html/vendor/codeigniter4/framework/system/CodeIgniter.php(318): CodeIgniter\CodeIgniter->handleRequest(NULL, Object(Config\Cache), false)
#9 /home/xkynpbah/public_html/index.php(37): CodeIgniter\CodeIgniter->run()
#10 {main}
ERROR - 2026-07-27 08:37:17 --> Telegram controller called
ERROR - 2026-07-27 08:37:17 --> Table 'xkynpbah_titoo.telegram_premium' doesn't exist
CRITICAL - 2026-07-27 08:37:17 --> Table 'xkynpbah_titoo.telegram_premium' doesn't exist
#0 /home/xkynpbah/public_html/vendor/codeigniter4/framework/system/Database/MySQLi/Connection.php(292): mysqli->query('SELECT COUNT(*)...', 0)
#1 /home/xkynpbah/public_html/vendor/codeigniter4/framework/system/Database/BaseConnection.php(670): CodeIgniter\Database\MySQLi\Connection->execute('SELECT COUNT(*)...')
#2 /home/xkynpbah/public_html/vendor/codeigniter4/framework/system/Database/BaseConnection.php(598): CodeIgniter\Database\BaseConnection->simpleQuery('SELECT COUNT(*)...')
#3 /home/xkynpbah/public_html/vendor/codeigniter4/framework/system/Database/BaseBuilder.php(1527): CodeIgniter\Database\BaseConnection->query('SELECT COUNT(*)...', Array, false)
#4 /home/xkynpbah/public_html/app/Controllers/Telegram.php(165): CodeIgniter\Database\BaseBuilder->countAllResults()
#5 /home/xkynpbah/public_html/app/Controllers/Telegram.php(124): App\Controllers\Telegram->askForResetConfirmation(6719727245, 6719727245, Object(stdClass), 'akashbabu', Object(stdClass))
#6 /home/xkynpbah/public_html/vendor/codeigniter4/framework/system/CodeIgniter.php(824): App\Controllers\Telegram->index()
#7 /home/xkynpbah/public_html/vendor/codeigniter4/framework/system/CodeIgniter.php(410): CodeIgniter\CodeIgniter->runController(Object(App\Controllers\Telegram))
#8 /home/xkynpbah/public_html/vendor/codeigniter4/framework/system/CodeIgniter.php(318): CodeIgniter\CodeIgniter->handleRequest(NULL, Object(Config\Cache), false)
#9 /home/xkynpbah/public_html/index.php(37): CodeIgniter\CodeIgniter->run()
#10 {main}
ERROR - 2026-07-27 08:38:27 --> Telegram controller called
ERROR - 2026-07-27 08:38:27 --> Table 'xkynpbah_titoo.telegram_premium' doesn't exist
CRITICAL - 2026-07-27 08:38:27 --> Table 'xkynpbah_titoo.telegram_premium' doesn't exist
#0 /home/xkynpbah/public_html/vendor/codeigniter4/framework/system/Database/MySQLi/Connection.php(292): mysqli->query('SELECT COUNT(*)...', 0)
#1 /home/xkynpbah/public_html/vendor/codeigniter4/framework/system/Database/BaseConnection.php(670): CodeIgniter\Database\MySQLi\Connection->execute('SELECT COUNT(*)...')
#2 /home/xkynpbah/public_html/vendor/codeigniter4/framework/system/Database/BaseConnection.php(598): CodeIgniter\Database\BaseConnection->simpleQuery('SELECT COUNT(*)...')
#3 /home/xkynpbah/public_html/vendor/codeigniter4/framework/system/Database/BaseBuilder.php(1527): CodeIgniter\Database\BaseConnection->query('SELECT COUNT(*)...', Array, false)
#4 /home/xkynpbah/public_html/app/Controllers/Telegram.php(165): CodeIgniter\Database\BaseBuilder->countAllResults()
#5 /home/xkynpbah/public_html/app/Controllers/Telegram.php(124): App\Controllers\Telegram->askForResetConfirmation(6719727245, 6719727245, Object(stdClass), 'akashbabu', Object(stdClass))
#6 /home/xkynpbah/public_html/vendor/codeigniter4/framework/system/CodeIgniter.php(824): App\Controllers\Telegram->index()
#7 /home/xkynpbah/public_html/vendor/codeigniter4/framework/system/CodeIgniter.php(410): CodeIgniter\CodeIgniter->runController(Object(App\Controllers\Telegram))
#8 /home/xkynpbah/public_html/vendor/codeigniter4/framework/system/CodeIgniter.php(318): CodeIgniter\CodeIgniter->handleRequest(NULL, Object(Config\Cache), false)
#9 /home/xkynpbah/public_html/index.php(37): CodeIgniter\CodeIgniter->run()
#10 {main}
ERROR - 2026-07-27 08:40:27 --> Telegram controller called
ERROR - 2026-07-27 08:40:27 --> Table 'xkynpbah_titoo.telegram_premium' doesn't exist
CRITICAL - 2026-07-27 08:40:27 --> Table 'xkynpbah_titoo.telegram_premium' doesn't exist
#0 /home/xkynpbah/public_html/vendor/codeigniter4/framework/system/Database/MySQLi/Connection.php(292): mysqli->query('SELECT COUNT(*)...', 0)
#1 /home/xkynpbah/public_html/vendor/codeigniter4/framework/system/Database/BaseConnection.php(670): CodeIgniter\Database\MySQLi\Connection->execute('SELECT COUNT(*)...')
#2 /home/xkynpbah/public_html/vendor/codeigniter4/framework/system/Database/BaseConnection.php(598): CodeIgniter\Database\BaseConnection->simpleQuery('SELECT COUNT(*)...')
#3 /home/xkynpbah/public_html/vendor/codeigniter4/framework/system/Database/BaseBuilder.php(1527): CodeIgniter\Database\BaseConnection->query('SELECT COUNT(*)...', Array, false)
#4 /home/xkynpbah/public_html/app/Controllers/Telegram.php(165): CodeIgniter\Database\BaseBuilder->countAllResults()
#5 /home/xkynpbah/public_html/app/Controllers/Telegram.php(124): App\Controllers\Telegram->askForResetConfirmation(6719727245, 6719727245, Object(stdClass), 'akashbabu', Object(stdClass))
#6 /home/xkynpbah/public_html/vendor/codeigniter4/framework/system/CodeIgniter.php(824): App\Controllers\Telegram->index()
#7 /home/xkynpbah/public_html/vendor/codeigniter4/framework/system/CodeIgniter.php(410): CodeIgniter\CodeIgniter->runController(Object(App\Controllers\Telegram))
#8 /home/xkynpbah/public_html/vendor/codeigniter4/framework/system/CodeIgniter.php(318): CodeIgniter\CodeIgniter->handleRequest(NULL, Object(Config\Cache), false)
#9 /home/xkynpbah/public_html/index.php(37): CodeIgniter\CodeIgniter->run()
#10 {main}
ERROR - 2026-07-27 08:42:19 --> Telegram controller called
ERROR - 2026-07-27 08:42:19 --> Table 'xkynpbah_titoo.telegram_premium' doesn't exist
CRITICAL - 2026-07-27 08:42:19 --> Table 'xkynpbah_titoo.telegram_premium' doesn't exist
#0 /home/xkynpbah/public_html/vendor/codeigniter4/framework/system/Database/MySQLi/Connection.php(292): mysqli->query('SELECT COUNT(*)...', 0)
#1 /home/xkynpbah/public_html/vendor/codeigniter4/framework/system/Database/BaseConnection.php(670): CodeIgniter\Database\MySQLi\Connection->execute('SELECT COUNT(*)...')
#2 /home/xkynpbah/public_html/vendor/codeigniter4/framework/system/Database/BaseConnection.php(598): CodeIgniter\Database\BaseConnection->simpleQuery('SELECT COUNT(*)...')
#3 /home/xkynpbah/public_html/vendor/codeigniter4/framework/system/Database/BaseBuilder.php(1527): CodeIgniter\Database\BaseConnection->query('SELECT COUNT(*)...', Array, false)
#4 /home/xkynpbah/public_html/app/Controllers/Telegram.php(165): CodeIgniter\Database\BaseBuilder->countAllResults()
#5 /home/xkynpbah/public_html/app/Controllers/Telegram.php(124): App\Controllers\Telegram->askForResetConfirmation(6719727245, 6719727245, Object(stdClass), 'akashbabu', Object(stdClass))
#6 /home/xkynpbah/public_html/vendor/codeigniter4/framework/system/CodeIgniter.php(824): App\Controllers\Telegram->index()
#7 /home/xkynpbah/public_html/vendor/codeigniter4/framework/system/CodeIgniter.php(410): CodeIgniter\CodeIgniter->runController(Object(App\Controllers\Telegram))
#8 /home/xkynpbah/public_html/vendor/codeigniter4/framework/system/CodeIgniter.php(318): CodeIgniter\CodeIgniter->handleRequest(NULL, Object(Config\Cache), false)
#9 /home/xkynpbah/public_html/index.php(37): CodeIgniter\CodeIgniter->run()
#10 {main}
ERROR - 2026-07-27 08:43:51 --> Telegram controller called
ERROR - 2026-07-27 08:43:51 --> Table 'xkynpbah_titoo.telegram_premium' doesn't exist
CRITICAL - 2026-07-27 08:43:51 --> Table 'xkynpbah_titoo.telegram_premium' doesn't exist
#0 /home/xkynpbah/public_html/vendor/codeigniter4/framework/system/Database/MySQLi/Connection.php(292): mysqli->query('SELECT COUNT(*)...', 0)
#1 /home/xkynpbah/public_html/vendor/codeigniter4/framework/system/Database/BaseConnection.php(670): CodeIgniter\Database\MySQLi\Connection->execute('SELECT COUNT(*)...')
#2 /home/xkynpbah/public_html/vendor/codeigniter4/framework/system/Database/BaseConnection.php(598): CodeIgniter\Database\BaseConnection->simpleQuery('SELECT COUNT(*)...')
#3 /home/xkynpbah/public_html/vendor/codeigniter4/framework/system/Database/BaseBuilder.php(1527): CodeIgniter\Database\BaseConnection->query('SELECT COUNT(*)...', Array, false)
#4 /home/xkynpbah/public_html/app/Controllers/Telegram.php(165): CodeIgniter\Database\BaseBuilder->countAllResults()
#5 /home/xkynpbah/public_html/app/Controllers/Telegram.php(124): App\Controllers\Telegram->askForResetConfirmation(6719727245, 6719727245, Object(stdClass), 'akashbabu', Object(stdClass))
#6 /home/xkynpbah/public_html/vendor/codeigniter4/framework/system/CodeIgniter.php(824): App\Controllers\Telegram->index()
#7 /home/xkynpbah/public_html/vendor/codeigniter4/framework/system/CodeIgniter.php(410): CodeIgniter\CodeIgniter->runController(Object(App\Controllers\Telegram))
#8 /home/xkynpbah/public_html/vendor/codeigniter4/framework/system/CodeIgniter.php(318): CodeIgniter\CodeIgniter->handleRequest(NULL, Object(Config\Cache), false)
#9 /home/xkynpbah/public_html/index.php(37): CodeIgniter\CodeIgniter->run()
#10 {main}
ERROR - 2026-07-27 08:45:07 --> Telegram controller called
ERROR - 2026-07-27 08:45:07 --> Table 'xkynpbah_titoo.telegram_premium' doesn't exist
CRITICAL - 2026-07-27 08:45:07 --> Table 'xkynpbah_titoo.telegram_premium' doesn't exist
#0 /home/xkynpbah/public_html/vendor/codeigniter4/framework/system/Database/MySQLi/Connection.php(292): mysqli->query('SELECT COUNT(*)...', 0)
#1 /home/xkynpbah/public_html/vendor/codeigniter4/framework/system/Database/BaseConnection.php(670): CodeIgniter\Database\MySQLi\Connection->execute('SELECT COUNT(*)...')
#2 /home/xkynpbah/public_html/vendor/codeigniter4/framework/system/Database/BaseConnection.php(598): CodeIgniter\Database\BaseConnection->simpleQuery('SELECT COUNT(*)...')
#3 /home/xkynpbah/public_html/vendor/codeigniter4/framework/system/Database/BaseBuilder.php(1527): CodeIgniter\Database\BaseConnection->query('SELECT COUNT(*)...', Array, false)
#4 /home/xkynpbah/public_html/app/Controllers/Telegram.php(165): CodeIgniter\Database\BaseBuilder->countAllResults()
#5 /home/xkynpbah/public_html/app/Controllers/Telegram.php(124): App\Controllers\Telegram->askForResetConfirmation(6719727245, 6719727245, Object(stdClass), 'akashbabu', Object(stdClass))
#6 /home/xkynpbah/public_html/vendor/codeigniter4/framework/system/CodeIgniter.php(824): App\Controllers\Telegram->index()
#7 /home/xkynpbah/public_html/vendor/codeigniter4/framework/system/CodeIgniter.php(410): CodeIgniter\CodeIgniter->runController(Object(App\Controllers\Telegram))
#8 /home/xkynpbah/public_html/vendor/codeigniter4/framework/system/CodeIgniter.php(318): CodeIgniter\CodeIgniter->handleRequest(NULL, Object(Config\Cache), false)
#9 /home/xkynpbah/public_html/index.php(37): CodeIgniter\CodeIgniter->run()
#10 {main}
ERROR - 2026-07-27 08:46:35 --> Telegram controller called
ERROR - 2026-07-27 08:46:35 --> Table 'xkynpbah_titoo.telegram_premium' doesn't exist
CRITICAL - 2026-07-27 08:46:35 --> Table 'xkynpbah_titoo.telegram_premium' doesn't exist
#0 /home/xkynpbah/public_html/vendor/codeigniter4/framework/system/Database/MySQLi/Connection.php(292): mysqli->query('SELECT COUNT(*)...', 0)
#1 /home/xkynpbah/public_html/vendor/codeigniter4/framework/system/Database/BaseConnection.php(670): CodeIgniter\Database\MySQLi\Connection->execute('SELECT COUNT(*)...')
#2 /home/xkynpbah/public_html/vendor/codeigniter4/framework/system/Database/BaseConnection.php(598): CodeIgniter\Database\BaseConnection->simpleQuery('SELECT COUNT(*)...')
#3 /home/xkynpbah/public_html/vendor/codeigniter4/framework/system/Database/BaseBuilder.php(1527): CodeIgniter\Database\BaseConnection->query('SELECT COUNT(*)...', Array, false)
#4 /home/xkynpbah/public_html/app/Controllers/Telegram.php(165): CodeIgniter\Database\BaseBuilder->countAllResults()
#5 /home/xkynpbah/public_html/app/Controllers/Telegram.php(124): App\Controllers\Telegram->askForResetConfirmation(6719727245, 6719727245, Object(stdClass), 'akashbabu', Object(stdClass))
#6 /home/xkynpbah/public_html/vendor/codeigniter4/framework/system/CodeIgniter.php(824): App\Controllers\Telegram->index()
#7 /home/xkynpbah/public_html/vendor/codeigniter4/framework/system/CodeIgniter.php(410): CodeIgniter\CodeIgniter->runController(Object(App\Controllers\Telegram))
#8 /home/xkynpbah/public_html/vendor/codeigniter4/framework/system/CodeIgniter.php(318): CodeIgniter\CodeIgniter->handleRequest(NULL, Object(Config\Cache), false)
#9 /home/xkynpbah/public_html/index.php(37): CodeIgniter\CodeIgniter->run()
#10 {main}
ERROR - 2026-07-27 08:47:58 --> Telegram controller called
ERROR - 2026-07-27 08:47:58 --> Table 'xkynpbah_titoo.telegram_premium' doesn't exist
CRITICAL - 2026-07-27 08:47:58 --> Table 'xkynpbah_titoo.telegram_premium' doesn't exist
#0 /home/xkynpbah/public_html/vendor/codeigniter4/framework/system/Database/MySQLi/Connection.php(292): mysqli->query('SELECT COUNT(*)...', 0)
#1 /home/xkynpbah/public_html/vendor/codeigniter4/framework/system/Database/BaseConnection.php(670): CodeIgniter\Database\MySQLi\Connection->execute('SELECT COUNT(*)...')
#2 /home/xkynpbah/public_html/vendor/codeigniter4/framework/system/Database/BaseConnection.php(598): CodeIgniter\Database\BaseConnection->simpleQuery('SELECT COUNT(*)...')
#3 /home/xkynpbah/public_html/vendor/codeigniter4/framework/system/Database/BaseBuilder.php(1527): CodeIgniter\Database\BaseConnection->query('SELECT COUNT(*)...', Array, false)
#4 /home/xkynpbah/public_html/app/Controllers/Telegram.php(165): CodeIgniter\Database\BaseBuilder->countAllResults()
#5 /home/xkynpbah/public_html/app/Controllers/Telegram.php(124): App\Controllers\Telegram->askForResetConfirmation(6719727245, 6719727245, Object(stdClass), 'akashbabu', Object(stdClass))
#6 /home/xkynpbah/public_html/vendor/codeigniter4/framework/system/CodeIgniter.php(824): App\Controllers\Telegram->index()
#7 /home/xkynpbah/public_html/vendor/codeigniter4/framework/system/CodeIgniter.php(410): CodeIgniter\CodeIgniter->runController(Object(App\Controllers\Telegram))
#8 /home/xkynpbah/public_html/vendor/codeigniter4/framework/system/CodeIgniter.php(318): CodeIgniter\CodeIgniter->handleRequest(NULL, Object(Config\Cache), false)
#9 /home/xkynpbah/public_html/index.php(37): CodeIgniter\CodeIgniter->run()
#10 {main}
ERROR - 2026-07-27 08:49:47 --> Telegram controller called
ERROR - 2026-07-27 08:49:47 --> Table 'xkynpbah_titoo.telegram_premium' doesn't exist
CRITICAL - 2026-07-27 08:49:47 --> Table 'xkynpbah_titoo.telegram_premium' doesn't exist
#0 /home/xkynpbah/public_html/vendor/codeigniter4/framework/system/Database/MySQLi/Connection.php(292): mysqli->query('SELECT COUNT(*)...', 0)
#1 /home/xkynpbah/public_html/vendor/codeigniter4/framework/system/Database/BaseConnection.php(670): CodeIgniter\Database\MySQLi\Connection->execute('SELECT COUNT(*)...')
#2 /home/xkynpbah/public_html/vendor/codeigniter4/framework/system/Database/BaseConnection.php(598): CodeIgniter\Database\BaseConnection->simpleQuery('SELECT COUNT(*)...')
#3 /home/xkynpbah/public_html/vendor/codeigniter4/framework/system/Database/BaseBuilder.php(1527): CodeIgniter\Database\BaseConnection->query('SELECT COUNT(*)...', Array, false)
#4 /home/xkynpbah/public_html/app/Controllers/Telegram.php(165): CodeIgniter\Database\BaseBuilder->countAllResults()
#5 /home/xkynpbah/public_html/app/Controllers/Telegram.php(124): App\Controllers\Telegram->askForResetConfirmation(6719727245, 6719727245, Object(stdClass), 'akashbabu', Object(stdClass))
#6 /home/xkynpbah/public_html/vendor/codeigniter4/framework/system/CodeIgniter.php(824): App\Controllers\Telegram->index()
#7 /home/xkynpbah/public_html/vendor/codeigniter4/framework/system/CodeIgniter.php(410): CodeIgniter\CodeIgniter->runController(Object(App\Controllers\Telegram))
#8 /home/xkynpbah/public_html/vendor/codeigniter4/framework/system/CodeIgniter.php(318): CodeIgniter\CodeIgniter->handleRequest(NULL, Object(Config\Cache), false)
#9 /home/xkynpbah/public_html/index.php(37): CodeIgniter\CodeIgniter->run()
#10 {main}
ERROR - 2026-07-27 08:51:22 --> Telegram controller called
ERROR - 2026-07-27 08:51:22 --> Table 'xkynpbah_titoo.telegram_premium' doesn't exist
CRITICAL - 2026-07-27 08:51:22 --> Table 'xkynpbah_titoo.telegram_premium' doesn't exist
#0 /home/xkynpbah/public_html/vendor/codeigniter4/framework/system/Database/MySQLi/Connection.php(292): mysqli->query('SELECT COUNT(*)...', 0)
#1 /home/xkynpbah/public_html/vendor/codeigniter4/framework/system/Database/BaseConnection.php(670): CodeIgniter\Database\MySQLi\Connection->execute('SELECT COUNT(*)...')
#2 /home/xkynpbah/public_html/vendor/codeigniter4/framework/system/Database/BaseConnection.php(598): CodeIgniter\Database\BaseConnection->simpleQuery('SELECT COUNT(*)...')
#3 /home/xkynpbah/public_html/vendor/codeigniter4/framework/system/Database/BaseBuilder.php(1527): CodeIgniter\Database\BaseConnection->query('SELECT COUNT(*)...', Array, false)
#4 /home/xkynpbah/public_html/app/Controllers/Telegram.php(165): CodeIgniter\Database\BaseBuilder->countAllResults()
#5 /home/xkynpbah/public_html/app/Controllers/Telegram.php(124): App\Controllers\Telegram->askForResetConfirmation(6719727245, 6719727245, Object(stdClass), 'akashbabu', Object(stdClass))
#6 /home/xkynpbah/public_html/vendor/codeigniter4/framework/system/CodeIgniter.php(824): App\Controllers\Telegram->index()
#7 /home/xkynpbah/public_html/vendor/codeigniter4/framework/system/CodeIgniter.php(410): CodeIgniter\CodeIgniter->runController(Object(App\Controllers\Telegram))
#8 /home/xkynpbah/public_html/vendor/codeigniter4/framework/system/CodeIgniter.php(318): CodeIgniter\CodeIgniter->handleRequest(NULL, Object(Config\Cache), false)
#9 /home/xkynpbah/public_html/index.php(37): CodeIgniter\CodeIgniter->run()
#10 {main}
ERROR - 2026-07-27 08:53:23 --> Telegram controller called
ERROR - 2026-07-27 08:53:23 --> Table 'xkynpbah_titoo.telegram_premium' doesn't exist
CRITICAL - 2026-07-27 08:53:23 --> Table 'xkynpbah_titoo.telegram_premium' doesn't exist
#0 /home/xkynpbah/public_html/vendor/codeigniter4/framework/system/Database/MySQLi/Connection.php(292): mysqli->query('SELECT COUNT(*)...', 0)
#1 /home/xkynpbah/public_html/vendor/codeigniter4/framework/system/Database/BaseConnection.php(670): CodeIgniter\Database\MySQLi\Connection->execute('SELECT COUNT(*)...')
#2 /home/xkynpbah/public_html/vendor/codeigniter4/framework/system/Database/BaseConnection.php(598): CodeIgniter\Database\BaseConnection->simpleQuery('SELECT COUNT(*)...')
#3 /home/xkynpbah/public_html/vendor/codeigniter4/framework/system/Database/BaseBuilder.php(1527): CodeIgniter\Database\BaseConnection->query('SELECT COUNT(*)...', Array, false)
#4 /home/xkynpbah/public_html/app/Controllers/Telegram.php(165): CodeIgniter\Database\BaseBuilder->countAllResults()
#5 /home/xkynpbah/public_html/app/Controllers/Telegram.php(124): App\Controllers\Telegram->askForResetConfirmation(6719727245, 6719727245, Object(stdClass), 'akashbabu', Object(stdClass))
#6 /home/xkynpbah/public_html/vendor/codeigniter4/framework/system/CodeIgniter.php(824): App\Controllers\Telegram->index()
#7 /home/xkynpbah/public_html/vendor/codeigniter4/framework/system/CodeIgniter.php(410): CodeIgniter\CodeIgniter->runController(Object(App\Controllers\Telegram))
#8 /home/xkynpbah/public_html/vendor/codeigniter4/framework/system/CodeIgniter.php(318): CodeIgniter\CodeIgniter->handleRequest(NULL, Object(Config\Cache), false)
#9 /home/xkynpbah/public_html/index.php(37): CodeIgniter\CodeIgniter->run()
#10 {main}
ERROR - 2026-07-27 08:54:43 --> Telegram controller called
ERROR - 2026-07-27 08:54:43 --> Table 'xkynpbah_titoo.telegram_premium' doesn't exist
CRITICAL - 2026-07-27 08:54:43 --> Table 'xkynpbah_titoo.telegram_premium' doesn't exist
#0 /home/xkynpbah/public_html/vendor/codeigniter4/framework/system/Database/MySQLi/Connection.php(292): mysqli->query('SELECT COUNT(*)...', 0)
#1 /home/xkynpbah/public_html/vendor/codeigniter4/framework/system/Database/BaseConnection.php(670): CodeIgniter\Database\MySQLi\Connection->execute('SELECT COUNT(*)...')
#2 /home/xkynpbah/public_html/vendor/codeigniter4/framework/system/Database/BaseConnection.php(598): CodeIgniter\Database\BaseConnection->simpleQuery('SELECT COUNT(*)...')
#3 /home/xkynpbah/public_html/vendor/codeigniter4/framework/system/Database/BaseBuilder.php(1527): CodeIgniter\Database\BaseConnection->query('SELECT COUNT(*)...', Array, false)
#4 /home/xkynpbah/public_html/app/Controllers/Telegram.php(165): CodeIgniter\Database\BaseBuilder->countAllResults()
#5 /home/xkynpbah/public_html/app/Controllers/Telegram.php(124): App\Controllers\Telegram->askForResetConfirmation(6719727245, 6719727245, Object(stdClass), 'akashbabu', Object(stdClass))
#6 /home/xkynpbah/public_html/vendor/codeigniter4/framework/system/CodeIgniter.php(824): App\Controllers\Telegram->index()
#7 /home/xkynpbah/public_html/vendor/codeigniter4/framework/system/CodeIgniter.php(410): CodeIgniter\CodeIgniter->runController(Object(App\Controllers\Telegram))
#8 /home/xkynpbah/public_html/vendor/codeigniter4/framework/system/CodeIgniter.php(318): CodeIgniter\CodeIgniter->handleRequest(NULL, Object(Config\Cache), false)
#9 /home/xkynpbah/public_html/index.php(37): CodeIgniter\CodeIgniter->run()
#10 {main}
ERROR - 2026-07-27 08:55:56 --> Telegram controller called
ERROR - 2026-07-27 08:55:56 --> Table 'xkynpbah_titoo.telegram_premium' doesn't exist
CRITICAL - 2026-07-27 08:55:56 --> Table 'xkynpbah_titoo.telegram_premium' doesn't exist
#0 /home/xkynpbah/public_html/vendor/codeigniter4/framework/system/Database/MySQLi/Connection.php(292): mysqli->query('SELECT COUNT(*)...', 0)
#1 /home/xkynpbah/public_html/vendor/codeigniter4/framework/system/Database/BaseConnection.php(670): CodeIgniter\Database\MySQLi\Connection->execute('SELECT COUNT(*)...')
#2 /home/xkynpbah/public_html/vendor/codeigniter4/framework/system/Database/BaseConnection.php(598): CodeIgniter\Database\BaseConnection->simpleQuery('SELECT COUNT(*)...')
#3 /home/xkynpbah/public_html/vendor/codeigniter4/framework/system/Database/BaseBuilder.php(1527): CodeIgniter\Database\BaseConnection->query('SELECT COUNT(*)...', Array, false)
#4 /home/xkynpbah/public_html/app/Controllers/Telegram.php(165): CodeIgniter\Database\BaseBuilder->countAllResults()
#5 /home/xkynpbah/public_html/app/Controllers/Telegram.php(124): App\Controllers\Telegram->askForResetConfirmation(6719727245, 6719727245, Object(stdClass), 'akashbabu', Object(stdClass))
#6 /home/xkynpbah/public_html/vendor/codeigniter4/framework/system/CodeIgniter.php(824): App\Controllers\Telegram->index()
#7 /home/xkynpbah/public_html/vendor/codeigniter4/framework/system/CodeIgniter.php(410): CodeIgniter\CodeIgniter->runController(Object(App\Controllers\Telegram))
#8 /home/xkynpbah/public_html/vendor/codeigniter4/framework/system/CodeIgniter.php(318): CodeIgniter\CodeIgniter->handleRequest(NULL, Object(Config\Cache), false)
#9 /home/xkynpbah/public_html/index.php(37): CodeIgniter\CodeIgniter->run()
#10 {main}
ERROR - 2026-07-27 08:56:56 --> Telegram controller called
ERROR - 2026-07-27 08:56:56 --> Table 'xkynpbah_titoo.telegram_premium' doesn't exist
CRITICAL - 2026-07-27 08:56:56 --> Table 'xkynpbah_titoo.telegram_premium' doesn't exist
#0 /home/xkynpbah/public_html/vendor/codeigniter4/framework/system/Database/MySQLi/Connection.php(292): mysqli->query('SELECT COUNT(*)...', 0)
#1 /home/xkynpbah/public_html/vendor/codeigniter4/framework/system/Database/BaseConnection.php(670): CodeIgniter\Database\MySQLi\Connection->execute('SELECT COUNT(*)...')
#2 /home/xkynpbah/public_html/vendor/codeigniter4/framework/system/Database/BaseConnection.php(598): CodeIgniter\Database\BaseConnection->simpleQuery('SELECT COUNT(*)...')
#3 /home/xkynpbah/public_html/vendor/codeigniter4/framework/system/Database/BaseBuilder.php(1527): CodeIgniter\Database\BaseConnection->query('SELECT COUNT(*)...', Array, false)
#4 /home/xkynpbah/public_html/app/Controllers/Telegram.php(165): CodeIgniter\Database\BaseBuilder->countAllResults()
#5 /home/xkynpbah/public_html/app/Controllers/Telegram.php(124): App\Controllers\Telegram->askForResetConfirmation(6719727245, 6719727245, Object(stdClass), 'akashbabu', Object(stdClass))
#6 /home/xkynpbah/public_html/vendor/codeigniter4/framework/system/CodeIgniter.php(824): App\Controllers\Telegram->index()
#7 /home/xkynpbah/public_html/vendor/codeigniter4/framework/system/CodeIgniter.php(410): CodeIgniter\CodeIgniter->runController(Object(App\Controllers\Telegram))
#8 /home/xkynpbah/public_html/vendor/codeigniter4/framework/system/CodeIgniter.php(318): CodeIgniter\CodeIgniter->handleRequest(NULL, Object(Config\Cache), false)
#9 /home/xkynpbah/public_html/index.php(37): CodeIgniter\CodeIgniter->run()
#10 {main}
ERROR - 2026-07-27 08:58:22 --> Telegram controller called
ERROR - 2026-07-27 08:58:22 --> Table 'xkynpbah_titoo.telegram_premium' doesn't exist
CRITICAL - 2026-07-27 08:58:22 --> Table 'xkynpbah_titoo.telegram_premium' doesn't exist
#0 /home/xkynpbah/public_html/vendor/codeigniter4/framework/system/Database/MySQLi/Connection.php(292): mysqli->query('SELECT COUNT(*)...', 0)
#1 /home/xkynpbah/public_html/vendor/codeigniter4/framework/system/Database/BaseConnection.php(670): CodeIgniter\Database\MySQLi\Connection->execute('SELECT COUNT(*)...')
#2 /home/xkynpbah/public_html/vendor/codeigniter4/framework/system/Database/BaseConnection.php(598): CodeIgniter\Database\BaseConnection->simpleQuery('SELECT COUNT(*)...')
#3 /home/xkynpbah/public_html/vendor/codeigniter4/framework/system/Database/BaseBuilder.php(1527): CodeIgniter\Database\BaseConnection->query('SELECT COUNT(*)...', Array, false)
#4 /home/xkynpbah/public_html/app/Controllers/Telegram.php(165): CodeIgniter\Database\BaseBuilder->countAllResults()
#5 /home/xkynpbah/public_html/app/Controllers/Telegram.php(124): App\Controllers\Telegram->askForResetConfirmation(6719727245, 6719727245, Object(stdClass), 'akashbabu', Object(stdClass))
#6 /home/xkynpbah/public_html/vendor/codeigniter4/framework/system/CodeIgniter.php(824): App\Controllers\Telegram->index()
#7 /home/xkynpbah/public_html/vendor/codeigniter4/framework/system/CodeIgniter.php(410): CodeIgniter\CodeIgniter->runController(Object(App\Controllers\Telegram))
#8 /home/xkynpbah/public_html/vendor/codeigniter4/framework/system/CodeIgniter.php(318): CodeIgniter\CodeIgniter->handleRequest(NULL, Object(Config\Cache), false)
#9 /home/xkynpbah/public_html/index.php(37): CodeIgniter\CodeIgniter->run()
#10 {main}
ERROR - 2026-07-27 09:00:00 --> Telegram controller called
ERROR - 2026-07-27 09:00:00 --> Table 'xkynpbah_titoo.telegram_premium' doesn't exist
CRITICAL - 2026-07-27 09:00:00 --> Table 'xkynpbah_titoo.telegram_premium' doesn't exist
#0 /home/xkynpbah/public_html/vendor/codeigniter4/framework/system/Database/MySQLi/Connection.php(292): mysqli->query('SELECT COUNT(*)...', 0)
#1 /home/xkynpbah/public_html/vendor/codeigniter4/framework/system/Database/BaseConnection.php(670): CodeIgniter\Database\MySQLi\Connection->execute('SELECT COUNT(*)...')
#2 /home/xkynpbah/public_html/vendor/codeigniter4/framework/system/Database/BaseConnection.php(598): CodeIgniter\Database\BaseConnection->simpleQuery('SELECT COUNT(*)...')
#3 /home/xkynpbah/public_html/vendor/codeigniter4/framework/system/Database/BaseBuilder.php(1527): CodeIgniter\Database\BaseConnection->query('SELECT COUNT(*)...', Array, false)
#4 /home/xkynpbah/public_html/app/Controllers/Telegram.php(165): CodeIgniter\Database\BaseBuilder->countAllResults()
#5 /home/xkynpbah/public_html/app/Controllers/Telegram.php(124): App\Controllers\Telegram->askForResetConfirmation(6719727245, 6719727245, Object(stdClass), 'akashbabu', Object(stdClass))
#6 /home/xkynpbah/public_html/vendor/codeigniter4/framework/system/CodeIgniter.php(824): App\Controllers\Telegram->index()
#7 /home/xkynpbah/public_html/vendor/codeigniter4/framework/system/CodeIgniter.php(410): CodeIgniter\CodeIgniter->runController(Object(App\Controllers\Telegram))
#8 /home/xkynpbah/public_html/vendor/codeigniter4/framework/system/CodeIgniter.php(318): CodeIgniter\CodeIgniter->handleRequest(NULL, Object(Config\Cache), false)
#9 /home/xkynpbah/public_html/index.php(37): CodeIgniter\CodeIgniter->run()
#10 {main}
ERROR - 2026-07-27 09:01:55 --> Telegram controller called
ERROR - 2026-07-27 09:01:55 --> Table 'xkynpbah_titoo.telegram_premium' doesn't exist
CRITICAL - 2026-07-27 09:01:55 --> Table 'xkynpbah_titoo.telegram_premium' doesn't exist
#0 /home/xkynpbah/public_html/vendor/codeigniter4/framework/system/Database/MySQLi/Connection.php(292): mysqli->query('SELECT COUNT(*)...', 0)
#1 /home/xkynpbah/public_html/vendor/codeigniter4/framework/system/Database/BaseConnection.php(670): CodeIgniter\Database\MySQLi\Connection->execute('SELECT COUNT(*)...')
#2 /home/xkynpbah/public_html/vendor/codeigniter4/framework/system/Database/BaseConnection.php(598): CodeIgniter\Database\BaseConnection->simpleQuery('SELECT COUNT(*)...')
#3 /home/xkynpbah/public_html/vendor/codeigniter4/framework/system/Database/BaseBuilder.php(1527): CodeIgniter\Database\BaseConnection->query('SELECT COUNT(*)...', Array, false)
#4 /home/xkynpbah/public_html/app/Controllers/Telegram.php(165): CodeIgniter\Database\BaseBuilder->countAllResults()
#5 /home/xkynpbah/public_html/app/Controllers/Telegram.php(124): App\Controllers\Telegram->askForResetConfirmation(6719727245, 6719727245, Object(stdClass), 'akashbabu', Object(stdClass))
#6 /home/xkynpbah/public_html/vendor/codeigniter4/framework/system/CodeIgniter.php(824): App\Controllers\Telegram->index()
#7 /home/xkynpbah/public_html/vendor/codeigniter4/framework/system/CodeIgniter.php(410): CodeIgniter\CodeIgniter->runController(Object(App\Controllers\Telegram))
#8 /home/xkynpbah/public_html/vendor/codeigniter4/framework/system/CodeIgniter.php(318): CodeIgniter\CodeIgniter->handleRequest(NULL, Object(Config\Cache), false)
#9 /home/xkynpbah/public_html/index.php(37): CodeIgniter\CodeIgniter->run()
#10 {main}
ERROR - 2026-07-27 09:03:40 --> Telegram controller called
ERROR - 2026-07-27 09:03:40 --> Table 'xkynpbah_titoo.telegram_premium' doesn't exist
CRITICAL - 2026-07-27 09:03:40 --> Table 'xkynpbah_titoo.telegram_premium' doesn't exist
#0 /home/xkynpbah/public_html/vendor/codeigniter4/framework/system/Database/MySQLi/Connection.php(292): mysqli->query('SELECT COUNT(*)...', 0)
#1 /home/xkynpbah/public_html/vendor/codeigniter4/framework/system/Database/BaseConnection.php(670): CodeIgniter\Database\MySQLi\Connection->execute('SELECT COUNT(*)...')
#2 /home/xkynpbah/public_html/vendor/codeigniter4/framework/system/Database/BaseConnection.php(598): CodeIgniter\Database\BaseConnection->simpleQuery('SELECT COUNT(*)...')
#3 /home/xkynpbah/public_html/vendor/codeigniter4/framework/system/Database/BaseBuilder.php(1527): CodeIgniter\Database\BaseConnection->query('SELECT COUNT(*)...', Array, false)
#4 /home/xkynpbah/public_html/app/Controllers/Telegram.php(165): CodeIgniter\Database\BaseBuilder->countAllResults()
#5 /home/xkynpbah/public_html/app/Controllers/Telegram.php(124): App\Controllers\Telegram->askForResetConfirmation(6719727245, 6719727245, Object(stdClass), 'akashbabu', Object(stdClass))
#6 /home/xkynpbah/public_html/vendor/codeigniter4/framework/system/CodeIgniter.php(824): App\Controllers\Telegram->index()
#7 /home/xkynpbah/public_html/vendor/codeigniter4/framework/system/CodeIgniter.php(410): CodeIgniter\CodeIgniter->runController(Object(App\Controllers\Telegram))
#8 /home/xkynpbah/public_html/vendor/codeigniter4/framework/system/CodeIgniter.php(318): CodeIgniter\CodeIgniter->handleRequest(NULL, Object(Config\Cache), false)
#9 /home/xkynpbah/public_html/index.php(37): CodeIgniter\CodeIgniter->run()
#10 {main}
ERROR - 2026-07-27 09:04:52 --> Telegram controller called
ERROR - 2026-07-27 09:04:52 --> Table 'xkynpbah_titoo.telegram_premium' doesn't exist
CRITICAL - 2026-07-27 09:04:52 --> Table 'xkynpbah_titoo.telegram_premium' doesn't exist
#0 /home/xkynpbah/public_html/vendor/codeigniter4/framework/system/Database/MySQLi/Connection.php(292): mysqli->query('SELECT COUNT(*)...', 0)
#1 /home/xkynpbah/public_html/vendor/codeigniter4/framework/system/Database/BaseConnection.php(670): CodeIgniter\Database\MySQLi\Connection->execute('SELECT COUNT(*)...')
#2 /home/xkynpbah/public_html/vendor/codeigniter4/framework/system/Database/BaseConnection.php(598): CodeIgniter\Database\BaseConnection->simpleQuery('SELECT COUNT(*)...')
#3 /home/xkynpbah/public_html/vendor/codeigniter4/framework/system/Database/BaseBuilder.php(1527): CodeIgniter\Database\BaseConnection->query('SELECT COUNT(*)...', Array, false)
#4 /home/xkynpbah/public_html/app/Controllers/Telegram.php(165): CodeIgniter\Database\BaseBuilder->countAllResults()
#5 /home/xkynpbah/public_html/app/Controllers/Telegram.php(124): App\Controllers\Telegram->askForResetConfirmation(6719727245, 6719727245, Object(stdClass), 'akashbabu', Object(stdClass))
#6 /home/xkynpbah/public_html/vendor/codeigniter4/framework/system/CodeIgniter.php(824): App\Controllers\Telegram->index()
#7 /home/xkynpbah/public_html/vendor/codeigniter4/framework/system/CodeIgniter.php(410): CodeIgniter\CodeIgniter->runController(Object(App\Controllers\Telegram))
#8 /home/xkynpbah/public_html/vendor/codeigniter4/framework/system/CodeIgniter.php(318): CodeIgniter\CodeIgniter->handleRequest(NULL, Object(Config\Cache), false)
#9 /home/xkynpbah/public_html/index.php(37): CodeIgniter\CodeIgniter->run()
#10 {main}
ERROR - 2026-07-27 09:05:54 --> Telegram controller called
ERROR - 2026-07-27 09:05:54 --> Table 'xkynpbah_titoo.telegram_premium' doesn't exist
CRITICAL - 2026-07-27 09:05:54 --> Table 'xkynpbah_titoo.telegram_premium' doesn't exist
#0 /home/xkynpbah/public_html/vendor/codeigniter4/framework/system/Database/MySQLi/Connection.php(292): mysqli->query('SELECT COUNT(*)...', 0)
#1 /home/xkynpbah/public_html/vendor/codeigniter4/framework/system/Database/BaseConnection.php(670): CodeIgniter\Database\MySQLi\Connection->execute('SELECT COUNT(*)...')
#2 /home/xkynpbah/public_html/vendor/codeigniter4/framework/system/Database/BaseConnection.php(598): CodeIgniter\Database\BaseConnection->simpleQuery('SELECT COUNT(*)...')
#3 /home/xkynpbah/public_html/vendor/codeigniter4/framework/system/Database/BaseBuilder.php(1527): CodeIgniter\Database\BaseConnection->query('SELECT COUNT(*)...', Array, false)
#4 /home/xkynpbah/public_html/app/Controllers/Telegram.php(165): CodeIgniter\Database\BaseBuilder->countAllResults()
#5 /home/xkynpbah/public_html/app/Controllers/Telegram.php(124): App\Controllers\Telegram->askForResetConfirmation(6719727245, 6719727245, Object(stdClass), 'akashbabu', Object(stdClass))
#6 /home/xkynpbah/public_html/vendor/codeigniter4/framework/system/CodeIgniter.php(824): App\Controllers\Telegram->index()
#7 /home/xkynpbah/public_html/vendor/codeigniter4/framework/system/CodeIgniter.php(410): CodeIgniter\CodeIgniter->runController(Object(App\Controllers\Telegram))
#8 /home/xkynpbah/public_html/vendor/codeigniter4/framework/system/CodeIgniter.php(318): CodeIgniter\CodeIgniter->handleRequest(NULL, Object(Config\Cache), false)
#9 /home/xkynpbah/public_html/index.php(37): CodeIgniter\CodeIgniter->run()
#10 {main}
ERROR - 2026-07-27 09:07:33 --> Telegram controller called
ERROR - 2026-07-27 09:07:33 --> Table 'xkynpbah_titoo.telegram_premium' doesn't exist
CRITICAL - 2026-07-27 09:07:33 --> Table 'xkynpbah_titoo.telegram_premium' doesn't exist
#0 /home/xkynpbah/public_html/vendor/codeigniter4/framework/system/Database/MySQLi/Connection.php(292): mysqli->query('SELECT COUNT(*)...', 0)
#1 /home/xkynpbah/public_html/vendor/codeigniter4/framework/system/Database/BaseConnection.php(670): CodeIgniter\Database\MySQLi\Connection->execute('SELECT COUNT(*)...')
#2 /home/xkynpbah/public_html/vendor/codeigniter4/framework/system/Database/BaseConnection.php(598): CodeIgniter\Database\BaseConnection->simpleQuery('SELECT COUNT(*)...')
#3 /home/xkynpbah/public_html/vendor/codeigniter4/framework/system/Database/BaseBuilder.php(1527): CodeIgniter\Database\BaseConnection->query('SELECT COUNT(*)...', Array, false)
#4 /home/xkynpbah/public_html/app/Controllers/Telegram.php(165): CodeIgniter\Database\BaseBuilder->countAllResults()
#5 /home/xkynpbah/public_html/app/Controllers/Telegram.php(124): App\Controllers\Telegram->askForResetConfirmation(6719727245, 6719727245, Object(stdClass), 'akashbabu', Object(stdClass))
#6 /home/xkynpbah/public_html/vendor/codeigniter4/framework/system/CodeIgniter.php(824): App\Controllers\Telegram->index()
#7 /home/xkynpbah/public_html/vendor/codeigniter4/framework/system/CodeIgniter.php(410): CodeIgniter\CodeIgniter->runController(Object(App\Controllers\Telegram))
#8 /home/xkynpbah/public_html/vendor/codeigniter4/framework/system/CodeIgniter.php(318): CodeIgniter\CodeIgniter->handleRequest(NULL, Object(Config\Cache), false)
#9 /home/xkynpbah/public_html/index.php(37): CodeIgniter\CodeIgniter->run()
#10 {main}
ERROR - 2026-07-27 09:09:24 --> Telegram controller called
ERROR - 2026-07-27 09:09:24 --> Table 'xkynpbah_titoo.telegram_premium' doesn't exist
CRITICAL - 2026-07-27 09:09:24 --> Table 'xkynpbah_titoo.telegram_premium' doesn't exist
#0 /home/xkynpbah/public_html/vendor/codeigniter4/framework/system/Database/MySQLi/Connection.php(292): mysqli->query('SELECT COUNT(*)...', 0)
#1 /home/xkynpbah/public_html/vendor/codeigniter4/framework/system/Database/BaseConnection.php(670): CodeIgniter\Database\MySQLi\Connection->execute('SELECT COUNT(*)...')
#2 /home/xkynpbah/public_html/vendor/codeigniter4/framework/system/Database/BaseConnection.php(598): CodeIgniter\Database\BaseConnection->simpleQuery('SELECT COUNT(*)...')
#3 /home/xkynpbah/public_html/vendor/codeigniter4/framework/system/Database/BaseBuilder.php(1527): CodeIgniter\Database\BaseConnection->query('SELECT COUNT(*)...', Array, false)
#4 /home/xkynpbah/public_html/app/Controllers/Telegram.php(165): CodeIgniter\Database\BaseBuilder->countAllResults()
#5 /home/xkynpbah/public_html/app/Controllers/Telegram.php(124): App\Controllers\Telegram->askForResetConfirmation(6719727245, 6719727245, Object(stdClass), 'akashbabu', Object(stdClass))
#6 /home/xkynpbah/public_html/vendor/codeigniter4/framework/system/CodeIgniter.php(824): App\Controllers\Telegram->index()
#7 /home/xkynpbah/public_html/vendor/codeigniter4/framework/system/CodeIgniter.php(410): CodeIgniter\CodeIgniter->runController(Object(App\Controllers\Telegram))
#8 /home/xkynpbah/public_html/vendor/codeigniter4/framework/system/CodeIgniter.php(318): CodeIgniter\CodeIgniter->handleRequest(NULL, Object(Config\Cache), false)
#9 /home/xkynpbah/public_html/index.php(37): CodeIgniter\CodeIgniter->run()
#10 {main}
ERROR - 2026-07-27 09:10:45 --> Telegram controller called
ERROR - 2026-07-27 09:10:45 --> Table 'xkynpbah_titoo.telegram_premium' doesn't exist
CRITICAL - 2026-07-27 09:10:45 --> Table 'xkynpbah_titoo.telegram_premium' doesn't exist
#0 /home/xkynpbah/public_html/vendor/codeigniter4/framework/system/Database/MySQLi/Connection.php(292): mysqli->query('SELECT COUNT(*)...', 0)
#1 /home/xkynpbah/public_html/vendor/codeigniter4/framework/system/Database/BaseConnection.php(670): CodeIgniter\Database\MySQLi\Connection->execute('SELECT COUNT(*)...')
#2 /home/xkynpbah/public_html/vendor/codeigniter4/framework/system/Database/BaseConnection.php(598): CodeIgniter\Database\BaseConnection->simpleQuery('SELECT COUNT(*)...')
#3 /home/xkynpbah/public_html/vendor/codeigniter4/framework/system/Database/BaseBuilder.php(1527): CodeIgniter\Database\BaseConnection->query('SELECT COUNT(*)...', Array, false)
#4 /home/xkynpbah/public_html/app/Controllers/Telegram.php(165): CodeIgniter\Database\BaseBuilder->countAllResults()
#5 /home/xkynpbah/public_html/app/Controllers/Telegram.php(124): App\Controllers\Telegram->askForResetConfirmation(6719727245, 6719727245, Object(stdClass), 'akashbabu', Object(stdClass))
#6 /home/xkynpbah/public_html/vendor/codeigniter4/framework/system/CodeIgniter.php(824): App\Controllers\Telegram->index()
#7 /home/xkynpbah/public_html/vendor/codeigniter4/framework/system/CodeIgniter.php(410): CodeIgniter\CodeIgniter->runController(Object(App\Controllers\Telegram))
#8 /home/xkynpbah/public_html/vendor/codeigniter4/framework/system/CodeIgniter.php(318): CodeIgniter\CodeIgniter->handleRequest(NULL, Object(Config\Cache), false)
#9 /home/xkynpbah/public_html/index.php(37): CodeIgniter\CodeIgniter->run()
#10 {main}
ERROR - 2026-07-27 09:12:02 --> Telegram controller called
ERROR - 2026-07-27 09:12:02 --> Table 'xkynpbah_titoo.telegram_premium' doesn't exist
CRITICAL - 2026-07-27 09:12:02 --> Table 'xkynpbah_titoo.telegram_premium' doesn't exist
#0 /home/xkynpbah/public_html/vendor/codeigniter4/framework/system/Database/MySQLi/Connection.php(292): mysqli->query('SELECT COUNT(*)...', 0)
#1 /home/xkynpbah/public_html/vendor/codeigniter4/framework/system/Database/BaseConnection.php(670): CodeIgniter\Database\MySQLi\Connection->execute('SELECT COUNT(*)...')
#2 /home/xkynpbah/public_html/vendor/codeigniter4/framework/system/Database/BaseConnection.php(598): CodeIgniter\Database\BaseConnection->simpleQuery('SELECT COUNT(*)...')
#3 /home/xkynpbah/public_html/vendor/codeigniter4/framework/system/Database/BaseBuilder.php(1527): CodeIgniter\Database\BaseConnection->query('SELECT COUNT(*)...', Array, false)
#4 /home/xkynpbah/public_html/app/Controllers/Telegram.php(165): CodeIgniter\Database\BaseBuilder->countAllResults()
#5 /home/xkynpbah/public_html/app/Controllers/Telegram.php(124): App\Controllers\Telegram->askForResetConfirmation(6719727245, 6719727245, Object(stdClass), 'akashbabu', Object(stdClass))
#6 /home/xkynpbah/public_html/vendor/codeigniter4/framework/system/CodeIgniter.php(824): App\Controllers\Telegram->index()
#7 /home/xkynpbah/public_html/vendor/codeigniter4/framework/system/CodeIgniter.php(410): CodeIgniter\CodeIgniter->runController(Object(App\Controllers\Telegram))
#8 /home/xkynpbah/public_html/vendor/codeigniter4/framework/system/CodeIgniter.php(318): CodeIgniter\CodeIgniter->handleRequest(NULL, Object(Config\Cache), false)
#9 /home/xkynpbah/public_html/index.php(37): CodeIgniter\CodeIgniter->run()
#10 {main}
ERROR - 2026-07-27 09:13:20 --> Telegram controller called
ERROR - 2026-07-27 09:13:20 --> Table 'xkynpbah_titoo.telegram_premium' doesn't exist
CRITICAL - 2026-07-27 09:13:20 --> Table 'xkynpbah_titoo.telegram_premium' doesn't exist
#0 /home/xkynpbah/public_html/vendor/codeigniter4/framework/system/Database/MySQLi/Connection.php(292): mysqli->query('SELECT COUNT(*)...', 0)
#1 /home/xkynpbah/public_html/vendor/codeigniter4/framework/system/Database/BaseConnection.php(670): CodeIgniter\Database\MySQLi\Connection->execute('SELECT COUNT(*)...')
#2 /home/xkynpbah/public_html/vendor/codeigniter4/framework/system/Database/BaseConnection.php(598): CodeIgniter\Database\BaseConnection->simpleQuery('SELECT COUNT(*)...')
#3 /home/xkynpbah/public_html/vendor/codeigniter4/framework/system/Database/BaseBuilder.php(1527): CodeIgniter\Database\BaseConnection->query('SELECT COUNT(*)...', Array, false)
#4 /home/xkynpbah/public_html/app/Controllers/Telegram.php(165): CodeIgniter\Database\BaseBuilder->countAllResults()
#5 /home/xkynpbah/public_html/app/Controllers/Telegram.php(124): App\Controllers\Telegram->askForResetConfirmation(6719727245, 6719727245, Object(stdClass), 'akashbabu', Object(stdClass))
#6 /home/xkynpbah/public_html/vendor/codeigniter4/framework/system/CodeIgniter.php(824): App\Controllers\Telegram->index()
#7 /home/xkynpbah/public_html/vendor/codeigniter4/framework/system/CodeIgniter.php(410): CodeIgniter\CodeIgniter->runController(Object(App\Controllers\Telegram))
#8 /home/xkynpbah/public_html/vendor/codeigniter4/framework/system/CodeIgniter.php(318): CodeIgniter\CodeIgniter->handleRequest(NULL, Object(Config\Cache), false)
#9 /home/xkynpbah/public_html/index.php(37): CodeIgniter\CodeIgniter->run()
#10 {main}
ERROR - 2026-07-27 09:15:05 --> Telegram controller called
ERROR - 2026-07-27 09:15:05 --> Table 'xkynpbah_titoo.telegram_premium' doesn't exist
CRITICAL - 2026-07-27 09:15:05 --> Table 'xkynpbah_titoo.telegram_premium' doesn't exist
#0 /home/xkynpbah/public_html/vendor/codeigniter4/framework/system/Database/MySQLi/Connection.php(292): mysqli->query('SELECT COUNT(*)...', 0)
#1 /home/xkynpbah/public_html/vendor/codeigniter4/framework/system/Database/BaseConnection.php(670): CodeIgniter\Database\MySQLi\Connection->execute('SELECT COUNT(*)...')
#2 /home/xkynpbah/public_html/vendor/codeigniter4/framework/system/Database/BaseConnection.php(598): CodeIgniter\Database\BaseConnection->simpleQuery('SELECT COUNT(*)...')
#3 /home/xkynpbah/public_html/vendor/codeigniter4/framework/system/Database/BaseBuilder.php(1527): CodeIgniter\Database\BaseConnection->query('SELECT COUNT(*)...', Array, false)
#4 /home/xkynpbah/public_html/app/Controllers/Telegram.php(165): CodeIgniter\Database\BaseBuilder->countAllResults()
#5 /home/xkynpbah/public_html/app/Controllers/Telegram.php(124): App\Controllers\Telegram->askForResetConfirmation(6719727245, 6719727245, Object(stdClass), 'akashbabu', Object(stdClass))
#6 /home/xkynpbah/public_html/vendor/codeigniter4/framework/system/CodeIgniter.php(824): App\Controllers\Telegram->index()
#7 /home/xkynpbah/public_html/vendor/codeigniter4/framework/system/CodeIgniter.php(410): CodeIgniter\CodeIgniter->runController(Object(App\Controllers\Telegram))
#8 /home/xkynpbah/public_html/vendor/codeigniter4/framework/system/CodeIgniter.php(318): CodeIgniter\CodeIgniter->handleRequest(NULL, Object(Config\Cache), false)
#9 /home/xkynpbah/public_html/index.php(37): CodeIgniter\CodeIgniter->run()
#10 {main}
ERROR - 2026-07-27 09:16:37 --> Telegram controller called
ERROR - 2026-07-27 09:16:37 --> Table 'xkynpbah_titoo.telegram_premium' doesn't exist
CRITICAL - 2026-07-27 09:16:37 --> Table 'xkynpbah_titoo.telegram_premium' doesn't exist
#0 /home/xkynpbah/public_html/vendor/codeigniter4/framework/system/Database/MySQLi/Connection.php(292): mysqli->query('SELECT COUNT(*)...', 0)
#1 /home/xkynpbah/public_html/vendor/codeigniter4/framework/system/Database/BaseConnection.php(670): CodeIgniter\Database\MySQLi\Connection->execute('SELECT COUNT(*)...')
#2 /home/xkynpbah/public_html/vendor/codeigniter4/framework/system/Database/BaseConnection.php(598): CodeIgniter\Database\BaseConnection->simpleQuery('SELECT COUNT(*)...')
#3 /home/xkynpbah/public_html/vendor/codeigniter4/framework/system/Database/BaseBuilder.php(1527): CodeIgniter\Database\BaseConnection->query('SELECT COUNT(*)...', Array, false)
#4 /home/xkynpbah/public_html/app/Controllers/Telegram.php(165): CodeIgniter\Database\BaseBuilder->countAllResults()
#5 /home/xkynpbah/public_html/app/Controllers/Telegram.php(124): App\Controllers\Telegram->askForResetConfirmation(6719727245, 6719727245, Object(stdClass), 'akashbabu', Object(stdClass))
#6 /home/xkynpbah/public_html/vendor/codeigniter4/framework/system/CodeIgniter.php(824): App\Controllers\Telegram->index()
#7 /home/xkynpbah/public_html/vendor/codeigniter4/framework/system/CodeIgniter.php(410): CodeIgniter\CodeIgniter->runController(Object(App\Controllers\Telegram))
#8 /home/xkynpbah/public_html/vendor/codeigniter4/framework/system/CodeIgniter.php(318): CodeIgniter\CodeIgniter->handleRequest(NULL, Object(Config\Cache), false)
#9 /home/xkynpbah/public_html/index.php(37): CodeIgniter\CodeIgniter->run()
#10 {main}
ERROR - 2026-07-27 09:18:24 --> Telegram controller called
ERROR - 2026-07-27 09:18:24 --> Table 'xkynpbah_titoo.telegram_premium' doesn't exist
CRITICAL - 2026-07-27 09:18:24 --> Table 'xkynpbah_titoo.telegram_premium' doesn't exist
#0 /home/xkynpbah/public_html/vendor/codeigniter4/framework/system/Database/MySQLi/Connection.php(292): mysqli->query('SELECT COUNT(*)...', 0)
#1 /home/xkynpbah/public_html/vendor/codeigniter4/framework/system/Database/BaseConnection.php(670): CodeIgniter\Database\MySQLi\Connection->execute('SELECT COUNT(*)...')
#2 /home/xkynpbah/public_html/vendor/codeigniter4/framework/system/Database/BaseConnection.php(598): CodeIgniter\Database\BaseConnection->simpleQuery('SELECT COUNT(*)...')
#3 /home/xkynpbah/public_html/vendor/codeigniter4/framework/system/Database/BaseBuilder.php(1527): CodeIgniter\Database\BaseConnection->query('SELECT COUNT(*)...', Array, false)
#4 /home/xkynpbah/public_html/app/Controllers/Telegram.php(165): CodeIgniter\Database\BaseBuilder->countAllResults()
#5 /home/xkynpbah/public_html/app/Controllers/Telegram.php(124): App\Controllers\Telegram->askForResetConfirmation(6719727245, 6719727245, Object(stdClass), 'akashbabu', Object(stdClass))
#6 /home/xkynpbah/public_html/vendor/codeigniter4/framework/system/CodeIgniter.php(824): App\Controllers\Telegram->index()
#7 /home/xkynpbah/public_html/vendor/codeigniter4/framework/system/CodeIgniter.php(410): CodeIgniter\CodeIgniter->runController(Object(App\Controllers\Telegram))
#8 /home/xkynpbah/public_html/vendor/codeigniter4/framework/system/CodeIgniter.php(318): CodeIgniter\CodeIgniter->handleRequest(NULL, Object(Config\Cache), false)
#9 /home/xkynpbah/public_html/index.php(37): CodeIgniter\CodeIgniter->run()
#10 {main}
ERROR - 2026-07-27 09:20:03 --> Telegram controller called
ERROR - 2026-07-27 09:20:03 --> Table 'xkynpbah_titoo.telegram_premium' doesn't exist
CRITICAL - 2026-07-27 09:20:03 --> Table 'xkynpbah_titoo.telegram_premium' doesn't exist
#0 /home/xkynpbah/public_html/vendor/codeigniter4/framework/system/Database/MySQLi/Connection.php(292): mysqli->query('SELECT COUNT(*)...', 0)
#1 /home/xkynpbah/public_html/vendor/codeigniter4/framework/system/Database/BaseConnection.php(670): CodeIgniter\Database\MySQLi\Connection->execute('SELECT COUNT(*)...')
#2 /home/xkynpbah/public_html/vendor/codeigniter4/framework/system/Database/BaseConnection.php(598): CodeIgniter\Database\BaseConnection->simpleQuery('SELECT COUNT(*)...')
#3 /home/xkynpbah/public_html/vendor/codeigniter4/framework/system/Database/BaseBuilder.php(1527): CodeIgniter\Database\BaseConnection->query('SELECT COUNT(*)...', Array, false)
#4 /home/xkynpbah/public_html/app/Controllers/Telegram.php(165): CodeIgniter\Database\BaseBuilder->countAllResults()
#5 /home/xkynpbah/public_html/app/Controllers/Telegram.php(124): App\Controllers\Telegram->askForResetConfirmation(6719727245, 6719727245, Object(stdClass), 'akashbabu', Object(stdClass))
#6 /home/xkynpbah/public_html/vendor/codeigniter4/framework/system/CodeIgniter.php(824): App\Controllers\Telegram->index()
#7 /home/xkynpbah/public_html/vendor/codeigniter4/framework/system/CodeIgniter.php(410): CodeIgniter\CodeIgniter->runController(Object(App\Controllers\Telegram))
#8 /home/xkynpbah/public_html/vendor/codeigniter4/framework/system/CodeIgniter.php(318): CodeIgniter\CodeIgniter->handleRequest(NULL, Object(Config\Cache), false)
#9 /home/xkynpbah/public_html/index.php(37): CodeIgniter\CodeIgniter->run()
#10 {main}
ERROR - 2026-07-27 09:21:44 --> Telegram controller called
ERROR - 2026-07-27 09:21:44 --> Table 'xkynpbah_titoo.telegram_premium' doesn't exist
CRITICAL - 2026-07-27 09:21:44 --> Table 'xkynpbah_titoo.telegram_premium' doesn't exist
#0 /home/xkynpbah/public_html/vendor/codeigniter4/framework/system/Database/MySQLi/Connection.php(292): mysqli->query('SELECT COUNT(*)...', 0)
#1 /home/xkynpbah/public_html/vendor/codeigniter4/framework/system/Database/BaseConnection.php(670): CodeIgniter\Database\MySQLi\Connection->execute('SELECT COUNT(*)...')
#2 /home/xkynpbah/public_html/vendor/codeigniter4/framework/system/Database/BaseConnection.php(598): CodeIgniter\Database\BaseConnection->simpleQuery('SELECT COUNT(*)...')
#3 /home/xkynpbah/public_html/vendor/codeigniter4/framework/system/Database/BaseBuilder.php(1527): CodeIgniter\Database\BaseConnection->query('SELECT COUNT(*)...', Array, false)
#4 /home/xkynpbah/public_html/app/Controllers/Telegram.php(165): CodeIgniter\Database\BaseBuilder->countAllResults()
#5 /home/xkynpbah/public_html/app/Controllers/Telegram.php(124): App\Controllers\Telegram->askForResetConfirmation(6719727245, 6719727245, Object(stdClass), 'akashbabu', Object(stdClass))
#6 /home/xkynpbah/public_html/vendor/codeigniter4/framework/system/CodeIgniter.php(824): App\Controllers\Telegram->index()
#7 /home/xkynpbah/public_html/vendor/codeigniter4/framework/system/CodeIgniter.php(410): CodeIgniter\CodeIgniter->runController(Object(App\Controllers\Telegram))
#8 /home/xkynpbah/public_html/vendor/codeigniter4/framework/system/CodeIgniter.php(318): CodeIgniter\CodeIgniter->handleRequest(NULL, Object(Config\Cache), false)
#9 /home/xkynpbah/public_html/index.php(37): CodeIgniter\CodeIgniter->run()
#10 {main}
ERROR - 2026-07-27 09:23:15 --> Telegram controller called
ERROR - 2026-07-27 09:23:15 --> Table 'xkynpbah_titoo.telegram_premium' doesn't exist
CRITICAL - 2026-07-27 09:23:15 --> Table 'xkynpbah_titoo.telegram_premium' doesn't exist
#0 /home/xkynpbah/public_html/vendor/codeigniter4/framework/system/Database/MySQLi/Connection.php(292): mysqli->query('SELECT COUNT(*)...', 0)
#1 /home/xkynpbah/public_html/vendor/codeigniter4/framework/system/Database/BaseConnection.php(670): CodeIgniter\Database\MySQLi\Connection->execute('SELECT COUNT(*)...')
#2 /home/xkynpbah/public_html/vendor/codeigniter4/framework/system/Database/BaseConnection.php(598): CodeIgniter\Database\BaseConnection->simpleQuery('SELECT COUNT(*)...')
#3 /home/xkynpbah/public_html/vendor/codeigniter4/framework/system/Database/BaseBuilder.php(1527): CodeIgniter\Database\BaseConnection->query('SELECT COUNT(*)...', Array, false)
#4 /home/xkynpbah/public_html/app/Controllers/Telegram.php(165): CodeIgniter\Database\BaseBuilder->countAllResults()
#5 /home/xkynpbah/public_html/app/Controllers/Telegram.php(124): App\Controllers\Telegram->askForResetConfirmation(6719727245, 6719727245, Object(stdClass), 'akashbabu', Object(stdClass))
#6 /home/xkynpbah/public_html/vendor/codeigniter4/framework/system/CodeIgniter.php(824): App\Controllers\Telegram->index()
#7 /home/xkynpbah/public_html/vendor/codeigniter4/framework/system/CodeIgniter.php(410): CodeIgniter\CodeIgniter->runController(Object(App\Controllers\Telegram))
#8 /home/xkynpbah/public_html/vendor/codeigniter4/framework/system/CodeIgniter.php(318): CodeIgniter\CodeIgniter->handleRequest(NULL, Object(Config\Cache), false)
#9 /home/xkynpbah/public_html/index.php(37): CodeIgniter\CodeIgniter->run()
#10 {main}
ERROR - 2026-07-27 09:24:19 --> Telegram controller called
ERROR - 2026-07-27 09:24:19 --> Table 'xkynpbah_titoo.telegram_premium' doesn't exist
CRITICAL - 2026-07-27 09:24:19 --> Table 'xkynpbah_titoo.telegram_premium' doesn't exist
#0 /home/xkynpbah/public_html/vendor/codeigniter4/framework/system/Database/MySQLi/Connection.php(292): mysqli->query('SELECT COUNT(*)...', 0)
#1 /home/xkynpbah/public_html/vendor/codeigniter4/framework/system/Database/BaseConnection.php(670): CodeIgniter\Database\MySQLi\Connection->execute('SELECT COUNT(*)...')
#2 /home/xkynpbah/public_html/vendor/codeigniter4/framework/system/Database/BaseConnection.php(598): CodeIgniter\Database\BaseConnection->simpleQuery('SELECT COUNT(*)...')
#3 /home/xkynpbah/public_html/vendor/codeigniter4/framework/system/Database/BaseBuilder.php(1527): CodeIgniter\Database\BaseConnection->query('SELECT COUNT(*)...', Array, false)
#4 /home/xkynpbah/public_html/app/Controllers/Telegram.php(165): CodeIgniter\Database\BaseBuilder->countAllResults()
#5 /home/xkynpbah/public_html/app/Controllers/Telegram.php(124): App\Controllers\Telegram->askForResetConfirmation(6719727245, 6719727245, Object(stdClass), 'akashbabu', Object(stdClass))
#6 /home/xkynpbah/public_html/vendor/codeigniter4/framework/system/CodeIgniter.php(824): App\Controllers\Telegram->index()
#7 /home/xkynpbah/public_html/vendor/codeigniter4/framework/system/CodeIgniter.php(410): CodeIgniter\CodeIgniter->runController(Object(App\Controllers\Telegram))
#8 /home/xkynpbah/public_html/vendor/codeigniter4/framework/system/CodeIgniter.php(318): CodeIgniter\CodeIgniter->handleRequest(NULL, Object(Config\Cache), false)
#9 /home/xkynpbah/public_html/index.php(37): CodeIgniter\CodeIgniter->run()
#10 {main}
ERROR - 2026-07-27 09:26:09 --> Telegram controller called
ERROR - 2026-07-27 09:26:09 --> Table 'xkynpbah_titoo.telegram_premium' doesn't exist
CRITICAL - 2026-07-27 09:26:09 --> Table 'xkynpbah_titoo.telegram_premium' doesn't exist
#0 /home/xkynpbah/public_html/vendor/codeigniter4/framework/system/Database/MySQLi/Connection.php(292): mysqli->query('SELECT COUNT(*)...', 0)
#1 /home/xkynpbah/public_html/vendor/codeigniter4/framework/system/Database/BaseConnection.php(670): CodeIgniter\Database\MySQLi\Connection->execute('SELECT COUNT(*)...')
#2 /home/xkynpbah/public_html/vendor/codeigniter4/framework/system/Database/BaseConnection.php(598): CodeIgniter\Database\BaseConnection->simpleQuery('SELECT COUNT(*)...')
#3 /home/xkynpbah/public_html/vendor/codeigniter4/framework/system/Database/BaseBuilder.php(1527): CodeIgniter\Database\BaseConnection->query('SELECT COUNT(*)...', Array, false)
#4 /home/xkynpbah/public_html/app/Controllers/Telegram.php(165): CodeIgniter\Database\BaseBuilder->countAllResults()
#5 /home/xkynpbah/public_html/app/Controllers/Telegram.php(124): App\Controllers\Telegram->askForResetConfirmation(6719727245, 6719727245, Object(stdClass), 'akashbabu', Object(stdClass))
#6 /home/xkynpbah/public_html/vendor/codeigniter4/framework/system/CodeIgniter.php(824): App\Controllers\Telegram->index()
#7 /home/xkynpbah/public_html/vendor/codeigniter4/framework/system/CodeIgniter.php(410): CodeIgniter\CodeIgniter->runController(Object(App\Controllers\Telegram))
#8 /home/xkynpbah/public_html/vendor/codeigniter4/framework/system/CodeIgniter.php(318): CodeIgniter\CodeIgniter->handleRequest(NULL, Object(Config\Cache), false)
#9 /home/xkynpbah/public_html/index.php(37): CodeIgniter\CodeIgniter->run()
#10 {main}
ERROR - 2026-07-27 09:27:40 --> Telegram controller called
ERROR - 2026-07-27 09:27:40 --> Table 'xkynpbah_titoo.telegram_premium' doesn't exist
CRITICAL - 2026-07-27 09:27:40 --> Table 'xkynpbah_titoo.telegram_premium' doesn't exist
#0 /home/xkynpbah/public_html/vendor/codeigniter4/framework/system/Database/MySQLi/Connection.php(292): mysqli->query('SELECT COUNT(*)...', 0)
#1 /home/xkynpbah/public_html/vendor/codeigniter4/framework/system/Database/BaseConnection.php(670): CodeIgniter\Database\MySQLi\Connection->execute('SELECT COUNT(*)...')
#2 /home/xkynpbah/public_html/vendor/codeigniter4/framework/system/Database/BaseConnection.php(598): CodeIgniter\Database\BaseConnection->simpleQuery('SELECT COUNT(*)...')
#3 /home/xkynpbah/public_html/vendor/codeigniter4/framework/system/Database/BaseBuilder.php(1527): CodeIgniter\Database\BaseConnection->query('SELECT COUNT(*)...', Array, false)
#4 /home/xkynpbah/public_html/app/Controllers/Telegram.php(165): CodeIgniter\Database\BaseBuilder->countAllResults()
#5 /home/xkynpbah/public_html/app/Controllers/Telegram.php(124): App\Controllers\Telegram->askForResetConfirmation(6719727245, 6719727245, Object(stdClass), 'akashbabu', Object(stdClass))
#6 /home/xkynpbah/public_html/vendor/codeigniter4/framework/system/CodeIgniter.php(824): App\Controllers\Telegram->index()
#7 /home/xkynpbah/public_html/vendor/codeigniter4/framework/system/CodeIgniter.php(410): CodeIgniter\CodeIgniter->runController(Object(App\Controllers\Telegram))
#8 /home/xkynpbah/public_html/vendor/codeigniter4/framework/system/CodeIgniter.php(318): CodeIgniter\CodeIgniter->handleRequest(NULL, Object(Config\Cache), false)
#9 /home/xkynpbah/public_html/index.php(37): CodeIgniter\CodeIgniter->run()
#10 {main}
ERROR - 2026-07-27 09:28:53 --> Telegram controller called
ERROR - 2026-07-27 09:28:53 --> Table 'xkynpbah_titoo.telegram_premium' doesn't exist
CRITICAL - 2026-07-27 09:28:53 --> Table 'xkynpbah_titoo.telegram_premium' doesn't exist
#0 /home/xkynpbah/public_html/vendor/codeigniter4/framework/system/Database/MySQLi/Connection.php(292): mysqli->query('SELECT COUNT(*)...', 0)
#1 /home/xkynpbah/public_html/vendor/codeigniter4/framework/system/Database/BaseConnection.php(670): CodeIgniter\Database\MySQLi\Connection->execute('SELECT COUNT(*)...')
#2 /home/xkynpbah/public_html/vendor/codeigniter4/framework/system/Database/BaseConnection.php(598): CodeIgniter\Database\BaseConnection->simpleQuery('SELECT COUNT(*)...')
#3 /home/xkynpbah/public_html/vendor/codeigniter4/framework/system/Database/BaseBuilder.php(1527): CodeIgniter\Database\BaseConnection->query('SELECT COUNT(*)...', Array, false)
#4 /home/xkynpbah/public_html/app/Controllers/Telegram.php(165): CodeIgniter\Database\BaseBuilder->countAllResults()
#5 /home/xkynpbah/public_html/app/Controllers/Telegram.php(124): App\Controllers\Telegram->askForResetConfirmation(6719727245, 6719727245, Object(stdClass), 'akashbabu', Object(stdClass))
#6 /home/xkynpbah/public_html/vendor/codeigniter4/framework/system/CodeIgniter.php(824): App\Controllers\Telegram->index()
#7 /home/xkynpbah/public_html/vendor/codeigniter4/framework/system/CodeIgniter.php(410): CodeIgniter\CodeIgniter->runController(Object(App\Controllers\Telegram))
#8 /home/xkynpbah/public_html/vendor/codeigniter4/framework/system/CodeIgniter.php(318): CodeIgniter\CodeIgniter->handleRequest(NULL, Object(Config\Cache), false)
#9 /home/xkynpbah/public_html/index.php(37): CodeIgniter\CodeIgniter->run()
#10 {main}
ERROR - 2026-07-27 09:30:53 --> Telegram controller called
ERROR - 2026-07-27 09:30:53 --> Table 'xkynpbah_titoo.telegram_premium' doesn't exist
CRITICAL - 2026-07-27 09:30:53 --> Table 'xkynpbah_titoo.telegram_premium' doesn't exist
#0 /home/xkynpbah/public_html/vendor/codeigniter4/framework/system/Database/MySQLi/Connection.php(292): mysqli->query('SELECT COUNT(*)...', 0)
#1 /home/xkynpbah/public_html/vendor/codeigniter4/framework/system/Database/BaseConnection.php(670): CodeIgniter\Database\MySQLi\Connection->execute('SELECT COUNT(*)...')
#2 /home/xkynpbah/public_html/vendor/codeigniter4/framework/system/Database/BaseConnection.php(598): CodeIgniter\Database\BaseConnection->simpleQuery('SELECT COUNT(*)...')
#3 /home/xkynpbah/public_html/vendor/codeigniter4/framework/system/Database/BaseBuilder.php(1527): CodeIgniter\Database\BaseConnection->query('SELECT COUNT(*)...', Array, false)
#4 /home/xkynpbah/public_html/app/Controllers/Telegram.php(165): CodeIgniter\Database\BaseBuilder->countAllResults()
#5 /home/xkynpbah/public_html/app/Controllers/Telegram.php(124): App\Controllers\Telegram->askForResetConfirmation(6719727245, 6719727245, Object(stdClass), 'akashbabu', Object(stdClass))
#6 /home/xkynpbah/public_html/vendor/codeigniter4/framework/system/CodeIgniter.php(824): App\Controllers\Telegram->index()
#7 /home/xkynpbah/public_html/vendor/codeigniter4/framework/system/CodeIgniter.php(410): CodeIgniter\CodeIgniter->runController(Object(App\Controllers\Telegram))
#8 /home/xkynpbah/public_html/vendor/codeigniter4/framework/system/CodeIgniter.php(318): CodeIgniter\CodeIgniter->handleRequest(NULL, Object(Config\Cache), false)
#9 /home/xkynpbah/public_html/index.php(37): CodeIgniter\CodeIgniter->run()
#10 {main}
ERROR - 2026-07-27 09:32:38 --> Telegram controller called
ERROR - 2026-07-27 09:32:38 --> Table 'xkynpbah_titoo.telegram_premium' doesn't exist
CRITICAL - 2026-07-27 09:32:38 --> Table 'xkynpbah_titoo.telegram_premium' doesn't exist
#0 /home/xkynpbah/public_html/vendor/codeigniter4/framework/system/Database/MySQLi/Connection.php(292): mysqli->query('SELECT COUNT(*)...', 0)
#1 /home/xkynpbah/public_html/vendor/codeigniter4/framework/system/Database/BaseConnection.php(670): CodeIgniter\Database\MySQLi\Connection->execute('SELECT COUNT(*)...')
#2 /home/xkynpbah/public_html/vendor/codeigniter4/framework/system/Database/BaseConnection.php(598): CodeIgniter\Database\BaseConnection->simpleQuery('SELECT COUNT(*)...')
#3 /home/xkynpbah/public_html/vendor/codeigniter4/framework/system/Database/BaseBuilder.php(1527): CodeIgniter\Database\BaseConnection->query('SELECT COUNT(*)...', Array, false)
#4 /home/xkynpbah/public_html/app/Controllers/Telegram.php(165): CodeIgniter\Database\BaseBuilder->countAllResults()
#5 /home/xkynpbah/public_html/app/Controllers/Telegram.php(124): App\Controllers\Telegram->askForResetConfirmation(6719727245, 6719727245, Object(stdClass), 'akashbabu', Object(stdClass))
#6 /home/xkynpbah/public_html/vendor/codeigniter4/framework/system/CodeIgniter.php(824): App\Controllers\Telegram->index()
#7 /home/xkynpbah/public_html/vendor/codeigniter4/framework/system/CodeIgniter.php(410): CodeIgniter\CodeIgniter->runController(Object(App\Controllers\Telegram))
#8 /home/xkynpbah/public_html/vendor/codeigniter4/framework/system/CodeIgniter.php(318): CodeIgniter\CodeIgniter->handleRequest(NULL, Object(Config\Cache), false)
#9 /home/xkynpbah/public_html/index.php(37): CodeIgniter\CodeIgniter->run()
#10 {main}
ERROR - 2026-07-27 09:33:58 --> Telegram controller called
ERROR - 2026-07-27 09:33:58 --> Table 'xkynpbah_titoo.telegram_premium' doesn't exist
CRITICAL - 2026-07-27 09:33:58 --> Table 'xkynpbah_titoo.telegram_premium' doesn't exist
#0 /home/xkynpbah/public_html/vendor/codeigniter4/framework/system/Database/MySQLi/Connection.php(292): mysqli->query('SELECT COUNT(*)...', 0)
#1 /home/xkynpbah/public_html/vendor/codeigniter4/framework/system/Database/BaseConnection.php(670): CodeIgniter\Database\MySQLi\Connection->execute('SELECT COUNT(*)...')
#2 /home/xkynpbah/public_html/vendor/codeigniter4/framework/system/Database/BaseConnection.php(598): CodeIgniter\Database\BaseConnection->simpleQuery('SELECT COUNT(*)...')
#3 /home/xkynpbah/public_html/vendor/codeigniter4/framework/system/Database/BaseBuilder.php(1527): CodeIgniter\Database\BaseConnection->query('SELECT COUNT(*)...', Array, false)
#4 /home/xkynpbah/public_html/app/Controllers/Telegram.php(165): CodeIgniter\Database\BaseBuilder->countAllResults()
#5 /home/xkynpbah/public_html/app/Controllers/Telegram.php(124): App\Controllers\Telegram->askForResetConfirmation(6719727245, 6719727245, Object(stdClass), 'akashbabu', Object(stdClass))
#6 /home/xkynpbah/public_html/vendor/codeigniter4/framework/system/CodeIgniter.php(824): App\Controllers\Telegram->index()
#7 /home/xkynpbah/public_html/vendor/codeigniter4/framework/system/CodeIgniter.php(410): CodeIgniter\CodeIgniter->runController(Object(App\Controllers\Telegram))
#8 /home/xkynpbah/public_html/vendor/codeigniter4/framework/system/CodeIgniter.php(318): CodeIgniter\CodeIgniter->handleRequest(NULL, Object(Config\Cache), false)
#9 /home/xkynpbah/public_html/index.php(37): CodeIgniter\CodeIgniter->run()
#10 {main}
ERROR - 2026-07-27 09:35:55 --> Telegram controller called
ERROR - 2026-07-27 09:35:55 --> Table 'xkynpbah_titoo.telegram_premium' doesn't exist
CRITICAL - 2026-07-27 09:35:55 --> Table 'xkynpbah_titoo.telegram_premium' doesn't exist
#0 /home/xkynpbah/public_html/vendor/codeigniter4/framework/system/Database/MySQLi/Connection.php(292): mysqli->query('SELECT COUNT(*)...', 0)
#1 /home/xkynpbah/public_html/vendor/codeigniter4/framework/system/Database/BaseConnection.php(670): CodeIgniter\Database\MySQLi\Connection->execute('SELECT COUNT(*)...')
#2 /home/xkynpbah/public_html/vendor/codeigniter4/framework/system/Database/BaseConnection.php(598): CodeIgniter\Database\BaseConnection->simpleQuery('SELECT COUNT(*)...')
#3 /home/xkynpbah/public_html/vendor/codeigniter4/framework/system/Database/BaseBuilder.php(1527): CodeIgniter\Database\BaseConnection->query('SELECT COUNT(*)...', Array, false)
#4 /home/xkynpbah/public_html/app/Controllers/Telegram.php(165): CodeIgniter\Database\BaseBuilder->countAllResults()
#5 /home/xkynpbah/public_html/app/Controllers/Telegram.php(124): App\Controllers\Telegram->askForResetConfirmation(6719727245, 6719727245, Object(stdClass), 'akashbabu', Object(stdClass))
#6 /home/xkynpbah/public_html/vendor/codeigniter4/framework/system/CodeIgniter.php(824): App\Controllers\Telegram->index()
#7 /home/xkynpbah/public_html/vendor/codeigniter4/framework/system/CodeIgniter.php(410): CodeIgniter\CodeIgniter->runController(Object(App\Controllers\Telegram))
#8 /home/xkynpbah/public_html/vendor/codeigniter4/framework/system/CodeIgniter.php(318): CodeIgniter\CodeIgniter->handleRequest(NULL, Object(Config\Cache), false)
#9 /home/xkynpbah/public_html/index.php(37): CodeIgniter\CodeIgniter->run()
#10 {main}
ERROR - 2026-07-27 09:37:23 --> Telegram controller called
ERROR - 2026-07-27 09:37:23 --> Table 'xkynpbah_titoo.telegram_premium' doesn't exist
CRITICAL - 2026-07-27 09:37:23 --> Table 'xkynpbah_titoo.telegram_premium' doesn't exist
#0 /home/xkynpbah/public_html/vendor/codeigniter4/framework/system/Database/MySQLi/Connection.php(292): mysqli->query('SELECT COUNT(*)...', 0)
#1 /home/xkynpbah/public_html/vendor/codeigniter4/framework/system/Database/BaseConnection.php(670): CodeIgniter\Database\MySQLi\Connection->execute('SELECT COUNT(*)...')
#2 /home/xkynpbah/public_html/vendor/codeigniter4/framework/system/Database/BaseConnection.php(598): CodeIgniter\Database\BaseConnection->simpleQuery('SELECT COUNT(*)...')
#3 /home/xkynpbah/public_html/vendor/codeigniter4/framework/system/Database/BaseBuilder.php(1527): CodeIgniter\Database\BaseConnection->query('SELECT COUNT(*)...', Array, false)
#4 /home/xkynpbah/public_html/app/Controllers/Telegram.php(165): CodeIgniter\Database\BaseBuilder->countAllResults()
#5 /home/xkynpbah/public_html/app/Controllers/Telegram.php(124): App\Controllers\Telegram->askForResetConfirmation(6719727245, 6719727245, Object(stdClass), 'akashbabu', Object(stdClass))
#6 /home/xkynpbah/public_html/vendor/codeigniter4/framework/system/CodeIgniter.php(824): App\Controllers\Telegram->index()
#7 /home/xkynpbah/public_html/vendor/codeigniter4/framework/system/CodeIgniter.php(410): CodeIgniter\CodeIgniter->runController(Object(App\Controllers\Telegram))
#8 /home/xkynpbah/public_html/vendor/codeigniter4/framework/system/CodeIgniter.php(318): CodeIgniter\CodeIgniter->handleRequest(NULL, Object(Config\Cache), false)
#9 /home/xkynpbah/public_html/index.php(37): CodeIgniter\CodeIgniter->run()
#10 {main}
ERROR - 2026-07-27 09:39:10 --> Telegram controller called
ERROR - 2026-07-27 09:39:10 --> Table 'xkynpbah_titoo.telegram_premium' doesn't exist
CRITICAL - 2026-07-27 09:39:10 --> Table 'xkynpbah_titoo.telegram_premium' doesn't exist
#0 /home/xkynpbah/public_html/vendor/codeigniter4/framework/system/Database/MySQLi/Connection.php(292): mysqli->query('SELECT COUNT(*)...', 0)
#1 /home/xkynpbah/public_html/vendor/codeigniter4/framework/system/Database/BaseConnection.php(670): CodeIgniter\Database\MySQLi\Connection->execute('SELECT COUNT(*)...')
#2 /home/xkynpbah/public_html/vendor/codeigniter4/framework/system/Database/BaseConnection.php(598): CodeIgniter\Database\BaseConnection->simpleQuery('SELECT COUNT(*)...')
#3 /home/xkynpbah/public_html/vendor/codeigniter4/framework/system/Database/BaseBuilder.php(1527): CodeIgniter\Database\BaseConnection->query('SELECT COUNT(*)...', Array, false)
#4 /home/xkynpbah/public_html/app/Controllers/Telegram.php(165): CodeIgniter\Database\BaseBuilder->countAllResults()
#5 /home/xkynpbah/public_html/app/Controllers/Telegram.php(124): App\Controllers\Telegram->askForResetConfirmation(6719727245, 6719727245, Object(stdClass), 'akashbabu', Object(stdClass))
#6 /home/xkynpbah/public_html/vendor/codeigniter4/framework/system/CodeIgniter.php(824): App\Controllers\Telegram->index()
#7 /home/xkynpbah/public_html/vendor/codeigniter4/framework/system/CodeIgniter.php(410): CodeIgniter\CodeIgniter->runController(Object(App\Controllers\Telegram))
#8 /home/xkynpbah/public_html/vendor/codeigniter4/framework/system/CodeIgniter.php(318): CodeIgniter\CodeIgniter->handleRequest(NULL, Object(Config\Cache), false)
#9 /home/xkynpbah/public_html/index.php(37): CodeIgniter\CodeIgniter->run()
#10 {main}
ERROR - 2026-07-27 09:41:02 --> Telegram controller called
ERROR - 2026-07-27 09:41:02 --> Table 'xkynpbah_titoo.telegram_premium' doesn't exist
CRITICAL - 2026-07-27 09:41:02 --> Table 'xkynpbah_titoo.telegram_premium' doesn't exist
#0 /home/xkynpbah/public_html/vendor/codeigniter4/framework/system/Database/MySQLi/Connection.php(292): mysqli->query('SELECT COUNT(*)...', 0)
#1 /home/xkynpbah/public_html/vendor/codeigniter4/framework/system/Database/BaseConnection.php(670): CodeIgniter\Database\MySQLi\Connection->execute('SELECT COUNT(*)...')
#2 /home/xkynpbah/public_html/vendor/codeigniter4/framework/system/Database/BaseConnection.php(598): CodeIgniter\Database\BaseConnection->simpleQuery('SELECT COUNT(*)...')
#3 /home/xkynpbah/public_html/vendor/codeigniter4/framework/system/Database/BaseBuilder.php(1527): CodeIgniter\Database\BaseConnection->query('SELECT COUNT(*)...', Array, false)
#4 /home/xkynpbah/public_html/app/Controllers/Telegram.php(165): CodeIgniter\Database\BaseBuilder->countAllResults()
#5 /home/xkynpbah/public_html/app/Controllers/Telegram.php(124): App\Controllers\Telegram->askForResetConfirmation(6719727245, 6719727245, Object(stdClass), 'akashbabu', Object(stdClass))
#6 /home/xkynpbah/public_html/vendor/codeigniter4/framework/system/CodeIgniter.php(824): App\Controllers\Telegram->index()
#7 /home/xkynpbah/public_html/vendor/codeigniter4/framework/system/CodeIgniter.php(410): CodeIgniter\CodeIgniter->runController(Object(App\Controllers\Telegram))
#8 /home/xkynpbah/public_html/vendor/codeigniter4/framework/system/CodeIgniter.php(318): CodeIgniter\CodeIgniter->handleRequest(NULL, Object(Config\Cache), false)
#9 /home/xkynpbah/public_html/index.php(37): CodeIgniter\CodeIgniter->run()
#10 {main}
ERROR - 2026-07-27 09:42:41 --> Telegram controller called
ERROR - 2026-07-27 09:42:41 --> Table 'xkynpbah_titoo.telegram_premium' doesn't exist
CRITICAL - 2026-07-27 09:42:41 --> Table 'xkynpbah_titoo.telegram_premium' doesn't exist
#0 /home/xkynpbah/public_html/vendor/codeigniter4/framework/system/Database/MySQLi/Connection.php(292): mysqli->query('SELECT COUNT(*)...', 0)
#1 /home/xkynpbah/public_html/vendor/codeigniter4/framework/system/Database/BaseConnection.php(670): CodeIgniter\Database\MySQLi\Connection->execute('SELECT COUNT(*)...')
#2 /home/xkynpbah/public_html/vendor/codeigniter4/framework/system/Database/BaseConnection.php(598): CodeIgniter\Database\BaseConnection->simpleQuery('SELECT COUNT(*)...')
#3 /home/xkynpbah/public_html/vendor/codeigniter4/framework/system/Database/BaseBuilder.php(1527): CodeIgniter\Database\BaseConnection->query('SELECT COUNT(*)...', Array, false)
#4 /home/xkynpbah/public_html/app/Controllers/Telegram.php(165): CodeIgniter\Database\BaseBuilder->countAllResults()
#5 /home/xkynpbah/public_html/app/Controllers/Telegram.php(124): App\Controllers\Telegram->askForResetConfirmation(6719727245, 6719727245, Object(stdClass), 'akashbabu', Object(stdClass))
#6 /home/xkynpbah/public_html/vendor/codeigniter4/framework/system/CodeIgniter.php(824): App\Controllers\Telegram->index()
#7 /home/xkynpbah/public_html/vendor/codeigniter4/framework/system/CodeIgniter.php(410): CodeIgniter\CodeIgniter->runController(Object(App\Controllers\Telegram))
#8 /home/xkynpbah/public_html/vendor/codeigniter4/framework/system/CodeIgniter.php(318): CodeIgniter\CodeIgniter->handleRequest(NULL, Object(Config\Cache), false)
#9 /home/xkynpbah/public_html/index.php(37): CodeIgniter\CodeIgniter->run()
#10 {main}
ERROR - 2026-07-27 09:44:29 --> Telegram controller called
ERROR - 2026-07-27 09:44:29 --> Table 'xkynpbah_titoo.telegram_premium' doesn't exist
CRITICAL - 2026-07-27 09:44:29 --> Table 'xkynpbah_titoo.telegram_premium' doesn't exist
#0 /home/xkynpbah/public_html/vendor/codeigniter4/framework/system/Database/MySQLi/Connection.php(292): mysqli->query('SELECT COUNT(*)...', 0)
#1 /home/xkynpbah/public_html/vendor/codeigniter4/framework/system/Database/BaseConnection.php(670): CodeIgniter\Database\MySQLi\Connection->execute('SELECT COUNT(*)...')
#2 /home/xkynpbah/public_html/vendor/codeigniter4/framework/system/Database/BaseConnection.php(598): CodeIgniter\Database\BaseConnection->simpleQuery('SELECT COUNT(*)...')
#3 /home/xkynpbah/public_html/vendor/codeigniter4/framework/system/Database/BaseBuilder.php(1527): CodeIgniter\Database\BaseConnection->query('SELECT COUNT(*)...', Array, false)
#4 /home/xkynpbah/public_html/app/Controllers/Telegram.php(165): CodeIgniter\Database\BaseBuilder->countAllResults()
#5 /home/xkynpbah/public_html/app/Controllers/Telegram.php(124): App\Controllers\Telegram->askForResetConfirmation(6719727245, 6719727245, Object(stdClass), 'akashbabu', Object(stdClass))
#6 /home/xkynpbah/public_html/vendor/codeigniter4/framework/system/CodeIgniter.php(824): App\Controllers\Telegram->index()
#7 /home/xkynpbah/public_html/vendor/codeigniter4/framework/system/CodeIgniter.php(410): CodeIgniter\CodeIgniter->runController(Object(App\Controllers\Telegram))
#8 /home/xkynpbah/public_html/vendor/codeigniter4/framework/system/CodeIgniter.php(318): CodeIgniter\CodeIgniter->handleRequest(NULL, Object(Config\Cache), false)
#9 /home/xkynpbah/public_html/index.php(37): CodeIgniter\CodeIgniter->run()
#10 {main}
ERROR - 2026-07-27 09:45:52 --> Telegram controller called
ERROR - 2026-07-27 09:45:52 --> Table 'xkynpbah_titoo.telegram_premium' doesn't exist
CRITICAL - 2026-07-27 09:45:52 --> Table 'xkynpbah_titoo.telegram_premium' doesn't exist
#0 /home/xkynpbah/public_html/vendor/codeigniter4/framework/system/Database/MySQLi/Connection.php(292): mysqli->query('SELECT COUNT(*)...', 0)
#1 /home/xkynpbah/public_html/vendor/codeigniter4/framework/system/Database/BaseConnection.php(670): CodeIgniter\Database\MySQLi\Connection->execute('SELECT COUNT(*)...')
#2 /home/xkynpbah/public_html/vendor/codeigniter4/framework/system/Database/BaseConnection.php(598): CodeIgniter\Database\BaseConnection->simpleQuery('SELECT COUNT(*)...')
#3 /home/xkynpbah/public_html/vendor/codeigniter4/framework/system/Database/BaseBuilder.php(1527): CodeIgniter\Database\BaseConnection->query('SELECT COUNT(*)...', Array, false)
#4 /home/xkynpbah/public_html/app/Controllers/Telegram.php(165): CodeIgniter\Database\BaseBuilder->countAllResults()
#5 /home/xkynpbah/public_html/app/Controllers/Telegram.php(124): App\Controllers\Telegram->askForResetConfirmation(6719727245, 6719727245, Object(stdClass), 'akashbabu', Object(stdClass))
#6 /home/xkynpbah/public_html/vendor/codeigniter4/framework/system/CodeIgniter.php(824): App\Controllers\Telegram->index()
#7 /home/xkynpbah/public_html/vendor/codeigniter4/framework/system/CodeIgniter.php(410): CodeIgniter\CodeIgniter->runController(Object(App\Controllers\Telegram))
#8 /home/xkynpbah/public_html/vendor/codeigniter4/framework/system/CodeIgniter.php(318): CodeIgniter\CodeIgniter->handleRequest(NULL, Object(Config\Cache), false)
#9 /home/xkynpbah/public_html/index.php(37): CodeIgniter\CodeIgniter->run()
#10 {main}
ERROR - 2026-07-27 09:47:16 --> Telegram controller called
ERROR - 2026-07-27 09:47:16 --> Table 'xkynpbah_titoo.telegram_premium' doesn't exist
CRITICAL - 2026-07-27 09:47:16 --> Table 'xkynpbah_titoo.telegram_premium' doesn't exist
#0 /home/xkynpbah/public_html/vendor/codeigniter4/framework/system/Database/MySQLi/Connection.php(292): mysqli->query('SELECT COUNT(*)...', 0)
#1 /home/xkynpbah/public_html/vendor/codeigniter4/framework/system/Database/BaseConnection.php(670): CodeIgniter\Database\MySQLi\Connection->execute('SELECT COUNT(*)...')
#2 /home/xkynpbah/public_html/vendor/codeigniter4/framework/system/Database/BaseConnection.php(598): CodeIgniter\Database\BaseConnection->simpleQuery('SELECT COUNT(*)...')
#3 /home/xkynpbah/public_html/vendor/codeigniter4/framework/system/Database/BaseBuilder.php(1527): CodeIgniter\Database\BaseConnection->query('SELECT COUNT(*)...', Array, false)
#4 /home/xkynpbah/public_html/app/Controllers/Telegram.php(165): CodeIgniter\Database\BaseBuilder->countAllResults()
#5 /home/xkynpbah/public_html/app/Controllers/Telegram.php(124): App\Controllers\Telegram->askForResetConfirmation(6719727245, 6719727245, Object(stdClass), 'akashbabu', Object(stdClass))
#6 /home/xkynpbah/public_html/vendor/codeigniter4/framework/system/CodeIgniter.php(824): App\Controllers\Telegram->index()
#7 /home/xkynpbah/public_html/vendor/codeigniter4/framework/system/CodeIgniter.php(410): CodeIgniter\CodeIgniter->runController(Object(App\Controllers\Telegram))
#8 /home/xkynpbah/public_html/vendor/codeigniter4/framework/system/CodeIgniter.php(318): CodeIgniter\CodeIgniter->handleRequest(NULL, Object(Config\Cache), false)
#9 /home/xkynpbah/public_html/index.php(37): CodeIgniter\CodeIgniter->run()
#10 {main}
ERROR - 2026-07-27 09:48:27 --> Telegram controller called
ERROR - 2026-07-27 09:48:27 --> Table 'xkynpbah_titoo.telegram_premium' doesn't exist
CRITICAL - 2026-07-27 09:48:27 --> Table 'xkynpbah_titoo.telegram_premium' doesn't exist
#0 /home/xkynpbah/public_html/vendor/codeigniter4/framework/system/Database/MySQLi/Connection.php(292): mysqli->query('SELECT COUNT(*)...', 0)
#1 /home/xkynpbah/public_html/vendor/codeigniter4/framework/system/Database/BaseConnection.php(670): CodeIgniter\Database\MySQLi\Connection->execute('SELECT COUNT(*)...')
#2 /home/xkynpbah/public_html/vendor/codeigniter4/framework/system/Database/BaseConnection.php(598): CodeIgniter\Database\BaseConnection->simpleQuery('SELECT COUNT(*)...')
#3 /home/xkynpbah/public_html/vendor/codeigniter4/framework/system/Database/BaseBuilder.php(1527): CodeIgniter\Database\BaseConnection->query('SELECT COUNT(*)...', Array, false)
#4 /home/xkynpbah/public_html/app/Controllers/Telegram.php(165): CodeIgniter\Database\BaseBuilder->countAllResults()
#5 /home/xkynpbah/public_html/app/Controllers/Telegram.php(124): App\Controllers\Telegram->askForResetConfirmation(6719727245, 6719727245, Object(stdClass), 'akashbabu', Object(stdClass))
#6 /home/xkynpbah/public_html/vendor/codeigniter4/framework/system/CodeIgniter.php(824): App\Controllers\Telegram->index()
#7 /home/xkynpbah/public_html/vendor/codeigniter4/framework/system/CodeIgniter.php(410): CodeIgniter\CodeIgniter->runController(Object(App\Controllers\Telegram))
#8 /home/xkynpbah/public_html/vendor/codeigniter4/framework/system/CodeIgniter.php(318): CodeIgniter\CodeIgniter->handleRequest(NULL, Object(Config\Cache), false)
#9 /home/xkynpbah/public_html/index.php(37): CodeIgniter\CodeIgniter->run()
#10 {main}
ERROR - 2026-07-27 09:49:42 --> Telegram controller called
ERROR - 2026-07-27 09:49:42 --> Table 'xkynpbah_titoo.telegram_premium' doesn't exist
CRITICAL - 2026-07-27 09:49:42 --> Table 'xkynpbah_titoo.telegram_premium' doesn't exist
#0 /home/xkynpbah/public_html/vendor/codeigniter4/framework/system/Database/MySQLi/Connection.php(292): mysqli->query('SELECT COUNT(*)...', 0)
#1 /home/xkynpbah/public_html/vendor/codeigniter4/framework/system/Database/BaseConnection.php(670): CodeIgniter\Database\MySQLi\Connection->execute('SELECT COUNT(*)...')
#2 /home/xkynpbah/public_html/vendor/codeigniter4/framework/system/Database/BaseConnection.php(598): CodeIgniter\Database\BaseConnection->simpleQuery('SELECT COUNT(*)...')
#3 /home/xkynpbah/public_html/vendor/codeigniter4/framework/system/Database/BaseBuilder.php(1527): CodeIgniter\Database\BaseConnection->query('SELECT COUNT(*)...', Array, false)
#4 /home/xkynpbah/public_html/app/Controllers/Telegram.php(165): CodeIgniter\Database\BaseBuilder->countAllResults()
#5 /home/xkynpbah/public_html/app/Controllers/Telegram.php(124): App\Controllers\Telegram->askForResetConfirmation(6719727245, 6719727245, Object(stdClass), 'akashbabu', Object(stdClass))
#6 /home/xkynpbah/public_html/vendor/codeigniter4/framework/system/CodeIgniter.php(824): App\Controllers\Telegram->index()
#7 /home/xkynpbah/public_html/vendor/codeigniter4/framework/system/CodeIgniter.php(410): CodeIgniter\CodeIgniter->runController(Object(App\Controllers\Telegram))
#8 /home/xkynpbah/public_html/vendor/codeigniter4/framework/system/CodeIgniter.php(318): CodeIgniter\CodeIgniter->handleRequest(NULL, Object(Config\Cache), false)
#9 /home/xkynpbah/public_html/index.php(37): CodeIgniter\CodeIgniter->run()
#10 {main}
ERROR - 2026-07-27 09:51:33 --> Telegram controller called
ERROR - 2026-07-27 09:51:33 --> Table 'xkynpbah_titoo.telegram_premium' doesn't exist
CRITICAL - 2026-07-27 09:51:33 --> Table 'xkynpbah_titoo.telegram_premium' doesn't exist
#0 /home/xkynpbah/public_html/vendor/codeigniter4/framework/system/Database/MySQLi/Connection.php(292): mysqli->query('SELECT COUNT(*)...', 0)
#1 /home/xkynpbah/public_html/vendor/codeigniter4/framework/system/Database/BaseConnection.php(670): CodeIgniter\Database\MySQLi\Connection->execute('SELECT COUNT(*)...')
#2 /home/xkynpbah/public_html/vendor/codeigniter4/framework/system/Database/BaseConnection.php(598): CodeIgniter\Database\BaseConnection->simpleQuery('SELECT COUNT(*)...')
#3 /home/xkynpbah/public_html/vendor/codeigniter4/framework/system/Database/BaseBuilder.php(1527): CodeIgniter\Database\BaseConnection->query('SELECT COUNT(*)...', Array, false)
#4 /home/xkynpbah/public_html/app/Controllers/Telegram.php(165): CodeIgniter\Database\BaseBuilder->countAllResults()
#5 /home/xkynpbah/public_html/app/Controllers/Telegram.php(124): App\Controllers\Telegram->askForResetConfirmation(6719727245, 6719727245, Object(stdClass), 'akashbabu', Object(stdClass))
#6 /home/xkynpbah/public_html/vendor/codeigniter4/framework/system/CodeIgniter.php(824): App\Controllers\Telegram->index()
#7 /home/xkynpbah/public_html/vendor/codeigniter4/framework/system/CodeIgniter.php(410): CodeIgniter\CodeIgniter->runController(Object(App\Controllers\Telegram))
#8 /home/xkynpbah/public_html/vendor/codeigniter4/framework/system/CodeIgniter.php(318): CodeIgniter\CodeIgniter->handleRequest(NULL, Object(Config\Cache), false)
#9 /home/xkynpbah/public_html/index.php(37): CodeIgniter\CodeIgniter->run()
#10 {main}
ERROR - 2026-07-27 09:52:49 --> Telegram controller called
ERROR - 2026-07-27 09:52:49 --> Table 'xkynpbah_titoo.telegram_premium' doesn't exist
CRITICAL - 2026-07-27 09:52:49 --> Table 'xkynpbah_titoo.telegram_premium' doesn't exist
#0 /home/xkynpbah/public_html/vendor/codeigniter4/framework/system/Database/MySQLi/Connection.php(292): mysqli->query('SELECT COUNT(*)...', 0)
#1 /home/xkynpbah/public_html/vendor/codeigniter4/framework/system/Database/BaseConnection.php(670): CodeIgniter\Database\MySQLi\Connection->execute('SELECT COUNT(*)...')
#2 /home/xkynpbah/public_html/vendor/codeigniter4/framework/system/Database/BaseConnection.php(598): CodeIgniter\Database\BaseConnection->simpleQuery('SELECT COUNT(*)...')
#3 /home/xkynpbah/public_html/vendor/codeigniter4/framework/system/Database/BaseBuilder.php(1527): CodeIgniter\Database\BaseConnection->query('SELECT COUNT(*)...', Array, false)
#4 /home/xkynpbah/public_html/app/Controllers/Telegram.php(165): CodeIgniter\Database\BaseBuilder->countAllResults()
#5 /home/xkynpbah/public_html/app/Controllers/Telegram.php(124): App\Controllers\Telegram->askForResetConfirmation(6719727245, 6719727245, Object(stdClass), 'akashbabu', Object(stdClass))
#6 /home/xkynpbah/public_html/vendor/codeigniter4/framework/system/CodeIgniter.php(824): App\Controllers\Telegram->index()
#7 /home/xkynpbah/public_html/vendor/codeigniter4/framework/system/CodeIgniter.php(410): CodeIgniter\CodeIgniter->runController(Object(App\Controllers\Telegram))
#8 /home/xkynpbah/public_html/vendor/codeigniter4/framework/system/CodeIgniter.php(318): CodeIgniter\CodeIgniter->handleRequest(NULL, Object(Config\Cache), false)
#9 /home/xkynpbah/public_html/index.php(37): CodeIgniter\CodeIgniter->run()
#10 {main}
ERROR - 2026-07-27 09:54:41 --> Telegram controller called
ERROR - 2026-07-27 09:54:41 --> Table 'xkynpbah_titoo.telegram_premium' doesn't exist
CRITICAL - 2026-07-27 09:54:41 --> Table 'xkynpbah_titoo.telegram_premium' doesn't exist
#0 /home/xkynpbah/public_html/vendor/codeigniter4/framework/system/Database/MySQLi/Connection.php(292): mysqli->query('SELECT COUNT(*)...', 0)
#1 /home/xkynpbah/public_html/vendor/codeigniter4/framework/system/Database/BaseConnection.php(670): CodeIgniter\Database\MySQLi\Connection->execute('SELECT COUNT(*)...')
#2 /home/xkynpbah/public_html/vendor/codeigniter4/framework/system/Database/BaseConnection.php(598): CodeIgniter\Database\BaseConnection->simpleQuery('SELECT COUNT(*)...')
#3 /home/xkynpbah/public_html/vendor/codeigniter4/framework/system/Database/BaseBuilder.php(1527): CodeIgniter\Database\BaseConnection->query('SELECT COUNT(*)...', Array, false)
#4 /home/xkynpbah/public_html/app/Controllers/Telegram.php(165): CodeIgniter\Database\BaseBuilder->countAllResults()
#5 /home/xkynpbah/public_html/app/Controllers/Telegram.php(124): App\Controllers\Telegram->askForResetConfirmation(6719727245, 6719727245, Object(stdClass), 'akashbabu', Object(stdClass))
#6 /home/xkynpbah/public_html/vendor/codeigniter4/framework/system/CodeIgniter.php(824): App\Controllers\Telegram->index()
#7 /home/xkynpbah/public_html/vendor/codeigniter4/framework/system/CodeIgniter.php(410): CodeIgniter\CodeIgniter->runController(Object(App\Controllers\Telegram))
#8 /home/xkynpbah/public_html/vendor/codeigniter4/framework/system/CodeIgniter.php(318): CodeIgniter\CodeIgniter->handleRequest(NULL, Object(Config\Cache), false)
#9 /home/xkynpbah/public_html/index.php(37): CodeIgniter\CodeIgniter->run()
#10 {main}
ERROR - 2026-07-27 09:55:55 --> Telegram controller called
ERROR - 2026-07-27 09:55:55 --> Table 'xkynpbah_titoo.telegram_premium' doesn't exist
CRITICAL - 2026-07-27 09:55:55 --> Table 'xkynpbah_titoo.telegram_premium' doesn't exist
#0 /home/xkynpbah/public_html/vendor/codeigniter4/framework/system/Database/MySQLi/Connection.php(292): mysqli->query('SELECT COUNT(*)...', 0)
#1 /home/xkynpbah/public_html/vendor/codeigniter4/framework/system/Database/BaseConnection.php(670): CodeIgniter\Database\MySQLi\Connection->execute('SELECT COUNT(*)...')
#2 /home/xkynpbah/public_html/vendor/codeigniter4/framework/system/Database/BaseConnection.php(598): CodeIgniter\Database\BaseConnection->simpleQuery('SELECT COUNT(*)...')
#3 /home/xkynpbah/public_html/vendor/codeigniter4/framework/system/Database/BaseBuilder.php(1527): CodeIgniter\Database\BaseConnection->query('SELECT COUNT(*)...', Array, false)
#4 /home/xkynpbah/public_html/app/Controllers/Telegram.php(165): CodeIgniter\Database\BaseBuilder->countAllResults()
#5 /home/xkynpbah/public_html/app/Controllers/Telegram.php(124): App\Controllers\Telegram->askForResetConfirmation(6719727245, 6719727245, Object(stdClass), 'akashbabu', Object(stdClass))
#6 /home/xkynpbah/public_html/vendor/codeigniter4/framework/system/CodeIgniter.php(824): App\Controllers\Telegram->index()
#7 /home/xkynpbah/public_html/vendor/codeigniter4/framework/system/CodeIgniter.php(410): CodeIgniter\CodeIgniter->runController(Object(App\Controllers\Telegram))
#8 /home/xkynpbah/public_html/vendor/codeigniter4/framework/system/CodeIgniter.php(318): CodeIgniter\CodeIgniter->handleRequest(NULL, Object(Config\Cache), false)
#9 /home/xkynpbah/public_html/index.php(37): CodeIgniter\CodeIgniter->run()
#10 {main}
ERROR - 2026-07-27 09:57:48 --> Telegram controller called
ERROR - 2026-07-27 09:57:48 --> Table 'xkynpbah_titoo.telegram_premium' doesn't exist
CRITICAL - 2026-07-27 09:57:48 --> Table 'xkynpbah_titoo.telegram_premium' doesn't exist
#0 /home/xkynpbah/public_html/vendor/codeigniter4/framework/system/Database/MySQLi/Connection.php(292): mysqli->query('SELECT COUNT(*)...', 0)
#1 /home/xkynpbah/public_html/vendor/codeigniter4/framework/system/Database/BaseConnection.php(670): CodeIgniter\Database\MySQLi\Connection->execute('SELECT COUNT(*)...')
#2 /home/xkynpbah/public_html/vendor/codeigniter4/framework/system/Database/BaseConnection.php(598): CodeIgniter\Database\BaseConnection->simpleQuery('SELECT COUNT(*)...')
#3 /home/xkynpbah/public_html/vendor/codeigniter4/framework/system/Database/BaseBuilder.php(1527): CodeIgniter\Database\BaseConnection->query('SELECT COUNT(*)...', Array, false)
#4 /home/xkynpbah/public_html/app/Controllers/Telegram.php(165): CodeIgniter\Database\BaseBuilder->countAllResults()
#5 /home/xkynpbah/public_html/app/Controllers/Telegram.php(124): App\Controllers\Telegram->askForResetConfirmation(6719727245, 6719727245, Object(stdClass), 'akashbabu', Object(stdClass))
#6 /home/xkynpbah/public_html/vendor/codeigniter4/framework/system/CodeIgniter.php(824): App\Controllers\Telegram->index()
#7 /home/xkynpbah/public_html/vendor/codeigniter4/framework/system/CodeIgniter.php(410): CodeIgniter\CodeIgniter->runController(Object(App\Controllers\Telegram))
#8 /home/xkynpbah/public_html/vendor/codeigniter4/framework/system/CodeIgniter.php(318): CodeIgniter\CodeIgniter->handleRequest(NULL, Object(Config\Cache), false)
#9 /home/xkynpbah/public_html/index.php(37): CodeIgniter\CodeIgniter->run()
#10 {main}
ERROR - 2026-07-27 09:59:14 --> Telegram controller called
ERROR - 2026-07-27 09:59:14 --> Table 'xkynpbah_titoo.telegram_premium' doesn't exist
CRITICAL - 2026-07-27 09:59:14 --> Table 'xkynpbah_titoo.telegram_premium' doesn't exist
#0 /home/xkynpbah/public_html/vendor/codeigniter4/framework/system/Database/MySQLi/Connection.php(292): mysqli->query('SELECT COUNT(*)...', 0)
#1 /home/xkynpbah/public_html/vendor/codeigniter4/framework/system/Database/BaseConnection.php(670): CodeIgniter\Database\MySQLi\Connection->execute('SELECT COUNT(*)...')
#2 /home/xkynpbah/public_html/vendor/codeigniter4/framework/system/Database/BaseConnection.php(598): CodeIgniter\Database\BaseConnection->simpleQuery('SELECT COUNT(*)...')
#3 /home/xkynpbah/public_html/vendor/codeigniter4/framework/system/Database/BaseBuilder.php(1527): CodeIgniter\Database\BaseConnection->query('SELECT COUNT(*)...', Array, false)
#4 /home/xkynpbah/public_html/app/Controllers/Telegram.php(165): CodeIgniter\Database\BaseBuilder->countAllResults()
#5 /home/xkynpbah/public_html/app/Controllers/Telegram.php(124): App\Controllers\Telegram->askForResetConfirmation(6719727245, 6719727245, Object(stdClass), 'akashbabu', Object(stdClass))
#6 /home/xkynpbah/public_html/vendor/codeigniter4/framework/system/CodeIgniter.php(824): App\Controllers\Telegram->index()
#7 /home/xkynpbah/public_html/vendor/codeigniter4/framework/system/CodeIgniter.php(410): CodeIgniter\CodeIgniter->runController(Object(App\Controllers\Telegram))
#8 /home/xkynpbah/public_html/vendor/codeigniter4/framework/system/CodeIgniter.php(318): CodeIgniter\CodeIgniter->handleRequest(NULL, Object(Config\Cache), false)
#9 /home/xkynpbah/public_html/index.php(37): CodeIgniter\CodeIgniter->run()
#10 {main}
ERROR - 2026-07-27 10:00:15 --> Telegram controller called
ERROR - 2026-07-27 10:00:15 --> Table 'xkynpbah_titoo.telegram_premium' doesn't exist
CRITICAL - 2026-07-27 10:00:15 --> Table 'xkynpbah_titoo.telegram_premium' doesn't exist
#0 /home/xkynpbah/public_html/vendor/codeigniter4/framework/system/Database/MySQLi/Connection.php(292): mysqli->query('SELECT COUNT(*)...', 0)
#1 /home/xkynpbah/public_html/vendor/codeigniter4/framework/system/Database/BaseConnection.php(670): CodeIgniter\Database\MySQLi\Connection->execute('SELECT COUNT(*)...')
#2 /home/xkynpbah/public_html/vendor/codeigniter4/framework/system/Database/BaseConnection.php(598): CodeIgniter\Database\BaseConnection->simpleQuery('SELECT COUNT(*)...')
#3 /home/xkynpbah/public_html/vendor/codeigniter4/framework/system/Database/BaseBuilder.php(1527): CodeIgniter\Database\BaseConnection->query('SELECT COUNT(*)...', Array, false)
#4 /home/xkynpbah/public_html/app/Controllers/Telegram.php(165): CodeIgniter\Database\BaseBuilder->countAllResults()
#5 /home/xkynpbah/public_html/app/Controllers/Telegram.php(124): App\Controllers\Telegram->askForResetConfirmation(6719727245, 6719727245, Object(stdClass), 'akashbabu', Object(stdClass))
#6 /home/xkynpbah/public_html/vendor/codeigniter4/framework/system/CodeIgniter.php(824): App\Controllers\Telegram->index()
#7 /home/xkynpbah/public_html/vendor/codeigniter4/framework/system/CodeIgniter.php(410): CodeIgniter\CodeIgniter->runController(Object(App\Controllers\Telegram))
#8 /home/xkynpbah/public_html/vendor/codeigniter4/framework/system/CodeIgniter.php(318): CodeIgniter\CodeIgniter->handleRequest(NULL, Object(Config\Cache), false)
#9 /home/xkynpbah/public_html/index.php(37): CodeIgniter\CodeIgniter->run()
#10 {main}
ERROR - 2026-07-27 10:01:55 --> Telegram controller called
ERROR - 2026-07-27 10:01:55 --> Table 'xkynpbah_titoo.telegram_premium' doesn't exist
CRITICAL - 2026-07-27 10:01:55 --> Table 'xkynpbah_titoo.telegram_premium' doesn't exist
#0 /home/xkynpbah/public_html/vendor/codeigniter4/framework/system/Database/MySQLi/Connection.php(292): mysqli->query('SELECT COUNT(*)...', 0)
#1 /home/xkynpbah/public_html/vendor/codeigniter4/framework/system/Database/BaseConnection.php(670): CodeIgniter\Database\MySQLi\Connection->execute('SELECT COUNT(*)...')
#2 /home/xkynpbah/public_html/vendor/codeigniter4/framework/system/Database/BaseConnection.php(598): CodeIgniter\Database\BaseConnection->simpleQuery('SELECT COUNT(*)...')
#3 /home/xkynpbah/public_html/vendor/codeigniter4/framework/system/Database/BaseBuilder.php(1527): CodeIgniter\Database\BaseConnection->query('SELECT COUNT(*)...', Array, false)
#4 /home/xkynpbah/public_html/app/Controllers/Telegram.php(165): CodeIgniter\Database\BaseBuilder->countAllResults()
#5 /home/xkynpbah/public_html/app/Controllers/Telegram.php(124): App\Controllers\Telegram->askForResetConfirmation(6719727245, 6719727245, Object(stdClass), 'akashbabu', Object(stdClass))
#6 /home/xkynpbah/public_html/vendor/codeigniter4/framework/system/CodeIgniter.php(824): App\Controllers\Telegram->index()
#7 /home/xkynpbah/public_html/vendor/codeigniter4/framework/system/CodeIgniter.php(410): CodeIgniter\CodeIgniter->runController(Object(App\Controllers\Telegram))
#8 /home/xkynpbah/public_html/vendor/codeigniter4/framework/system/CodeIgniter.php(318): CodeIgniter\CodeIgniter->handleRequest(NULL, Object(Config\Cache), false)
#9 /home/xkynpbah/public_html/index.php(37): CodeIgniter\CodeIgniter->run()
#10 {main}
ERROR - 2026-07-27 10:03:37 --> Telegram controller called
ERROR - 2026-07-27 10:03:37 --> Table 'xkynpbah_titoo.telegram_premium' doesn't exist
CRITICAL - 2026-07-27 10:03:37 --> Table 'xkynpbah_titoo.telegram_premium' doesn't exist
#0 /home/xkynpbah/public_html/vendor/codeigniter4/framework/system/Database/MySQLi/Connection.php(292): mysqli->query('SELECT COUNT(*)...', 0)
#1 /home/xkynpbah/public_html/vendor/codeigniter4/framework/system/Database/BaseConnection.php(670): CodeIgniter\Database\MySQLi\Connection->execute('SELECT COUNT(*)...')
#2 /home/xkynpbah/public_html/vendor/codeigniter4/framework/system/Database/BaseConnection.php(598): CodeIgniter\Database\BaseConnection->simpleQuery('SELECT COUNT(*)...')
#3 /home/xkynpbah/public_html/vendor/codeigniter4/framework/system/Database/BaseBuilder.php(1527): CodeIgniter\Database\BaseConnection->query('SELECT COUNT(*)...', Array, false)
#4 /home/xkynpbah/public_html/app/Controllers/Telegram.php(165): CodeIgniter\Database\BaseBuilder->countAllResults()
#5 /home/xkynpbah/public_html/app/Controllers/Telegram.php(124): App\Controllers\Telegram->askForResetConfirmation(6719727245, 6719727245, Object(stdClass), 'akashbabu', Object(stdClass))
#6 /home/xkynpbah/public_html/vendor/codeigniter4/framework/system/CodeIgniter.php(824): App\Controllers\Telegram->index()
#7 /home/xkynpbah/public_html/vendor/codeigniter4/framework/system/CodeIgniter.php(410): CodeIgniter\CodeIgniter->runController(Object(App\Controllers\Telegram))
#8 /home/xkynpbah/public_html/vendor/codeigniter4/framework/system/CodeIgniter.php(318): CodeIgniter\CodeIgniter->handleRequest(NULL, Object(Config\Cache), false)
#9 /home/xkynpbah/public_html/index.php(37): CodeIgniter\CodeIgniter->run()
#10 {main}
ERROR - 2026-07-27 10:05:19 --> Telegram controller called
ERROR - 2026-07-27 10:05:19 --> Table 'xkynpbah_titoo.telegram_premium' doesn't exist
CRITICAL - 2026-07-27 10:05:19 --> Table 'xkynpbah_titoo.telegram_premium' doesn't exist
#0 /home/xkynpbah/public_html/vendor/codeigniter4/framework/system/Database/MySQLi/Connection.php(292): mysqli->query('SELECT COUNT(*)...', 0)
#1 /home/xkynpbah/public_html/vendor/codeigniter4/framework/system/Database/BaseConnection.php(670): CodeIgniter\Database\MySQLi\Connection->execute('SELECT COUNT(*)...')
#2 /home/xkynpbah/public_html/vendor/codeigniter4/framework/system/Database/BaseConnection.php(598): CodeIgniter\Database\BaseConnection->simpleQuery('SELECT COUNT(*)...')
#3 /home/xkynpbah/public_html/vendor/codeigniter4/framework/system/Database/BaseBuilder.php(1527): CodeIgniter\Database\BaseConnection->query('SELECT COUNT(*)...', Array, false)
#4 /home/xkynpbah/public_html/app/Controllers/Telegram.php(165): CodeIgniter\Database\BaseBuilder->countAllResults()
#5 /home/xkynpbah/public_html/app/Controllers/Telegram.php(124): App\Controllers\Telegram->askForResetConfirmation(6719727245, 6719727245, Object(stdClass), 'akashbabu', Object(stdClass))
#6 /home/xkynpbah/public_html/vendor/codeigniter4/framework/system/CodeIgniter.php(824): App\Controllers\Telegram->index()
#7 /home/xkynpbah/public_html/vendor/codeigniter4/framework/system/CodeIgniter.php(410): CodeIgniter\CodeIgniter->runController(Object(App\Controllers\Telegram))
#8 /home/xkynpbah/public_html/vendor/codeigniter4/framework/system/CodeIgniter.php(318): CodeIgniter\CodeIgniter->handleRequest(NULL, Object(Config\Cache), false)
#9 /home/xkynpbah/public_html/index.php(37): CodeIgniter\CodeIgniter->run()
#10 {main}
ERROR - 2026-07-27 10:06:58 --> Telegram controller called
ERROR - 2026-07-27 10:06:58 --> Table 'xkynpbah_titoo.telegram_premium' doesn't exist
CRITICAL - 2026-07-27 10:06:58 --> Table 'xkynpbah_titoo.telegram_premium' doesn't exist
#0 /home/xkynpbah/public_html/vendor/codeigniter4/framework/system/Database/MySQLi/Connection.php(292): mysqli->query('SELECT COUNT(*)...', 0)
#1 /home/xkynpbah/public_html/vendor/codeigniter4/framework/system/Database/BaseConnection.php(670): CodeIgniter\Database\MySQLi\Connection->execute('SELECT COUNT(*)...')
#2 /home/xkynpbah/public_html/vendor/codeigniter4/framework/system/Database/BaseConnection.php(598): CodeIgniter\Database\BaseConnection->simpleQuery('SELECT COUNT(*)...')
#3 /home/xkynpbah/public_html/vendor/codeigniter4/framework/system/Database/BaseBuilder.php(1527): CodeIgniter\Database\BaseConnection->query('SELECT COUNT(*)...', Array, false)
#4 /home/xkynpbah/public_html/app/Controllers/Telegram.php(165): CodeIgniter\Database\BaseBuilder->countAllResults()
#5 /home/xkynpbah/public_html/app/Controllers/Telegram.php(124): App\Controllers\Telegram->askForResetConfirmation(6719727245, 6719727245, Object(stdClass), 'akashbabu', Object(stdClass))
#6 /home/xkynpbah/public_html/vendor/codeigniter4/framework/system/CodeIgniter.php(824): App\Controllers\Telegram->index()
#7 /home/xkynpbah/public_html/vendor/codeigniter4/framework/system/CodeIgniter.php(410): CodeIgniter\CodeIgniter->runController(Object(App\Controllers\Telegram))
#8 /home/xkynpbah/public_html/vendor/codeigniter4/framework/system/CodeIgniter.php(318): CodeIgniter\CodeIgniter->handleRequest(NULL, Object(Config\Cache), false)
#9 /home/xkynpbah/public_html/index.php(37): CodeIgniter\CodeIgniter->run()
#10 {main}
ERROR - 2026-07-27 10:08:20 --> Telegram controller called
ERROR - 2026-07-27 10:08:20 --> Table 'xkynpbah_titoo.telegram_premium' doesn't exist
CRITICAL - 2026-07-27 10:08:20 --> Table 'xkynpbah_titoo.telegram_premium' doesn't exist
#0 /home/xkynpbah/public_html/vendor/codeigniter4/framework/system/Database/MySQLi/Connection.php(292): mysqli->query('SELECT COUNT(*)...', 0)
#1 /home/xkynpbah/public_html/vendor/codeigniter4/framework/system/Database/BaseConnection.php(670): CodeIgniter\Database\MySQLi\Connection->execute('SELECT COUNT(*)...')
#2 /home/xkynpbah/public_html/vendor/codeigniter4/framework/system/Database/BaseConnection.php(598): CodeIgniter\Database\BaseConnection->simpleQuery('SELECT COUNT(*)...')
#3 /home/xkynpbah/public_html/vendor/codeigniter4/framework/system/Database/BaseBuilder.php(1527): CodeIgniter\Database\BaseConnection->query('SELECT COUNT(*)...', Array, false)
#4 /home/xkynpbah/public_html/app/Controllers/Telegram.php(165): CodeIgniter\Database\BaseBuilder->countAllResults()
#5 /home/xkynpbah/public_html/app/Controllers/Telegram.php(124): App\Controllers\Telegram->askForResetConfirmation(6719727245, 6719727245, Object(stdClass), 'akashbabu', Object(stdClass))
#6 /home/xkynpbah/public_html/vendor/codeigniter4/framework/system/CodeIgniter.php(824): App\Controllers\Telegram->index()
#7 /home/xkynpbah/public_html/vendor/codeigniter4/framework/system/CodeIgniter.php(410): CodeIgniter\CodeIgniter->runController(Object(App\Controllers\Telegram))
#8 /home/xkynpbah/public_html/vendor/codeigniter4/framework/system/CodeIgniter.php(318): CodeIgniter\CodeIgniter->handleRequest(NULL, Object(Config\Cache), false)
#9 /home/xkynpbah/public_html/index.php(37): CodeIgniter\CodeIgniter->run()
#10 {main}
ERROR - 2026-07-27 10:10:19 --> Telegram controller called
ERROR - 2026-07-27 10:10:19 --> Table 'xkynpbah_titoo.telegram_premium' doesn't exist
CRITICAL - 2026-07-27 10:10:19 --> Table 'xkynpbah_titoo.telegram_premium' doesn't exist
#0 /home/xkynpbah/public_html/vendor/codeigniter4/framework/system/Database/MySQLi/Connection.php(292): mysqli->query('SELECT COUNT(*)...', 0)
#1 /home/xkynpbah/public_html/vendor/codeigniter4/framework/system/Database/BaseConnection.php(670): CodeIgniter\Database\MySQLi\Connection->execute('SELECT COUNT(*)...')
#2 /home/xkynpbah/public_html/vendor/codeigniter4/framework/system/Database/BaseConnection.php(598): CodeIgniter\Database\BaseConnection->simpleQuery('SELECT COUNT(*)...')
#3 /home/xkynpbah/public_html/vendor/codeigniter4/framework/system/Database/BaseBuilder.php(1527): CodeIgniter\Database\BaseConnection->query('SELECT COUNT(*)...', Array, false)
#4 /home/xkynpbah/public_html/app/Controllers/Telegram.php(165): CodeIgniter\Database\BaseBuilder->countAllResults()
#5 /home/xkynpbah/public_html/app/Controllers/Telegram.php(124): App\Controllers\Telegram->askForResetConfirmation(6719727245, 6719727245, Object(stdClass), 'akashbabu', Object(stdClass))
#6 /home/xkynpbah/public_html/vendor/codeigniter4/framework/system/CodeIgniter.php(824): App\Controllers\Telegram->index()
#7 /home/xkynpbah/public_html/vendor/codeigniter4/framework/system/CodeIgniter.php(410): CodeIgniter\CodeIgniter->runController(Object(App\Controllers\Telegram))
#8 /home/xkynpbah/public_html/vendor/codeigniter4/framework/system/CodeIgniter.php(318): CodeIgniter\CodeIgniter->handleRequest(NULL, Object(Config\Cache), false)
#9 /home/xkynpbah/public_html/index.php(37): CodeIgniter\CodeIgniter->run()
#10 {main}
ERROR - 2026-07-27 10:12:13 --> Telegram controller called
ERROR - 2026-07-27 10:12:13 --> Table 'xkynpbah_titoo.telegram_premium' doesn't exist
CRITICAL - 2026-07-27 10:12:13 --> Table 'xkynpbah_titoo.telegram_premium' doesn't exist
#0 /home/xkynpbah/public_html/vendor/codeigniter4/framework/system/Database/MySQLi/Connection.php(292): mysqli->query('SELECT COUNT(*)...', 0)
#1 /home/xkynpbah/public_html/vendor/codeigniter4/framework/system/Database/BaseConnection.php(670): CodeIgniter\Database\MySQLi\Connection->execute('SELECT COUNT(*)...')
#2 /home/xkynpbah/public_html/vendor/codeigniter4/framework/system/Database/BaseConnection.php(598): CodeIgniter\Database\BaseConnection->simpleQuery('SELECT COUNT(*)...')
#3 /home/xkynpbah/public_html/vendor/codeigniter4/framework/system/Database/BaseBuilder.php(1527): CodeIgniter\Database\BaseConnection->query('SELECT COUNT(*)...', Array, false)
#4 /home/xkynpbah/public_html/app/Controllers/Telegram.php(165): CodeIgniter\Database\BaseBuilder->countAllResults()
#5 /home/xkynpbah/public_html/app/Controllers/Telegram.php(124): App\Controllers\Telegram->askForResetConfirmation(6719727245, 6719727245, Object(stdClass), 'akashbabu', Object(stdClass))
#6 /home/xkynpbah/public_html/vendor/codeigniter4/framework/system/CodeIgniter.php(824): App\Controllers\Telegram->index()
#7 /home/xkynpbah/public_html/vendor/codeigniter4/framework/system/CodeIgniter.php(410): CodeIgniter\CodeIgniter->runController(Object(App\Controllers\Telegram))
#8 /home/xkynpbah/public_html/vendor/codeigniter4/framework/system/CodeIgniter.php(318): CodeIgniter\CodeIgniter->handleRequest(NULL, Object(Config\Cache), false)
#9 /home/xkynpbah/public_html/index.php(37): CodeIgniter\CodeIgniter->run()
#10 {main}
ERROR - 2026-07-27 10:13:46 --> Telegram controller called
ERROR - 2026-07-27 10:13:46 --> Table 'xkynpbah_titoo.telegram_premium' doesn't exist
CRITICAL - 2026-07-27 10:13:46 --> Table 'xkynpbah_titoo.telegram_premium' doesn't exist
#0 /home/xkynpbah/public_html/vendor/codeigniter4/framework/system/Database/MySQLi/Connection.php(292): mysqli->query('SELECT COUNT(*)...', 0)
#1 /home/xkynpbah/public_html/vendor/codeigniter4/framework/system/Database/BaseConnection.php(670): CodeIgniter\Database\MySQLi\Connection->execute('SELECT COUNT(*)...')
#2 /home/xkynpbah/public_html/vendor/codeigniter4/framework/system/Database/BaseConnection.php(598): CodeIgniter\Database\BaseConnection->simpleQuery('SELECT COUNT(*)...')
#3 /home/xkynpbah/public_html/vendor/codeigniter4/framework/system/Database/BaseBuilder.php(1527): CodeIgniter\Database\BaseConnection->query('SELECT COUNT(*)...', Array, false)
#4 /home/xkynpbah/public_html/app/Controllers/Telegram.php(165): CodeIgniter\Database\BaseBuilder->countAllResults()
#5 /home/xkynpbah/public_html/app/Controllers/Telegram.php(124): App\Controllers\Telegram->askForResetConfirmation(6719727245, 6719727245, Object(stdClass), 'akashbabu', Object(stdClass))
#6 /home/xkynpbah/public_html/vendor/codeigniter4/framework/system/CodeIgniter.php(824): App\Controllers\Telegram->index()
#7 /home/xkynpbah/public_html/vendor/codeigniter4/framework/system/CodeIgniter.php(410): CodeIgniter\CodeIgniter->runController(Object(App\Controllers\Telegram))
#8 /home/xkynpbah/public_html/vendor/codeigniter4/framework/system/CodeIgniter.php(318): CodeIgniter\CodeIgniter->handleRequest(NULL, Object(Config\Cache), false)
#9 /home/xkynpbah/public_html/index.php(37): CodeIgniter\CodeIgniter->run()
#10 {main}
ERROR - 2026-07-27 10:15:29 --> Telegram controller called
ERROR - 2026-07-27 10:15:29 --> Table 'xkynpbah_titoo.telegram_premium' doesn't exist
CRITICAL - 2026-07-27 10:15:29 --> Table 'xkynpbah_titoo.telegram_premium' doesn't exist
#0 /home/xkynpbah/public_html/vendor/codeigniter4/framework/system/Database/MySQLi/Connection.php(292): mysqli->query('SELECT COUNT(*)...', 0)
#1 /home/xkynpbah/public_html/vendor/codeigniter4/framework/system/Database/BaseConnection.php(670): CodeIgniter\Database\MySQLi\Connection->execute('SELECT COUNT(*)...')
#2 /home/xkynpbah/public_html/vendor/codeigniter4/framework/system/Database/BaseConnection.php(598): CodeIgniter\Database\BaseConnection->simpleQuery('SELECT COUNT(*)...')
#3 /home/xkynpbah/public_html/vendor/codeigniter4/framework/system/Database/BaseBuilder.php(1527): CodeIgniter\Database\BaseConnection->query('SELECT COUNT(*)...', Array, false)
#4 /home/xkynpbah/public_html/app/Controllers/Telegram.php(165): CodeIgniter\Database\BaseBuilder->countAllResults()
#5 /home/xkynpbah/public_html/app/Controllers/Telegram.php(124): App\Controllers\Telegram->askForResetConfirmation(6719727245, 6719727245, Object(stdClass), 'akashbabu', Object(stdClass))
#6 /home/xkynpbah/public_html/vendor/codeigniter4/framework/system/CodeIgniter.php(824): App\Controllers\Telegram->index()
#7 /home/xkynpbah/public_html/vendor/codeigniter4/framework/system/CodeIgniter.php(410): CodeIgniter\CodeIgniter->runController(Object(App\Controllers\Telegram))
#8 /home/xkynpbah/public_html/vendor/codeigniter4/framework/system/CodeIgniter.php(318): CodeIgniter\CodeIgniter->handleRequest(NULL, Object(Config\Cache), false)
#9 /home/xkynpbah/public_html/index.php(37): CodeIgniter\CodeIgniter->run()
#10 {main}
ERROR - 2026-07-27 10:17:05 --> Telegram controller called
ERROR - 2026-07-27 10:17:05 --> Table 'xkynpbah_titoo.telegram_premium' doesn't exist
CRITICAL - 2026-07-27 10:17:05 --> Table 'xkynpbah_titoo.telegram_premium' doesn't exist
#0 /home/xkynpbah/public_html/vendor/codeigniter4/framework/system/Database/MySQLi/Connection.php(292): mysqli->query('SELECT COUNT(*)...', 0)
#1 /home/xkynpbah/public_html/vendor/codeigniter4/framework/system/Database/BaseConnection.php(670): CodeIgniter\Database\MySQLi\Connection->execute('SELECT COUNT(*)...')
#2 /home/xkynpbah/public_html/vendor/codeigniter4/framework/system/Database/BaseConnection.php(598): CodeIgniter\Database\BaseConnection->simpleQuery('SELECT COUNT(*)...')
#3 /home/xkynpbah/public_html/vendor/codeigniter4/framework/system/Database/BaseBuilder.php(1527): CodeIgniter\Database\BaseConnection->query('SELECT COUNT(*)...', Array, false)
#4 /home/xkynpbah/public_html/app/Controllers/Telegram.php(165): CodeIgniter\Database\BaseBuilder->countAllResults()
#5 /home/xkynpbah/public_html/app/Controllers/Telegram.php(124): App\Controllers\Telegram->askForResetConfirmation(6719727245, 6719727245, Object(stdClass), 'akashbabu', Object(stdClass))
#6 /home/xkynpbah/public_html/vendor/codeigniter4/framework/system/CodeIgniter.php(824): App\Controllers\Telegram->index()
#7 /home/xkynpbah/public_html/vendor/codeigniter4/framework/system/CodeIgniter.php(410): CodeIgniter\CodeIgniter->runController(Object(App\Controllers\Telegram))
#8 /home/xkynpbah/public_html/vendor/codeigniter4/framework/system/CodeIgniter.php(318): CodeIgniter\CodeIgniter->handleRequest(NULL, Object(Config\Cache), false)
#9 /home/xkynpbah/public_html/index.php(37): CodeIgniter\CodeIgniter->run()
#10 {main}
ERROR - 2026-07-27 10:19:03 --> Telegram controller called
ERROR - 2026-07-27 10:19:03 --> Table 'xkynpbah_titoo.telegram_premium' doesn't exist
CRITICAL - 2026-07-27 10:19:03 --> Table 'xkynpbah_titoo.telegram_premium' doesn't exist
#0 /home/xkynpbah/public_html/vendor/codeigniter4/framework/system/Database/MySQLi/Connection.php(292): mysqli->query('SELECT COUNT(*)...', 0)
#1 /home/xkynpbah/public_html/vendor/codeigniter4/framework/system/Database/BaseConnection.php(670): CodeIgniter\Database\MySQLi\Connection->execute('SELECT COUNT(*)...')
#2 /home/xkynpbah/public_html/vendor/codeigniter4/framework/system/Database/BaseConnection.php(598): CodeIgniter\Database\BaseConnection->simpleQuery('SELECT COUNT(*)...')
#3 /home/xkynpbah/public_html/vendor/codeigniter4/framework/system/Database/BaseBuilder.php(1527): CodeIgniter\Database\BaseConnection->query('SELECT COUNT(*)...', Array, false)
#4 /home/xkynpbah/public_html/app/Controllers/Telegram.php(165): CodeIgniter\Database\BaseBuilder->countAllResults()
#5 /home/xkynpbah/public_html/app/Controllers/Telegram.php(124): App\Controllers\Telegram->askForResetConfirmation(6719727245, 6719727245, Object(stdClass), 'akashbabu', Object(stdClass))
#6 /home/xkynpbah/public_html/vendor/codeigniter4/framework/system/CodeIgniter.php(824): App\Controllers\Telegram->index()
#7 /home/xkynpbah/public_html/vendor/codeigniter4/framework/system/CodeIgniter.php(410): CodeIgniter\CodeIgniter->runController(Object(App\Controllers\Telegram))
#8 /home/xkynpbah/public_html/vendor/codeigniter4/framework/system/CodeIgniter.php(318): CodeIgniter\CodeIgniter->handleRequest(NULL, Object(Config\Cache), false)
#9 /home/xkynpbah/public_html/index.php(37): CodeIgniter\CodeIgniter->run()
#10 {main}
ERROR - 2026-07-27 10:20:35 --> Telegram controller called
ERROR - 2026-07-27 10:20:35 --> Table 'xkynpbah_titoo.telegram_premium' doesn't exist
CRITICAL - 2026-07-27 10:20:35 --> Table 'xkynpbah_titoo.telegram_premium' doesn't exist
#0 /home/xkynpbah/public_html/vendor/codeigniter4/framework/system/Database/MySQLi/Connection.php(292): mysqli->query('SELECT COUNT(*)...', 0)
#1 /home/xkynpbah/public_html/vendor/codeigniter4/framework/system/Database/BaseConnection.php(670): CodeIgniter\Database\MySQLi\Connection->execute('SELECT COUNT(*)...')
#2 /home/xkynpbah/public_html/vendor/codeigniter4/framework/system/Database/BaseConnection.php(598): CodeIgniter\Database\BaseConnection->simpleQuery('SELECT COUNT(*)...')
#3 /home/xkynpbah/public_html/vendor/codeigniter4/framework/system/Database/BaseBuilder.php(1527): CodeIgniter\Database\BaseConnection->query('SELECT COUNT(*)...', Array, false)
#4 /home/xkynpbah/public_html/app/Controllers/Telegram.php(165): CodeIgniter\Database\BaseBuilder->countAllResults()
#5 /home/xkynpbah/public_html/app/Controllers/Telegram.php(124): App\Controllers\Telegram->askForResetConfirmation(6719727245, 6719727245, Object(stdClass), 'akashbabu', Object(stdClass))
#6 /home/xkynpbah/public_html/vendor/codeigniter4/framework/system/CodeIgniter.php(824): App\Controllers\Telegram->index()
#7 /home/xkynpbah/public_html/vendor/codeigniter4/framework/system/CodeIgniter.php(410): CodeIgniter\CodeIgniter->runController(Object(App\Controllers\Telegram))
#8 /home/xkynpbah/public_html/vendor/codeigniter4/framework/system/CodeIgniter.php(318): CodeIgniter\CodeIgniter->handleRequest(NULL, Object(Config\Cache), false)
#9 /home/xkynpbah/public_html/index.php(37): CodeIgniter\CodeIgniter->run()
#10 {main}
ERROR - 2026-07-27 10:22:35 --> Telegram controller called
ERROR - 2026-07-27 10:22:35 --> Table 'xkynpbah_titoo.telegram_premium' doesn't exist
CRITICAL - 2026-07-27 10:22:35 --> Table 'xkynpbah_titoo.telegram_premium' doesn't exist
#0 /home/xkynpbah/public_html/vendor/codeigniter4/framework/system/Database/MySQLi/Connection.php(292): mysqli->query('SELECT COUNT(*)...', 0)
#1 /home/xkynpbah/public_html/vendor/codeigniter4/framework/system/Database/BaseConnection.php(670): CodeIgniter\Database\MySQLi\Connection->execute('SELECT COUNT(*)...')
#2 /home/xkynpbah/public_html/vendor/codeigniter4/framework/system/Database/BaseConnection.php(598): CodeIgniter\Database\BaseConnection->simpleQuery('SELECT COUNT(*)...')
#3 /home/xkynpbah/public_html/vendor/codeigniter4/framework/system/Database/BaseBuilder.php(1527): CodeIgniter\Database\BaseConnection->query('SELECT COUNT(*)...', Array, false)
#4 /home/xkynpbah/public_html/app/Controllers/Telegram.php(165): CodeIgniter\Database\BaseBuilder->countAllResults()
#5 /home/xkynpbah/public_html/app/Controllers/Telegram.php(124): App\Controllers\Telegram->askForResetConfirmation(6719727245, 6719727245, Object(stdClass), 'akashbabu', Object(stdClass))
#6 /home/xkynpbah/public_html/vendor/codeigniter4/framework/system/CodeIgniter.php(824): App\Controllers\Telegram->index()
#7 /home/xkynpbah/public_html/vendor/codeigniter4/framework/system/CodeIgniter.php(410): CodeIgniter\CodeIgniter->runController(Object(App\Controllers\Telegram))
#8 /home/xkynpbah/public_html/vendor/codeigniter4/framework/system/CodeIgniter.php(318): CodeIgniter\CodeIgniter->handleRequest(NULL, Object(Config\Cache), false)
#9 /home/xkynpbah/public_html/index.php(37): CodeIgniter\CodeIgniter->run()
#10 {main}
ERROR - 2026-07-27 10:24:06 --> Telegram controller called
ERROR - 2026-07-27 10:24:06 --> Table 'xkynpbah_titoo.telegram_premium' doesn't exist
CRITICAL - 2026-07-27 10:24:06 --> Table 'xkynpbah_titoo.telegram_premium' doesn't exist
#0 /home/xkynpbah/public_html/vendor/codeigniter4/framework/system/Database/MySQLi/Connection.php(292): mysqli->query('SELECT COUNT(*)...', 0)
#1 /home/xkynpbah/public_html/vendor/codeigniter4/framework/system/Database/BaseConnection.php(670): CodeIgniter\Database\MySQLi\Connection->execute('SELECT COUNT(*)...')
#2 /home/xkynpbah/public_html/vendor/codeigniter4/framework/system/Database/BaseConnection.php(598): CodeIgniter\Database\BaseConnection->simpleQuery('SELECT COUNT(*)...')
#3 /home/xkynpbah/public_html/vendor/codeigniter4/framework/system/Database/BaseBuilder.php(1527): CodeIgniter\Database\BaseConnection->query('SELECT COUNT(*)...', Array, false)
#4 /home/xkynpbah/public_html/app/Controllers/Telegram.php(165): CodeIgniter\Database\BaseBuilder->countAllResults()
#5 /home/xkynpbah/public_html/app/Controllers/Telegram.php(124): App\Controllers\Telegram->askForResetConfirmation(6719727245, 6719727245, Object(stdClass), 'akashbabu', Object(stdClass))
#6 /home/xkynpbah/public_html/vendor/codeigniter4/framework/system/CodeIgniter.php(824): App\Controllers\Telegram->index()
#7 /home/xkynpbah/public_html/vendor/codeigniter4/framework/system/CodeIgniter.php(410): CodeIgniter\CodeIgniter->runController(Object(App\Controllers\Telegram))
#8 /home/xkynpbah/public_html/vendor/codeigniter4/framework/system/CodeIgniter.php(318): CodeIgniter\CodeIgniter->handleRequest(NULL, Object(Config\Cache), false)
#9 /home/xkynpbah/public_html/index.php(37): CodeIgniter\CodeIgniter->run()
#10 {main}
ERROR - 2026-07-27 10:25:15 --> Telegram controller called
ERROR - 2026-07-27 10:25:15 --> Table 'xkynpbah_titoo.telegram_premium' doesn't exist
CRITICAL - 2026-07-27 10:25:15 --> Table 'xkynpbah_titoo.telegram_premium' doesn't exist
#0 /home/xkynpbah/public_html/vendor/codeigniter4/framework/system/Database/MySQLi/Connection.php(292): mysqli->query('SELECT COUNT(*)...', 0)
#1 /home/xkynpbah/public_html/vendor/codeigniter4/framework/system/Database/BaseConnection.php(670): CodeIgniter\Database\MySQLi\Connection->execute('SELECT COUNT(*)...')
#2 /home/xkynpbah/public_html/vendor/codeigniter4/framework/system/Database/BaseConnection.php(598): CodeIgniter\Database\BaseConnection->simpleQuery('SELECT COUNT(*)...')
#3 /home/xkynpbah/public_html/vendor/codeigniter4/framework/system/Database/BaseBuilder.php(1527): CodeIgniter\Database\BaseConnection->query('SELECT COUNT(*)...', Array, false)
#4 /home/xkynpbah/public_html/app/Controllers/Telegram.php(165): CodeIgniter\Database\BaseBuilder->countAllResults()
#5 /home/xkynpbah/public_html/app/Controllers/Telegram.php(124): App\Controllers\Telegram->askForResetConfirmation(6719727245, 6719727245, Object(stdClass), 'akashbabu', Object(stdClass))
#6 /home/xkynpbah/public_html/vendor/codeigniter4/framework/system/CodeIgniter.php(824): App\Controllers\Telegram->index()
#7 /home/xkynpbah/public_html/vendor/codeigniter4/framework/system/CodeIgniter.php(410): CodeIgniter\CodeIgniter->runController(Object(App\Controllers\Telegram))
#8 /home/xkynpbah/public_html/vendor/codeigniter4/framework/system/CodeIgniter.php(318): CodeIgniter\CodeIgniter->handleRequest(NULL, Object(Config\Cache), false)
#9 /home/xkynpbah/public_html/index.php(37): CodeIgniter\CodeIgniter->run()
#10 {main}
ERROR - 2026-07-27 10:27:05 --> Telegram controller called
ERROR - 2026-07-27 10:27:05 --> Table 'xkynpbah_titoo.telegram_premium' doesn't exist
CRITICAL - 2026-07-27 10:27:05 --> Table 'xkynpbah_titoo.telegram_premium' doesn't exist
#0 /home/xkynpbah/public_html/vendor/codeigniter4/framework/system/Database/MySQLi/Connection.php(292): mysqli->query('SELECT COUNT(*)...', 0)
#1 /home/xkynpbah/public_html/vendor/codeigniter4/framework/system/Database/BaseConnection.php(670): CodeIgniter\Database\MySQLi\Connection->execute('SELECT COUNT(*)...')
#2 /home/xkynpbah/public_html/vendor/codeigniter4/framework/system/Database/BaseConnection.php(598): CodeIgniter\Database\BaseConnection->simpleQuery('SELECT COUNT(*)...')
#3 /home/xkynpbah/public_html/vendor/codeigniter4/framework/system/Database/BaseBuilder.php(1527): CodeIgniter\Database\BaseConnection->query('SELECT COUNT(*)...', Array, false)
#4 /home/xkynpbah/public_html/app/Controllers/Telegram.php(165): CodeIgniter\Database\BaseBuilder->countAllResults()
#5 /home/xkynpbah/public_html/app/Controllers/Telegram.php(124): App\Controllers\Telegram->askForResetConfirmation(6719727245, 6719727245, Object(stdClass), 'akashbabu', Object(stdClass))
#6 /home/xkynpbah/public_html/vendor/codeigniter4/framework/system/CodeIgniter.php(824): App\Controllers\Telegram->index()
#7 /home/xkynpbah/public_html/vendor/codeigniter4/framework/system/CodeIgniter.php(410): CodeIgniter\CodeIgniter->runController(Object(App\Controllers\Telegram))
#8 /home/xkynpbah/public_html/vendor/codeigniter4/framework/system/CodeIgniter.php(318): CodeIgniter\CodeIgniter->handleRequest(NULL, Object(Config\Cache), false)
#9 /home/xkynpbah/public_html/index.php(37): CodeIgniter\CodeIgniter->run()
#10 {main}
ERROR - 2026-07-27 10:28:18 --> Telegram controller called
ERROR - 2026-07-27 10:28:18 --> Table 'xkynpbah_titoo.telegram_premium' doesn't exist
CRITICAL - 2026-07-27 10:28:18 --> Table 'xkynpbah_titoo.telegram_premium' doesn't exist
#0 /home/xkynpbah/public_html/vendor/codeigniter4/framework/system/Database/MySQLi/Connection.php(292): mysqli->query('SELECT COUNT(*)...', 0)
#1 /home/xkynpbah/public_html/vendor/codeigniter4/framework/system/Database/BaseConnection.php(670): CodeIgniter\Database\MySQLi\Connection->execute('SELECT COUNT(*)...')
#2 /home/xkynpbah/public_html/vendor/codeigniter4/framework/system/Database/BaseConnection.php(598): CodeIgniter\Database\BaseConnection->simpleQuery('SELECT COUNT(*)...')
#3 /home/xkynpbah/public_html/vendor/codeigniter4/framework/system/Database/BaseBuilder.php(1527): CodeIgniter\Database\BaseConnection->query('SELECT COUNT(*)...', Array, false)
#4 /home/xkynpbah/public_html/app/Controllers/Telegram.php(165): CodeIgniter\Database\BaseBuilder->countAllResults()
#5 /home/xkynpbah/public_html/app/Controllers/Telegram.php(124): App\Controllers\Telegram->askForResetConfirmation(6719727245, 6719727245, Object(stdClass), 'akashbabu', Object(stdClass))
#6 /home/xkynpbah/public_html/vendor/codeigniter4/framework/system/CodeIgniter.php(824): App\Controllers\Telegram->index()
#7 /home/xkynpbah/public_html/vendor/codeigniter4/framework/system/CodeIgniter.php(410): CodeIgniter\CodeIgniter->runController(Object(App\Controllers\Telegram))
#8 /home/xkynpbah/public_html/vendor/codeigniter4/framework/system/CodeIgniter.php(318): CodeIgniter\CodeIgniter->handleRequest(NULL, Object(Config\Cache), false)
#9 /home/xkynpbah/public_html/index.php(37): CodeIgniter\CodeIgniter->run()
#10 {main}
ERROR - 2026-07-27 10:30:05 --> Telegram controller called
ERROR - 2026-07-27 10:30:05 --> Table 'xkynpbah_titoo.telegram_premium' doesn't exist
CRITICAL - 2026-07-27 10:30:05 --> Table 'xkynpbah_titoo.telegram_premium' doesn't exist
#0 /home/xkynpbah/public_html/vendor/codeigniter4/framework/system/Database/MySQLi/Connection.php(292): mysqli->query('SELECT COUNT(*)...', 0)
#1 /home/xkynpbah/public_html/vendor/codeigniter4/framework/system/Database/BaseConnection.php(670): CodeIgniter\Database\MySQLi\Connection->execute('SELECT COUNT(*)...')
#2 /home/xkynpbah/public_html/vendor/codeigniter4/framework/system/Database/BaseConnection.php(598): CodeIgniter\Database\BaseConnection->simpleQuery('SELECT COUNT(*)...')
#3 /home/xkynpbah/public_html/vendor/codeigniter4/framework/system/Database/BaseBuilder.php(1527): CodeIgniter\Database\BaseConnection->query('SELECT COUNT(*)...', Array, false)
#4 /home/xkynpbah/public_html/app/Controllers/Telegram.php(165): CodeIgniter\Database\BaseBuilder->countAllResults()
#5 /home/xkynpbah/public_html/app/Controllers/Telegram.php(124): App\Controllers\Telegram->askForResetConfirmation(6719727245, 6719727245, Object(stdClass), 'akashbabu', Object(stdClass))
#6 /home/xkynpbah/public_html/vendor/codeigniter4/framework/system/CodeIgniter.php(824): App\Controllers\Telegram->index()
#7 /home/xkynpbah/public_html/vendor/codeigniter4/framework/system/CodeIgniter.php(410): CodeIgniter\CodeIgniter->runController(Object(App\Controllers\Telegram))
#8 /home/xkynpbah/public_html/vendor/codeigniter4/framework/system/CodeIgniter.php(318): CodeIgniter\CodeIgniter->handleRequest(NULL, Object(Config\Cache), false)
#9 /home/xkynpbah/public_html/index.php(37): CodeIgniter\CodeIgniter->run()
#10 {main}
ERROR - 2026-07-27 10:31:41 --> Telegram controller called
ERROR - 2026-07-27 10:31:41 --> Table 'xkynpbah_titoo.telegram_premium' doesn't exist
CRITICAL - 2026-07-27 10:31:41 --> Table 'xkynpbah_titoo.telegram_premium' doesn't exist
#0 /home/xkynpbah/public_html/vendor/codeigniter4/framework/system/Database/MySQLi/Connection.php(292): mysqli->query('SELECT COUNT(*)...', 0)
#1 /home/xkynpbah/public_html/vendor/codeigniter4/framework/system/Database/BaseConnection.php(670): CodeIgniter\Database\MySQLi\Connection->execute('SELECT COUNT(*)...')
#2 /home/xkynpbah/public_html/vendor/codeigniter4/framework/system/Database/BaseConnection.php(598): CodeIgniter\Database\BaseConnection->simpleQuery('SELECT COUNT(*)...')
#3 /home/xkynpbah/public_html/vendor/codeigniter4/framework/system/Database/BaseBuilder.php(1527): CodeIgniter\Database\BaseConnection->query('SELECT COUNT(*)...', Array, false)
#4 /home/xkynpbah/public_html/app/Controllers/Telegram.php(165): CodeIgniter\Database\BaseBuilder->countAllResults()
#5 /home/xkynpbah/public_html/app/Controllers/Telegram.php(124): App\Controllers\Telegram->askForResetConfirmation(6719727245, 6719727245, Object(stdClass), 'akashbabu', Object(stdClass))
#6 /home/xkynpbah/public_html/vendor/codeigniter4/framework/system/CodeIgniter.php(824): App\Controllers\Telegram->index()
#7 /home/xkynpbah/public_html/vendor/codeigniter4/framework/system/CodeIgniter.php(410): CodeIgniter\CodeIgniter->runController(Object(App\Controllers\Telegram))
#8 /home/xkynpbah/public_html/vendor/codeigniter4/framework/system/CodeIgniter.php(318): CodeIgniter\CodeIgniter->handleRequest(NULL, Object(Config\Cache), false)
#9 /home/xkynpbah/public_html/index.php(37): CodeIgniter\CodeIgniter->run()
#10 {main}
ERROR - 2026-07-27 10:32:59 --> Telegram controller called
ERROR - 2026-07-27 10:32:59 --> Table 'xkynpbah_titoo.telegram_premium' doesn't exist
CRITICAL - 2026-07-27 10:32:59 --> Table 'xkynpbah_titoo.telegram_premium' doesn't exist
#0 /home/xkynpbah/public_html/vendor/codeigniter4/framework/system/Database/MySQLi/Connection.php(292): mysqli->query('SELECT COUNT(*)...', 0)
#1 /home/xkynpbah/public_html/vendor/codeigniter4/framework/system/Database/BaseConnection.php(670): CodeIgniter\Database\MySQLi\Connection->execute('SELECT COUNT(*)...')
#2 /home/xkynpbah/public_html/vendor/codeigniter4/framework/system/Database/BaseConnection.php(598): CodeIgniter\Database\BaseConnection->simpleQuery('SELECT COUNT(*)...')
#3 /home/xkynpbah/public_html/vendor/codeigniter4/framework/system/Database/BaseBuilder.php(1527): CodeIgniter\Database\BaseConnection->query('SELECT COUNT(*)...', Array, false)
#4 /home/xkynpbah/public_html/app/Controllers/Telegram.php(165): CodeIgniter\Database\BaseBuilder->countAllResults()
#5 /home/xkynpbah/public_html/app/Controllers/Telegram.php(124): App\Controllers\Telegram->askForResetConfirmation(6719727245, 6719727245, Object(stdClass), 'akashbabu', Object(stdClass))
#6 /home/xkynpbah/public_html/vendor/codeigniter4/framework/system/CodeIgniter.php(824): App\Controllers\Telegram->index()
#7 /home/xkynpbah/public_html/vendor/codeigniter4/framework/system/CodeIgniter.php(410): CodeIgniter\CodeIgniter->runController(Object(App\Controllers\Telegram))
#8 /home/xkynpbah/public_html/vendor/codeigniter4/framework/system/CodeIgniter.php(318): CodeIgniter\CodeIgniter->handleRequest(NULL, Object(Config\Cache), false)
#9 /home/xkynpbah/public_html/index.php(37): CodeIgniter\CodeIgniter->run()
#10 {main}
ERROR - 2026-07-27 10:34:01 --> Telegram controller called
ERROR - 2026-07-27 10:34:01 --> Table 'xkynpbah_titoo.telegram_premium' doesn't exist
CRITICAL - 2026-07-27 10:34:01 --> Table 'xkynpbah_titoo.telegram_premium' doesn't exist
#0 /home/xkynpbah/public_html/vendor/codeigniter4/framework/system/Database/MySQLi/Connection.php(292): mysqli->query('SELECT COUNT(*)...', 0)
#1 /home/xkynpbah/public_html/vendor/codeigniter4/framework/system/Database/BaseConnection.php(670): CodeIgniter\Database\MySQLi\Connection->execute('SELECT COUNT(*)...')
#2 /home/xkynpbah/public_html/vendor/codeigniter4/framework/system/Database/BaseConnection.php(598): CodeIgniter\Database\BaseConnection->simpleQuery('SELECT COUNT(*)...')
#3 /home/xkynpbah/public_html/vendor/codeigniter4/framework/system/Database/BaseBuilder.php(1527): CodeIgniter\Database\BaseConnection->query('SELECT COUNT(*)...', Array, false)
#4 /home/xkynpbah/public_html/app/Controllers/Telegram.php(165): CodeIgniter\Database\BaseBuilder->countAllResults()
#5 /home/xkynpbah/public_html/app/Controllers/Telegram.php(124): App\Controllers\Telegram->askForResetConfirmation(6719727245, 6719727245, Object(stdClass), 'akashbabu', Object(stdClass))
#6 /home/xkynpbah/public_html/vendor/codeigniter4/framework/system/CodeIgniter.php(824): App\Controllers\Telegram->index()
#7 /home/xkynpbah/public_html/vendor/codeigniter4/framework/system/CodeIgniter.php(410): CodeIgniter\CodeIgniter->runController(Object(App\Controllers\Telegram))
#8 /home/xkynpbah/public_html/vendor/codeigniter4/framework/system/CodeIgniter.php(318): CodeIgniter\CodeIgniter->handleRequest(NULL, Object(Config\Cache), false)
#9 /home/xkynpbah/public_html/index.php(37): CodeIgniter\CodeIgniter->run()
#10 {main}
ERROR - 2026-07-27 10:36:01 --> Telegram controller called
ERROR - 2026-07-27 10:36:01 --> Table 'xkynpbah_titoo.telegram_premium' doesn't exist
CRITICAL - 2026-07-27 10:36:01 --> Table 'xkynpbah_titoo.telegram_premium' doesn't exist
#0 /home/xkynpbah/public_html/vendor/codeigniter4/framework/system/Database/MySQLi/Connection.php(292): mysqli->query('SELECT COUNT(*)...', 0)
#1 /home/xkynpbah/public_html/vendor/codeigniter4/framework/system/Database/BaseConnection.php(670): CodeIgniter\Database\MySQLi\Connection->execute('SELECT COUNT(*)...')
#2 /home/xkynpbah/public_html/vendor/codeigniter4/framework/system/Database/BaseConnection.php(598): CodeIgniter\Database\BaseConnection->simpleQuery('SELECT COUNT(*)...')
#3 /home/xkynpbah/public_html/vendor/codeigniter4/framework/system/Database/BaseBuilder.php(1527): CodeIgniter\Database\BaseConnection->query('SELECT COUNT(*)...', Array, false)
#4 /home/xkynpbah/public_html/app/Controllers/Telegram.php(165): CodeIgniter\Database\BaseBuilder->countAllResults()
#5 /home/xkynpbah/public_html/app/Controllers/Telegram.php(124): App\Controllers\Telegram->askForResetConfirmation(6719727245, 6719727245, Object(stdClass), 'akashbabu', Object(stdClass))
#6 /home/xkynpbah/public_html/vendor/codeigniter4/framework/system/CodeIgniter.php(824): App\Controllers\Telegram->index()
#7 /home/xkynpbah/public_html/vendor/codeigniter4/framework/system/CodeIgniter.php(410): CodeIgniter\CodeIgniter->runController(Object(App\Controllers\Telegram))
#8 /home/xkynpbah/public_html/vendor/codeigniter4/framework/system/CodeIgniter.php(318): CodeIgniter\CodeIgniter->handleRequest(NULL, Object(Config\Cache), false)
#9 /home/xkynpbah/public_html/index.php(37): CodeIgniter\CodeIgniter->run()
#10 {main}
ERROR - 2026-07-27 10:37:56 --> Telegram controller called
ERROR - 2026-07-27 10:37:56 --> Table 'xkynpbah_titoo.telegram_premium' doesn't exist
CRITICAL - 2026-07-27 10:37:56 --> Table 'xkynpbah_titoo.telegram_premium' doesn't exist
#0 /home/xkynpbah/public_html/vendor/codeigniter4/framework/system/Database/MySQLi/Connection.php(292): mysqli->query('SELECT COUNT(*)...', 0)
#1 /home/xkynpbah/public_html/vendor/codeigniter4/framework/system/Database/BaseConnection.php(670): CodeIgniter\Database\MySQLi\Connection->execute('SELECT COUNT(*)...')
#2 /home/xkynpbah/public_html/vendor/codeigniter4/framework/system/Database/BaseConnection.php(598): CodeIgniter\Database\BaseConnection->simpleQuery('SELECT COUNT(*)...')
#3 /home/xkynpbah/public_html/vendor/codeigniter4/framework/system/Database/BaseBuilder.php(1527): CodeIgniter\Database\BaseConnection->query('SELECT COUNT(*)...', Array, false)
#4 /home/xkynpbah/public_html/app/Controllers/Telegram.php(165): CodeIgniter\Database\BaseBuilder->countAllResults()
#5 /home/xkynpbah/public_html/app/Controllers/Telegram.php(124): App\Controllers\Telegram->askForResetConfirmation(6719727245, 6719727245, Object(stdClass), 'akashbabu', Object(stdClass))
#6 /home/xkynpbah/public_html/vendor/codeigniter4/framework/system/CodeIgniter.php(824): App\Controllers\Telegram->index()
#7 /home/xkynpbah/public_html/vendor/codeigniter4/framework/system/CodeIgniter.php(410): CodeIgniter\CodeIgniter->runController(Object(App\Controllers\Telegram))
#8 /home/xkynpbah/public_html/vendor/codeigniter4/framework/system/CodeIgniter.php(318): CodeIgniter\CodeIgniter->handleRequest(NULL, Object(Config\Cache), false)
#9 /home/xkynpbah/public_html/index.php(37): CodeIgniter\CodeIgniter->run()
#10 {main}
ERROR - 2026-07-27 10:39:27 --> Telegram controller called
ERROR - 2026-07-27 10:39:27 --> Table 'xkynpbah_titoo.telegram_premium' doesn't exist
CRITICAL - 2026-07-27 10:39:27 --> Table 'xkynpbah_titoo.telegram_premium' doesn't exist
#0 /home/xkynpbah/public_html/vendor/codeigniter4/framework/system/Database/MySQLi/Connection.php(292): mysqli->query('SELECT COUNT(*)...', 0)
#1 /home/xkynpbah/public_html/vendor/codeigniter4/framework/system/Database/BaseConnection.php(670): CodeIgniter\Database\MySQLi\Connection->execute('SELECT COUNT(*)...')
#2 /home/xkynpbah/public_html/vendor/codeigniter4/framework/system/Database/BaseConnection.php(598): CodeIgniter\Database\BaseConnection->simpleQuery('SELECT COUNT(*)...')
#3 /home/xkynpbah/public_html/vendor/codeigniter4/framework/system/Database/BaseBuilder.php(1527): CodeIgniter\Database\BaseConnection->query('SELECT COUNT(*)...', Array, false)
#4 /home/xkynpbah/public_html/app/Controllers/Telegram.php(165): CodeIgniter\Database\BaseBuilder->countAllResults()
#5 /home/xkynpbah/public_html/app/Controllers/Telegram.php(124): App\Controllers\Telegram->askForResetConfirmation(6719727245, 6719727245, Object(stdClass), 'akashbabu', Object(stdClass))
#6 /home/xkynpbah/public_html/vendor/codeigniter4/framework/system/CodeIgniter.php(824): App\Controllers\Telegram->index()
#7 /home/xkynpbah/public_html/vendor/codeigniter4/framework/system/CodeIgniter.php(410): CodeIgniter\CodeIgniter->runController(Object(App\Controllers\Telegram))
#8 /home/xkynpbah/public_html/vendor/codeigniter4/framework/system/CodeIgniter.php(318): CodeIgniter\CodeIgniter->handleRequest(NULL, Object(Config\Cache), false)
#9 /home/xkynpbah/public_html/index.php(37): CodeIgniter\CodeIgniter->run()
#10 {main}
ERROR - 2026-07-27 10:41:12 --> Telegram controller called
ERROR - 2026-07-27 10:41:12 --> Table 'xkynpbah_titoo.telegram_premium' doesn't exist
CRITICAL - 2026-07-27 10:41:12 --> Table 'xkynpbah_titoo.telegram_premium' doesn't exist
#0 /home/xkynpbah/public_html/vendor/codeigniter4/framework/system/Database/MySQLi/Connection.php(292): mysqli->query('SELECT COUNT(*)...', 0)
#1 /home/xkynpbah/public_html/vendor/codeigniter4/framework/system/Database/BaseConnection.php(670): CodeIgniter\Database\MySQLi\Connection->execute('SELECT COUNT(*)...')
#2 /home/xkynpbah/public_html/vendor/codeigniter4/framework/system/Database/BaseConnection.php(598): CodeIgniter\Database\BaseConnection->simpleQuery('SELECT COUNT(*)...')
#3 /home/xkynpbah/public_html/vendor/codeigniter4/framework/system/Database/BaseBuilder.php(1527): CodeIgniter\Database\BaseConnection->query('SELECT COUNT(*)...', Array, false)
#4 /home/xkynpbah/public_html/app/Controllers/Telegram.php(165): CodeIgniter\Database\BaseBuilder->countAllResults()
#5 /home/xkynpbah/public_html/app/Controllers/Telegram.php(124): App\Controllers\Telegram->askForResetConfirmation(6719727245, 6719727245, Object(stdClass), 'akashbabu', Object(stdClass))
#6 /home/xkynpbah/public_html/vendor/codeigniter4/framework/system/CodeIgniter.php(824): App\Controllers\Telegram->index()
#7 /home/xkynpbah/public_html/vendor/codeigniter4/framework/system/CodeIgniter.php(410): CodeIgniter\CodeIgniter->runController(Object(App\Controllers\Telegram))
#8 /home/xkynpbah/public_html/vendor/codeigniter4/framework/system/CodeIgniter.php(318): CodeIgniter\CodeIgniter->handleRequest(NULL, Object(Config\Cache), false)
#9 /home/xkynpbah/public_html/index.php(37): CodeIgniter\CodeIgniter->run()
#10 {main}
ERROR - 2026-07-27 10:42:42 --> Telegram controller called
ERROR - 2026-07-27 10:42:42 --> Table 'xkynpbah_titoo.telegram_premium' doesn't exist
CRITICAL - 2026-07-27 10:42:42 --> Table 'xkynpbah_titoo.telegram_premium' doesn't exist
#0 /home/xkynpbah/public_html/vendor/codeigniter4/framework/system/Database/MySQLi/Connection.php(292): mysqli->query('SELECT COUNT(*)...', 0)
#1 /home/xkynpbah/public_html/vendor/codeigniter4/framework/system/Database/BaseConnection.php(670): CodeIgniter\Database\MySQLi\Connection->execute('SELECT COUNT(*)...')
#2 /home/xkynpbah/public_html/vendor/codeigniter4/framework/system/Database/BaseConnection.php(598): CodeIgniter\Database\BaseConnection->simpleQuery('SELECT COUNT(*)...')
#3 /home/xkynpbah/public_html/vendor/codeigniter4/framework/system/Database/BaseBuilder.php(1527): CodeIgniter\Database\BaseConnection->query('SELECT COUNT(*)...', Array, false)
#4 /home/xkynpbah/public_html/app/Controllers/Telegram.php(165): CodeIgniter\Database\BaseBuilder->countAllResults()
#5 /home/xkynpbah/public_html/app/Controllers/Telegram.php(124): App\Controllers\Telegram->askForResetConfirmation(6719727245, 6719727245, Object(stdClass), 'akashbabu', Object(stdClass))
#6 /home/xkynpbah/public_html/vendor/codeigniter4/framework/system/CodeIgniter.php(824): App\Controllers\Telegram->index()
#7 /home/xkynpbah/public_html/vendor/codeigniter4/framework/system/CodeIgniter.php(410): CodeIgniter\CodeIgniter->runController(Object(App\Controllers\Telegram))
#8 /home/xkynpbah/public_html/vendor/codeigniter4/framework/system/CodeIgniter.php(318): CodeIgniter\CodeIgniter->handleRequest(NULL, Object(Config\Cache), false)
#9 /home/xkynpbah/public_html/index.php(37): CodeIgniter\CodeIgniter->run()
#10 {main}
ERROR - 2026-07-27 10:44:02 --> Telegram controller called
ERROR - 2026-07-27 10:44:02 --> Table 'xkynpbah_titoo.telegram_premium' doesn't exist
CRITICAL - 2026-07-27 10:44:02 --> Table 'xkynpbah_titoo.telegram_premium' doesn't exist
#0 /home/xkynpbah/public_html/vendor/codeigniter4/framework/system/Database/MySQLi/Connection.php(292): mysqli->query('SELECT COUNT(*)...', 0)
#1 /home/xkynpbah/public_html/vendor/codeigniter4/framework/system/Database/BaseConnection.php(670): CodeIgniter\Database\MySQLi\Connection->execute('SELECT COUNT(*)...')
#2 /home/xkynpbah/public_html/vendor/codeigniter4/framework/system/Database/BaseConnection.php(598): CodeIgniter\Database\BaseConnection->simpleQuery('SELECT COUNT(*)...')
#3 /home/xkynpbah/public_html/vendor/codeigniter4/framework/system/Database/BaseBuilder.php(1527): CodeIgniter\Database\BaseConnection->query('SELECT COUNT(*)...', Array, false)
#4 /home/xkynpbah/public_html/app/Controllers/Telegram.php(165): CodeIgniter\Database\BaseBuilder->countAllResults()
#5 /home/xkynpbah/public_html/app/Controllers/Telegram.php(124): App\Controllers\Telegram->askForResetConfirmation(6719727245, 6719727245, Object(stdClass), 'akashbabu', Object(stdClass))
#6 /home/xkynpbah/public_html/vendor/codeigniter4/framework/system/CodeIgniter.php(824): App\Controllers\Telegram->index()
#7 /home/xkynpbah/public_html/vendor/codeigniter4/framework/system/CodeIgniter.php(410): CodeIgniter\CodeIgniter->runController(Object(App\Controllers\Telegram))
#8 /home/xkynpbah/public_html/vendor/codeigniter4/framework/system/CodeIgniter.php(318): CodeIgniter\CodeIgniter->handleRequest(NULL, Object(Config\Cache), false)
#9 /home/xkynpbah/public_html/index.php(37): CodeIgniter\CodeIgniter->run()
#10 {main}
ERROR - 2026-07-27 10:45:36 --> Telegram controller called
ERROR - 2026-07-27 10:45:36 --> Table 'xkynpbah_titoo.telegram_premium' doesn't exist
CRITICAL - 2026-07-27 10:45:36 --> Table 'xkynpbah_titoo.telegram_premium' doesn't exist
#0 /home/xkynpbah/public_html/vendor/codeigniter4/framework/system/Database/MySQLi/Connection.php(292): mysqli->query('SELECT COUNT(*)...', 0)
#1 /home/xkynpbah/public_html/vendor/codeigniter4/framework/system/Database/BaseConnection.php(670): CodeIgniter\Database\MySQLi\Connection->execute('SELECT COUNT(*)...')
#2 /home/xkynpbah/public_html/vendor/codeigniter4/framework/system/Database/BaseConnection.php(598): CodeIgniter\Database\BaseConnection->simpleQuery('SELECT COUNT(*)...')
#3 /home/xkynpbah/public_html/vendor/codeigniter4/framework/system/Database/BaseBuilder.php(1527): CodeIgniter\Database\BaseConnection->query('SELECT COUNT(*)...', Array, false)
#4 /home/xkynpbah/public_html/app/Controllers/Telegram.php(165): CodeIgniter\Database\BaseBuilder->countAllResults()
#5 /home/xkynpbah/public_html/app/Controllers/Telegram.php(124): App\Controllers\Telegram->askForResetConfirmation(6719727245, 6719727245, Object(stdClass), 'akashbabu', Object(stdClass))
#6 /home/xkynpbah/public_html/vendor/codeigniter4/framework/system/CodeIgniter.php(824): App\Controllers\Telegram->index()
#7 /home/xkynpbah/public_html/vendor/codeigniter4/framework/system/CodeIgniter.php(410): CodeIgniter\CodeIgniter->runController(Object(App\Controllers\Telegram))
#8 /home/xkynpbah/public_html/vendor/codeigniter4/framework/system/CodeIgniter.php(318): CodeIgniter\CodeIgniter->handleRequest(NULL, Object(Config\Cache), false)
#9 /home/xkynpbah/public_html/index.php(37): CodeIgniter\CodeIgniter->run()
#10 {main}
ERROR - 2026-07-27 10:47:37 --> Telegram controller called
ERROR - 2026-07-27 10:47:37 --> Table 'xkynpbah_titoo.telegram_premium' doesn't exist
CRITICAL - 2026-07-27 10:47:37 --> Table 'xkynpbah_titoo.telegram_premium' doesn't exist
#0 /home/xkynpbah/public_html/vendor/codeigniter4/framework/system/Database/MySQLi/Connection.php(292): mysqli->query('SELECT COUNT(*)...', 0)
#1 /home/xkynpbah/public_html/vendor/codeigniter4/framework/system/Database/BaseConnection.php(670): CodeIgniter\Database\MySQLi\Connection->execute('SELECT COUNT(*)...')
#2 /home/xkynpbah/public_html/vendor/codeigniter4/framework/system/Database/BaseConnection.php(598): CodeIgniter\Database\BaseConnection->simpleQuery('SELECT COUNT(*)...')
#3 /home/xkynpbah/public_html/vendor/codeigniter4/framework/system/Database/BaseBuilder.php(1527): CodeIgniter\Database\BaseConnection->query('SELECT COUNT(*)...', Array, false)
#4 /home/xkynpbah/public_html/app/Controllers/Telegram.php(165): CodeIgniter\Database\BaseBuilder->countAllResults()
#5 /home/xkynpbah/public_html/app/Controllers/Telegram.php(124): App\Controllers\Telegram->askForResetConfirmation(6719727245, 6719727245, Object(stdClass), 'akashbabu', Object(stdClass))
#6 /home/xkynpbah/public_html/vendor/codeigniter4/framework/system/CodeIgniter.php(824): App\Controllers\Telegram->index()
#7 /home/xkynpbah/public_html/vendor/codeigniter4/framework/system/CodeIgniter.php(410): CodeIgniter\CodeIgniter->runController(Object(App\Controllers\Telegram))
#8 /home/xkynpbah/public_html/vendor/codeigniter4/framework/system/CodeIgniter.php(318): CodeIgniter\CodeIgniter->handleRequest(NULL, Object(Config\Cache), false)
#9 /home/xkynpbah/public_html/index.php(37): CodeIgniter\CodeIgniter->run()
#10 {main}
ERROR - 2026-07-27 10:48:59 --> Telegram controller called
ERROR - 2026-07-27 10:48:59 --> Table 'xkynpbah_titoo.telegram_premium' doesn't exist
CRITICAL - 2026-07-27 10:48:59 --> Table 'xkynpbah_titoo.telegram_premium' doesn't exist
#0 /home/xkynpbah/public_html/vendor/codeigniter4/framework/system/Database/MySQLi/Connection.php(292): mysqli->query('SELECT COUNT(*)...', 0)
#1 /home/xkynpbah/public_html/vendor/codeigniter4/framework/system/Database/BaseConnection.php(670): CodeIgniter\Database\MySQLi\Connection->execute('SELECT COUNT(*)...')
#2 /home/xkynpbah/public_html/vendor/codeigniter4/framework/system/Database/BaseConnection.php(598): CodeIgniter\Database\BaseConnection->simpleQuery('SELECT COUNT(*)...')
#3 /home/xkynpbah/public_html/vendor/codeigniter4/framework/system/Database/BaseBuilder.php(1527): CodeIgniter\Database\BaseConnection->query('SELECT COUNT(*)...', Array, false)
#4 /home/xkynpbah/public_html/app/Controllers/Telegram.php(165): CodeIgniter\Database\BaseBuilder->countAllResults()
#5 /home/xkynpbah/public_html/app/Controllers/Telegram.php(124): App\Controllers\Telegram->askForResetConfirmation(6719727245, 6719727245, Object(stdClass), 'akashbabu', Object(stdClass))
#6 /home/xkynpbah/public_html/vendor/codeigniter4/framework/system/CodeIgniter.php(824): App\Controllers\Telegram->index()
#7 /home/xkynpbah/public_html/vendor/codeigniter4/framework/system/CodeIgniter.php(410): CodeIgniter\CodeIgniter->runController(Object(App\Controllers\Telegram))
#8 /home/xkynpbah/public_html/vendor/codeigniter4/framework/system/CodeIgniter.php(318): CodeIgniter\CodeIgniter->handleRequest(NULL, Object(Config\Cache), false)
#9 /home/xkynpbah/public_html/index.php(37): CodeIgniter\CodeIgniter->run()
#10 {main}
ERROR - 2026-07-27 10:50:59 --> Telegram controller called
ERROR - 2026-07-27 10:50:59 --> Table 'xkynpbah_titoo.telegram_premium' doesn't exist
CRITICAL - 2026-07-27 10:50:59 --> Table 'xkynpbah_titoo.telegram_premium' doesn't exist
#0 /home/xkynpbah/public_html/vendor/codeigniter4/framework/system/Database/MySQLi/Connection.php(292): mysqli->query('SELECT COUNT(*)...', 0)
#1 /home/xkynpbah/public_html/vendor/codeigniter4/framework/system/Database/BaseConnection.php(670): CodeIgniter\Database\MySQLi\Connection->execute('SELECT COUNT(*)...')
#2 /home/xkynpbah/public_html/vendor/codeigniter4/framework/system/Database/BaseConnection.php(598): CodeIgniter\Database\BaseConnection->simpleQuery('SELECT COUNT(*)...')
#3 /home/xkynpbah/public_html/vendor/codeigniter4/framework/system/Database/BaseBuilder.php(1527): CodeIgniter\Database\BaseConnection->query('SELECT COUNT(*)...', Array, false)
#4 /home/xkynpbah/public_html/app/Controllers/Telegram.php(165): CodeIgniter\Database\BaseBuilder->countAllResults()
#5 /home/xkynpbah/public_html/app/Controllers/Telegram.php(124): App\Controllers\Telegram->askForResetConfirmation(6719727245, 6719727245, Object(stdClass), 'akashbabu', Object(stdClass))
#6 /home/xkynpbah/public_html/vendor/codeigniter4/framework/system/CodeIgniter.php(824): App\Controllers\Telegram->index()
#7 /home/xkynpbah/public_html/vendor/codeigniter4/framework/system/CodeIgniter.php(410): CodeIgniter\CodeIgniter->runController(Object(App\Controllers\Telegram))
#8 /home/xkynpbah/public_html/vendor/codeigniter4/framework/system/CodeIgniter.php(318): CodeIgniter\CodeIgniter->handleRequest(NULL, Object(Config\Cache), false)
#9 /home/xkynpbah/public_html/index.php(37): CodeIgniter\CodeIgniter->run()
#10 {main}
ERROR - 2026-07-27 10:52:14 --> Telegram controller called
ERROR - 2026-07-27 10:52:14 --> Table 'xkynpbah_titoo.telegram_premium' doesn't exist
CRITICAL - 2026-07-27 10:52:14 --> Table 'xkynpbah_titoo.telegram_premium' doesn't exist
#0 /home/xkynpbah/public_html/vendor/codeigniter4/framework/system/Database/MySQLi/Connection.php(292): mysqli->query('SELECT COUNT(*)...', 0)
#1 /home/xkynpbah/public_html/vendor/codeigniter4/framework/system/Database/BaseConnection.php(670): CodeIgniter\Database\MySQLi\Connection->execute('SELECT COUNT(*)...')
#2 /home/xkynpbah/public_html/vendor/codeigniter4/framework/system/Database/BaseConnection.php(598): CodeIgniter\Database\BaseConnection->simpleQuery('SELECT COUNT(*)...')
#3 /home/xkynpbah/public_html/vendor/codeigniter4/framework/system/Database/BaseBuilder.php(1527): CodeIgniter\Database\BaseConnection->query('SELECT COUNT(*)...', Array, false)
#4 /home/xkynpbah/public_html/app/Controllers/Telegram.php(165): CodeIgniter\Database\BaseBuilder->countAllResults()
#5 /home/xkynpbah/public_html/app/Controllers/Telegram.php(124): App\Controllers\Telegram->askForResetConfirmation(6719727245, 6719727245, Object(stdClass), 'akashbabu', Object(stdClass))
#6 /home/xkynpbah/public_html/vendor/codeigniter4/framework/system/CodeIgniter.php(824): App\Controllers\Telegram->index()
#7 /home/xkynpbah/public_html/vendor/codeigniter4/framework/system/CodeIgniter.php(410): CodeIgniter\CodeIgniter->runController(Object(App\Controllers\Telegram))
#8 /home/xkynpbah/public_html/vendor/codeigniter4/framework/system/CodeIgniter.php(318): CodeIgniter\CodeIgniter->handleRequest(NULL, Object(Config\Cache), false)
#9 /home/xkynpbah/public_html/index.php(37): CodeIgniter\CodeIgniter->run()
#10 {main}
ERROR - 2026-07-27 10:54:02 --> Telegram controller called
ERROR - 2026-07-27 10:54:02 --> Table 'xkynpbah_titoo.telegram_premium' doesn't exist
CRITICAL - 2026-07-27 10:54:02 --> Table 'xkynpbah_titoo.telegram_premium' doesn't exist
#0 /home/xkynpbah/public_html/vendor/codeigniter4/framework/system/Database/MySQLi/Connection.php(292): mysqli->query('SELECT COUNT(*)...', 0)
#1 /home/xkynpbah/public_html/vendor/codeigniter4/framework/system/Database/BaseConnection.php(670): CodeIgniter\Database\MySQLi\Connection->execute('SELECT COUNT(*)...')
#2 /home/xkynpbah/public_html/vendor/codeigniter4/framework/system/Database/BaseConnection.php(598): CodeIgniter\Database\BaseConnection->simpleQuery('SELECT COUNT(*)...')
#3 /home/xkynpbah/public_html/vendor/codeigniter4/framework/system/Database/BaseBuilder.php(1527): CodeIgniter\Database\BaseConnection->query('SELECT COUNT(*)...', Array, false)
#4 /home/xkynpbah/public_html/app/Controllers/Telegram.php(165): CodeIgniter\Database\BaseBuilder->countAllResults()
#5 /home/xkynpbah/public_html/app/Controllers/Telegram.php(124): App\Controllers\Telegram->askForResetConfirmation(6719727245, 6719727245, Object(stdClass), 'akashbabu', Object(stdClass))
#6 /home/xkynpbah/public_html/vendor/codeigniter4/framework/system/CodeIgniter.php(824): App\Controllers\Telegram->index()
#7 /home/xkynpbah/public_html/vendor/codeigniter4/framework/system/CodeIgniter.php(410): CodeIgniter\CodeIgniter->runController(Object(App\Controllers\Telegram))
#8 /home/xkynpbah/public_html/vendor/codeigniter4/framework/system/CodeIgniter.php(318): CodeIgniter\CodeIgniter->handleRequest(NULL, Object(Config\Cache), false)
#9 /home/xkynpbah/public_html/index.php(37): CodeIgniter\CodeIgniter->run()
#10 {main}
ERROR - 2026-07-27 10:55:29 --> Telegram controller called
ERROR - 2026-07-27 10:55:29 --> Table 'xkynpbah_titoo.telegram_premium' doesn't exist
CRITICAL - 2026-07-27 10:55:29 --> Table 'xkynpbah_titoo.telegram_premium' doesn't exist
#0 /home/xkynpbah/public_html/vendor/codeigniter4/framework/system/Database/MySQLi/Connection.php(292): mysqli->query('SELECT COUNT(*)...', 0)
#1 /home/xkynpbah/public_html/vendor/codeigniter4/framework/system/Database/BaseConnection.php(670): CodeIgniter\Database\MySQLi\Connection->execute('SELECT COUNT(*)...')
#2 /home/xkynpbah/public_html/vendor/codeigniter4/framework/system/Database/BaseConnection.php(598): CodeIgniter\Database\BaseConnection->simpleQuery('SELECT COUNT(*)...')
#3 /home/xkynpbah/public_html/vendor/codeigniter4/framework/system/Database/BaseBuilder.php(1527): CodeIgniter\Database\BaseConnection->query('SELECT COUNT(*)...', Array, false)
#4 /home/xkynpbah/public_html/app/Controllers/Telegram.php(165): CodeIgniter\Database\BaseBuilder->countAllResults()
#5 /home/xkynpbah/public_html/app/Controllers/Telegram.php(124): App\Controllers\Telegram->askForResetConfirmation(6719727245, 6719727245, Object(stdClass), 'akashbabu', Object(stdClass))
#6 /home/xkynpbah/public_html/vendor/codeigniter4/framework/system/CodeIgniter.php(824): App\Controllers\Telegram->index()
#7 /home/xkynpbah/public_html/vendor/codeigniter4/framework/system/CodeIgniter.php(410): CodeIgniter\CodeIgniter->runController(Object(App\Controllers\Telegram))
#8 /home/xkynpbah/public_html/vendor/codeigniter4/framework/system/CodeIgniter.php(318): CodeIgniter\CodeIgniter->handleRequest(NULL, Object(Config\Cache), false)
#9 /home/xkynpbah/public_html/index.php(37): CodeIgniter\CodeIgniter->run()
#10 {main}
ERROR - 2026-07-27 10:57:01 --> Telegram controller called
ERROR - 2026-07-27 10:57:01 --> Table 'xkynpbah_titoo.telegram_premium' doesn't exist
CRITICAL - 2026-07-27 10:57:01 --> Table 'xkynpbah_titoo.telegram_premium' doesn't exist
#0 /home/xkynpbah/public_html/vendor/codeigniter4/framework/system/Database/MySQLi/Connection.php(292): mysqli->query('SELECT COUNT(*)...', 0)
#1 /home/xkynpbah/public_html/vendor/codeigniter4/framework/system/Database/BaseConnection.php(670): CodeIgniter\Database\MySQLi\Connection->execute('SELECT COUNT(*)...')
#2 /home/xkynpbah/public_html/vendor/codeigniter4/framework/system/Database/BaseConnection.php(598): CodeIgniter\Database\BaseConnection->simpleQuery('SELECT COUNT(*)...')
#3 /home/xkynpbah/public_html/vendor/codeigniter4/framework/system/Database/BaseBuilder.php(1527): CodeIgniter\Database\BaseConnection->query('SELECT COUNT(*)...', Array, false)
#4 /home/xkynpbah/public_html/app/Controllers/Telegram.php(165): CodeIgniter\Database\BaseBuilder->countAllResults()
#5 /home/xkynpbah/public_html/app/Controllers/Telegram.php(124): App\Controllers\Telegram->askForResetConfirmation(6719727245, 6719727245, Object(stdClass), 'akashbabu', Object(stdClass))
#6 /home/xkynpbah/public_html/vendor/codeigniter4/framework/system/CodeIgniter.php(824): App\Controllers\Telegram->index()
#7 /home/xkynpbah/public_html/vendor/codeigniter4/framework/system/CodeIgniter.php(410): CodeIgniter\CodeIgniter->runController(Object(App\Controllers\Telegram))
#8 /home/xkynpbah/public_html/vendor/codeigniter4/framework/system/CodeIgniter.php(318): CodeIgniter\CodeIgniter->handleRequest(NULL, Object(Config\Cache), false)
#9 /home/xkynpbah/public_html/index.php(37): CodeIgniter\CodeIgniter->run()
#10 {main}
ERROR - 2026-07-27 10:58:34 --> Telegram controller called
ERROR - 2026-07-27 10:58:34 --> Table 'xkynpbah_titoo.telegram_premium' doesn't exist
CRITICAL - 2026-07-27 10:58:34 --> Table 'xkynpbah_titoo.telegram_premium' doesn't exist
#0 /home/xkynpbah/public_html/vendor/codeigniter4/framework/system/Database/MySQLi/Connection.php(292): mysqli->query('SELECT COUNT(*)...', 0)
#1 /home/xkynpbah/public_html/vendor/codeigniter4/framework/system/Database/BaseConnection.php(670): CodeIgniter\Database\MySQLi\Connection->execute('SELECT COUNT(*)...')
#2 /home/xkynpbah/public_html/vendor/codeigniter4/framework/system/Database/BaseConnection.php(598): CodeIgniter\Database\BaseConnection->simpleQuery('SELECT COUNT(*)...')
#3 /home/xkynpbah/public_html/vendor/codeigniter4/framework/system/Database/BaseBuilder.php(1527): CodeIgniter\Database\BaseConnection->query('SELECT COUNT(*)...', Array, false)
#4 /home/xkynpbah/public_html/app/Controllers/Telegram.php(165): CodeIgniter\Database\BaseBuilder->countAllResults()
#5 /home/xkynpbah/public_html/app/Controllers/Telegram.php(124): App\Controllers\Telegram->askForResetConfirmation(6719727245, 6719727245, Object(stdClass), 'akashbabu', Object(stdClass))
#6 /home/xkynpbah/public_html/vendor/codeigniter4/framework/system/CodeIgniter.php(824): App\Controllers\Telegram->index()
#7 /home/xkynpbah/public_html/vendor/codeigniter4/framework/system/CodeIgniter.php(410): CodeIgniter\CodeIgniter->runController(Object(App\Controllers\Telegram))
#8 /home/xkynpbah/public_html/vendor/codeigniter4/framework/system/CodeIgniter.php(318): CodeIgniter\CodeIgniter->handleRequest(NULL, Object(Config\Cache), false)
#9 /home/xkynpbah/public_html/index.php(37): CodeIgniter\CodeIgniter->run()
#10 {main}
ERROR - 2026-07-27 11:00:34 --> Telegram controller called
ERROR - 2026-07-27 11:00:34 --> Table 'xkynpbah_titoo.telegram_premium' doesn't exist
CRITICAL - 2026-07-27 11:00:34 --> Table 'xkynpbah_titoo.telegram_premium' doesn't exist
#0 /home/xkynpbah/public_html/vendor/codeigniter4/framework/system/Database/MySQLi/Connection.php(292): mysqli->query('SELECT COUNT(*)...', 0)
#1 /home/xkynpbah/public_html/vendor/codeigniter4/framework/system/Database/BaseConnection.php(670): CodeIgniter\Database\MySQLi\Connection->execute('SELECT COUNT(*)...')
#2 /home/xkynpbah/public_html/vendor/codeigniter4/framework/system/Database/BaseConnection.php(598): CodeIgniter\Database\BaseConnection->simpleQuery('SELECT COUNT(*)...')
#3 /home/xkynpbah/public_html/vendor/codeigniter4/framework/system/Database/BaseBuilder.php(1527): CodeIgniter\Database\BaseConnection->query('SELECT COUNT(*)...', Array, false)
#4 /home/xkynpbah/public_html/app/Controllers/Telegram.php(165): CodeIgniter\Database\BaseBuilder->countAllResults()
#5 /home/xkynpbah/public_html/app/Controllers/Telegram.php(124): App\Controllers\Telegram->askForResetConfirmation(6719727245, 6719727245, Object(stdClass), 'akashbabu', Object(stdClass))
#6 /home/xkynpbah/public_html/vendor/codeigniter4/framework/system/CodeIgniter.php(824): App\Controllers\Telegram->index()
#7 /home/xkynpbah/public_html/vendor/codeigniter4/framework/system/CodeIgniter.php(410): CodeIgniter\CodeIgniter->runController(Object(App\Controllers\Telegram))
#8 /home/xkynpbah/public_html/vendor/codeigniter4/framework/system/CodeIgniter.php(318): CodeIgniter\CodeIgniter->handleRequest(NULL, Object(Config\Cache), false)
#9 /home/xkynpbah/public_html/index.php(37): CodeIgniter\CodeIgniter->run()
#10 {main}
ERROR - 2026-07-27 11:02:27 --> Telegram controller called
ERROR - 2026-07-27 11:02:27 --> Table 'xkynpbah_titoo.telegram_premium' doesn't exist
CRITICAL - 2026-07-27 11:02:27 --> Table 'xkynpbah_titoo.telegram_premium' doesn't exist
#0 /home/xkynpbah/public_html/vendor/codeigniter4/framework/system/Database/MySQLi/Connection.php(292): mysqli->query('SELECT COUNT(*)...', 0)
#1 /home/xkynpbah/public_html/vendor/codeigniter4/framework/system/Database/BaseConnection.php(670): CodeIgniter\Database\MySQLi\Connection->execute('SELECT COUNT(*)...')
#2 /home/xkynpbah/public_html/vendor/codeigniter4/framework/system/Database/BaseConnection.php(598): CodeIgniter\Database\BaseConnection->simpleQuery('SELECT COUNT(*)...')
#3 /home/xkynpbah/public_html/vendor/codeigniter4/framework/system/Database/BaseBuilder.php(1527): CodeIgniter\Database\BaseConnection->query('SELECT COUNT(*)...', Array, false)
#4 /home/xkynpbah/public_html/app/Controllers/Telegram.php(165): CodeIgniter\Database\BaseBuilder->countAllResults()
#5 /home/xkynpbah/public_html/app/Controllers/Telegram.php(124): App\Controllers\Telegram->askForResetConfirmation(6719727245, 6719727245, Object(stdClass), 'akashbabu', Object(stdClass))
#6 /home/xkynpbah/public_html/vendor/codeigniter4/framework/system/CodeIgniter.php(824): App\Controllers\Telegram->index()
#7 /home/xkynpbah/public_html/vendor/codeigniter4/framework/system/CodeIgniter.php(410): CodeIgniter\CodeIgniter->runController(Object(App\Controllers\Telegram))
#8 /home/xkynpbah/public_html/vendor/codeigniter4/framework/system/CodeIgniter.php(318): CodeIgniter\CodeIgniter->handleRequest(NULL, Object(Config\Cache), false)
#9 /home/xkynpbah/public_html/index.php(37): CodeIgniter\CodeIgniter->run()
#10 {main}
ERROR - 2026-07-27 11:04:18 --> Telegram controller called
ERROR - 2026-07-27 11:04:18 --> Table 'xkynpbah_titoo.telegram_premium' doesn't exist
CRITICAL - 2026-07-27 11:04:18 --> Table 'xkynpbah_titoo.telegram_premium' doesn't exist
#0 /home/xkynpbah/public_html/vendor/codeigniter4/framework/system/Database/MySQLi/Connection.php(292): mysqli->query('SELECT COUNT(*)...', 0)
#1 /home/xkynpbah/public_html/vendor/codeigniter4/framework/system/Database/BaseConnection.php(670): CodeIgniter\Database\MySQLi\Connection->execute('SELECT COUNT(*)...')
#2 /home/xkynpbah/public_html/vendor/codeigniter4/framework/system/Database/BaseConnection.php(598): CodeIgniter\Database\BaseConnection->simpleQuery('SELECT COUNT(*)...')
#3 /home/xkynpbah/public_html/vendor/codeigniter4/framework/system/Database/BaseBuilder.php(1527): CodeIgniter\Database\BaseConnection->query('SELECT COUNT(*)...', Array, false)
#4 /home/xkynpbah/public_html/app/Controllers/Telegram.php(165): CodeIgniter\Database\BaseBuilder->countAllResults()
#5 /home/xkynpbah/public_html/app/Controllers/Telegram.php(124): App\Controllers\Telegram->askForResetConfirmation(6719727245, 6719727245, Object(stdClass), 'akashbabu', Object(stdClass))
#6 /home/xkynpbah/public_html/vendor/codeigniter4/framework/system/CodeIgniter.php(824): App\Controllers\Telegram->index()
#7 /home/xkynpbah/public_html/vendor/codeigniter4/framework/system/CodeIgniter.php(410): CodeIgniter\CodeIgniter->runController(Object(App\Controllers\Telegram))
#8 /home/xkynpbah/public_html/vendor/codeigniter4/framework/system/CodeIgniter.php(318): CodeIgniter\CodeIgniter->handleRequest(NULL, Object(Config\Cache), false)
#9 /home/xkynpbah/public_html/index.php(37): CodeIgniter\CodeIgniter->run()
#10 {main}
ERROR - 2026-07-27 11:05:34 --> Telegram controller called
ERROR - 2026-07-27 11:05:34 --> Table 'xkynpbah_titoo.telegram_premium' doesn't exist
CRITICAL - 2026-07-27 11:05:34 --> Table 'xkynpbah_titoo.telegram_premium' doesn't exist
#0 /home/xkynpbah/public_html/vendor/codeigniter4/framework/system/Database/MySQLi/Connection.php(292): mysqli->query('SELECT COUNT(*)...', 0)
#1 /home/xkynpbah/public_html/vendor/codeigniter4/framework/system/Database/BaseConnection.php(670): CodeIgniter\Database\MySQLi\Connection->execute('SELECT COUNT(*)...')
#2 /home/xkynpbah/public_html/vendor/codeigniter4/framework/system/Database/BaseConnection.php(598): CodeIgniter\Database\BaseConnection->simpleQuery('SELECT COUNT(*)...')
#3 /home/xkynpbah/public_html/vendor/codeigniter4/framework/system/Database/BaseBuilder.php(1527): CodeIgniter\Database\BaseConnection->query('SELECT COUNT(*)...', Array, false)
#4 /home/xkynpbah/public_html/app/Controllers/Telegram.php(165): CodeIgniter\Database\BaseBuilder->countAllResults()
#5 /home/xkynpbah/public_html/app/Controllers/Telegram.php(124): App\Controllers\Telegram->askForResetConfirmation(6719727245, 6719727245, Object(stdClass), 'akashbabu', Object(stdClass))
#6 /home/xkynpbah/public_html/vendor/codeigniter4/framework/system/CodeIgniter.php(824): App\Controllers\Telegram->index()
#7 /home/xkynpbah/public_html/vendor/codeigniter4/framework/system/CodeIgniter.php(410): CodeIgniter\CodeIgniter->runController(Object(App\Controllers\Telegram))
#8 /home/xkynpbah/public_html/vendor/codeigniter4/framework/system/CodeIgniter.php(318): CodeIgniter\CodeIgniter->handleRequest(NULL, Object(Config\Cache), false)
#9 /home/xkynpbah/public_html/index.php(37): CodeIgniter\CodeIgniter->run()
#10 {main}
ERROR - 2026-07-27 11:07:24 --> Telegram controller called
ERROR - 2026-07-27 11:07:24 --> Table 'xkynpbah_titoo.telegram_premium' doesn't exist
CRITICAL - 2026-07-27 11:07:24 --> Table 'xkynpbah_titoo.telegram_premium' doesn't exist
#0 /home/xkynpbah/public_html/vendor/codeigniter4/framework/system/Database/MySQLi/Connection.php(292): mysqli->query('SELECT COUNT(*)...', 0)
#1 /home/xkynpbah/public_html/vendor/codeigniter4/framework/system/Database/BaseConnection.php(670): CodeIgniter\Database\MySQLi\Connection->execute('SELECT COUNT(*)...')
#2 /home/xkynpbah/public_html/vendor/codeigniter4/framework/system/Database/BaseConnection.php(598): CodeIgniter\Database\BaseConnection->simpleQuery('SELECT COUNT(*)...')
#3 /home/xkynpbah/public_html/vendor/codeigniter4/framework/system/Database/BaseBuilder.php(1527): CodeIgniter\Database\BaseConnection->query('SELECT COUNT(*)...', Array, false)
#4 /home/xkynpbah/public_html/app/Controllers/Telegram.php(165): CodeIgniter\Database\BaseBuilder->countAllResults()
#5 /home/xkynpbah/public_html/app/Controllers/Telegram.php(124): App\Controllers\Telegram->askForResetConfirmation(6719727245, 6719727245, Object(stdClass), 'akashbabu', Object(stdClass))
#6 /home/xkynpbah/public_html/vendor/codeigniter4/framework/system/CodeIgniter.php(824): App\Controllers\Telegram->index()
#7 /home/xkynpbah/public_html/vendor/codeigniter4/framework/system/CodeIgniter.php(410): CodeIgniter\CodeIgniter->runController(Object(App\Controllers\Telegram))
#8 /home/xkynpbah/public_html/vendor/codeigniter4/framework/system/CodeIgniter.php(318): CodeIgniter\CodeIgniter->handleRequest(NULL, Object(Config\Cache), false)
#9 /home/xkynpbah/public_html/index.php(37): CodeIgniter\CodeIgniter->run()
#10 {main}
ERROR - 2026-07-27 11:08:48 --> Telegram controller called
ERROR - 2026-07-27 11:08:48 --> Table 'xkynpbah_titoo.telegram_premium' doesn't exist
CRITICAL - 2026-07-27 11:08:48 --> Table 'xkynpbah_titoo.telegram_premium' doesn't exist
#0 /home/xkynpbah/public_html/vendor/codeigniter4/framework/system/Database/MySQLi/Connection.php(292): mysqli->query('SELECT COUNT(*)...', 0)
#1 /home/xkynpbah/public_html/vendor/codeigniter4/framework/system/Database/BaseConnection.php(670): CodeIgniter\Database\MySQLi\Connection->execute('SELECT COUNT(*)...')
#2 /home/xkynpbah/public_html/vendor/codeigniter4/framework/system/Database/BaseConnection.php(598): CodeIgniter\Database\BaseConnection->simpleQuery('SELECT COUNT(*)...')
#3 /home/xkynpbah/public_html/vendor/codeigniter4/framework/system/Database/BaseBuilder.php(1527): CodeIgniter\Database\BaseConnection->query('SELECT COUNT(*)...', Array, false)
#4 /home/xkynpbah/public_html/app/Controllers/Telegram.php(165): CodeIgniter\Database\BaseBuilder->countAllResults()
#5 /home/xkynpbah/public_html/app/Controllers/Telegram.php(124): App\Controllers\Telegram->askForResetConfirmation(6719727245, 6719727245, Object(stdClass), 'akashbabu', Object(stdClass))
#6 /home/xkynpbah/public_html/vendor/codeigniter4/framework/system/CodeIgniter.php(824): App\Controllers\Telegram->index()
#7 /home/xkynpbah/public_html/vendor/codeigniter4/framework/system/CodeIgniter.php(410): CodeIgniter\CodeIgniter->runController(Object(App\Controllers\Telegram))
#8 /home/xkynpbah/public_html/vendor/codeigniter4/framework/system/CodeIgniter.php(318): CodeIgniter\CodeIgniter->handleRequest(NULL, Object(Config\Cache), false)
#9 /home/xkynpbah/public_html/index.php(37): CodeIgniter\CodeIgniter->run()
#10 {main}
ERROR - 2026-07-27 11:10:23 --> Telegram controller called
ERROR - 2026-07-27 11:10:23 --> Table 'xkynpbah_titoo.telegram_premium' doesn't exist
CRITICAL - 2026-07-27 11:10:23 --> Table 'xkynpbah_titoo.telegram_premium' doesn't exist
#0 /home/xkynpbah/public_html/vendor/codeigniter4/framework/system/Database/MySQLi/Connection.php(292): mysqli->query('SELECT COUNT(*)...', 0)
#1 /home/xkynpbah/public_html/vendor/codeigniter4/framework/system/Database/BaseConnection.php(670): CodeIgniter\Database\MySQLi\Connection->execute('SELECT COUNT(*)...')
#2 /home/xkynpbah/public_html/vendor/codeigniter4/framework/system/Database/BaseConnection.php(598): CodeIgniter\Database\BaseConnection->simpleQuery('SELECT COUNT(*)...')
#3 /home/xkynpbah/public_html/vendor/codeigniter4/framework/system/Database/BaseBuilder.php(1527): CodeIgniter\Database\BaseConnection->query('SELECT COUNT(*)...', Array, false)
#4 /home/xkynpbah/public_html/app/Controllers/Telegram.php(165): CodeIgniter\Database\BaseBuilder->countAllResults()
#5 /home/xkynpbah/public_html/app/Controllers/Telegram.php(124): App\Controllers\Telegram->askForResetConfirmation(6719727245, 6719727245, Object(stdClass), 'akashbabu', Object(stdClass))
#6 /home/xkynpbah/public_html/vendor/codeigniter4/framework/system/CodeIgniter.php(824): App\Controllers\Telegram->index()
#7 /home/xkynpbah/public_html/vendor/codeigniter4/framework/system/CodeIgniter.php(410): CodeIgniter\CodeIgniter->runController(Object(App\Controllers\Telegram))
#8 /home/xkynpbah/public_html/vendor/codeigniter4/framework/system/CodeIgniter.php(318): CodeIgniter\CodeIgniter->handleRequest(NULL, Object(Config\Cache), false)
#9 /home/xkynpbah/public_html/index.php(37): CodeIgniter\CodeIgniter->run()
#10 {main}
ERROR - 2026-07-27 11:11:41 --> Telegram controller called
ERROR - 2026-07-27 11:11:41 --> Table 'xkynpbah_titoo.telegram_premium' doesn't exist
CRITICAL - 2026-07-27 11:11:41 --> Table 'xkynpbah_titoo.telegram_premium' doesn't exist
#0 /home/xkynpbah/public_html/vendor/codeigniter4/framework/system/Database/MySQLi/Connection.php(292): mysqli->query('SELECT COUNT(*)...', 0)
#1 /home/xkynpbah/public_html/vendor/codeigniter4/framework/system/Database/BaseConnection.php(670): CodeIgniter\Database\MySQLi\Connection->execute('SELECT COUNT(*)...')
#2 /home/xkynpbah/public_html/vendor/codeigniter4/framework/system/Database/BaseConnection.php(598): CodeIgniter\Database\BaseConnection->simpleQuery('SELECT COUNT(*)...')
#3 /home/xkynpbah/public_html/vendor/codeigniter4/framework/system/Database/BaseBuilder.php(1527): CodeIgniter\Database\BaseConnection->query('SELECT COUNT(*)...', Array, false)
#4 /home/xkynpbah/public_html/app/Controllers/Telegram.php(165): CodeIgniter\Database\BaseBuilder->countAllResults()
#5 /home/xkynpbah/public_html/app/Controllers/Telegram.php(124): App\Controllers\Telegram->askForResetConfirmation(6719727245, 6719727245, Object(stdClass), 'akashbabu', Object(stdClass))
#6 /home/xkynpbah/public_html/vendor/codeigniter4/framework/system/CodeIgniter.php(824): App\Controllers\Telegram->index()
#7 /home/xkynpbah/public_html/vendor/codeigniter4/framework/system/CodeIgniter.php(410): CodeIgniter\CodeIgniter->runController(Object(App\Controllers\Telegram))
#8 /home/xkynpbah/public_html/vendor/codeigniter4/framework/system/CodeIgniter.php(318): CodeIgniter\CodeIgniter->handleRequest(NULL, Object(Config\Cache), false)
#9 /home/xkynpbah/public_html/index.php(37): CodeIgniter\CodeIgniter->run()
#10 {main}
ERROR - 2026-07-27 11:13:20 --> Telegram controller called
ERROR - 2026-07-27 11:13:20 --> Table 'xkynpbah_titoo.telegram_premium' doesn't exist
CRITICAL - 2026-07-27 11:13:20 --> Table 'xkynpbah_titoo.telegram_premium' doesn't exist
#0 /home/xkynpbah/public_html/vendor/codeigniter4/framework/system/Database/MySQLi/Connection.php(292): mysqli->query('SELECT COUNT(*)...', 0)
#1 /home/xkynpbah/public_html/vendor/codeigniter4/framework/system/Database/BaseConnection.php(670): CodeIgniter\Database\MySQLi\Connection->execute('SELECT COUNT(*)...')
#2 /home/xkynpbah/public_html/vendor/codeigniter4/framework/system/Database/BaseConnection.php(598): CodeIgniter\Database\BaseConnection->simpleQuery('SELECT COUNT(*)...')
#3 /home/xkynpbah/public_html/vendor/codeigniter4/framework/system/Database/BaseBuilder.php(1527): CodeIgniter\Database\BaseConnection->query('SELECT COUNT(*)...', Array, false)
#4 /home/xkynpbah/public_html/app/Controllers/Telegram.php(165): CodeIgniter\Database\BaseBuilder->countAllResults()
#5 /home/xkynpbah/public_html/app/Controllers/Telegram.php(124): App\Controllers\Telegram->askForResetConfirmation(6719727245, 6719727245, Object(stdClass), 'akashbabu', Object(stdClass))
#6 /home/xkynpbah/public_html/vendor/codeigniter4/framework/system/CodeIgniter.php(824): App\Controllers\Telegram->index()
#7 /home/xkynpbah/public_html/vendor/codeigniter4/framework/system/CodeIgniter.php(410): CodeIgniter\CodeIgniter->runController(Object(App\Controllers\Telegram))
#8 /home/xkynpbah/public_html/vendor/codeigniter4/framework/system/CodeIgniter.php(318): CodeIgniter\CodeIgniter->handleRequest(NULL, Object(Config\Cache), false)
#9 /home/xkynpbah/public_html/index.php(37): CodeIgniter\CodeIgniter->run()
#10 {main}
ERROR - 2026-07-27 11:15:03 --> Telegram controller called
ERROR - 2026-07-27 11:15:03 --> Table 'xkynpbah_titoo.telegram_premium' doesn't exist
CRITICAL - 2026-07-27 11:15:03 --> Table 'xkynpbah_titoo.telegram_premium' doesn't exist
#0 /home/xkynpbah/public_html/vendor/codeigniter4/framework/system/Database/MySQLi/Connection.php(292): mysqli->query('SELECT COUNT(*)...', 0)
#1 /home/xkynpbah/public_html/vendor/codeigniter4/framework/system/Database/BaseConnection.php(670): CodeIgniter\Database\MySQLi\Connection->execute('SELECT COUNT(*)...')
#2 /home/xkynpbah/public_html/vendor/codeigniter4/framework/system/Database/BaseConnection.php(598): CodeIgniter\Database\BaseConnection->simpleQuery('SELECT COUNT(*)...')
#3 /home/xkynpbah/public_html/vendor/codeigniter4/framework/system/Database/BaseBuilder.php(1527): CodeIgniter\Database\BaseConnection->query('SELECT COUNT(*)...', Array, false)
#4 /home/xkynpbah/public_html/app/Controllers/Telegram.php(165): CodeIgniter\Database\BaseBuilder->countAllResults()
#5 /home/xkynpbah/public_html/app/Controllers/Telegram.php(124): App\Controllers\Telegram->askForResetConfirmation(6719727245, 6719727245, Object(stdClass), 'akashbabu', Object(stdClass))
#6 /home/xkynpbah/public_html/vendor/codeigniter4/framework/system/CodeIgniter.php(824): App\Controllers\Telegram->index()
#7 /home/xkynpbah/public_html/vendor/codeigniter4/framework/system/CodeIgniter.php(410): CodeIgniter\CodeIgniter->runController(Object(App\Controllers\Telegram))
#8 /home/xkynpbah/public_html/vendor/codeigniter4/framework/system/CodeIgniter.php(318): CodeIgniter\CodeIgniter->handleRequest(NULL, Object(Config\Cache), false)
#9 /home/xkynpbah/public_html/index.php(37): CodeIgniter\CodeIgniter->run()
#10 {main}
ERROR - 2026-07-27 11:17:00 --> Telegram controller called
ERROR - 2026-07-27 11:17:00 --> Table 'xkynpbah_titoo.telegram_premium' doesn't exist
CRITICAL - 2026-07-27 11:17:00 --> Table 'xkynpbah_titoo.telegram_premium' doesn't exist
#0 /home/xkynpbah/public_html/vendor/codeigniter4/framework/system/Database/MySQLi/Connection.php(292): mysqli->query('SELECT COUNT(*)...', 0)
#1 /home/xkynpbah/public_html/vendor/codeigniter4/framework/system/Database/BaseConnection.php(670): CodeIgniter\Database\MySQLi\Connection->execute('SELECT COUNT(*)...')
#2 /home/xkynpbah/public_html/vendor/codeigniter4/framework/system/Database/BaseConnection.php(598): CodeIgniter\Database\BaseConnection->simpleQuery('SELECT COUNT(*)...')
#3 /home/xkynpbah/public_html/vendor/codeigniter4/framework/system/Database/BaseBuilder.php(1527): CodeIgniter\Database\BaseConnection->query('SELECT COUNT(*)...', Array, false)
#4 /home/xkynpbah/public_html/app/Controllers/Telegram.php(165): CodeIgniter\Database\BaseBuilder->countAllResults()
#5 /home/xkynpbah/public_html/app/Controllers/Telegram.php(124): App\Controllers\Telegram->askForResetConfirmation(6719727245, 6719727245, Object(stdClass), 'akashbabu', Object(stdClass))
#6 /home/xkynpbah/public_html/vendor/codeigniter4/framework/system/CodeIgniter.php(824): App\Controllers\Telegram->index()
#7 /home/xkynpbah/public_html/vendor/codeigniter4/framework/system/CodeIgniter.php(410): CodeIgniter\CodeIgniter->runController(Object(App\Controllers\Telegram))
#8 /home/xkynpbah/public_html/vendor/codeigniter4/framework/system/CodeIgniter.php(318): CodeIgniter\CodeIgniter->handleRequest(NULL, Object(Config\Cache), false)
#9 /home/xkynpbah/public_html/index.php(37): CodeIgniter\CodeIgniter->run()
#10 {main}
ERROR - 2026-07-27 11:18:16 --> Telegram controller called
ERROR - 2026-07-27 11:18:16 --> Table 'xkynpbah_titoo.telegram_premium' doesn't exist
CRITICAL - 2026-07-27 11:18:16 --> Table 'xkynpbah_titoo.telegram_premium' doesn't exist
#0 /home/xkynpbah/public_html/vendor/codeigniter4/framework/system/Database/MySQLi/Connection.php(292): mysqli->query('SELECT COUNT(*)...', 0)
#1 /home/xkynpbah/public_html/vendor/codeigniter4/framework/system/Database/BaseConnection.php(670): CodeIgniter\Database\MySQLi\Connection->execute('SELECT COUNT(*)...')
#2 /home/xkynpbah/public_html/vendor/codeigniter4/framework/system/Database/BaseConnection.php(598): CodeIgniter\Database\BaseConnection->simpleQuery('SELECT COUNT(*)...')
#3 /home/xkynpbah/public_html/vendor/codeigniter4/framework/system/Database/BaseBuilder.php(1527): CodeIgniter\Database\BaseConnection->query('SELECT COUNT(*)...', Array, false)
#4 /home/xkynpbah/public_html/app/Controllers/Telegram.php(165): CodeIgniter\Database\BaseBuilder->countAllResults()
#5 /home/xkynpbah/public_html/app/Controllers/Telegram.php(124): App\Controllers\Telegram->askForResetConfirmation(6719727245, 6719727245, Object(stdClass), 'akashbabu', Object(stdClass))
#6 /home/xkynpbah/public_html/vendor/codeigniter4/framework/system/CodeIgniter.php(824): App\Controllers\Telegram->index()
#7 /home/xkynpbah/public_html/vendor/codeigniter4/framework/system/CodeIgniter.php(410): CodeIgniter\CodeIgniter->runController(Object(App\Controllers\Telegram))
#8 /home/xkynpbah/public_html/vendor/codeigniter4/framework/system/CodeIgniter.php(318): CodeIgniter\CodeIgniter->handleRequest(NULL, Object(Config\Cache), false)
#9 /home/xkynpbah/public_html/index.php(37): CodeIgniter\CodeIgniter->run()
#10 {main}
ERROR - 2026-07-27 11:19:43 --> Telegram controller called
ERROR - 2026-07-27 11:19:43 --> Table 'xkynpbah_titoo.telegram_premium' doesn't exist
CRITICAL - 2026-07-27 11:19:43 --> Table 'xkynpbah_titoo.telegram_premium' doesn't exist
#0 /home/xkynpbah/public_html/vendor/codeigniter4/framework/system/Database/MySQLi/Connection.php(292): mysqli->query('SELECT COUNT(*)...', 0)
#1 /home/xkynpbah/public_html/vendor/codeigniter4/framework/system/Database/BaseConnection.php(670): CodeIgniter\Database\MySQLi\Connection->execute('SELECT COUNT(*)...')
#2 /home/xkynpbah/public_html/vendor/codeigniter4/framework/system/Database/BaseConnection.php(598): CodeIgniter\Database\BaseConnection->simpleQuery('SELECT COUNT(*)...')
#3 /home/xkynpbah/public_html/vendor/codeigniter4/framework/system/Database/BaseBuilder.php(1527): CodeIgniter\Database\BaseConnection->query('SELECT COUNT(*)...', Array, false)
#4 /home/xkynpbah/public_html/app/Controllers/Telegram.php(165): CodeIgniter\Database\BaseBuilder->countAllResults()
#5 /home/xkynpbah/public_html/app/Controllers/Telegram.php(124): App\Controllers\Telegram->askForResetConfirmation(6719727245, 6719727245, Object(stdClass), 'akashbabu', Object(stdClass))
#6 /home/xkynpbah/public_html/vendor/codeigniter4/framework/system/CodeIgniter.php(824): App\Controllers\Telegram->index()
#7 /home/xkynpbah/public_html/vendor/codeigniter4/framework/system/CodeIgniter.php(410): CodeIgniter\CodeIgniter->runController(Object(App\Controllers\Telegram))
#8 /home/xkynpbah/public_html/vendor/codeigniter4/framework/system/CodeIgniter.php(318): CodeIgniter\CodeIgniter->handleRequest(NULL, Object(Config\Cache), false)
#9 /home/xkynpbah/public_html/index.php(37): CodeIgniter\CodeIgniter->run()
#10 {main}
ERROR - 2026-07-27 11:19:43 --> Telegram controller called
ERROR - 2026-07-27 11:19:43 --> Telegram Bot Token not set in .env
ERROR - 2026-07-27 11:19:43 --> Telegram controller called
ERROR - 2026-07-27 11:19:43 --> Telegram Bot Token not set in .env
ERROR - 2026-07-27 14:31:44 --> Telegram controller called
ERROR - 2026-07-27 14:31:44 --> Telegram Bot Token not set in .env
ERROR - 2026-07-27 15:54:52 --> Telegram controller called
ERROR - 2026-07-27 15:54:52 --> Telegram Bot Token not set in .env
ERROR - 2026-07-27 16:05:07 --> Telegram controller called
ERROR - 2026-07-27 16:05:07 --> Telegram Bot Token not set in .env
ERROR - 2026-07-27 16:45:04 --> Telegram controller called
ERROR - 2026-07-27 16:45:04 --> Telegram Bot Token not set in .env
ERROR - 2026-07-27 16:45:28 --> Telegram controller called
ERROR - 2026-07-27 16:45:28 --> Telegram Bot Token not set in .env
ERROR - 2026-07-27 16:53:55 --> Telegram controller called
ERROR - 2026-07-27 16:53:55 --> Telegram Bot Token not set in .env
ERROR - 2026-07-27 16:55:26 --> Telegram controller called
ERROR - 2026-07-27 16:55:26 --> Telegram Bot Token not set in .env
ERROR - 2026-07-27 16:57:01 --> Telegram controller called
ERROR - 2026-07-27 16:57:01 --> Telegram Bot Token not set in .env
ERROR - 2026-07-27 16:57:41 --> Telegram controller called
ERROR - 2026-07-27 16:57:41 --> Telegram Bot Token not set in .env
ERROR - 2026-07-27 17:25:28 --> Telegram controller called
ERROR - 2026-07-27 17:25:28 --> Telegram Bot Token not set in .env
ERROR - 2026-07-27 22:45:53 --> Telegram controller called
ERROR - 2026-07-27 22:45:53 --> Telegram Bot Token not set in .env
ERROR - 2026-07-27 23:11:34 --> Telegram controller called
ERROR - 2026-07-27 23:11:34 --> Telegram Bot Token not set in .env
ERROR - 2026-07-27 23:11:37 --> Telegram controller called
ERROR - 2026-07-27 23:11:37 --> Telegram Bot Token not set in .env
ERROR - 2026-07-27 23:21:33 --> Telegram controller called
ERROR - 2026-07-27 23:21:33 --> Telegram Bot Token not set in .env
