ERROR - 2026-07-29 09:30:21 --> Telegram controller called
ERROR - 2026-07-29 09:30:21 --> Telegram Bot Token not set in .env
CRITICAL - 2026-07-29 13:16:31 --> Trying to get property 'level' of non-object
#0 /home/xkynpbah/public_html/app/Models/UserModel.php(84): CodeIgniter\Debug\Exceptions->errorHandler(8, 'Trying to get p...', '/home/xkynpbah/...', 84, Array)
#1 /home/xkynpbah/public_html/app/Filters/AuthFilter.php(19): App\Models\UserModel->checkAuthFilter()
#2 /home/xkynpbah/public_html/vendor/codeigniter4/framework/system/Filters/Filters.php(173): App\Filters\AuthFilter->before(Object(CodeIgniter\HTTP\IncomingRequest), NULL)
#3 /home/xkynpbah/public_html/vendor/codeigniter4/framework/system/CodeIgniter.php(384): CodeIgniter\Filters\Filters->run('keys/generate', 'before')
#4 /home/xkynpbah/public_html/vendor/codeigniter4/framework/system/CodeIgniter.php(318): CodeIgniter\CodeIgniter->handleRequest(NULL, Object(Config\Cache), false)
#5 /home/xkynpbah/public_html/index.php(37): CodeIgniter\CodeIgniter->run()
#6 {main}
CRITICAL - 2026-07-29 13:16:33 --> Trying to get property 'level' of non-object
#0 /home/xkynpbah/public_html/app/Models/UserModel.php(84): CodeIgniter\Debug\Exceptions->errorHandler(8, 'Trying to get p...', '/home/xkynpbah/...', 84, Array)
#1 /home/xkynpbah/public_html/app/Filters/AuthFilter.php(19): App\Models\UserModel->checkAuthFilter()
#2 /home/xkynpbah/public_html/vendor/codeigniter4/framework/system/Filters/Filters.php(173): App\Filters\AuthFilter->before(Object(CodeIgniter\HTTP\IncomingRequest), NULL)
#3 /home/xkynpbah/public_html/vendor/codeigniter4/framework/system/CodeIgniter.php(384): CodeIgniter\Filters\Filters->run('keys/generate', 'before')
#4 /home/xkynpbah/public_html/vendor/codeigniter4/framework/system/CodeIgniter.php(318): CodeIgniter\CodeIgniter->handleRequest(NULL, Object(Config\Cache), false)
#5 /home/xkynpbah/public_html/index.php(37): CodeIgniter\CodeIgniter->run()
#6 {main}
CRITICAL - 2026-07-29 13:16:34 --> Trying to get property 'level' of non-object
#0 /home/xkynpbah/public_html/app/Models/UserModel.php(84): CodeIgniter\Debug\Exceptions->errorHandler(8, 'Trying to get p...', '/home/xkynpbah/...', 84, Array)
#1 /home/xkynpbah/public_html/app/Filters/AuthFilter.php(19): App\Models\UserModel->checkAuthFilter()
#2 /home/xkynpbah/public_html/vendor/codeigniter4/framework/system/Filters/Filters.php(173): App\Filters\AuthFilter->before(Object(CodeIgniter\HTTP\IncomingRequest), NULL)
#3 /home/xkynpbah/public_html/vendor/codeigniter4/framework/system/CodeIgniter.php(384): CodeIgniter\Filters\Filters->run('keys/generate', 'before')
#4 /home/xkynpbah/public_html/vendor/codeigniter4/framework/system/CodeIgniter.php(318): CodeIgniter\CodeIgniter->handleRequest(NULL, Object(Config\Cache), false)
#5 /home/xkynpbah/public_html/index.php(37): CodeIgniter\CodeIgniter->run()
#6 {main}
CRITICAL - 2026-07-29 13:16:35 --> Trying to get property 'level' of non-object
#0 /home/xkynpbah/public_html/app/Models/UserModel.php(84): CodeIgniter\Debug\Exceptions->errorHandler(8, 'Trying to get p...', '/home/xkynpbah/...', 84, Array)
#1 /home/xkynpbah/public_html/app/Filters/AuthFilter.php(19): App\Models\UserModel->checkAuthFilter()
#2 /home/xkynpbah/public_html/vendor/codeigniter4/framework/system/Filters/Filters.php(173): App\Filters\AuthFilter->before(Object(CodeIgniter\HTTP\IncomingRequest), NULL)
#3 /home/xkynpbah/public_html/vendor/codeigniter4/framework/system/CodeIgniter.php(384): CodeIgniter\Filters\Filters->run('keys/generate', 'before')
#4 /home/xkynpbah/public_html/vendor/codeigniter4/framework/system/CodeIgniter.php(318): CodeIgniter\CodeIgniter->handleRequest(NULL, Object(Config\Cache), false)
#5 /home/xkynpbah/public_html/index.php(37): CodeIgniter\CodeIgniter->run()
#6 {main}
CRITICAL - 2026-07-29 13:16:36 --> Trying to get property 'level' of non-object
#0 /home/xkynpbah/public_html/app/Models/UserModel.php(84): CodeIgniter\Debug\Exceptions->errorHandler(8, 'Trying to get p...', '/home/xkynpbah/...', 84, Array)
#1 /home/xkynpbah/public_html/app/Filters/AuthFilter.php(19): App\Models\UserModel->checkAuthFilter()
#2 /home/xkynpbah/public_html/vendor/codeigniter4/framework/system/Filters/Filters.php(173): App\Filters\AuthFilter->before(Object(CodeIgniter\HTTP\IncomingRequest), NULL)
#3 /home/xkynpbah/public_html/vendor/codeigniter4/framework/system/CodeIgniter.php(384): CodeIgniter\Filters\Filters->run('keys/generate', 'before')
#4 /home/xkynpbah/public_html/vendor/codeigniter4/framework/system/CodeIgniter.php(318): CodeIgniter\CodeIgniter->handleRequest(NULL, Object(Config\Cache), false)
#5 /home/xkynpbah/public_html/index.php(37): CodeIgniter\CodeIgniter->run()
#6 {main}
CRITICAL - 2026-07-29 13:16:37 --> Trying to get property 'level' of non-object
#0 /home/xkynpbah/public_html/app/Models/UserModel.php(84): CodeIgniter\Debug\Exceptions->errorHandler(8, 'Trying to get p...', '/home/xkynpbah/...', 84, Array)
#1 /home/xkynpbah/public_html/app/Filters/AuthFilter.php(19): App\Models\UserModel->checkAuthFilter()
#2 /home/xkynpbah/public_html/vendor/codeigniter4/framework/system/Filters/Filters.php(173): App\Filters\AuthFilter->before(Object(CodeIgniter\HTTP\IncomingRequest), NULL)
#3 /home/xkynpbah/public_html/vendor/codeigniter4/framework/system/CodeIgniter.php(384): CodeIgniter\Filters\Filters->run('keys/generate', 'before')
#4 /home/xkynpbah/public_html/vendor/codeigniter4/framework/system/CodeIgniter.php(318): CodeIgniter\CodeIgniter->handleRequest(NULL, Object(Config\Cache), false)
#5 /home/xkynpbah/public_html/index.php(37): CodeIgniter\CodeIgniter->run()
#6 {main}
CRITICAL - 2026-07-29 13:16:42 --> Trying to get property 'level' of non-object
#0 /home/xkynpbah/public_html/app/Models/UserModel.php(84): CodeIgniter\Debug\Exceptions->errorHandler(8, 'Trying to get p...', '/home/xkynpbah/...', 84, Array)
#1 /home/xkynpbah/public_html/app/Filters/AuthFilter.php(19): App\Models\UserModel->checkAuthFilter()
#2 /home/xkynpbah/public_html/vendor/codeigniter4/framework/system/Filters/Filters.php(173): App\Filters\AuthFilter->before(Object(CodeIgniter\HTTP\IncomingRequest), NULL)
#3 /home/xkynpbah/public_html/vendor/codeigniter4/framework/system/CodeIgniter.php(384): CodeIgniter\Filters\Filters->run('dashboard', 'before')
#4 /home/xkynpbah/public_html/vendor/codeigniter4/framework/system/CodeIgniter.php(318): CodeIgniter\CodeIgniter->handleRequest(NULL, Object(Config\Cache), false)
#5 /home/xkynpbah/public_html/index.php(37): CodeIgniter\CodeIgniter->run()
#6 {main}
CRITICAL - 2026-07-29 13:16:43 --> Trying to get property 'level' of non-object
#0 /home/xkynpbah/public_html/app/Models/UserModel.php(84): CodeIgniter\Debug\Exceptions->errorHandler(8, 'Trying to get p...', '/home/xkynpbah/...', 84, Array)
#1 /home/xkynpbah/public_html/app/Filters/AuthFilter.php(19): App\Models\UserModel->checkAuthFilter()
#2 /home/xkynpbah/public_html/vendor/codeigniter4/framework/system/Filters/Filters.php(173): App\Filters\AuthFilter->before(Object(CodeIgniter\HTTP\IncomingRequest), NULL)
#3 /home/xkynpbah/public_html/vendor/codeigniter4/framework/system/CodeIgniter.php(384): CodeIgniter\Filters\Filters->run('dashboard', 'before')
#4 /home/xkynpbah/public_html/vendor/codeigniter4/framework/system/CodeIgniter.php(318): CodeIgniter\CodeIgniter->handleRequest(NULL, Object(Config\Cache), false)
#5 /home/xkynpbah/public_html/index.php(37): CodeIgniter\CodeIgniter->run()
#6 {main}
CRITICAL - 2026-07-29 13:16:45 --> Trying to get property 'level' of non-object
#0 /home/xkynpbah/public_html/app/Models/UserModel.php(84): CodeIgniter\Debug\Exceptions->errorHandler(8, 'Trying to get p...', '/home/xkynpbah/...', 84, Array)
#1 /home/xkynpbah/public_html/app/Filters/AuthFilter.php(19): App\Models\UserModel->checkAuthFilter()
#2 /home/xkynpbah/public_html/vendor/codeigniter4/framework/system/Filters/Filters.php(173): App\Filters\AuthFilter->before(Object(CodeIgniter\HTTP\IncomingRequest), NULL)
#3 /home/xkynpbah/public_html/vendor/codeigniter4/framework/system/CodeIgniter.php(384): CodeIgniter\Filters\Filters->run('dashboard', 'before')
#4 /home/xkynpbah/public_html/vendor/codeigniter4/framework/system/CodeIgniter.php(318): CodeIgniter\CodeIgniter->handleRequest(NULL, Object(Config\Cache), false)
#5 /home/xkynpbah/public_html/index.php(37): CodeIgniter\CodeIgniter->run()
#6 {main}
CRITICAL - 2026-07-29 13:16:46 --> Trying to get property 'level' of non-object
#0 /home/xkynpbah/public_html/app/Models/UserModel.php(84): CodeIgniter\Debug\Exceptions->errorHandler(8, 'Trying to get p...', '/home/xkynpbah/...', 84, Array)
#1 /home/xkynpbah/public_html/app/Filters/AuthFilter.php(19): App\Models\UserModel->checkAuthFilter()
#2 /home/xkynpbah/public_html/vendor/codeigniter4/framework/system/Filters/Filters.php(173): App\Filters\AuthFilter->before(Object(CodeIgniter\HTTP\IncomingRequest), NULL)
#3 /home/xkynpbah/public_html/vendor/codeigniter4/framework/system/CodeIgniter.php(384): CodeIgniter\Filters\Filters->run('keys/generate', 'before')
#4 /home/xkynpbah/public_html/vendor/codeigniter4/framework/system/CodeIgniter.php(318): CodeIgniter\CodeIgniter->handleRequest(NULL, Object(Config\Cache), false)
#5 /home/xkynpbah/public_html/index.php(37): CodeIgniter\CodeIgniter->run()
#6 {main}
CRITICAL - 2026-07-29 13:16:47 --> Trying to get property 'level' of non-object
#0 /home/xkynpbah/public_html/app/Models/UserModel.php(84): CodeIgniter\Debug\Exceptions->errorHandler(8, 'Trying to get p...', '/home/xkynpbah/...', 84, Array)
#1 /home/xkynpbah/public_html/app/Filters/AuthFilter.php(19): App\Models\UserModel->checkAuthFilter()
#2 /home/xkynpbah/public_html/vendor/codeigniter4/framework/system/Filters/Filters.php(173): App\Filters\AuthFilter->before(Object(CodeIgniter\HTTP\IncomingRequest), NULL)
#3 /home/xkynpbah/public_html/vendor/codeigniter4/framework/system/CodeIgniter.php(384): CodeIgniter\Filters\Filters->run('keys', 'before')
#4 /home/xkynpbah/public_html/vendor/codeigniter4/framework/system/CodeIgniter.php(318): CodeIgniter\CodeIgniter->handleRequest(NULL, Object(Config\Cache), false)
#5 /home/xkynpbah/public_html/index.php(37): CodeIgniter\CodeIgniter->run()
#6 {main}
CRITICAL - 2026-07-29 13:16:47 --> Trying to get property 'level' of non-object
#0 /home/xkynpbah/public_html/app/Models/UserModel.php(84): CodeIgniter\Debug\Exceptions->errorHandler(8, 'Trying to get p...', '/home/xkynpbah/...', 84, Array)
#1 /home/xkynpbah/public_html/app/Filters/AuthFilter.php(19): App\Models\UserModel->checkAuthFilter()
#2 /home/xkynpbah/public_html/vendor/codeigniter4/framework/system/Filters/Filters.php(173): App\Filters\AuthFilter->before(Object(CodeIgniter\HTTP\IncomingRequest), NULL)
#3 /home/xkynpbah/public_html/vendor/codeigniter4/framework/system/CodeIgniter.php(384): CodeIgniter\Filters\Filters->run('dashboard', 'before')
#4 /home/xkynpbah/public_html/vendor/codeigniter4/framework/system/CodeIgniter.php(318): CodeIgniter\CodeIgniter->handleRequest(NULL, Object(Config\Cache), false)
#5 /home/xkynpbah/public_html/index.php(37): CodeIgniter\CodeIgniter->run()
#6 {main}
CRITICAL - 2026-07-29 13:16:50 --> Trying to get property 'level' of non-object
#0 /home/xkynpbah/public_html/app/Models/UserModel.php(84): CodeIgniter\Debug\Exceptions->errorHandler(8, 'Trying to get p...', '/home/xkynpbah/...', 84, Array)
#1 /home/xkynpbah/public_html/app/Filters/AuthFilter.php(19): App\Models\UserModel->checkAuthFilter()
#2 /home/xkynpbah/public_html/vendor/codeigniter4/framework/system/Filters/Filters.php(173): App\Filters\AuthFilter->before(Object(CodeIgniter\HTTP\IncomingRequest), NULL)
#3 /home/xkynpbah/public_html/vendor/codeigniter4/framework/system/CodeIgniter.php(384): CodeIgniter\Filters\Filters->run('dashboard', 'before')
#4 /home/xkynpbah/public_html/vendor/codeigniter4/framework/system/CodeIgniter.php(318): CodeIgniter\CodeIgniter->handleRequest(NULL, Object(Config\Cache), false)
#5 /home/xkynpbah/public_html/index.php(37): CodeIgniter\CodeIgniter->run()
#6 {main}
CRITICAL - 2026-07-29 13:16:59 --> Trying to get property 'level' of non-object
#0 /home/xkynpbah/public_html/app/Models/UserModel.php(84): CodeIgniter\Debug\Exceptions->errorHandler(8, 'Trying to get p...', '/home/xkynpbah/...', 84, Array)
#1 /home/xkynpbah/public_html/app/Filters/AuthFilter.php(19): App\Models\UserModel->checkAuthFilter()
#2 /home/xkynpbah/public_html/vendor/codeigniter4/framework/system/Filters/Filters.php(173): App\Filters\AuthFilter->before(Object(CodeIgniter\HTTP\IncomingRequest), NULL)
#3 /home/xkynpbah/public_html/vendor/codeigniter4/framework/system/CodeIgniter.php(384): CodeIgniter\Filters\Filters->run('dashboard', 'before')
#4 /home/xkynpbah/public_html/vendor/codeigniter4/framework/system/CodeIgniter.php(318): CodeIgniter\CodeIgniter->handleRequest(NULL, Object(Config\Cache), false)
#5 /home/xkynpbah/public_html/index.php(37): CodeIgniter\CodeIgniter->run()
#6 {main}
CRITICAL - 2026-07-29 13:17:18 --> Trying to get property 'level' of non-object
#0 /home/xkynpbah/public_html/app/Models/UserModel.php(84): CodeIgniter\Debug\Exceptions->errorHandler(8, 'Trying to get p...', '/home/xkynpbah/...', 84, Array)
#1 /home/xkynpbah/public_html/app/Filters/AuthFilter.php(19): App\Models\UserModel->checkAuthFilter()
#2 /home/xkynpbah/public_html/vendor/codeigniter4/framework/system/Filters/Filters.php(173): App\Filters\AuthFilter->before(Object(CodeIgniter\HTTP\IncomingRequest), NULL)
#3 /home/xkynpbah/public_html/vendor/codeigniter4/framework/system/CodeIgniter.php(384): CodeIgniter\Filters\Filters->run('dashboard', 'before')
#4 /home/xkynpbah/public_html/vendor/codeigniter4/framework/system/CodeIgniter.php(318): CodeIgniter\CodeIgniter->handleRequest(NULL, Object(Config\Cache), false)
#5 /home/xkynpbah/public_html/index.php(37): CodeIgniter\CodeIgniter->run()
#6 {main}
ERROR - 2026-07-29 14:02:54 --> Telegram controller called
ERROR - 2026-07-29 14:02:54 --> Telegram Bot Token not set in .env
ERROR - 2026-07-29 14:18:02 --> Telegram controller called
ERROR - 2026-07-29 14:18:02 --> Telegram Bot Token not set in .env
CRITICAL - 2026-07-29 14:21:42 --> Trying to get property 'level' of non-object
#0 /home/xkynpbah/public_html/app/Models/UserModel.php(84): CodeIgniter\Debug\Exceptions->errorHandler(8, 'Trying to get p...', '/home/xkynpbah/...', 84, Array)
#1 /home/xkynpbah/public_html/app/Filters/AuthFilter.php(19): App\Models\UserModel->checkAuthFilter()
#2 /home/xkynpbah/public_html/vendor/codeigniter4/framework/system/Filters/Filters.php(173): App\Filters\AuthFilter->before(Object(CodeIgniter\HTTP\IncomingRequest), NULL)
#3 /home/xkynpbah/public_html/vendor/codeigniter4/framework/system/CodeIgniter.php(384): CodeIgniter\Filters\Filters->run('keys/generate', 'before')
#4 /home/xkynpbah/public_html/vendor/codeigniter4/framework/system/CodeIgniter.php(318): CodeIgniter\CodeIgniter->handleRequest(NULL, Object(Config\Cache), false)
#5 /home/xkynpbah/public_html/index.php(37): CodeIgniter\CodeIgniter->run()
#6 {main}
CRITICAL - 2026-07-29 14:21:44 --> Trying to get property 'level' of non-object
#0 /home/xkynpbah/public_html/app/Models/UserModel.php(84): CodeIgniter\Debug\Exceptions->errorHandler(8, 'Trying to get p...', '/home/xkynpbah/...', 84, Array)
#1 /home/xkynpbah/public_html/app/Filters/AuthFilter.php(19): App\Models\UserModel->checkAuthFilter()
#2 /home/xkynpbah/public_html/vendor/codeigniter4/framework/system/Filters/Filters.php(173): App\Filters\AuthFilter->before(Object(CodeIgniter\HTTP\IncomingRequest), NULL)
#3 /home/xkynpbah/public_html/vendor/codeigniter4/framework/system/CodeIgniter.php(384): CodeIgniter\Filters\Filters->run('keys/generate', 'before')
#4 /home/xkynpbah/public_html/vendor/codeigniter4/framework/system/CodeIgniter.php(318): CodeIgniter\CodeIgniter->handleRequest(NULL, Object(Config\Cache), false)
#5 /home/xkynpbah/public_html/index.php(37): CodeIgniter\CodeIgniter->run()
#6 {main}
CRITICAL - 2026-07-29 14:21:58 --> Trying to get property 'level' of non-object
#0 /home/xkynpbah/public_html/app/Models/UserModel.php(84): CodeIgniter\Debug\Exceptions->errorHandler(8, 'Trying to get p...', '/home/xkynpbah/...', 84, Array)
#1 /home/xkynpbah/public_html/app/Filters/AuthFilter.php(19): App\Models\UserModel->checkAuthFilter()
#2 /home/xkynpbah/public_html/vendor/codeigniter4/framework/system/Filters/Filters.php(173): App\Filters\AuthFilter->before(Object(CodeIgniter\HTTP\IncomingRequest), NULL)
#3 /home/xkynpbah/public_html/vendor/codeigniter4/framework/system/CodeIgniter.php(384): CodeIgniter\Filters\Filters->run('dashboard', 'before')
#4 /home/xkynpbah/public_html/vendor/codeigniter4/framework/system/CodeIgniter.php(318): CodeIgniter\CodeIgniter->handleRequest(NULL, Object(Config\Cache), false)
#5 /home/xkynpbah/public_html/index.php(37): CodeIgniter\CodeIgniter->run()
#6 {main}
CRITICAL - 2026-07-29 14:22:00 --> Trying to get property 'level' of non-object
#0 /home/xkynpbah/public_html/app/Models/UserModel.php(84): CodeIgniter\Debug\Exceptions->errorHandler(8, 'Trying to get p...', '/home/xkynpbah/...', 84, Array)
#1 /home/xkynpbah/public_html/app/Filters/AuthFilter.php(19): App\Models\UserModel->checkAuthFilter()
#2 /home/xkynpbah/public_html/vendor/codeigniter4/framework/system/Filters/Filters.php(173): App\Filters\AuthFilter->before(Object(CodeIgniter\HTTP\IncomingRequest), NULL)
#3 /home/xkynpbah/public_html/vendor/codeigniter4/framework/system/CodeIgniter.php(384): CodeIgniter\Filters\Filters->run('dashboard', 'before')
#4 /home/xkynpbah/public_html/vendor/codeigniter4/framework/system/CodeIgniter.php(318): CodeIgniter\CodeIgniter->handleRequest(NULL, Object(Config\Cache), false)
#5 /home/xkynpbah/public_html/index.php(37): CodeIgniter\CodeIgniter->run()
#6 {main}
CRITICAL - 2026-07-29 14:22:29 --> Trying to get property 'level' of non-object
#0 /home/xkynpbah/public_html/app/Models/UserModel.php(84): CodeIgniter\Debug\Exceptions->errorHandler(8, 'Trying to get p...', '/home/xkynpbah/...', 84, Array)
#1 /home/xkynpbah/public_html/app/Filters/AuthFilter.php(19): App\Models\UserModel->checkAuthFilter()
#2 /home/xkynpbah/public_html/vendor/codeigniter4/framework/system/Filters/Filters.php(173): App\Filters\AuthFilter->before(Object(CodeIgniter\HTTP\IncomingRequest), NULL)
#3 /home/xkynpbah/public_html/vendor/codeigniter4/framework/system/CodeIgniter.php(384): CodeIgniter\Filters\Filters->run('dashboard', 'before')
#4 /home/xkynpbah/public_html/vendor/codeigniter4/framework/system/CodeIgniter.php(318): CodeIgniter\CodeIgniter->handleRequest(NULL, Object(Config\Cache), false)
#5 /home/xkynpbah/public_html/index.php(37): CodeIgniter\CodeIgniter->run()
#6 {main}
ERROR - 2026-07-29 16:06:40 --> Telegram controller called
ERROR - 2026-07-29 16:06:40 --> Telegram Bot Token not set in .env
ERROR - 2026-07-29 16:14:51 --> Telegram controller called
ERROR - 2026-07-29 16:14:51 --> Telegram Bot Token not set in .env
ERROR - 2026-07-29 16:14:51 --> Telegram controller called
ERROR - 2026-07-29 16:14:51 --> Telegram Bot Token not set in .env
ERROR - 2026-07-29 16:17:55 --> Telegram controller called
ERROR - 2026-07-29 16:17:55 --> Telegram Bot Token not set in .env
ERROR - 2026-07-29 16:17:59 --> Telegram controller called
ERROR - 2026-07-29 16:17:59 --> Table 'xkynpbah_titoo.telegram_premium' doesn't exist
CRITICAL - 2026-07-29 16:17:59 --> Table 'xkynpbah_titoo.telegram_premium' doesn't exist
#0 /home/xkynpbah/public_html/vendor/codeigniter4/framework/system/Database/MySQLi/Connection.php(292): mysqli->query('SELECT COUNT(*)...', 0)
#1 /home/xkynpbah/public_html/vendor/codeigniter4/framework/system/Database/BaseConnection.php(670): CodeIgniter\Database\MySQLi\Connection->execute('SELECT COUNT(*)...')
#2 /home/xkynpbah/public_html/vendor/codeigniter4/framework/system/Database/BaseConnection.php(598): CodeIgniter\Database\BaseConnection->simpleQuery('SELECT COUNT(*)...')
#3 /home/xkynpbah/public_html/vendor/codeigniter4/framework/system/Database/BaseBuilder.php(1527): CodeIgniter\Database\BaseConnection->query('SELECT COUNT(*)...', Array, false)
#4 /home/xkynpbah/public_html/app/Controllers/Telegram.php(165): CodeIgniter\Database\BaseBuilder->countAllResults()
#5 /home/xkynpbah/public_html/app/Controllers/Telegram.php(124): App\Controllers\Telegram->askForResetConfirmation(7216514874, 7216514874, Object(stdClass), 'RAPID-FC224F5C', Object(stdClass))
#6 /home/xkynpbah/public_html/vendor/codeigniter4/framework/system/CodeIgniter.php(824): App\Controllers\Telegram->index()
#7 /home/xkynpbah/public_html/vendor/codeigniter4/framework/system/CodeIgniter.php(410): CodeIgniter\CodeIgniter->runController(Object(App\Controllers\Telegram))
#8 /home/xkynpbah/public_html/vendor/codeigniter4/framework/system/CodeIgniter.php(318): CodeIgniter\CodeIgniter->handleRequest(NULL, Object(Config\Cache), false)
#9 /home/xkynpbah/public_html/index.php(37): CodeIgniter\CodeIgniter->run()
#10 {main}
ERROR - 2026-07-29 16:17:59 --> Telegram controller called
ERROR - 2026-07-29 16:17:59 --> Table 'xkynpbah_titoo.telegram_premium' doesn't exist
CRITICAL - 2026-07-29 16:17:59 --> Table 'xkynpbah_titoo.telegram_premium' doesn't exist
#0 /home/xkynpbah/public_html/vendor/codeigniter4/framework/system/Database/MySQLi/Connection.php(292): mysqli->query('SELECT COUNT(*)...', 0)
#1 /home/xkynpbah/public_html/vendor/codeigniter4/framework/system/Database/BaseConnection.php(670): CodeIgniter\Database\MySQLi\Connection->execute('SELECT COUNT(*)...')
#2 /home/xkynpbah/public_html/vendor/codeigniter4/framework/system/Database/BaseConnection.php(598): CodeIgniter\Database\BaseConnection->simpleQuery('SELECT COUNT(*)...')
#3 /home/xkynpbah/public_html/vendor/codeigniter4/framework/system/Database/BaseBuilder.php(1527): CodeIgniter\Database\BaseConnection->query('SELECT COUNT(*)...', Array, false)
#4 /home/xkynpbah/public_html/app/Controllers/Telegram.php(165): CodeIgniter\Database\BaseBuilder->countAllResults()
#5 /home/xkynpbah/public_html/app/Controllers/Telegram.php(124): App\Controllers\Telegram->askForResetConfirmation(7216514874, 7216514874, Object(stdClass), 'RAPID-FC224F5C', Object(stdClass))
#6 /home/xkynpbah/public_html/vendor/codeigniter4/framework/system/CodeIgniter.php(824): App\Controllers\Telegram->index()
#7 /home/xkynpbah/public_html/vendor/codeigniter4/framework/system/CodeIgniter.php(410): CodeIgniter\CodeIgniter->runController(Object(App\Controllers\Telegram))
#8 /home/xkynpbah/public_html/vendor/codeigniter4/framework/system/CodeIgniter.php(318): CodeIgniter\CodeIgniter->handleRequest(NULL, Object(Config\Cache), false)
#9 /home/xkynpbah/public_html/index.php(37): CodeIgniter\CodeIgniter->run()
#10 {main}
ERROR - 2026-07-29 16:18:01 --> Telegram controller called
ERROR - 2026-07-29 16:18:01 --> Table 'xkynpbah_titoo.telegram_premium' doesn't exist
CRITICAL - 2026-07-29 16:18:01 --> Table 'xkynpbah_titoo.telegram_premium' doesn't exist
#0 /home/xkynpbah/public_html/vendor/codeigniter4/framework/system/Database/MySQLi/Connection.php(292): mysqli->query('SELECT COUNT(*)...', 0)
#1 /home/xkynpbah/public_html/vendor/codeigniter4/framework/system/Database/BaseConnection.php(670): CodeIgniter\Database\MySQLi\Connection->execute('SELECT COUNT(*)...')
#2 /home/xkynpbah/public_html/vendor/codeigniter4/framework/system/Database/BaseConnection.php(598): CodeIgniter\Database\BaseConnection->simpleQuery('SELECT COUNT(*)...')
#3 /home/xkynpbah/public_html/vendor/codeigniter4/framework/system/Database/BaseBuilder.php(1527): CodeIgniter\Database\BaseConnection->query('SELECT COUNT(*)...', Array, false)
#4 /home/xkynpbah/public_html/app/Controllers/Telegram.php(165): CodeIgniter\Database\BaseBuilder->countAllResults()
#5 /home/xkynpbah/public_html/app/Controllers/Telegram.php(124): App\Controllers\Telegram->askForResetConfirmation(7216514874, 7216514874, Object(stdClass), 'RAPID-FC224F5C', Object(stdClass))
#6 /home/xkynpbah/public_html/vendor/codeigniter4/framework/system/CodeIgniter.php(824): App\Controllers\Telegram->index()
#7 /home/xkynpbah/public_html/vendor/codeigniter4/framework/system/CodeIgniter.php(410): CodeIgniter\CodeIgniter->runController(Object(App\Controllers\Telegram))
#8 /home/xkynpbah/public_html/vendor/codeigniter4/framework/system/CodeIgniter.php(318): CodeIgniter\CodeIgniter->handleRequest(NULL, Object(Config\Cache), false)
#9 /home/xkynpbah/public_html/index.php(37): CodeIgniter\CodeIgniter->run()
#10 {main}
ERROR - 2026-07-29 16:18:06 --> Telegram controller called
ERROR - 2026-07-29 16:18:06 --> Table 'xkynpbah_titoo.telegram_premium' doesn't exist
CRITICAL - 2026-07-29 16:18:06 --> Table 'xkynpbah_titoo.telegram_premium' doesn't exist
#0 /home/xkynpbah/public_html/vendor/codeigniter4/framework/system/Database/MySQLi/Connection.php(292): mysqli->query('SELECT COUNT(*)...', 0)
#1 /home/xkynpbah/public_html/vendor/codeigniter4/framework/system/Database/BaseConnection.php(670): CodeIgniter\Database\MySQLi\Connection->execute('SELECT COUNT(*)...')
#2 /home/xkynpbah/public_html/vendor/codeigniter4/framework/system/Database/BaseConnection.php(598): CodeIgniter\Database\BaseConnection->simpleQuery('SELECT COUNT(*)...')
#3 /home/xkynpbah/public_html/vendor/codeigniter4/framework/system/Database/BaseBuilder.php(1527): CodeIgniter\Database\BaseConnection->query('SELECT COUNT(*)...', Array, false)
#4 /home/xkynpbah/public_html/app/Controllers/Telegram.php(165): CodeIgniter\Database\BaseBuilder->countAllResults()
#5 /home/xkynpbah/public_html/app/Controllers/Telegram.php(124): App\Controllers\Telegram->askForResetConfirmation(7216514874, 7216514874, Object(stdClass), 'RAPID-FC224F5C', Object(stdClass))
#6 /home/xkynpbah/public_html/vendor/codeigniter4/framework/system/CodeIgniter.php(824): App\Controllers\Telegram->index()
#7 /home/xkynpbah/public_html/vendor/codeigniter4/framework/system/CodeIgniter.php(410): CodeIgniter\CodeIgniter->runController(Object(App\Controllers\Telegram))
#8 /home/xkynpbah/public_html/vendor/codeigniter4/framework/system/CodeIgniter.php(318): CodeIgniter\CodeIgniter->handleRequest(NULL, Object(Config\Cache), false)
#9 /home/xkynpbah/public_html/index.php(37): CodeIgniter\CodeIgniter->run()
#10 {main}
ERROR - 2026-07-29 16:18:14 --> Telegram controller called
ERROR - 2026-07-29 16:18:14 --> Table 'xkynpbah_titoo.telegram_premium' doesn't exist
CRITICAL - 2026-07-29 16:18:14 --> Table 'xkynpbah_titoo.telegram_premium' doesn't exist
#0 /home/xkynpbah/public_html/vendor/codeigniter4/framework/system/Database/MySQLi/Connection.php(292): mysqli->query('SELECT COUNT(*)...', 0)
#1 /home/xkynpbah/public_html/vendor/codeigniter4/framework/system/Database/BaseConnection.php(670): CodeIgniter\Database\MySQLi\Connection->execute('SELECT COUNT(*)...')
#2 /home/xkynpbah/public_html/vendor/codeigniter4/framework/system/Database/BaseConnection.php(598): CodeIgniter\Database\BaseConnection->simpleQuery('SELECT COUNT(*)...')
#3 /home/xkynpbah/public_html/vendor/codeigniter4/framework/system/Database/BaseBuilder.php(1527): CodeIgniter\Database\BaseConnection->query('SELECT COUNT(*)...', Array, false)
#4 /home/xkynpbah/public_html/app/Controllers/Telegram.php(165): CodeIgniter\Database\BaseBuilder->countAllResults()
#5 /home/xkynpbah/public_html/app/Controllers/Telegram.php(124): App\Controllers\Telegram->askForResetConfirmation(7216514874, 7216514874, Object(stdClass), 'RAPID-FC224F5C', Object(stdClass))
#6 /home/xkynpbah/public_html/vendor/codeigniter4/framework/system/CodeIgniter.php(824): App\Controllers\Telegram->index()
#7 /home/xkynpbah/public_html/vendor/codeigniter4/framework/system/CodeIgniter.php(410): CodeIgniter\CodeIgniter->runController(Object(App\Controllers\Telegram))
#8 /home/xkynpbah/public_html/vendor/codeigniter4/framework/system/CodeIgniter.php(318): CodeIgniter\CodeIgniter->handleRequest(NULL, Object(Config\Cache), false)
#9 /home/xkynpbah/public_html/index.php(37): CodeIgniter\CodeIgniter->run()
#10 {main}
ERROR - 2026-07-29 16:18:30 --> Telegram controller called
ERROR - 2026-07-29 16:18:30 --> Table 'xkynpbah_titoo.telegram_premium' doesn't exist
CRITICAL - 2026-07-29 16:18:30 --> Table 'xkynpbah_titoo.telegram_premium' doesn't exist
#0 /home/xkynpbah/public_html/vendor/codeigniter4/framework/system/Database/MySQLi/Connection.php(292): mysqli->query('SELECT COUNT(*)...', 0)
#1 /home/xkynpbah/public_html/vendor/codeigniter4/framework/system/Database/BaseConnection.php(670): CodeIgniter\Database\MySQLi\Connection->execute('SELECT COUNT(*)...')
#2 /home/xkynpbah/public_html/vendor/codeigniter4/framework/system/Database/BaseConnection.php(598): CodeIgniter\Database\BaseConnection->simpleQuery('SELECT COUNT(*)...')
#3 /home/xkynpbah/public_html/vendor/codeigniter4/framework/system/Database/BaseBuilder.php(1527): CodeIgniter\Database\BaseConnection->query('SELECT COUNT(*)...', Array, false)
#4 /home/xkynpbah/public_html/app/Controllers/Telegram.php(165): CodeIgniter\Database\BaseBuilder->countAllResults()
#5 /home/xkynpbah/public_html/app/Controllers/Telegram.php(124): App\Controllers\Telegram->askForResetConfirmation(7216514874, 7216514874, Object(stdClass), 'RAPID-FC224F5C', Object(stdClass))
#6 /home/xkynpbah/public_html/vendor/codeigniter4/framework/system/CodeIgniter.php(824): App\Controllers\Telegram->index()
#7 /home/xkynpbah/public_html/vendor/codeigniter4/framework/system/CodeIgniter.php(410): CodeIgniter\CodeIgniter->runController(Object(App\Controllers\Telegram))
#8 /home/xkynpbah/public_html/vendor/codeigniter4/framework/system/CodeIgniter.php(318): CodeIgniter\CodeIgniter->handleRequest(NULL, Object(Config\Cache), false)
#9 /home/xkynpbah/public_html/index.php(37): CodeIgniter\CodeIgniter->run()
#10 {main}
ERROR - 2026-07-29 16:19:02 --> Telegram controller called
ERROR - 2026-07-29 16:19:02 --> Table 'xkynpbah_titoo.telegram_premium' doesn't exist
CRITICAL - 2026-07-29 16:19:02 --> Table 'xkynpbah_titoo.telegram_premium' doesn't exist
#0 /home/xkynpbah/public_html/vendor/codeigniter4/framework/system/Database/MySQLi/Connection.php(292): mysqli->query('SELECT COUNT(*)...', 0)
#1 /home/xkynpbah/public_html/vendor/codeigniter4/framework/system/Database/BaseConnection.php(670): CodeIgniter\Database\MySQLi\Connection->execute('SELECT COUNT(*)...')
#2 /home/xkynpbah/public_html/vendor/codeigniter4/framework/system/Database/BaseConnection.php(598): CodeIgniter\Database\BaseConnection->simpleQuery('SELECT COUNT(*)...')
#3 /home/xkynpbah/public_html/vendor/codeigniter4/framework/system/Database/BaseBuilder.php(1527): CodeIgniter\Database\BaseConnection->query('SELECT COUNT(*)...', Array, false)
#4 /home/xkynpbah/public_html/app/Controllers/Telegram.php(165): CodeIgniter\Database\BaseBuilder->countAllResults()
#5 /home/xkynpbah/public_html/app/Controllers/Telegram.php(124): App\Controllers\Telegram->askForResetConfirmation(7216514874, 7216514874, Object(stdClass), 'RAPID-FC224F5C', Object(stdClass))
#6 /home/xkynpbah/public_html/vendor/codeigniter4/framework/system/CodeIgniter.php(824): App\Controllers\Telegram->index()
#7 /home/xkynpbah/public_html/vendor/codeigniter4/framework/system/CodeIgniter.php(410): CodeIgniter\CodeIgniter->runController(Object(App\Controllers\Telegram))
#8 /home/xkynpbah/public_html/vendor/codeigniter4/framework/system/CodeIgniter.php(318): CodeIgniter\CodeIgniter->handleRequest(NULL, Object(Config\Cache), false)
#9 /home/xkynpbah/public_html/index.php(37): CodeIgniter\CodeIgniter->run()
#10 {main}
ERROR - 2026-07-29 16:20:07 --> Telegram controller called
ERROR - 2026-07-29 16:20:07 --> Table 'xkynpbah_titoo.telegram_premium' doesn't exist
CRITICAL - 2026-07-29 16:20:07 --> Table 'xkynpbah_titoo.telegram_premium' doesn't exist
#0 /home/xkynpbah/public_html/vendor/codeigniter4/framework/system/Database/MySQLi/Connection.php(292): mysqli->query('SELECT COUNT(*)...', 0)
#1 /home/xkynpbah/public_html/vendor/codeigniter4/framework/system/Database/BaseConnection.php(670): CodeIgniter\Database\MySQLi\Connection->execute('SELECT COUNT(*)...')
#2 /home/xkynpbah/public_html/vendor/codeigniter4/framework/system/Database/BaseConnection.php(598): CodeIgniter\Database\BaseConnection->simpleQuery('SELECT COUNT(*)...')
#3 /home/xkynpbah/public_html/vendor/codeigniter4/framework/system/Database/BaseBuilder.php(1527): CodeIgniter\Database\BaseConnection->query('SELECT COUNT(*)...', Array, false)
#4 /home/xkynpbah/public_html/app/Controllers/Telegram.php(165): CodeIgniter\Database\BaseBuilder->countAllResults()
#5 /home/xkynpbah/public_html/app/Controllers/Telegram.php(124): App\Controllers\Telegram->askForResetConfirmation(7216514874, 7216514874, Object(stdClass), 'RAPID-FC224F5C', Object(stdClass))
#6 /home/xkynpbah/public_html/vendor/codeigniter4/framework/system/CodeIgniter.php(824): App\Controllers\Telegram->index()
#7 /home/xkynpbah/public_html/vendor/codeigniter4/framework/system/CodeIgniter.php(410): CodeIgniter\CodeIgniter->runController(Object(App\Controllers\Telegram))
#8 /home/xkynpbah/public_html/vendor/codeigniter4/framework/system/CodeIgniter.php(318): CodeIgniter\CodeIgniter->handleRequest(NULL, Object(Config\Cache), false)
#9 /home/xkynpbah/public_html/index.php(37): CodeIgniter\CodeIgniter->run()
#10 {main}
ERROR - 2026-07-29 16:22:07 --> Telegram controller called
ERROR - 2026-07-29 16:22:07 --> Table 'xkynpbah_titoo.telegram_premium' doesn't exist
CRITICAL - 2026-07-29 16:22:07 --> Table 'xkynpbah_titoo.telegram_premium' doesn't exist
#0 /home/xkynpbah/public_html/vendor/codeigniter4/framework/system/Database/MySQLi/Connection.php(292): mysqli->query('SELECT COUNT(*)...', 0)
#1 /home/xkynpbah/public_html/vendor/codeigniter4/framework/system/Database/BaseConnection.php(670): CodeIgniter\Database\MySQLi\Connection->execute('SELECT COUNT(*)...')
#2 /home/xkynpbah/public_html/vendor/codeigniter4/framework/system/Database/BaseConnection.php(598): CodeIgniter\Database\BaseConnection->simpleQuery('SELECT COUNT(*)...')
#3 /home/xkynpbah/public_html/vendor/codeigniter4/framework/system/Database/BaseBuilder.php(1527): CodeIgniter\Database\BaseConnection->query('SELECT COUNT(*)...', Array, false)
#4 /home/xkynpbah/public_html/app/Controllers/Telegram.php(165): CodeIgniter\Database\BaseBuilder->countAllResults()
#5 /home/xkynpbah/public_html/app/Controllers/Telegram.php(124): App\Controllers\Telegram->askForResetConfirmation(7216514874, 7216514874, Object(stdClass), 'RAPID-FC224F5C', Object(stdClass))
#6 /home/xkynpbah/public_html/vendor/codeigniter4/framework/system/CodeIgniter.php(824): App\Controllers\Telegram->index()
#7 /home/xkynpbah/public_html/vendor/codeigniter4/framework/system/CodeIgniter.php(410): CodeIgniter\CodeIgniter->runController(Object(App\Controllers\Telegram))
#8 /home/xkynpbah/public_html/vendor/codeigniter4/framework/system/CodeIgniter.php(318): CodeIgniter\CodeIgniter->handleRequest(NULL, Object(Config\Cache), false)
#9 /home/xkynpbah/public_html/index.php(37): CodeIgniter\CodeIgniter->run()
#10 {main}
ERROR - 2026-07-29 16:23:21 --> Telegram controller called
ERROR - 2026-07-29 16:23:21 --> Table 'xkynpbah_titoo.telegram_premium' doesn't exist
CRITICAL - 2026-07-29 16:23:21 --> Table 'xkynpbah_titoo.telegram_premium' doesn't exist
#0 /home/xkynpbah/public_html/vendor/codeigniter4/framework/system/Database/MySQLi/Connection.php(292): mysqli->query('SELECT COUNT(*)...', 0)
#1 /home/xkynpbah/public_html/vendor/codeigniter4/framework/system/Database/BaseConnection.php(670): CodeIgniter\Database\MySQLi\Connection->execute('SELECT COUNT(*)...')
#2 /home/xkynpbah/public_html/vendor/codeigniter4/framework/system/Database/BaseConnection.php(598): CodeIgniter\Database\BaseConnection->simpleQuery('SELECT COUNT(*)...')
#3 /home/xkynpbah/public_html/vendor/codeigniter4/framework/system/Database/BaseBuilder.php(1527): CodeIgniter\Database\BaseConnection->query('SELECT COUNT(*)...', Array, false)
#4 /home/xkynpbah/public_html/app/Controllers/Telegram.php(165): CodeIgniter\Database\BaseBuilder->countAllResults()
#5 /home/xkynpbah/public_html/app/Controllers/Telegram.php(124): App\Controllers\Telegram->askForResetConfirmation(7216514874, 7216514874, Object(stdClass), 'RAPID-FC224F5C', Object(stdClass))
#6 /home/xkynpbah/public_html/vendor/codeigniter4/framework/system/CodeIgniter.php(824): App\Controllers\Telegram->index()
#7 /home/xkynpbah/public_html/vendor/codeigniter4/framework/system/CodeIgniter.php(410): CodeIgniter\CodeIgniter->runController(Object(App\Controllers\Telegram))
#8 /home/xkynpbah/public_html/vendor/codeigniter4/framework/system/CodeIgniter.php(318): CodeIgniter\CodeIgniter->handleRequest(NULL, Object(Config\Cache), false)
#9 /home/xkynpbah/public_html/index.php(37): CodeIgniter\CodeIgniter->run()
#10 {main}
ERROR - 2026-07-29 16:25:17 --> Telegram controller called
ERROR - 2026-07-29 16:25:17 --> Table 'xkynpbah_titoo.telegram_premium' doesn't exist
CRITICAL - 2026-07-29 16:25:17 --> Table 'xkynpbah_titoo.telegram_premium' doesn't exist
#0 /home/xkynpbah/public_html/vendor/codeigniter4/framework/system/Database/MySQLi/Connection.php(292): mysqli->query('SELECT COUNT(*)...', 0)
#1 /home/xkynpbah/public_html/vendor/codeigniter4/framework/system/Database/BaseConnection.php(670): CodeIgniter\Database\MySQLi\Connection->execute('SELECT COUNT(*)...')
#2 /home/xkynpbah/public_html/vendor/codeigniter4/framework/system/Database/BaseConnection.php(598): CodeIgniter\Database\BaseConnection->simpleQuery('SELECT COUNT(*)...')
#3 /home/xkynpbah/public_html/vendor/codeigniter4/framework/system/Database/BaseBuilder.php(1527): CodeIgniter\Database\BaseConnection->query('SELECT COUNT(*)...', Array, false)
#4 /home/xkynpbah/public_html/app/Controllers/Telegram.php(165): CodeIgniter\Database\BaseBuilder->countAllResults()
#5 /home/xkynpbah/public_html/app/Controllers/Telegram.php(124): App\Controllers\Telegram->askForResetConfirmation(7216514874, 7216514874, Object(stdClass), 'RAPID-FC224F5C', Object(stdClass))
#6 /home/xkynpbah/public_html/vendor/codeigniter4/framework/system/CodeIgniter.php(824): App\Controllers\Telegram->index()
#7 /home/xkynpbah/public_html/vendor/codeigniter4/framework/system/CodeIgniter.php(410): CodeIgniter\CodeIgniter->runController(Object(App\Controllers\Telegram))
#8 /home/xkynpbah/public_html/vendor/codeigniter4/framework/system/CodeIgniter.php(318): CodeIgniter\CodeIgniter->handleRequest(NULL, Object(Config\Cache), false)
#9 /home/xkynpbah/public_html/index.php(37): CodeIgniter\CodeIgniter->run()
#10 {main}
ERROR - 2026-07-29 16:26:36 --> Telegram controller called
ERROR - 2026-07-29 16:26:36 --> Table 'xkynpbah_titoo.telegram_premium' doesn't exist
CRITICAL - 2026-07-29 16:26:36 --> Table 'xkynpbah_titoo.telegram_premium' doesn't exist
#0 /home/xkynpbah/public_html/vendor/codeigniter4/framework/system/Database/MySQLi/Connection.php(292): mysqli->query('SELECT COUNT(*)...', 0)
#1 /home/xkynpbah/public_html/vendor/codeigniter4/framework/system/Database/BaseConnection.php(670): CodeIgniter\Database\MySQLi\Connection->execute('SELECT COUNT(*)...')
#2 /home/xkynpbah/public_html/vendor/codeigniter4/framework/system/Database/BaseConnection.php(598): CodeIgniter\Database\BaseConnection->simpleQuery('SELECT COUNT(*)...')
#3 /home/xkynpbah/public_html/vendor/codeigniter4/framework/system/Database/BaseBuilder.php(1527): CodeIgniter\Database\BaseConnection->query('SELECT COUNT(*)...', Array, false)
#4 /home/xkynpbah/public_html/app/Controllers/Telegram.php(165): CodeIgniter\Database\BaseBuilder->countAllResults()
#5 /home/xkynpbah/public_html/app/Controllers/Telegram.php(124): App\Controllers\Telegram->askForResetConfirmation(7216514874, 7216514874, Object(stdClass), 'RAPID-FC224F5C', Object(stdClass))
#6 /home/xkynpbah/public_html/vendor/codeigniter4/framework/system/CodeIgniter.php(824): App\Controllers\Telegram->index()
#7 /home/xkynpbah/public_html/vendor/codeigniter4/framework/system/CodeIgniter.php(410): CodeIgniter\CodeIgniter->runController(Object(App\Controllers\Telegram))
#8 /home/xkynpbah/public_html/vendor/codeigniter4/framework/system/CodeIgniter.php(318): CodeIgniter\CodeIgniter->handleRequest(NULL, Object(Config\Cache), false)
#9 /home/xkynpbah/public_html/index.php(37): CodeIgniter\CodeIgniter->run()
#10 {main}
ERROR - 2026-07-29 16:28:24 --> Telegram controller called
ERROR - 2026-07-29 16:28:24 --> Table 'xkynpbah_titoo.telegram_premium' doesn't exist
CRITICAL - 2026-07-29 16:28:24 --> Table 'xkynpbah_titoo.telegram_premium' doesn't exist
#0 /home/xkynpbah/public_html/vendor/codeigniter4/framework/system/Database/MySQLi/Connection.php(292): mysqli->query('SELECT COUNT(*)...', 0)
#1 /home/xkynpbah/public_html/vendor/codeigniter4/framework/system/Database/BaseConnection.php(670): CodeIgniter\Database\MySQLi\Connection->execute('SELECT COUNT(*)...')
#2 /home/xkynpbah/public_html/vendor/codeigniter4/framework/system/Database/BaseConnection.php(598): CodeIgniter\Database\BaseConnection->simpleQuery('SELECT COUNT(*)...')
#3 /home/xkynpbah/public_html/vendor/codeigniter4/framework/system/Database/BaseBuilder.php(1527): CodeIgniter\Database\BaseConnection->query('SELECT COUNT(*)...', Array, false)
#4 /home/xkynpbah/public_html/app/Controllers/Telegram.php(165): CodeIgniter\Database\BaseBuilder->countAllResults()
#5 /home/xkynpbah/public_html/app/Controllers/Telegram.php(124): App\Controllers\Telegram->askForResetConfirmation(7216514874, 7216514874, Object(stdClass), 'RAPID-FC224F5C', Object(stdClass))
#6 /home/xkynpbah/public_html/vendor/codeigniter4/framework/system/CodeIgniter.php(824): App\Controllers\Telegram->index()
#7 /home/xkynpbah/public_html/vendor/codeigniter4/framework/system/CodeIgniter.php(410): CodeIgniter\CodeIgniter->runController(Object(App\Controllers\Telegram))
#8 /home/xkynpbah/public_html/vendor/codeigniter4/framework/system/CodeIgniter.php(318): CodeIgniter\CodeIgniter->handleRequest(NULL, Object(Config\Cache), false)
#9 /home/xkynpbah/public_html/index.php(37): CodeIgniter\CodeIgniter->run()
#10 {main}
ERROR - 2026-07-29 16:29:50 --> Telegram controller called
ERROR - 2026-07-29 16:29:50 --> Table 'xkynpbah_titoo.telegram_premium' doesn't exist
CRITICAL - 2026-07-29 16:29:50 --> Table 'xkynpbah_titoo.telegram_premium' doesn't exist
#0 /home/xkynpbah/public_html/vendor/codeigniter4/framework/system/Database/MySQLi/Connection.php(292): mysqli->query('SELECT COUNT(*)...', 0)
#1 /home/xkynpbah/public_html/vendor/codeigniter4/framework/system/Database/BaseConnection.php(670): CodeIgniter\Database\MySQLi\Connection->execute('SELECT COUNT(*)...')
#2 /home/xkynpbah/public_html/vendor/codeigniter4/framework/system/Database/BaseConnection.php(598): CodeIgniter\Database\BaseConnection->simpleQuery('SELECT COUNT(*)...')
#3 /home/xkynpbah/public_html/vendor/codeigniter4/framework/system/Database/BaseBuilder.php(1527): CodeIgniter\Database\BaseConnection->query('SELECT COUNT(*)...', Array, false)
#4 /home/xkynpbah/public_html/app/Controllers/Telegram.php(165): CodeIgniter\Database\BaseBuilder->countAllResults()
#5 /home/xkynpbah/public_html/app/Controllers/Telegram.php(124): App\Controllers\Telegram->askForResetConfirmation(7216514874, 7216514874, Object(stdClass), 'RAPID-FC224F5C', Object(stdClass))
#6 /home/xkynpbah/public_html/vendor/codeigniter4/framework/system/CodeIgniter.php(824): App\Controllers\Telegram->index()
#7 /home/xkynpbah/public_html/vendor/codeigniter4/framework/system/CodeIgniter.php(410): CodeIgniter\CodeIgniter->runController(Object(App\Controllers\Telegram))
#8 /home/xkynpbah/public_html/vendor/codeigniter4/framework/system/CodeIgniter.php(318): CodeIgniter\CodeIgniter->handleRequest(NULL, Object(Config\Cache), false)
#9 /home/xkynpbah/public_html/index.php(37): CodeIgniter\CodeIgniter->run()
#10 {main}
ERROR - 2026-07-29 16:31:48 --> Telegram controller called
ERROR - 2026-07-29 16:31:48 --> Table 'xkynpbah_titoo.telegram_premium' doesn't exist
CRITICAL - 2026-07-29 16:31:48 --> Table 'xkynpbah_titoo.telegram_premium' doesn't exist
#0 /home/xkynpbah/public_html/vendor/codeigniter4/framework/system/Database/MySQLi/Connection.php(292): mysqli->query('SELECT COUNT(*)...', 0)
#1 /home/xkynpbah/public_html/vendor/codeigniter4/framework/system/Database/BaseConnection.php(670): CodeIgniter\Database\MySQLi\Connection->execute('SELECT COUNT(*)...')
#2 /home/xkynpbah/public_html/vendor/codeigniter4/framework/system/Database/BaseConnection.php(598): CodeIgniter\Database\BaseConnection->simpleQuery('SELECT COUNT(*)...')
#3 /home/xkynpbah/public_html/vendor/codeigniter4/framework/system/Database/BaseBuilder.php(1527): CodeIgniter\Database\BaseConnection->query('SELECT COUNT(*)...', Array, false)
#4 /home/xkynpbah/public_html/app/Controllers/Telegram.php(165): CodeIgniter\Database\BaseBuilder->countAllResults()
#5 /home/xkynpbah/public_html/app/Controllers/Telegram.php(124): App\Controllers\Telegram->askForResetConfirmation(7216514874, 7216514874, Object(stdClass), 'RAPID-FC224F5C', Object(stdClass))
#6 /home/xkynpbah/public_html/vendor/codeigniter4/framework/system/CodeIgniter.php(824): App\Controllers\Telegram->index()
#7 /home/xkynpbah/public_html/vendor/codeigniter4/framework/system/CodeIgniter.php(410): CodeIgniter\CodeIgniter->runController(Object(App\Controllers\Telegram))
#8 /home/xkynpbah/public_html/vendor/codeigniter4/framework/system/CodeIgniter.php(318): CodeIgniter\CodeIgniter->handleRequest(NULL, Object(Config\Cache), false)
#9 /home/xkynpbah/public_html/index.php(37): CodeIgniter\CodeIgniter->run()
#10 {main}
ERROR - 2026-07-29 16:33:07 --> Telegram controller called
ERROR - 2026-07-29 16:33:07 --> Table 'xkynpbah_titoo.telegram_premium' doesn't exist
CRITICAL - 2026-07-29 16:33:07 --> Table 'xkynpbah_titoo.telegram_premium' doesn't exist
#0 /home/xkynpbah/public_html/vendor/codeigniter4/framework/system/Database/MySQLi/Connection.php(292): mysqli->query('SELECT COUNT(*)...', 0)
#1 /home/xkynpbah/public_html/vendor/codeigniter4/framework/system/Database/BaseConnection.php(670): CodeIgniter\Database\MySQLi\Connection->execute('SELECT COUNT(*)...')
#2 /home/xkynpbah/public_html/vendor/codeigniter4/framework/system/Database/BaseConnection.php(598): CodeIgniter\Database\BaseConnection->simpleQuery('SELECT COUNT(*)...')
#3 /home/xkynpbah/public_html/vendor/codeigniter4/framework/system/Database/BaseBuilder.php(1527): CodeIgniter\Database\BaseConnection->query('SELECT COUNT(*)...', Array, false)
#4 /home/xkynpbah/public_html/app/Controllers/Telegram.php(165): CodeIgniter\Database\BaseBuilder->countAllResults()
#5 /home/xkynpbah/public_html/app/Controllers/Telegram.php(124): App\Controllers\Telegram->askForResetConfirmation(7216514874, 7216514874, Object(stdClass), 'RAPID-FC224F5C', Object(stdClass))
#6 /home/xkynpbah/public_html/vendor/codeigniter4/framework/system/CodeIgniter.php(824): App\Controllers\Telegram->index()
#7 /home/xkynpbah/public_html/vendor/codeigniter4/framework/system/CodeIgniter.php(410): CodeIgniter\CodeIgniter->runController(Object(App\Controllers\Telegram))
#8 /home/xkynpbah/public_html/vendor/codeigniter4/framework/system/CodeIgniter.php(318): CodeIgniter\CodeIgniter->handleRequest(NULL, Object(Config\Cache), false)
#9 /home/xkynpbah/public_html/index.php(37): CodeIgniter\CodeIgniter->run()
#10 {main}
ERROR - 2026-07-29 16:34:36 --> Telegram controller called
ERROR - 2026-07-29 16:34:36 --> Table 'xkynpbah_titoo.telegram_premium' doesn't exist
CRITICAL - 2026-07-29 16:34:36 --> Table 'xkynpbah_titoo.telegram_premium' doesn't exist
#0 /home/xkynpbah/public_html/vendor/codeigniter4/framework/system/Database/MySQLi/Connection.php(292): mysqli->query('SELECT COUNT(*)...', 0)
#1 /home/xkynpbah/public_html/vendor/codeigniter4/framework/system/Database/BaseConnection.php(670): CodeIgniter\Database\MySQLi\Connection->execute('SELECT COUNT(*)...')
#2 /home/xkynpbah/public_html/vendor/codeigniter4/framework/system/Database/BaseConnection.php(598): CodeIgniter\Database\BaseConnection->simpleQuery('SELECT COUNT(*)...')
#3 /home/xkynpbah/public_html/vendor/codeigniter4/framework/system/Database/BaseBuilder.php(1527): CodeIgniter\Database\BaseConnection->query('SELECT COUNT(*)...', Array, false)
#4 /home/xkynpbah/public_html/app/Controllers/Telegram.php(165): CodeIgniter\Database\BaseBuilder->countAllResults()
#5 /home/xkynpbah/public_html/app/Controllers/Telegram.php(124): App\Controllers\Telegram->askForResetConfirmation(7216514874, 7216514874, Object(stdClass), 'RAPID-FC224F5C', Object(stdClass))
#6 /home/xkynpbah/public_html/vendor/codeigniter4/framework/system/CodeIgniter.php(824): App\Controllers\Telegram->index()
#7 /home/xkynpbah/public_html/vendor/codeigniter4/framework/system/CodeIgniter.php(410): CodeIgniter\CodeIgniter->runController(Object(App\Controllers\Telegram))
#8 /home/xkynpbah/public_html/vendor/codeigniter4/framework/system/CodeIgniter.php(318): CodeIgniter\CodeIgniter->handleRequest(NULL, Object(Config\Cache), false)
#9 /home/xkynpbah/public_html/index.php(37): CodeIgniter\CodeIgniter->run()
#10 {main}
ERROR - 2026-07-29 16:35:58 --> Telegram controller called
ERROR - 2026-07-29 16:35:58 --> Table 'xkynpbah_titoo.telegram_premium' doesn't exist
CRITICAL - 2026-07-29 16:35:58 --> Table 'xkynpbah_titoo.telegram_premium' doesn't exist
#0 /home/xkynpbah/public_html/vendor/codeigniter4/framework/system/Database/MySQLi/Connection.php(292): mysqli->query('SELECT COUNT(*)...', 0)
#1 /home/xkynpbah/public_html/vendor/codeigniter4/framework/system/Database/BaseConnection.php(670): CodeIgniter\Database\MySQLi\Connection->execute('SELECT COUNT(*)...')
#2 /home/xkynpbah/public_html/vendor/codeigniter4/framework/system/Database/BaseConnection.php(598): CodeIgniter\Database\BaseConnection->simpleQuery('SELECT COUNT(*)...')
#3 /home/xkynpbah/public_html/vendor/codeigniter4/framework/system/Database/BaseBuilder.php(1527): CodeIgniter\Database\BaseConnection->query('SELECT COUNT(*)...', Array, false)
#4 /home/xkynpbah/public_html/app/Controllers/Telegram.php(165): CodeIgniter\Database\BaseBuilder->countAllResults()
#5 /home/xkynpbah/public_html/app/Controllers/Telegram.php(124): App\Controllers\Telegram->askForResetConfirmation(7216514874, 7216514874, Object(stdClass), 'RAPID-FC224F5C', Object(stdClass))
#6 /home/xkynpbah/public_html/vendor/codeigniter4/framework/system/CodeIgniter.php(824): App\Controllers\Telegram->index()
#7 /home/xkynpbah/public_html/vendor/codeigniter4/framework/system/CodeIgniter.php(410): CodeIgniter\CodeIgniter->runController(Object(App\Controllers\Telegram))
#8 /home/xkynpbah/public_html/vendor/codeigniter4/framework/system/CodeIgniter.php(318): CodeIgniter\CodeIgniter->handleRequest(NULL, Object(Config\Cache), false)
#9 /home/xkynpbah/public_html/index.php(37): CodeIgniter\CodeIgniter->run()
#10 {main}
ERROR - 2026-07-29 16:37:15 --> Telegram controller called
ERROR - 2026-07-29 16:37:15 --> Table 'xkynpbah_titoo.telegram_premium' doesn't exist
CRITICAL - 2026-07-29 16:37:15 --> Table 'xkynpbah_titoo.telegram_premium' doesn't exist
#0 /home/xkynpbah/public_html/vendor/codeigniter4/framework/system/Database/MySQLi/Connection.php(292): mysqli->query('SELECT COUNT(*)...', 0)
#1 /home/xkynpbah/public_html/vendor/codeigniter4/framework/system/Database/BaseConnection.php(670): CodeIgniter\Database\MySQLi\Connection->execute('SELECT COUNT(*)...')
#2 /home/xkynpbah/public_html/vendor/codeigniter4/framework/system/Database/BaseConnection.php(598): CodeIgniter\Database\BaseConnection->simpleQuery('SELECT COUNT(*)...')
#3 /home/xkynpbah/public_html/vendor/codeigniter4/framework/system/Database/BaseBuilder.php(1527): CodeIgniter\Database\BaseConnection->query('SELECT COUNT(*)...', Array, false)
#4 /home/xkynpbah/public_html/app/Controllers/Telegram.php(165): CodeIgniter\Database\BaseBuilder->countAllResults()
#5 /home/xkynpbah/public_html/app/Controllers/Telegram.php(124): App\Controllers\Telegram->askForResetConfirmation(7216514874, 7216514874, Object(stdClass), 'RAPID-FC224F5C', Object(stdClass))
#6 /home/xkynpbah/public_html/vendor/codeigniter4/framework/system/CodeIgniter.php(824): App\Controllers\Telegram->index()
#7 /home/xkynpbah/public_html/vendor/codeigniter4/framework/system/CodeIgniter.php(410): CodeIgniter\CodeIgniter->runController(Object(App\Controllers\Telegram))
#8 /home/xkynpbah/public_html/vendor/codeigniter4/framework/system/CodeIgniter.php(318): CodeIgniter\CodeIgniter->handleRequest(NULL, Object(Config\Cache), false)
#9 /home/xkynpbah/public_html/index.php(37): CodeIgniter\CodeIgniter->run()
#10 {main}
ERROR - 2026-07-29 16:38:17 --> Telegram controller called
ERROR - 2026-07-29 16:38:17 --> Table 'xkynpbah_titoo.telegram_premium' doesn't exist
CRITICAL - 2026-07-29 16:38:17 --> Table 'xkynpbah_titoo.telegram_premium' doesn't exist
#0 /home/xkynpbah/public_html/vendor/codeigniter4/framework/system/Database/MySQLi/Connection.php(292): mysqli->query('SELECT COUNT(*)...', 0)
#1 /home/xkynpbah/public_html/vendor/codeigniter4/framework/system/Database/BaseConnection.php(670): CodeIgniter\Database\MySQLi\Connection->execute('SELECT COUNT(*)...')
#2 /home/xkynpbah/public_html/vendor/codeigniter4/framework/system/Database/BaseConnection.php(598): CodeIgniter\Database\BaseConnection->simpleQuery('SELECT COUNT(*)...')
#3 /home/xkynpbah/public_html/vendor/codeigniter4/framework/system/Database/BaseBuilder.php(1527): CodeIgniter\Database\BaseConnection->query('SELECT COUNT(*)...', Array, false)
#4 /home/xkynpbah/public_html/app/Controllers/Telegram.php(165): CodeIgniter\Database\BaseBuilder->countAllResults()
#5 /home/xkynpbah/public_html/app/Controllers/Telegram.php(124): App\Controllers\Telegram->askForResetConfirmation(7216514874, 7216514874, Object(stdClass), 'RAPID-FC224F5C', Object(stdClass))
#6 /home/xkynpbah/public_html/vendor/codeigniter4/framework/system/CodeIgniter.php(824): App\Controllers\Telegram->index()
#7 /home/xkynpbah/public_html/vendor/codeigniter4/framework/system/CodeIgniter.php(410): CodeIgniter\CodeIgniter->runController(Object(App\Controllers\Telegram))
#8 /home/xkynpbah/public_html/vendor/codeigniter4/framework/system/CodeIgniter.php(318): CodeIgniter\CodeIgniter->handleRequest(NULL, Object(Config\Cache), false)
#9 /home/xkynpbah/public_html/index.php(37): CodeIgniter\CodeIgniter->run()
#10 {main}
ERROR - 2026-07-29 16:39:51 --> Telegram controller called
ERROR - 2026-07-29 16:39:51 --> Table 'xkynpbah_titoo.telegram_premium' doesn't exist
CRITICAL - 2026-07-29 16:39:51 --> Table 'xkynpbah_titoo.telegram_premium' doesn't exist
#0 /home/xkynpbah/public_html/vendor/codeigniter4/framework/system/Database/MySQLi/Connection.php(292): mysqli->query('SELECT COUNT(*)...', 0)
#1 /home/xkynpbah/public_html/vendor/codeigniter4/framework/system/Database/BaseConnection.php(670): CodeIgniter\Database\MySQLi\Connection->execute('SELECT COUNT(*)...')
#2 /home/xkynpbah/public_html/vendor/codeigniter4/framework/system/Database/BaseConnection.php(598): CodeIgniter\Database\BaseConnection->simpleQuery('SELECT COUNT(*)...')
#3 /home/xkynpbah/public_html/vendor/codeigniter4/framework/system/Database/BaseBuilder.php(1527): CodeIgniter\Database\BaseConnection->query('SELECT COUNT(*)...', Array, false)
#4 /home/xkynpbah/public_html/app/Controllers/Telegram.php(165): CodeIgniter\Database\BaseBuilder->countAllResults()
#5 /home/xkynpbah/public_html/app/Controllers/Telegram.php(124): App\Controllers\Telegram->askForResetConfirmation(7216514874, 7216514874, Object(stdClass), 'RAPID-FC224F5C', Object(stdClass))
#6 /home/xkynpbah/public_html/vendor/codeigniter4/framework/system/CodeIgniter.php(824): App\Controllers\Telegram->index()
#7 /home/xkynpbah/public_html/vendor/codeigniter4/framework/system/CodeIgniter.php(410): CodeIgniter\CodeIgniter->runController(Object(App\Controllers\Telegram))
#8 /home/xkynpbah/public_html/vendor/codeigniter4/framework/system/CodeIgniter.php(318): CodeIgniter\CodeIgniter->handleRequest(NULL, Object(Config\Cache), false)
#9 /home/xkynpbah/public_html/index.php(37): CodeIgniter\CodeIgniter->run()
#10 {main}
ERROR - 2026-07-29 16:41:26 --> Telegram controller called
ERROR - 2026-07-29 16:41:26 --> Table 'xkynpbah_titoo.telegram_premium' doesn't exist
CRITICAL - 2026-07-29 16:41:26 --> Table 'xkynpbah_titoo.telegram_premium' doesn't exist
#0 /home/xkynpbah/public_html/vendor/codeigniter4/framework/system/Database/MySQLi/Connection.php(292): mysqli->query('SELECT COUNT(*)...', 0)
#1 /home/xkynpbah/public_html/vendor/codeigniter4/framework/system/Database/BaseConnection.php(670): CodeIgniter\Database\MySQLi\Connection->execute('SELECT COUNT(*)...')
#2 /home/xkynpbah/public_html/vendor/codeigniter4/framework/system/Database/BaseConnection.php(598): CodeIgniter\Database\BaseConnection->simpleQuery('SELECT COUNT(*)...')
#3 /home/xkynpbah/public_html/vendor/codeigniter4/framework/system/Database/BaseBuilder.php(1527): CodeIgniter\Database\BaseConnection->query('SELECT COUNT(*)...', Array, false)
#4 /home/xkynpbah/public_html/app/Controllers/Telegram.php(165): CodeIgniter\Database\BaseBuilder->countAllResults()
#5 /home/xkynpbah/public_html/app/Controllers/Telegram.php(124): App\Controllers\Telegram->askForResetConfirmation(7216514874, 7216514874, Object(stdClass), 'RAPID-FC224F5C', Object(stdClass))
#6 /home/xkynpbah/public_html/vendor/codeigniter4/framework/system/CodeIgniter.php(824): App\Controllers\Telegram->index()
#7 /home/xkynpbah/public_html/vendor/codeigniter4/framework/system/CodeIgniter.php(410): CodeIgniter\CodeIgniter->runController(Object(App\Controllers\Telegram))
#8 /home/xkynpbah/public_html/vendor/codeigniter4/framework/system/CodeIgniter.php(318): CodeIgniter\CodeIgniter->handleRequest(NULL, Object(Config\Cache), false)
#9 /home/xkynpbah/public_html/index.php(37): CodeIgniter\CodeIgniter->run()
#10 {main}
ERROR - 2026-07-29 16:43:17 --> Telegram controller called
ERROR - 2026-07-29 16:43:17 --> Table 'xkynpbah_titoo.telegram_premium' doesn't exist
CRITICAL - 2026-07-29 16:43:17 --> Table 'xkynpbah_titoo.telegram_premium' doesn't exist
#0 /home/xkynpbah/public_html/vendor/codeigniter4/framework/system/Database/MySQLi/Connection.php(292): mysqli->query('SELECT COUNT(*)...', 0)
#1 /home/xkynpbah/public_html/vendor/codeigniter4/framework/system/Database/BaseConnection.php(670): CodeIgniter\Database\MySQLi\Connection->execute('SELECT COUNT(*)...')
#2 /home/xkynpbah/public_html/vendor/codeigniter4/framework/system/Database/BaseConnection.php(598): CodeIgniter\Database\BaseConnection->simpleQuery('SELECT COUNT(*)...')
#3 /home/xkynpbah/public_html/vendor/codeigniter4/framework/system/Database/BaseBuilder.php(1527): CodeIgniter\Database\BaseConnection->query('SELECT COUNT(*)...', Array, false)
#4 /home/xkynpbah/public_html/app/Controllers/Telegram.php(165): CodeIgniter\Database\BaseBuilder->countAllResults()
#5 /home/xkynpbah/public_html/app/Controllers/Telegram.php(124): App\Controllers\Telegram->askForResetConfirmation(7216514874, 7216514874, Object(stdClass), 'RAPID-FC224F5C', Object(stdClass))
#6 /home/xkynpbah/public_html/vendor/codeigniter4/framework/system/CodeIgniter.php(824): App\Controllers\Telegram->index()
#7 /home/xkynpbah/public_html/vendor/codeigniter4/framework/system/CodeIgniter.php(410): CodeIgniter\CodeIgniter->runController(Object(App\Controllers\Telegram))
#8 /home/xkynpbah/public_html/vendor/codeigniter4/framework/system/CodeIgniter.php(318): CodeIgniter\CodeIgniter->handleRequest(NULL, Object(Config\Cache), false)
#9 /home/xkynpbah/public_html/index.php(37): CodeIgniter\CodeIgniter->run()
#10 {main}
ERROR - 2026-07-29 16:44:24 --> Telegram controller called
ERROR - 2026-07-29 16:44:24 --> Table 'xkynpbah_titoo.telegram_premium' doesn't exist
CRITICAL - 2026-07-29 16:44:24 --> Table 'xkynpbah_titoo.telegram_premium' doesn't exist
#0 /home/xkynpbah/public_html/vendor/codeigniter4/framework/system/Database/MySQLi/Connection.php(292): mysqli->query('SELECT COUNT(*)...', 0)
#1 /home/xkynpbah/public_html/vendor/codeigniter4/framework/system/Database/BaseConnection.php(670): CodeIgniter\Database\MySQLi\Connection->execute('SELECT COUNT(*)...')
#2 /home/xkynpbah/public_html/vendor/codeigniter4/framework/system/Database/BaseConnection.php(598): CodeIgniter\Database\BaseConnection->simpleQuery('SELECT COUNT(*)...')
#3 /home/xkynpbah/public_html/vendor/codeigniter4/framework/system/Database/BaseBuilder.php(1527): CodeIgniter\Database\BaseConnection->query('SELECT COUNT(*)...', Array, false)
#4 /home/xkynpbah/public_html/app/Controllers/Telegram.php(165): CodeIgniter\Database\BaseBuilder->countAllResults()
#5 /home/xkynpbah/public_html/app/Controllers/Telegram.php(124): App\Controllers\Telegram->askForResetConfirmation(7216514874, 7216514874, Object(stdClass), 'RAPID-FC224F5C', Object(stdClass))
#6 /home/xkynpbah/public_html/vendor/codeigniter4/framework/system/CodeIgniter.php(824): App\Controllers\Telegram->index()
#7 /home/xkynpbah/public_html/vendor/codeigniter4/framework/system/CodeIgniter.php(410): CodeIgniter\CodeIgniter->runController(Object(App\Controllers\Telegram))
#8 /home/xkynpbah/public_html/vendor/codeigniter4/framework/system/CodeIgniter.php(318): CodeIgniter\CodeIgniter->handleRequest(NULL, Object(Config\Cache), false)
#9 /home/xkynpbah/public_html/index.php(37): CodeIgniter\CodeIgniter->run()
#10 {main}
ERROR - 2026-07-29 16:46:22 --> Telegram controller called
ERROR - 2026-07-29 16:46:22 --> Table 'xkynpbah_titoo.telegram_premium' doesn't exist
CRITICAL - 2026-07-29 16:46:22 --> Table 'xkynpbah_titoo.telegram_premium' doesn't exist
#0 /home/xkynpbah/public_html/vendor/codeigniter4/framework/system/Database/MySQLi/Connection.php(292): mysqli->query('SELECT COUNT(*)...', 0)
#1 /home/xkynpbah/public_html/vendor/codeigniter4/framework/system/Database/BaseConnection.php(670): CodeIgniter\Database\MySQLi\Connection->execute('SELECT COUNT(*)...')
#2 /home/xkynpbah/public_html/vendor/codeigniter4/framework/system/Database/BaseConnection.php(598): CodeIgniter\Database\BaseConnection->simpleQuery('SELECT COUNT(*)...')
#3 /home/xkynpbah/public_html/vendor/codeigniter4/framework/system/Database/BaseBuilder.php(1527): CodeIgniter\Database\BaseConnection->query('SELECT COUNT(*)...', Array, false)
#4 /home/xkynpbah/public_html/app/Controllers/Telegram.php(165): CodeIgniter\Database\BaseBuilder->countAllResults()
#5 /home/xkynpbah/public_html/app/Controllers/Telegram.php(124): App\Controllers\Telegram->askForResetConfirmation(7216514874, 7216514874, Object(stdClass), 'RAPID-FC224F5C', Object(stdClass))
#6 /home/xkynpbah/public_html/vendor/codeigniter4/framework/system/CodeIgniter.php(824): App\Controllers\Telegram->index()
#7 /home/xkynpbah/public_html/vendor/codeigniter4/framework/system/CodeIgniter.php(410): CodeIgniter\CodeIgniter->runController(Object(App\Controllers\Telegram))
#8 /home/xkynpbah/public_html/vendor/codeigniter4/framework/system/CodeIgniter.php(318): CodeIgniter\CodeIgniter->handleRequest(NULL, Object(Config\Cache), false)
#9 /home/xkynpbah/public_html/index.php(37): CodeIgniter\CodeIgniter->run()
#10 {main}
ERROR - 2026-07-29 16:47:54 --> Telegram controller called
ERROR - 2026-07-29 16:47:54 --> Table 'xkynpbah_titoo.telegram_premium' doesn't exist
CRITICAL - 2026-07-29 16:47:54 --> Table 'xkynpbah_titoo.telegram_premium' doesn't exist
#0 /home/xkynpbah/public_html/vendor/codeigniter4/framework/system/Database/MySQLi/Connection.php(292): mysqli->query('SELECT COUNT(*)...', 0)
#1 /home/xkynpbah/public_html/vendor/codeigniter4/framework/system/Database/BaseConnection.php(670): CodeIgniter\Database\MySQLi\Connection->execute('SELECT COUNT(*)...')
#2 /home/xkynpbah/public_html/vendor/codeigniter4/framework/system/Database/BaseConnection.php(598): CodeIgniter\Database\BaseConnection->simpleQuery('SELECT COUNT(*)...')
#3 /home/xkynpbah/public_html/vendor/codeigniter4/framework/system/Database/BaseBuilder.php(1527): CodeIgniter\Database\BaseConnection->query('SELECT COUNT(*)...', Array, false)
#4 /home/xkynpbah/public_html/app/Controllers/Telegram.php(165): CodeIgniter\Database\BaseBuilder->countAllResults()
#5 /home/xkynpbah/public_html/app/Controllers/Telegram.php(124): App\Controllers\Telegram->askForResetConfirmation(7216514874, 7216514874, Object(stdClass), 'RAPID-FC224F5C', Object(stdClass))
#6 /home/xkynpbah/public_html/vendor/codeigniter4/framework/system/CodeIgniter.php(824): App\Controllers\Telegram->index()
#7 /home/xkynpbah/public_html/vendor/codeigniter4/framework/system/CodeIgniter.php(410): CodeIgniter\CodeIgniter->runController(Object(App\Controllers\Telegram))
#8 /home/xkynpbah/public_html/vendor/codeigniter4/framework/system/CodeIgniter.php(318): CodeIgniter\CodeIgniter->handleRequest(NULL, Object(Config\Cache), false)
#9 /home/xkynpbah/public_html/index.php(37): CodeIgniter\CodeIgniter->run()
#10 {main}
ERROR - 2026-07-29 16:49:26 --> Telegram controller called
ERROR - 2026-07-29 16:49:26 --> Table 'xkynpbah_titoo.telegram_premium' doesn't exist
CRITICAL - 2026-07-29 16:49:26 --> Table 'xkynpbah_titoo.telegram_premium' doesn't exist
#0 /home/xkynpbah/public_html/vendor/codeigniter4/framework/system/Database/MySQLi/Connection.php(292): mysqli->query('SELECT COUNT(*)...', 0)
#1 /home/xkynpbah/public_html/vendor/codeigniter4/framework/system/Database/BaseConnection.php(670): CodeIgniter\Database\MySQLi\Connection->execute('SELECT COUNT(*)...')
#2 /home/xkynpbah/public_html/vendor/codeigniter4/framework/system/Database/BaseConnection.php(598): CodeIgniter\Database\BaseConnection->simpleQuery('SELECT COUNT(*)...')
#3 /home/xkynpbah/public_html/vendor/codeigniter4/framework/system/Database/BaseBuilder.php(1527): CodeIgniter\Database\BaseConnection->query('SELECT COUNT(*)...', Array, false)
#4 /home/xkynpbah/public_html/app/Controllers/Telegram.php(165): CodeIgniter\Database\BaseBuilder->countAllResults()
#5 /home/xkynpbah/public_html/app/Controllers/Telegram.php(124): App\Controllers\Telegram->askForResetConfirmation(7216514874, 7216514874, Object(stdClass), 'RAPID-FC224F5C', Object(stdClass))
#6 /home/xkynpbah/public_html/vendor/codeigniter4/framework/system/CodeIgniter.php(824): App\Controllers\Telegram->index()
#7 /home/xkynpbah/public_html/vendor/codeigniter4/framework/system/CodeIgniter.php(410): CodeIgniter\CodeIgniter->runController(Object(App\Controllers\Telegram))
#8 /home/xkynpbah/public_html/vendor/codeigniter4/framework/system/CodeIgniter.php(318): CodeIgniter\CodeIgniter->handleRequest(NULL, Object(Config\Cache), false)
#9 /home/xkynpbah/public_html/index.php(37): CodeIgniter\CodeIgniter->run()
#10 {main}
ERROR - 2026-07-29 16:50:59 --> Telegram controller called
ERROR - 2026-07-29 16:50:59 --> Table 'xkynpbah_titoo.telegram_premium' doesn't exist
CRITICAL - 2026-07-29 16:50:59 --> Table 'xkynpbah_titoo.telegram_premium' doesn't exist
#0 /home/xkynpbah/public_html/vendor/codeigniter4/framework/system/Database/MySQLi/Connection.php(292): mysqli->query('SELECT COUNT(*)...', 0)
#1 /home/xkynpbah/public_html/vendor/codeigniter4/framework/system/Database/BaseConnection.php(670): CodeIgniter\Database\MySQLi\Connection->execute('SELECT COUNT(*)...')
#2 /home/xkynpbah/public_html/vendor/codeigniter4/framework/system/Database/BaseConnection.php(598): CodeIgniter\Database\BaseConnection->simpleQuery('SELECT COUNT(*)...')
#3 /home/xkynpbah/public_html/vendor/codeigniter4/framework/system/Database/BaseBuilder.php(1527): CodeIgniter\Database\BaseConnection->query('SELECT COUNT(*)...', Array, false)
#4 /home/xkynpbah/public_html/app/Controllers/Telegram.php(165): CodeIgniter\Database\BaseBuilder->countAllResults()
#5 /home/xkynpbah/public_html/app/Controllers/Telegram.php(124): App\Controllers\Telegram->askForResetConfirmation(7216514874, 7216514874, Object(stdClass), 'RAPID-FC224F5C', Object(stdClass))
#6 /home/xkynpbah/public_html/vendor/codeigniter4/framework/system/CodeIgniter.php(824): App\Controllers\Telegram->index()
#7 /home/xkynpbah/public_html/vendor/codeigniter4/framework/system/CodeIgniter.php(410): CodeIgniter\CodeIgniter->runController(Object(App\Controllers\Telegram))
#8 /home/xkynpbah/public_html/vendor/codeigniter4/framework/system/CodeIgniter.php(318): CodeIgniter\CodeIgniter->handleRequest(NULL, Object(Config\Cache), false)
#9 /home/xkynpbah/public_html/index.php(37): CodeIgniter\CodeIgniter->run()
#10 {main}
ERROR - 2026-07-29 16:52:28 --> Telegram controller called
ERROR - 2026-07-29 16:52:28 --> Table 'xkynpbah_titoo.telegram_premium' doesn't exist
CRITICAL - 2026-07-29 16:52:28 --> Table 'xkynpbah_titoo.telegram_premium' doesn't exist
#0 /home/xkynpbah/public_html/vendor/codeigniter4/framework/system/Database/MySQLi/Connection.php(292): mysqli->query('SELECT COUNT(*)...', 0)
#1 /home/xkynpbah/public_html/vendor/codeigniter4/framework/system/Database/BaseConnection.php(670): CodeIgniter\Database\MySQLi\Connection->execute('SELECT COUNT(*)...')
#2 /home/xkynpbah/public_html/vendor/codeigniter4/framework/system/Database/BaseConnection.php(598): CodeIgniter\Database\BaseConnection->simpleQuery('SELECT COUNT(*)...')
#3 /home/xkynpbah/public_html/vendor/codeigniter4/framework/system/Database/BaseBuilder.php(1527): CodeIgniter\Database\BaseConnection->query('SELECT COUNT(*)...', Array, false)
#4 /home/xkynpbah/public_html/app/Controllers/Telegram.php(165): CodeIgniter\Database\BaseBuilder->countAllResults()
#5 /home/xkynpbah/public_html/app/Controllers/Telegram.php(124): App\Controllers\Telegram->askForResetConfirmation(7216514874, 7216514874, Object(stdClass), 'RAPID-FC224F5C', Object(stdClass))
#6 /home/xkynpbah/public_html/vendor/codeigniter4/framework/system/CodeIgniter.php(824): App\Controllers\Telegram->index()
#7 /home/xkynpbah/public_html/vendor/codeigniter4/framework/system/CodeIgniter.php(410): CodeIgniter\CodeIgniter->runController(Object(App\Controllers\Telegram))
#8 /home/xkynpbah/public_html/vendor/codeigniter4/framework/system/CodeIgniter.php(318): CodeIgniter\CodeIgniter->handleRequest(NULL, Object(Config\Cache), false)
#9 /home/xkynpbah/public_html/index.php(37): CodeIgniter\CodeIgniter->run()
#10 {main}
ERROR - 2026-07-29 16:53:43 --> Telegram controller called
ERROR - 2026-07-29 16:53:43 --> Table 'xkynpbah_titoo.telegram_premium' doesn't exist
CRITICAL - 2026-07-29 16:53:43 --> Table 'xkynpbah_titoo.telegram_premium' doesn't exist
#0 /home/xkynpbah/public_html/vendor/codeigniter4/framework/system/Database/MySQLi/Connection.php(292): mysqli->query('SELECT COUNT(*)...', 0)
#1 /home/xkynpbah/public_html/vendor/codeigniter4/framework/system/Database/BaseConnection.php(670): CodeIgniter\Database\MySQLi\Connection->execute('SELECT COUNT(*)...')
#2 /home/xkynpbah/public_html/vendor/codeigniter4/framework/system/Database/BaseConnection.php(598): CodeIgniter\Database\BaseConnection->simpleQuery('SELECT COUNT(*)...')
#3 /home/xkynpbah/public_html/vendor/codeigniter4/framework/system/Database/BaseBuilder.php(1527): CodeIgniter\Database\BaseConnection->query('SELECT COUNT(*)...', Array, false)
#4 /home/xkynpbah/public_html/app/Controllers/Telegram.php(165): CodeIgniter\Database\BaseBuilder->countAllResults()
#5 /home/xkynpbah/public_html/app/Controllers/Telegram.php(124): App\Controllers\Telegram->askForResetConfirmation(7216514874, 7216514874, Object(stdClass), 'RAPID-FC224F5C', Object(stdClass))
#6 /home/xkynpbah/public_html/vendor/codeigniter4/framework/system/CodeIgniter.php(824): App\Controllers\Telegram->index()
#7 /home/xkynpbah/public_html/vendor/codeigniter4/framework/system/CodeIgniter.php(410): CodeIgniter\CodeIgniter->runController(Object(App\Controllers\Telegram))
#8 /home/xkynpbah/public_html/vendor/codeigniter4/framework/system/CodeIgniter.php(318): CodeIgniter\CodeIgniter->handleRequest(NULL, Object(Config\Cache), false)
#9 /home/xkynpbah/public_html/index.php(37): CodeIgniter\CodeIgniter->run()
#10 {main}
ERROR - 2026-07-29 16:55:13 --> Telegram controller called
ERROR - 2026-07-29 16:55:13 --> Table 'xkynpbah_titoo.telegram_premium' doesn't exist
CRITICAL - 2026-07-29 16:55:13 --> Table 'xkynpbah_titoo.telegram_premium' doesn't exist
#0 /home/xkynpbah/public_html/vendor/codeigniter4/framework/system/Database/MySQLi/Connection.php(292): mysqli->query('SELECT COUNT(*)...', 0)
#1 /home/xkynpbah/public_html/vendor/codeigniter4/framework/system/Database/BaseConnection.php(670): CodeIgniter\Database\MySQLi\Connection->execute('SELECT COUNT(*)...')
#2 /home/xkynpbah/public_html/vendor/codeigniter4/framework/system/Database/BaseConnection.php(598): CodeIgniter\Database\BaseConnection->simpleQuery('SELECT COUNT(*)...')
#3 /home/xkynpbah/public_html/vendor/codeigniter4/framework/system/Database/BaseBuilder.php(1527): CodeIgniter\Database\BaseConnection->query('SELECT COUNT(*)...', Array, false)
#4 /home/xkynpbah/public_html/app/Controllers/Telegram.php(165): CodeIgniter\Database\BaseBuilder->countAllResults()
#5 /home/xkynpbah/public_html/app/Controllers/Telegram.php(124): App\Controllers\Telegram->askForResetConfirmation(7216514874, 7216514874, Object(stdClass), 'RAPID-FC224F5C', Object(stdClass))
#6 /home/xkynpbah/public_html/vendor/codeigniter4/framework/system/CodeIgniter.php(824): App\Controllers\Telegram->index()
#7 /home/xkynpbah/public_html/vendor/codeigniter4/framework/system/CodeIgniter.php(410): CodeIgniter\CodeIgniter->runController(Object(App\Controllers\Telegram))
#8 /home/xkynpbah/public_html/vendor/codeigniter4/framework/system/CodeIgniter.php(318): CodeIgniter\CodeIgniter->handleRequest(NULL, Object(Config\Cache), false)
#9 /home/xkynpbah/public_html/index.php(37): CodeIgniter\CodeIgniter->run()
#10 {main}
ERROR - 2026-07-29 16:56:55 --> Telegram controller called
ERROR - 2026-07-29 16:56:55 --> Table 'xkynpbah_titoo.telegram_premium' doesn't exist
CRITICAL - 2026-07-29 16:56:55 --> Table 'xkynpbah_titoo.telegram_premium' doesn't exist
#0 /home/xkynpbah/public_html/vendor/codeigniter4/framework/system/Database/MySQLi/Connection.php(292): mysqli->query('SELECT COUNT(*)...', 0)
#1 /home/xkynpbah/public_html/vendor/codeigniter4/framework/system/Database/BaseConnection.php(670): CodeIgniter\Database\MySQLi\Connection->execute('SELECT COUNT(*)...')
#2 /home/xkynpbah/public_html/vendor/codeigniter4/framework/system/Database/BaseConnection.php(598): CodeIgniter\Database\BaseConnection->simpleQuery('SELECT COUNT(*)...')
#3 /home/xkynpbah/public_html/vendor/codeigniter4/framework/system/Database/BaseBuilder.php(1527): CodeIgniter\Database\BaseConnection->query('SELECT COUNT(*)...', Array, false)
#4 /home/xkynpbah/public_html/app/Controllers/Telegram.php(165): CodeIgniter\Database\BaseBuilder->countAllResults()
#5 /home/xkynpbah/public_html/app/Controllers/Telegram.php(124): App\Controllers\Telegram->askForResetConfirmation(7216514874, 7216514874, Object(stdClass), 'RAPID-FC224F5C', Object(stdClass))
#6 /home/xkynpbah/public_html/vendor/codeigniter4/framework/system/CodeIgniter.php(824): App\Controllers\Telegram->index()
#7 /home/xkynpbah/public_html/vendor/codeigniter4/framework/system/CodeIgniter.php(410): CodeIgniter\CodeIgniter->runController(Object(App\Controllers\Telegram))
#8 /home/xkynpbah/public_html/vendor/codeigniter4/framework/system/CodeIgniter.php(318): CodeIgniter\CodeIgniter->handleRequest(NULL, Object(Config\Cache), false)
#9 /home/xkynpbah/public_html/index.php(37): CodeIgniter\CodeIgniter->run()
#10 {main}
ERROR - 2026-07-29 16:58:02 --> Telegram controller called
ERROR - 2026-07-29 16:58:02 --> Table 'xkynpbah_titoo.telegram_premium' doesn't exist
CRITICAL - 2026-07-29 16:58:02 --> Table 'xkynpbah_titoo.telegram_premium' doesn't exist
#0 /home/xkynpbah/public_html/vendor/codeigniter4/framework/system/Database/MySQLi/Connection.php(292): mysqli->query('SELECT COUNT(*)...', 0)
#1 /home/xkynpbah/public_html/vendor/codeigniter4/framework/system/Database/BaseConnection.php(670): CodeIgniter\Database\MySQLi\Connection->execute('SELECT COUNT(*)...')
#2 /home/xkynpbah/public_html/vendor/codeigniter4/framework/system/Database/BaseConnection.php(598): CodeIgniter\Database\BaseConnection->simpleQuery('SELECT COUNT(*)...')
#3 /home/xkynpbah/public_html/vendor/codeigniter4/framework/system/Database/BaseBuilder.php(1527): CodeIgniter\Database\BaseConnection->query('SELECT COUNT(*)...', Array, false)
#4 /home/xkynpbah/public_html/app/Controllers/Telegram.php(165): CodeIgniter\Database\BaseBuilder->countAllResults()
#5 /home/xkynpbah/public_html/app/Controllers/Telegram.php(124): App\Controllers\Telegram->askForResetConfirmation(7216514874, 7216514874, Object(stdClass), 'RAPID-FC224F5C', Object(stdClass))
#6 /home/xkynpbah/public_html/vendor/codeigniter4/framework/system/CodeIgniter.php(824): App\Controllers\Telegram->index()
#7 /home/xkynpbah/public_html/vendor/codeigniter4/framework/system/CodeIgniter.php(410): CodeIgniter\CodeIgniter->runController(Object(App\Controllers\Telegram))
#8 /home/xkynpbah/public_html/vendor/codeigniter4/framework/system/CodeIgniter.php(318): CodeIgniter\CodeIgniter->handleRequest(NULL, Object(Config\Cache), false)
#9 /home/xkynpbah/public_html/index.php(37): CodeIgniter\CodeIgniter->run()
#10 {main}
ERROR - 2026-07-29 16:59:15 --> Telegram controller called
ERROR - 2026-07-29 16:59:15 --> Table 'xkynpbah_titoo.telegram_premium' doesn't exist
CRITICAL - 2026-07-29 16:59:15 --> Table 'xkynpbah_titoo.telegram_premium' doesn't exist
#0 /home/xkynpbah/public_html/vendor/codeigniter4/framework/system/Database/MySQLi/Connection.php(292): mysqli->query('SELECT COUNT(*)...', 0)
#1 /home/xkynpbah/public_html/vendor/codeigniter4/framework/system/Database/BaseConnection.php(670): CodeIgniter\Database\MySQLi\Connection->execute('SELECT COUNT(*)...')
#2 /home/xkynpbah/public_html/vendor/codeigniter4/framework/system/Database/BaseConnection.php(598): CodeIgniter\Database\BaseConnection->simpleQuery('SELECT COUNT(*)...')
#3 /home/xkynpbah/public_html/vendor/codeigniter4/framework/system/Database/BaseBuilder.php(1527): CodeIgniter\Database\BaseConnection->query('SELECT COUNT(*)...', Array, false)
#4 /home/xkynpbah/public_html/app/Controllers/Telegram.php(165): CodeIgniter\Database\BaseBuilder->countAllResults()
#5 /home/xkynpbah/public_html/app/Controllers/Telegram.php(124): App\Controllers\Telegram->askForResetConfirmation(7216514874, 7216514874, Object(stdClass), 'RAPID-FC224F5C', Object(stdClass))
#6 /home/xkynpbah/public_html/vendor/codeigniter4/framework/system/CodeIgniter.php(824): App\Controllers\Telegram->index()
#7 /home/xkynpbah/public_html/vendor/codeigniter4/framework/system/CodeIgniter.php(410): CodeIgniter\CodeIgniter->runController(Object(App\Controllers\Telegram))
#8 /home/xkynpbah/public_html/vendor/codeigniter4/framework/system/CodeIgniter.php(318): CodeIgniter\CodeIgniter->handleRequest(NULL, Object(Config\Cache), false)
#9 /home/xkynpbah/public_html/index.php(37): CodeIgniter\CodeIgniter->run()
#10 {main}
ERROR - 2026-07-29 17:01:08 --> Telegram controller called
ERROR - 2026-07-29 17:01:08 --> Table 'xkynpbah_titoo.telegram_premium' doesn't exist
CRITICAL - 2026-07-29 17:01:08 --> Table 'xkynpbah_titoo.telegram_premium' doesn't exist
#0 /home/xkynpbah/public_html/vendor/codeigniter4/framework/system/Database/MySQLi/Connection.php(292): mysqli->query('SELECT COUNT(*)...', 0)
#1 /home/xkynpbah/public_html/vendor/codeigniter4/framework/system/Database/BaseConnection.php(670): CodeIgniter\Database\MySQLi\Connection->execute('SELECT COUNT(*)...')
#2 /home/xkynpbah/public_html/vendor/codeigniter4/framework/system/Database/BaseConnection.php(598): CodeIgniter\Database\BaseConnection->simpleQuery('SELECT COUNT(*)...')
#3 /home/xkynpbah/public_html/vendor/codeigniter4/framework/system/Database/BaseBuilder.php(1527): CodeIgniter\Database\BaseConnection->query('SELECT COUNT(*)...', Array, false)
#4 /home/xkynpbah/public_html/app/Controllers/Telegram.php(165): CodeIgniter\Database\BaseBuilder->countAllResults()
#5 /home/xkynpbah/public_html/app/Controllers/Telegram.php(124): App\Controllers\Telegram->askForResetConfirmation(7216514874, 7216514874, Object(stdClass), 'RAPID-FC224F5C', Object(stdClass))
#6 /home/xkynpbah/public_html/vendor/codeigniter4/framework/system/CodeIgniter.php(824): App\Controllers\Telegram->index()
#7 /home/xkynpbah/public_html/vendor/codeigniter4/framework/system/CodeIgniter.php(410): CodeIgniter\CodeIgniter->runController(Object(App\Controllers\Telegram))
#8 /home/xkynpbah/public_html/vendor/codeigniter4/framework/system/CodeIgniter.php(318): CodeIgniter\CodeIgniter->handleRequest(NULL, Object(Config\Cache), false)
#9 /home/xkynpbah/public_html/index.php(37): CodeIgniter\CodeIgniter->run()
#10 {main}
ERROR - 2026-07-29 17:02:24 --> Telegram controller called
ERROR - 2026-07-29 17:02:24 --> Table 'xkynpbah_titoo.telegram_premium' doesn't exist
CRITICAL - 2026-07-29 17:02:24 --> Table 'xkynpbah_titoo.telegram_premium' doesn't exist
#0 /home/xkynpbah/public_html/vendor/codeigniter4/framework/system/Database/MySQLi/Connection.php(292): mysqli->query('SELECT COUNT(*)...', 0)
#1 /home/xkynpbah/public_html/vendor/codeigniter4/framework/system/Database/BaseConnection.php(670): CodeIgniter\Database\MySQLi\Connection->execute('SELECT COUNT(*)...')
#2 /home/xkynpbah/public_html/vendor/codeigniter4/framework/system/Database/BaseConnection.php(598): CodeIgniter\Database\BaseConnection->simpleQuery('SELECT COUNT(*)...')
#3 /home/xkynpbah/public_html/vendor/codeigniter4/framework/system/Database/BaseBuilder.php(1527): CodeIgniter\Database\BaseConnection->query('SELECT COUNT(*)...', Array, false)
#4 /home/xkynpbah/public_html/app/Controllers/Telegram.php(165): CodeIgniter\Database\BaseBuilder->countAllResults()
#5 /home/xkynpbah/public_html/app/Controllers/Telegram.php(124): App\Controllers\Telegram->askForResetConfirmation(7216514874, 7216514874, Object(stdClass), 'RAPID-FC224F5C', Object(stdClass))
#6 /home/xkynpbah/public_html/vendor/codeigniter4/framework/system/CodeIgniter.php(824): App\Controllers\Telegram->index()
#7 /home/xkynpbah/public_html/vendor/codeigniter4/framework/system/CodeIgniter.php(410): CodeIgniter\CodeIgniter->runController(Object(App\Controllers\Telegram))
#8 /home/xkynpbah/public_html/vendor/codeigniter4/framework/system/CodeIgniter.php(318): CodeIgniter\CodeIgniter->handleRequest(NULL, Object(Config\Cache), false)
#9 /home/xkynpbah/public_html/index.php(37): CodeIgniter\CodeIgniter->run()
#10 {main}
ERROR - 2026-07-29 17:03:44 --> Telegram controller called
ERROR - 2026-07-29 17:03:44 --> Table 'xkynpbah_titoo.telegram_premium' doesn't exist
CRITICAL - 2026-07-29 17:03:44 --> Table 'xkynpbah_titoo.telegram_premium' doesn't exist
#0 /home/xkynpbah/public_html/vendor/codeigniter4/framework/system/Database/MySQLi/Connection.php(292): mysqli->query('SELECT COUNT(*)...', 0)
#1 /home/xkynpbah/public_html/vendor/codeigniter4/framework/system/Database/BaseConnection.php(670): CodeIgniter\Database\MySQLi\Connection->execute('SELECT COUNT(*)...')
#2 /home/xkynpbah/public_html/vendor/codeigniter4/framework/system/Database/BaseConnection.php(598): CodeIgniter\Database\BaseConnection->simpleQuery('SELECT COUNT(*)...')
#3 /home/xkynpbah/public_html/vendor/codeigniter4/framework/system/Database/BaseBuilder.php(1527): CodeIgniter\Database\BaseConnection->query('SELECT COUNT(*)...', Array, false)
#4 /home/xkynpbah/public_html/app/Controllers/Telegram.php(165): CodeIgniter\Database\BaseBuilder->countAllResults()
#5 /home/xkynpbah/public_html/app/Controllers/Telegram.php(124): App\Controllers\Telegram->askForResetConfirmation(7216514874, 7216514874, Object(stdClass), 'RAPID-FC224F5C', Object(stdClass))
#6 /home/xkynpbah/public_html/vendor/codeigniter4/framework/system/CodeIgniter.php(824): App\Controllers\Telegram->index()
#7 /home/xkynpbah/public_html/vendor/codeigniter4/framework/system/CodeIgniter.php(410): CodeIgniter\CodeIgniter->runController(Object(App\Controllers\Telegram))
#8 /home/xkynpbah/public_html/vendor/codeigniter4/framework/system/CodeIgniter.php(318): CodeIgniter\CodeIgniter->handleRequest(NULL, Object(Config\Cache), false)
#9 /home/xkynpbah/public_html/index.php(37): CodeIgniter\CodeIgniter->run()
#10 {main}
ERROR - 2026-07-29 17:04:45 --> Telegram controller called
ERROR - 2026-07-29 17:04:45 --> Table 'xkynpbah_titoo.telegram_premium' doesn't exist
CRITICAL - 2026-07-29 17:04:45 --> Table 'xkynpbah_titoo.telegram_premium' doesn't exist
#0 /home/xkynpbah/public_html/vendor/codeigniter4/framework/system/Database/MySQLi/Connection.php(292): mysqli->query('SELECT COUNT(*)...', 0)
#1 /home/xkynpbah/public_html/vendor/codeigniter4/framework/system/Database/BaseConnection.php(670): CodeIgniter\Database\MySQLi\Connection->execute('SELECT COUNT(*)...')
#2 /home/xkynpbah/public_html/vendor/codeigniter4/framework/system/Database/BaseConnection.php(598): CodeIgniter\Database\BaseConnection->simpleQuery('SELECT COUNT(*)...')
#3 /home/xkynpbah/public_html/vendor/codeigniter4/framework/system/Database/BaseBuilder.php(1527): CodeIgniter\Database\BaseConnection->query('SELECT COUNT(*)...', Array, false)
#4 /home/xkynpbah/public_html/app/Controllers/Telegram.php(165): CodeIgniter\Database\BaseBuilder->countAllResults()
#5 /home/xkynpbah/public_html/app/Controllers/Telegram.php(124): App\Controllers\Telegram->askForResetConfirmation(7216514874, 7216514874, Object(stdClass), 'RAPID-FC224F5C', Object(stdClass))
#6 /home/xkynpbah/public_html/vendor/codeigniter4/framework/system/CodeIgniter.php(824): App\Controllers\Telegram->index()
#7 /home/xkynpbah/public_html/vendor/codeigniter4/framework/system/CodeIgniter.php(410): CodeIgniter\CodeIgniter->runController(Object(App\Controllers\Telegram))
#8 /home/xkynpbah/public_html/vendor/codeigniter4/framework/system/CodeIgniter.php(318): CodeIgniter\CodeIgniter->handleRequest(NULL, Object(Config\Cache), false)
#9 /home/xkynpbah/public_html/index.php(37): CodeIgniter\CodeIgniter->run()
#10 {main}
ERROR - 2026-07-29 17:06:26 --> Telegram controller called
ERROR - 2026-07-29 17:06:26 --> Table 'xkynpbah_titoo.telegram_premium' doesn't exist
CRITICAL - 2026-07-29 17:06:26 --> Table 'xkynpbah_titoo.telegram_premium' doesn't exist
#0 /home/xkynpbah/public_html/vendor/codeigniter4/framework/system/Database/MySQLi/Connection.php(292): mysqli->query('SELECT COUNT(*)...', 0)
#1 /home/xkynpbah/public_html/vendor/codeigniter4/framework/system/Database/BaseConnection.php(670): CodeIgniter\Database\MySQLi\Connection->execute('SELECT COUNT(*)...')
#2 /home/xkynpbah/public_html/vendor/codeigniter4/framework/system/Database/BaseConnection.php(598): CodeIgniter\Database\BaseConnection->simpleQuery('SELECT COUNT(*)...')
#3 /home/xkynpbah/public_html/vendor/codeigniter4/framework/system/Database/BaseBuilder.php(1527): CodeIgniter\Database\BaseConnection->query('SELECT COUNT(*)...', Array, false)
#4 /home/xkynpbah/public_html/app/Controllers/Telegram.php(165): CodeIgniter\Database\BaseBuilder->countAllResults()
#5 /home/xkynpbah/public_html/app/Controllers/Telegram.php(124): App\Controllers\Telegram->askForResetConfirmation(7216514874, 7216514874, Object(stdClass), 'RAPID-FC224F5C', Object(stdClass))
#6 /home/xkynpbah/public_html/vendor/codeigniter4/framework/system/CodeIgniter.php(824): App\Controllers\Telegram->index()
#7 /home/xkynpbah/public_html/vendor/codeigniter4/framework/system/CodeIgniter.php(410): CodeIgniter\CodeIgniter->runController(Object(App\Controllers\Telegram))
#8 /home/xkynpbah/public_html/vendor/codeigniter4/framework/system/CodeIgniter.php(318): CodeIgniter\CodeIgniter->handleRequest(NULL, Object(Config\Cache), false)
#9 /home/xkynpbah/public_html/index.php(37): CodeIgniter\CodeIgniter->run()
#10 {main}
ERROR - 2026-07-29 17:08:18 --> Telegram controller called
ERROR - 2026-07-29 17:08:18 --> Table 'xkynpbah_titoo.telegram_premium' doesn't exist
CRITICAL - 2026-07-29 17:08:18 --> Table 'xkynpbah_titoo.telegram_premium' doesn't exist
#0 /home/xkynpbah/public_html/vendor/codeigniter4/framework/system/Database/MySQLi/Connection.php(292): mysqli->query('SELECT COUNT(*)...', 0)
#1 /home/xkynpbah/public_html/vendor/codeigniter4/framework/system/Database/BaseConnection.php(670): CodeIgniter\Database\MySQLi\Connection->execute('SELECT COUNT(*)...')
#2 /home/xkynpbah/public_html/vendor/codeigniter4/framework/system/Database/BaseConnection.php(598): CodeIgniter\Database\BaseConnection->simpleQuery('SELECT COUNT(*)...')
#3 /home/xkynpbah/public_html/vendor/codeigniter4/framework/system/Database/BaseBuilder.php(1527): CodeIgniter\Database\BaseConnection->query('SELECT COUNT(*)...', Array, false)
#4 /home/xkynpbah/public_html/app/Controllers/Telegram.php(165): CodeIgniter\Database\BaseBuilder->countAllResults()
#5 /home/xkynpbah/public_html/app/Controllers/Telegram.php(124): App\Controllers\Telegram->askForResetConfirmation(7216514874, 7216514874, Object(stdClass), 'RAPID-FC224F5C', Object(stdClass))
#6 /home/xkynpbah/public_html/vendor/codeigniter4/framework/system/CodeIgniter.php(824): App\Controllers\Telegram->index()
#7 /home/xkynpbah/public_html/vendor/codeigniter4/framework/system/CodeIgniter.php(410): CodeIgniter\CodeIgniter->runController(Object(App\Controllers\Telegram))
#8 /home/xkynpbah/public_html/vendor/codeigniter4/framework/system/CodeIgniter.php(318): CodeIgniter\CodeIgniter->handleRequest(NULL, Object(Config\Cache), false)
#9 /home/xkynpbah/public_html/index.php(37): CodeIgniter\CodeIgniter->run()
#10 {main}
ERROR - 2026-07-29 17:10:01 --> Telegram controller called
ERROR - 2026-07-29 17:10:01 --> Table 'xkynpbah_titoo.telegram_premium' doesn't exist
CRITICAL - 2026-07-29 17:10:01 --> Table 'xkynpbah_titoo.telegram_premium' doesn't exist
#0 /home/xkynpbah/public_html/vendor/codeigniter4/framework/system/Database/MySQLi/Connection.php(292): mysqli->query('SELECT COUNT(*)...', 0)
#1 /home/xkynpbah/public_html/vendor/codeigniter4/framework/system/Database/BaseConnection.php(670): CodeIgniter\Database\MySQLi\Connection->execute('SELECT COUNT(*)...')
#2 /home/xkynpbah/public_html/vendor/codeigniter4/framework/system/Database/BaseConnection.php(598): CodeIgniter\Database\BaseConnection->simpleQuery('SELECT COUNT(*)...')
#3 /home/xkynpbah/public_html/vendor/codeigniter4/framework/system/Database/BaseBuilder.php(1527): CodeIgniter\Database\BaseConnection->query('SELECT COUNT(*)...', Array, false)
#4 /home/xkynpbah/public_html/app/Controllers/Telegram.php(165): CodeIgniter\Database\BaseBuilder->countAllResults()
#5 /home/xkynpbah/public_html/app/Controllers/Telegram.php(124): App\Controllers\Telegram->askForResetConfirmation(7216514874, 7216514874, Object(stdClass), 'RAPID-FC224F5C', Object(stdClass))
#6 /home/xkynpbah/public_html/vendor/codeigniter4/framework/system/CodeIgniter.php(824): App\Controllers\Telegram->index()
#7 /home/xkynpbah/public_html/vendor/codeigniter4/framework/system/CodeIgniter.php(410): CodeIgniter\CodeIgniter->runController(Object(App\Controllers\Telegram))
#8 /home/xkynpbah/public_html/vendor/codeigniter4/framework/system/CodeIgniter.php(318): CodeIgniter\CodeIgniter->handleRequest(NULL, Object(Config\Cache), false)
#9 /home/xkynpbah/public_html/index.php(37): CodeIgniter\CodeIgniter->run()
#10 {main}
ERROR - 2026-07-29 17:11:32 --> Telegram controller called
ERROR - 2026-07-29 17:11:32 --> Table 'xkynpbah_titoo.telegram_premium' doesn't exist
CRITICAL - 2026-07-29 17:11:32 --> Table 'xkynpbah_titoo.telegram_premium' doesn't exist
#0 /home/xkynpbah/public_html/vendor/codeigniter4/framework/system/Database/MySQLi/Connection.php(292): mysqli->query('SELECT COUNT(*)...', 0)
#1 /home/xkynpbah/public_html/vendor/codeigniter4/framework/system/Database/BaseConnection.php(670): CodeIgniter\Database\MySQLi\Connection->execute('SELECT COUNT(*)...')
#2 /home/xkynpbah/public_html/vendor/codeigniter4/framework/system/Database/BaseConnection.php(598): CodeIgniter\Database\BaseConnection->simpleQuery('SELECT COUNT(*)...')
#3 /home/xkynpbah/public_html/vendor/codeigniter4/framework/system/Database/BaseBuilder.php(1527): CodeIgniter\Database\BaseConnection->query('SELECT COUNT(*)...', Array, false)
#4 /home/xkynpbah/public_html/app/Controllers/Telegram.php(165): CodeIgniter\Database\BaseBuilder->countAllResults()
#5 /home/xkynpbah/public_html/app/Controllers/Telegram.php(124): App\Controllers\Telegram->askForResetConfirmation(7216514874, 7216514874, Object(stdClass), 'RAPID-FC224F5C', Object(stdClass))
#6 /home/xkynpbah/public_html/vendor/codeigniter4/framework/system/CodeIgniter.php(824): App\Controllers\Telegram->index()
#7 /home/xkynpbah/public_html/vendor/codeigniter4/framework/system/CodeIgniter.php(410): CodeIgniter\CodeIgniter->runController(Object(App\Controllers\Telegram))
#8 /home/xkynpbah/public_html/vendor/codeigniter4/framework/system/CodeIgniter.php(318): CodeIgniter\CodeIgniter->handleRequest(NULL, Object(Config\Cache), false)
#9 /home/xkynpbah/public_html/index.php(37): CodeIgniter\CodeIgniter->run()
#10 {main}
ERROR - 2026-07-29 17:13:12 --> Telegram controller called
ERROR - 2026-07-29 17:13:12 --> Table 'xkynpbah_titoo.telegram_premium' doesn't exist
CRITICAL - 2026-07-29 17:13:12 --> Table 'xkynpbah_titoo.telegram_premium' doesn't exist
#0 /home/xkynpbah/public_html/vendor/codeigniter4/framework/system/Database/MySQLi/Connection.php(292): mysqli->query('SELECT COUNT(*)...', 0)
#1 /home/xkynpbah/public_html/vendor/codeigniter4/framework/system/Database/BaseConnection.php(670): CodeIgniter\Database\MySQLi\Connection->execute('SELECT COUNT(*)...')
#2 /home/xkynpbah/public_html/vendor/codeigniter4/framework/system/Database/BaseConnection.php(598): CodeIgniter\Database\BaseConnection->simpleQuery('SELECT COUNT(*)...')
#3 /home/xkynpbah/public_html/vendor/codeigniter4/framework/system/Database/BaseBuilder.php(1527): CodeIgniter\Database\BaseConnection->query('SELECT COUNT(*)...', Array, false)
#4 /home/xkynpbah/public_html/app/Controllers/Telegram.php(165): CodeIgniter\Database\BaseBuilder->countAllResults()
#5 /home/xkynpbah/public_html/app/Controllers/Telegram.php(124): App\Controllers\Telegram->askForResetConfirmation(7216514874, 7216514874, Object(stdClass), 'RAPID-FC224F5C', Object(stdClass))
#6 /home/xkynpbah/public_html/vendor/codeigniter4/framework/system/CodeIgniter.php(824): App\Controllers\Telegram->index()
#7 /home/xkynpbah/public_html/vendor/codeigniter4/framework/system/CodeIgniter.php(410): CodeIgniter\CodeIgniter->runController(Object(App\Controllers\Telegram))
#8 /home/xkynpbah/public_html/vendor/codeigniter4/framework/system/CodeIgniter.php(318): CodeIgniter\CodeIgniter->handleRequest(NULL, Object(Config\Cache), false)
#9 /home/xkynpbah/public_html/index.php(37): CodeIgniter\CodeIgniter->run()
#10 {main}
ERROR - 2026-07-29 17:14:13 --> Telegram controller called
ERROR - 2026-07-29 17:14:13 --> Table 'xkynpbah_titoo.telegram_premium' doesn't exist
CRITICAL - 2026-07-29 17:14:13 --> Table 'xkynpbah_titoo.telegram_premium' doesn't exist
#0 /home/xkynpbah/public_html/vendor/codeigniter4/framework/system/Database/MySQLi/Connection.php(292): mysqli->query('SELECT COUNT(*)...', 0)
#1 /home/xkynpbah/public_html/vendor/codeigniter4/framework/system/Database/BaseConnection.php(670): CodeIgniter\Database\MySQLi\Connection->execute('SELECT COUNT(*)...')
#2 /home/xkynpbah/public_html/vendor/codeigniter4/framework/system/Database/BaseConnection.php(598): CodeIgniter\Database\BaseConnection->simpleQuery('SELECT COUNT(*)...')
#3 /home/xkynpbah/public_html/vendor/codeigniter4/framework/system/Database/BaseBuilder.php(1527): CodeIgniter\Database\BaseConnection->query('SELECT COUNT(*)...', Array, false)
#4 /home/xkynpbah/public_html/app/Controllers/Telegram.php(165): CodeIgniter\Database\BaseBuilder->countAllResults()
#5 /home/xkynpbah/public_html/app/Controllers/Telegram.php(124): App\Controllers\Telegram->askForResetConfirmation(7216514874, 7216514874, Object(stdClass), 'RAPID-FC224F5C', Object(stdClass))
#6 /home/xkynpbah/public_html/vendor/codeigniter4/framework/system/CodeIgniter.php(824): App\Controllers\Telegram->index()
#7 /home/xkynpbah/public_html/vendor/codeigniter4/framework/system/CodeIgniter.php(410): CodeIgniter\CodeIgniter->runController(Object(App\Controllers\Telegram))
#8 /home/xkynpbah/public_html/vendor/codeigniter4/framework/system/CodeIgniter.php(318): CodeIgniter\CodeIgniter->handleRequest(NULL, Object(Config\Cache), false)
#9 /home/xkynpbah/public_html/index.php(37): CodeIgniter\CodeIgniter->run()
#10 {main}
ERROR - 2026-07-29 17:15:17 --> Telegram controller called
ERROR - 2026-07-29 17:15:17 --> Table 'xkynpbah_titoo.telegram_premium' doesn't exist
CRITICAL - 2026-07-29 17:15:17 --> Table 'xkynpbah_titoo.telegram_premium' doesn't exist
#0 /home/xkynpbah/public_html/vendor/codeigniter4/framework/system/Database/MySQLi/Connection.php(292): mysqli->query('SELECT COUNT(*)...', 0)
#1 /home/xkynpbah/public_html/vendor/codeigniter4/framework/system/Database/BaseConnection.php(670): CodeIgniter\Database\MySQLi\Connection->execute('SELECT COUNT(*)...')
#2 /home/xkynpbah/public_html/vendor/codeigniter4/framework/system/Database/BaseConnection.php(598): CodeIgniter\Database\BaseConnection->simpleQuery('SELECT COUNT(*)...')
#3 /home/xkynpbah/public_html/vendor/codeigniter4/framework/system/Database/BaseBuilder.php(1527): CodeIgniter\Database\BaseConnection->query('SELECT COUNT(*)...', Array, false)
#4 /home/xkynpbah/public_html/app/Controllers/Telegram.php(165): CodeIgniter\Database\BaseBuilder->countAllResults()
#5 /home/xkynpbah/public_html/app/Controllers/Telegram.php(124): App\Controllers\Telegram->askForResetConfirmation(7216514874, 7216514874, Object(stdClass), 'RAPID-FC224F5C', Object(stdClass))
#6 /home/xkynpbah/public_html/vendor/codeigniter4/framework/system/CodeIgniter.php(824): App\Controllers\Telegram->index()
#7 /home/xkynpbah/public_html/vendor/codeigniter4/framework/system/CodeIgniter.php(410): CodeIgniter\CodeIgniter->runController(Object(App\Controllers\Telegram))
#8 /home/xkynpbah/public_html/vendor/codeigniter4/framework/system/CodeIgniter.php(318): CodeIgniter\CodeIgniter->handleRequest(NULL, Object(Config\Cache), false)
#9 /home/xkynpbah/public_html/index.php(37): CodeIgniter\CodeIgniter->run()
#10 {main}
ERROR - 2026-07-29 17:16:33 --> Telegram controller called
ERROR - 2026-07-29 17:16:33 --> Table 'xkynpbah_titoo.telegram_premium' doesn't exist
CRITICAL - 2026-07-29 17:16:33 --> Table 'xkynpbah_titoo.telegram_premium' doesn't exist
#0 /home/xkynpbah/public_html/vendor/codeigniter4/framework/system/Database/MySQLi/Connection.php(292): mysqli->query('SELECT COUNT(*)...', 0)
#1 /home/xkynpbah/public_html/vendor/codeigniter4/framework/system/Database/BaseConnection.php(670): CodeIgniter\Database\MySQLi\Connection->execute('SELECT COUNT(*)...')
#2 /home/xkynpbah/public_html/vendor/codeigniter4/framework/system/Database/BaseConnection.php(598): CodeIgniter\Database\BaseConnection->simpleQuery('SELECT COUNT(*)...')
#3 /home/xkynpbah/public_html/vendor/codeigniter4/framework/system/Database/BaseBuilder.php(1527): CodeIgniter\Database\BaseConnection->query('SELECT COUNT(*)...', Array, false)
#4 /home/xkynpbah/public_html/app/Controllers/Telegram.php(165): CodeIgniter\Database\BaseBuilder->countAllResults()
#5 /home/xkynpbah/public_html/app/Controllers/Telegram.php(124): App\Controllers\Telegram->askForResetConfirmation(7216514874, 7216514874, Object(stdClass), 'RAPID-FC224F5C', Object(stdClass))
#6 /home/xkynpbah/public_html/vendor/codeigniter4/framework/system/CodeIgniter.php(824): App\Controllers\Telegram->index()
#7 /home/xkynpbah/public_html/vendor/codeigniter4/framework/system/CodeIgniter.php(410): CodeIgniter\CodeIgniter->runController(Object(App\Controllers\Telegram))
#8 /home/xkynpbah/public_html/vendor/codeigniter4/framework/system/CodeIgniter.php(318): CodeIgniter\CodeIgniter->handleRequest(NULL, Object(Config\Cache), false)
#9 /home/xkynpbah/public_html/index.php(37): CodeIgniter\CodeIgniter->run()
#10 {main}
ERROR - 2026-07-29 17:17:47 --> Telegram controller called
ERROR - 2026-07-29 17:17:47 --> Table 'xkynpbah_titoo.telegram_premium' doesn't exist
CRITICAL - 2026-07-29 17:17:47 --> Table 'xkynpbah_titoo.telegram_premium' doesn't exist
#0 /home/xkynpbah/public_html/vendor/codeigniter4/framework/system/Database/MySQLi/Connection.php(292): mysqli->query('SELECT COUNT(*)...', 0)
#1 /home/xkynpbah/public_html/vendor/codeigniter4/framework/system/Database/BaseConnection.php(670): CodeIgniter\Database\MySQLi\Connection->execute('SELECT COUNT(*)...')
#2 /home/xkynpbah/public_html/vendor/codeigniter4/framework/system/Database/BaseConnection.php(598): CodeIgniter\Database\BaseConnection->simpleQuery('SELECT COUNT(*)...')
#3 /home/xkynpbah/public_html/vendor/codeigniter4/framework/system/Database/BaseBuilder.php(1527): CodeIgniter\Database\BaseConnection->query('SELECT COUNT(*)...', Array, false)
#4 /home/xkynpbah/public_html/app/Controllers/Telegram.php(165): CodeIgniter\Database\BaseBuilder->countAllResults()
#5 /home/xkynpbah/public_html/app/Controllers/Telegram.php(124): App\Controllers\Telegram->askForResetConfirmation(7216514874, 7216514874, Object(stdClass), 'RAPID-FC224F5C', Object(stdClass))
#6 /home/xkynpbah/public_html/vendor/codeigniter4/framework/system/CodeIgniter.php(824): App\Controllers\Telegram->index()
#7 /home/xkynpbah/public_html/vendor/codeigniter4/framework/system/CodeIgniter.php(410): CodeIgniter\CodeIgniter->runController(Object(App\Controllers\Telegram))
#8 /home/xkynpbah/public_html/vendor/codeigniter4/framework/system/CodeIgniter.php(318): CodeIgniter\CodeIgniter->handleRequest(NULL, Object(Config\Cache), false)
#9 /home/xkynpbah/public_html/index.php(37): CodeIgniter\CodeIgniter->run()
#10 {main}
CRITICAL - 2026-07-29 17:18:36 --> Trying to get property 'level' of non-object
#0 /home/xkynpbah/public_html/app/Models/UserModel.php(84): CodeIgniter\Debug\Exceptions->errorHandler(8, 'Trying to get p...', '/home/xkynpbah/...', 84, Array)
#1 /home/xkynpbah/public_html/app/Filters/AuthFilter.php(19): App\Models\UserModel->checkAuthFilter()
#2 /home/xkynpbah/public_html/vendor/codeigniter4/framework/system/Filters/Filters.php(173): App\Filters\AuthFilter->before(Object(CodeIgniter\HTTP\IncomingRequest), NULL)
#3 /home/xkynpbah/public_html/vendor/codeigniter4/framework/system/CodeIgniter.php(384): CodeIgniter\Filters\Filters->run('dashboard', 'before')
#4 /home/xkynpbah/public_html/vendor/codeigniter4/framework/system/CodeIgniter.php(318): CodeIgniter\CodeIgniter->handleRequest(NULL, Object(Config\Cache), false)
#5 /home/xkynpbah/public_html/index.php(37): CodeIgniter\CodeIgniter->run()
#6 {main}
CRITICAL - 2026-07-29 17:18:44 --> Trying to get property 'level' of non-object
#0 /home/xkynpbah/public_html/app/Models/UserModel.php(84): CodeIgniter\Debug\Exceptions->errorHandler(8, 'Trying to get p...', '/home/xkynpbah/...', 84, Array)
#1 /home/xkynpbah/public_html/app/Filters/AuthFilter.php(19): App\Models\UserModel->checkAuthFilter()
#2 /home/xkynpbah/public_html/vendor/codeigniter4/framework/system/Filters/Filters.php(173): App\Filters\AuthFilter->before(Object(CodeIgniter\HTTP\IncomingRequest), NULL)
#3 /home/xkynpbah/public_html/vendor/codeigniter4/framework/system/CodeIgniter.php(384): CodeIgniter\Filters\Filters->run('keys', 'before')
#4 /home/xkynpbah/public_html/vendor/codeigniter4/framework/system/CodeIgniter.php(318): CodeIgniter\CodeIgniter->handleRequest(NULL, Object(Config\Cache), false)
#5 /home/xkynpbah/public_html/index.php(37): CodeIgniter\CodeIgniter->run()
#6 {main}
CRITICAL - 2026-07-29 17:18:48 --> Trying to get property 'level' of non-object
#0 /home/xkynpbah/public_html/app/Models/UserModel.php(84): CodeIgniter\Debug\Exceptions->errorHandler(8, 'Trying to get p...', '/home/xkynpbah/...', 84, Array)
#1 /home/xkynpbah/public_html/app/Filters/AuthFilter.php(19): App\Models\UserModel->checkAuthFilter()
#2 /home/xkynpbah/public_html/vendor/codeigniter4/framework/system/Filters/Filters.php(173): App\Filters\AuthFilter->before(Object(CodeIgniter\HTTP\IncomingRequest), NULL)
#3 /home/xkynpbah/public_html/vendor/codeigniter4/framework/system/CodeIgniter.php(384): CodeIgniter\Filters\Filters->run('settings', 'before')
#4 /home/xkynpbah/public_html/vendor/codeigniter4/framework/system/CodeIgniter.php(318): CodeIgniter\CodeIgniter->handleRequest(NULL, Object(Config\Cache), false)
#5 /home/xkynpbah/public_html/index.php(37): CodeIgniter\CodeIgniter->run()
#6 {main}
CRITICAL - 2026-07-29 17:18:52 --> Trying to get property 'level' of non-object
#0 /home/xkynpbah/public_html/app/Models/UserModel.php(84): CodeIgniter\Debug\Exceptions->errorHandler(8, 'Trying to get p...', '/home/xkynpbah/...', 84, Array)
#1 /home/xkynpbah/public_html/app/Filters/AuthFilter.php(19): App\Models\UserModel->checkAuthFilter()
#2 /home/xkynpbah/public_html/vendor/codeigniter4/framework/system/Filters/Filters.php(173): App\Filters\AuthFilter->before(Object(CodeIgniter\HTTP\IncomingRequest), NULL)
#3 /home/xkynpbah/public_html/vendor/codeigniter4/framework/system/CodeIgniter.php(384): CodeIgniter\Filters\Filters->run('keys/generate', 'before')
#4 /home/xkynpbah/public_html/vendor/codeigniter4/framework/system/CodeIgniter.php(318): CodeIgniter\CodeIgniter->handleRequest(NULL, Object(Config\Cache), false)
#5 /home/xkynpbah/public_html/index.php(37): CodeIgniter\CodeIgniter->run()
#6 {main}
CRITICAL - 2026-07-29 17:18:54 --> Trying to get property 'level' of non-object
#0 /home/xkynpbah/public_html/app/Models/UserModel.php(84): CodeIgniter\Debug\Exceptions->errorHandler(8, 'Trying to get p...', '/home/xkynpbah/...', 84, Array)
#1 /home/xkynpbah/public_html/app/Filters/AuthFilter.php(19): App\Models\UserModel->checkAuthFilter()
#2 /home/xkynpbah/public_html/vendor/codeigniter4/framework/system/Filters/Filters.php(173): App\Filters\AuthFilter->before(Object(CodeIgniter\HTTP\IncomingRequest), NULL)
#3 /home/xkynpbah/public_html/vendor/codeigniter4/framework/system/CodeIgniter.php(384): CodeIgniter\Filters\Filters->run('keys/generate', 'before')
#4 /home/xkynpbah/public_html/vendor/codeigniter4/framework/system/CodeIgniter.php(318): CodeIgniter\CodeIgniter->handleRequest(NULL, Object(Config\Cache), false)
#5 /home/xkynpbah/public_html/index.php(37): CodeIgniter\CodeIgniter->run()
#6 {main}
ERROR - 2026-07-29 17:18:58 --> Telegram controller called
ERROR - 2026-07-29 17:18:58 --> Table 'xkynpbah_titoo.telegram_premium' doesn't exist
CRITICAL - 2026-07-29 17:18:58 --> Table 'xkynpbah_titoo.telegram_premium' doesn't exist
#0 /home/xkynpbah/public_html/vendor/codeigniter4/framework/system/Database/MySQLi/Connection.php(292): mysqli->query('SELECT COUNT(*)...', 0)
#1 /home/xkynpbah/public_html/vendor/codeigniter4/framework/system/Database/BaseConnection.php(670): CodeIgniter\Database\MySQLi\Connection->execute('SELECT COUNT(*)...')
#2 /home/xkynpbah/public_html/vendor/codeigniter4/framework/system/Database/BaseConnection.php(598): CodeIgniter\Database\BaseConnection->simpleQuery('SELECT COUNT(*)...')
#3 /home/xkynpbah/public_html/vendor/codeigniter4/framework/system/Database/BaseBuilder.php(1527): CodeIgniter\Database\BaseConnection->query('SELECT COUNT(*)...', Array, false)
#4 /home/xkynpbah/public_html/app/Controllers/Telegram.php(165): CodeIgniter\Database\BaseBuilder->countAllResults()
#5 /home/xkynpbah/public_html/app/Controllers/Telegram.php(124): App\Controllers\Telegram->askForResetConfirmation(7216514874, 7216514874, Object(stdClass), 'RAPID-FC224F5C', Object(stdClass))
#6 /home/xkynpbah/public_html/vendor/codeigniter4/framework/system/CodeIgniter.php(824): App\Controllers\Telegram->index()
#7 /home/xkynpbah/public_html/vendor/codeigniter4/framework/system/CodeIgniter.php(410): CodeIgniter\CodeIgniter->runController(Object(App\Controllers\Telegram))
#8 /home/xkynpbah/public_html/vendor/codeigniter4/framework/system/CodeIgniter.php(318): CodeIgniter\CodeIgniter->handleRequest(NULL, Object(Config\Cache), false)
#9 /home/xkynpbah/public_html/index.php(37): CodeIgniter\CodeIgniter->run()
#10 {main}
CRITICAL - 2026-07-29 17:18:58 --> Trying to get property 'level' of non-object
#0 /home/xkynpbah/public_html/app/Models/UserModel.php(84): CodeIgniter\Debug\Exceptions->errorHandler(8, 'Trying to get p...', '/home/xkynpbah/...', 84, Array)
#1 /home/xkynpbah/public_html/app/Filters/AuthFilter.php(19): App\Models\UserModel->checkAuthFilter()
#2 /home/xkynpbah/public_html/vendor/codeigniter4/framework/system/Filters/Filters.php(173): App\Filters\AuthFilter->before(Object(CodeIgniter\HTTP\IncomingRequest), NULL)
#3 /home/xkynpbah/public_html/vendor/codeigniter4/framework/system/CodeIgniter.php(384): CodeIgniter\Filters\Filters->run('dashboard', 'before')
#4 /home/xkynpbah/public_html/vendor/codeigniter4/framework/system/CodeIgniter.php(318): CodeIgniter\CodeIgniter->handleRequest(NULL, Object(Config\Cache), false)
#5 /home/xkynpbah/public_html/index.php(37): CodeIgniter\CodeIgniter->run()
#6 {main}
CRITICAL - 2026-07-29 17:19:00 --> Trying to get property 'level' of non-object
#0 /home/xkynpbah/public_html/app/Models/UserModel.php(84): CodeIgniter\Debug\Exceptions->errorHandler(8, 'Trying to get p...', '/home/xkynpbah/...', 84, Array)
#1 /home/xkynpbah/public_html/app/Filters/AuthFilter.php(19): App\Models\UserModel->checkAuthFilter()
#2 /home/xkynpbah/public_html/vendor/codeigniter4/framework/system/Filters/Filters.php(173): App\Filters\AuthFilter->before(Object(CodeIgniter\HTTP\IncomingRequest), NULL)
#3 /home/xkynpbah/public_html/vendor/codeigniter4/framework/system/CodeIgniter.php(384): CodeIgniter\Filters\Filters->run('dashboard', 'before')
#4 /home/xkynpbah/public_html/vendor/codeigniter4/framework/system/CodeIgniter.php(318): CodeIgniter\CodeIgniter->handleRequest(NULL, Object(Config\Cache), false)
#5 /home/xkynpbah/public_html/index.php(37): CodeIgniter\CodeIgniter->run()
#6 {main}
ERROR - 2026-07-29 17:20:05 --> Telegram controller called
ERROR - 2026-07-29 17:20:05 --> Table 'xkynpbah_titoo.telegram_premium' doesn't exist
CRITICAL - 2026-07-29 17:20:05 --> Table 'xkynpbah_titoo.telegram_premium' doesn't exist
#0 /home/xkynpbah/public_html/vendor/codeigniter4/framework/system/Database/MySQLi/Connection.php(292): mysqli->query('SELECT COUNT(*)...', 0)
#1 /home/xkynpbah/public_html/vendor/codeigniter4/framework/system/Database/BaseConnection.php(670): CodeIgniter\Database\MySQLi\Connection->execute('SELECT COUNT(*)...')
#2 /home/xkynpbah/public_html/vendor/codeigniter4/framework/system/Database/BaseConnection.php(598): CodeIgniter\Database\BaseConnection->simpleQuery('SELECT COUNT(*)...')
#3 /home/xkynpbah/public_html/vendor/codeigniter4/framework/system/Database/BaseBuilder.php(1527): CodeIgniter\Database\BaseConnection->query('SELECT COUNT(*)...', Array, false)
#4 /home/xkynpbah/public_html/app/Controllers/Telegram.php(165): CodeIgniter\Database\BaseBuilder->countAllResults()
#5 /home/xkynpbah/public_html/app/Controllers/Telegram.php(124): App\Controllers\Telegram->askForResetConfirmation(7216514874, 7216514874, Object(stdClass), 'RAPID-FC224F5C', Object(stdClass))
#6 /home/xkynpbah/public_html/vendor/codeigniter4/framework/system/CodeIgniter.php(824): App\Controllers\Telegram->index()
#7 /home/xkynpbah/public_html/vendor/codeigniter4/framework/system/CodeIgniter.php(410): CodeIgniter\CodeIgniter->runController(Object(App\Controllers\Telegram))
#8 /home/xkynpbah/public_html/vendor/codeigniter4/framework/system/CodeIgniter.php(318): CodeIgniter\CodeIgniter->handleRequest(NULL, Object(Config\Cache), false)
#9 /home/xkynpbah/public_html/index.php(37): CodeIgniter\CodeIgniter->run()
#10 {main}
ERROR - 2026-07-29 17:21:43 --> Telegram controller called
ERROR - 2026-07-29 17:21:43 --> Table 'xkynpbah_titoo.telegram_premium' doesn't exist
CRITICAL - 2026-07-29 17:21:43 --> Table 'xkynpbah_titoo.telegram_premium' doesn't exist
#0 /home/xkynpbah/public_html/vendor/codeigniter4/framework/system/Database/MySQLi/Connection.php(292): mysqli->query('SELECT COUNT(*)...', 0)
#1 /home/xkynpbah/public_html/vendor/codeigniter4/framework/system/Database/BaseConnection.php(670): CodeIgniter\Database\MySQLi\Connection->execute('SELECT COUNT(*)...')
#2 /home/xkynpbah/public_html/vendor/codeigniter4/framework/system/Database/BaseConnection.php(598): CodeIgniter\Database\BaseConnection->simpleQuery('SELECT COUNT(*)...')
#3 /home/xkynpbah/public_html/vendor/codeigniter4/framework/system/Database/BaseBuilder.php(1527): CodeIgniter\Database\BaseConnection->query('SELECT COUNT(*)...', Array, false)
#4 /home/xkynpbah/public_html/app/Controllers/Telegram.php(165): CodeIgniter\Database\BaseBuilder->countAllResults()
#5 /home/xkynpbah/public_html/app/Controllers/Telegram.php(124): App\Controllers\Telegram->askForResetConfirmation(7216514874, 7216514874, Object(stdClass), 'RAPID-FC224F5C', Object(stdClass))
#6 /home/xkynpbah/public_html/vendor/codeigniter4/framework/system/CodeIgniter.php(824): App\Controllers\Telegram->index()
#7 /home/xkynpbah/public_html/vendor/codeigniter4/framework/system/CodeIgniter.php(410): CodeIgniter\CodeIgniter->runController(Object(App\Controllers\Telegram))
#8 /home/xkynpbah/public_html/vendor/codeigniter4/framework/system/CodeIgniter.php(318): CodeIgniter\CodeIgniter->handleRequest(NULL, Object(Config\Cache), false)
#9 /home/xkynpbah/public_html/index.php(37): CodeIgniter\CodeIgniter->run()
#10 {main}
ERROR - 2026-07-29 17:22:49 --> Telegram controller called
ERROR - 2026-07-29 17:22:49 --> Table 'xkynpbah_titoo.telegram_premium' doesn't exist
CRITICAL - 2026-07-29 17:22:49 --> Table 'xkynpbah_titoo.telegram_premium' doesn't exist
#0 /home/xkynpbah/public_html/vendor/codeigniter4/framework/system/Database/MySQLi/Connection.php(292): mysqli->query('SELECT COUNT(*)...', 0)
#1 /home/xkynpbah/public_html/vendor/codeigniter4/framework/system/Database/BaseConnection.php(670): CodeIgniter\Database\MySQLi\Connection->execute('SELECT COUNT(*)...')
#2 /home/xkynpbah/public_html/vendor/codeigniter4/framework/system/Database/BaseConnection.php(598): CodeIgniter\Database\BaseConnection->simpleQuery('SELECT COUNT(*)...')
#3 /home/xkynpbah/public_html/vendor/codeigniter4/framework/system/Database/BaseBuilder.php(1527): CodeIgniter\Database\BaseConnection->query('SELECT COUNT(*)...', Array, false)
#4 /home/xkynpbah/public_html/app/Controllers/Telegram.php(165): CodeIgniter\Database\BaseBuilder->countAllResults()
#5 /home/xkynpbah/public_html/app/Controllers/Telegram.php(124): App\Controllers\Telegram->askForResetConfirmation(7216514874, 7216514874, Object(stdClass), 'RAPID-FC224F5C', Object(stdClass))
#6 /home/xkynpbah/public_html/vendor/codeigniter4/framework/system/CodeIgniter.php(824): App\Controllers\Telegram->index()
#7 /home/xkynpbah/public_html/vendor/codeigniter4/framework/system/CodeIgniter.php(410): CodeIgniter\CodeIgniter->runController(Object(App\Controllers\Telegram))
#8 /home/xkynpbah/public_html/vendor/codeigniter4/framework/system/CodeIgniter.php(318): CodeIgniter\CodeIgniter->handleRequest(NULL, Object(Config\Cache), false)
#9 /home/xkynpbah/public_html/index.php(37): CodeIgniter\CodeIgniter->run()
#10 {main}
CRITICAL - 2026-07-29 17:23:38 --> Trying to get property 'level' of non-object
#0 /home/xkynpbah/public_html/app/Models/UserModel.php(84): CodeIgniter\Debug\Exceptions->errorHandler(8, 'Trying to get p...', '/home/xkynpbah/...', 84, Array)
#1 /home/xkynpbah/public_html/app/Filters/AuthFilter.php(19): App\Models\UserModel->checkAuthFilter()
#2 /home/xkynpbah/public_html/vendor/codeigniter4/framework/system/Filters/Filters.php(173): App\Filters\AuthFilter->before(Object(CodeIgniter\HTTP\IncomingRequest), NULL)
#3 /home/xkynpbah/public_html/vendor/codeigniter4/framework/system/CodeIgniter.php(384): CodeIgniter\Filters\Filters->run('dashboard', 'before')
#4 /home/xkynpbah/public_html/vendor/codeigniter4/framework/system/CodeIgniter.php(318): CodeIgniter\CodeIgniter->handleRequest(NULL, Object(Config\Cache), false)
#5 /home/xkynpbah/public_html/index.php(37): CodeIgniter\CodeIgniter->run()
#6 {main}
CRITICAL - 2026-07-29 17:23:39 --> Trying to get property 'level' of non-object
#0 /home/xkynpbah/public_html/app/Models/UserModel.php(84): CodeIgniter\Debug\Exceptions->errorHandler(8, 'Trying to get p...', '/home/xkynpbah/...', 84, Array)
#1 /home/xkynpbah/public_html/app/Filters/AuthFilter.php(19): App\Models\UserModel->checkAuthFilter()
#2 /home/xkynpbah/public_html/vendor/codeigniter4/framework/system/Filters/Filters.php(173): App\Filters\AuthFilter->before(Object(CodeIgniter\HTTP\IncomingRequest), NULL)
#3 /home/xkynpbah/public_html/vendor/codeigniter4/framework/system/CodeIgniter.php(384): CodeIgniter\Filters\Filters->run('dashboard', 'before')
#4 /home/xkynpbah/public_html/vendor/codeigniter4/framework/system/CodeIgniter.php(318): CodeIgniter\CodeIgniter->handleRequest(NULL, Object(Config\Cache), false)
#5 /home/xkynpbah/public_html/index.php(37): CodeIgniter\CodeIgniter->run()
#6 {main}
CRITICAL - 2026-07-29 17:23:42 --> Trying to get property 'level' of non-object
#0 /home/xkynpbah/public_html/app/Models/UserModel.php(84): CodeIgniter\Debug\Exceptions->errorHandler(8, 'Trying to get p...', '/home/xkynpbah/...', 84, Array)
#1 /home/xkynpbah/public_html/app/Filters/AuthFilter.php(19): App\Models\UserModel->checkAuthFilter()
#2 /home/xkynpbah/public_html/vendor/codeigniter4/framework/system/Filters/Filters.php(173): App\Filters\AuthFilter->before(Object(CodeIgniter\HTTP\IncomingRequest), NULL)
#3 /home/xkynpbah/public_html/vendor/codeigniter4/framework/system/CodeIgniter.php(384): CodeIgniter\Filters\Filters->run('dashboard', 'before')
#4 /home/xkynpbah/public_html/vendor/codeigniter4/framework/system/CodeIgniter.php(318): CodeIgniter\CodeIgniter->handleRequest(NULL, Object(Config\Cache), false)
#5 /home/xkynpbah/public_html/index.php(37): CodeIgniter\CodeIgniter->run()
#6 {main}
CRITICAL - 2026-07-29 17:23:44 --> Trying to get property 'level' of non-object
#0 /home/xkynpbah/public_html/app/Models/UserModel.php(84): CodeIgniter\Debug\Exceptions->errorHandler(8, 'Trying to get p...', '/home/xkynpbah/...', 84, Array)
#1 /home/xkynpbah/public_html/app/Filters/AuthFilter.php(19): App\Models\UserModel->checkAuthFilter()
#2 /home/xkynpbah/public_html/vendor/codeigniter4/framework/system/Filters/Filters.php(173): App\Filters\AuthFilter->before(Object(CodeIgniter\HTTP\IncomingRequest), NULL)
#3 /home/xkynpbah/public_html/vendor/codeigniter4/framework/system/CodeIgniter.php(384): CodeIgniter\Filters\Filters->run('dashboard', 'before')
#4 /home/xkynpbah/public_html/vendor/codeigniter4/framework/system/CodeIgniter.php(318): CodeIgniter\CodeIgniter->handleRequest(NULL, Object(Config\Cache), false)
#5 /home/xkynpbah/public_html/index.php(37): CodeIgniter\CodeIgniter->run()
#6 {main}
ERROR - 2026-07-29 17:23:54 --> Telegram controller called
ERROR - 2026-07-29 17:23:54 --> Table 'xkynpbah_titoo.telegram_premium' doesn't exist
CRITICAL - 2026-07-29 17:23:54 --> Table 'xkynpbah_titoo.telegram_premium' doesn't exist
#0 /home/xkynpbah/public_html/vendor/codeigniter4/framework/system/Database/MySQLi/Connection.php(292): mysqli->query('SELECT COUNT(*)...', 0)
#1 /home/xkynpbah/public_html/vendor/codeigniter4/framework/system/Database/BaseConnection.php(670): CodeIgniter\Database\MySQLi\Connection->execute('SELECT COUNT(*)...')
#2 /home/xkynpbah/public_html/vendor/codeigniter4/framework/system/Database/BaseConnection.php(598): CodeIgniter\Database\BaseConnection->simpleQuery('SELECT COUNT(*)...')
#3 /home/xkynpbah/public_html/vendor/codeigniter4/framework/system/Database/BaseBuilder.php(1527): CodeIgniter\Database\BaseConnection->query('SELECT COUNT(*)...', Array, false)
#4 /home/xkynpbah/public_html/app/Controllers/Telegram.php(165): CodeIgniter\Database\BaseBuilder->countAllResults()
#5 /home/xkynpbah/public_html/app/Controllers/Telegram.php(124): App\Controllers\Telegram->askForResetConfirmation(7216514874, 7216514874, Object(stdClass), 'RAPID-FC224F5C', Object(stdClass))
#6 /home/xkynpbah/public_html/vendor/codeigniter4/framework/system/CodeIgniter.php(824): App\Controllers\Telegram->index()
#7 /home/xkynpbah/public_html/vendor/codeigniter4/framework/system/CodeIgniter.php(410): CodeIgniter\CodeIgniter->runController(Object(App\Controllers\Telegram))
#8 /home/xkynpbah/public_html/vendor/codeigniter4/framework/system/CodeIgniter.php(318): CodeIgniter\CodeIgniter->handleRequest(NULL, Object(Config\Cache), false)
#9 /home/xkynpbah/public_html/index.php(37): CodeIgniter\CodeIgniter->run()
#10 {main}
ERROR - 2026-07-29 17:25:32 --> Telegram controller called
ERROR - 2026-07-29 17:25:32 --> Table 'xkynpbah_titoo.telegram_premium' doesn't exist
CRITICAL - 2026-07-29 17:25:32 --> Table 'xkynpbah_titoo.telegram_premium' doesn't exist
#0 /home/xkynpbah/public_html/vendor/codeigniter4/framework/system/Database/MySQLi/Connection.php(292): mysqli->query('SELECT COUNT(*)...', 0)
#1 /home/xkynpbah/public_html/vendor/codeigniter4/framework/system/Database/BaseConnection.php(670): CodeIgniter\Database\MySQLi\Connection->execute('SELECT COUNT(*)...')
#2 /home/xkynpbah/public_html/vendor/codeigniter4/framework/system/Database/BaseConnection.php(598): CodeIgniter\Database\BaseConnection->simpleQuery('SELECT COUNT(*)...')
#3 /home/xkynpbah/public_html/vendor/codeigniter4/framework/system/Database/BaseBuilder.php(1527): CodeIgniter\Database\BaseConnection->query('SELECT COUNT(*)...', Array, false)
#4 /home/xkynpbah/public_html/app/Controllers/Telegram.php(165): CodeIgniter\Database\BaseBuilder->countAllResults()
#5 /home/xkynpbah/public_html/app/Controllers/Telegram.php(124): App\Controllers\Telegram->askForResetConfirmation(7216514874, 7216514874, Object(stdClass), 'RAPID-FC224F5C', Object(stdClass))
#6 /home/xkynpbah/public_html/vendor/codeigniter4/framework/system/CodeIgniter.php(824): App\Controllers\Telegram->index()
#7 /home/xkynpbah/public_html/vendor/codeigniter4/framework/system/CodeIgniter.php(410): CodeIgniter\CodeIgniter->runController(Object(App\Controllers\Telegram))
#8 /home/xkynpbah/public_html/vendor/codeigniter4/framework/system/CodeIgniter.php(318): CodeIgniter\CodeIgniter->handleRequest(NULL, Object(Config\Cache), false)
#9 /home/xkynpbah/public_html/index.php(37): CodeIgniter\CodeIgniter->run()
#10 {main}
ERROR - 2026-07-29 17:27:25 --> Telegram controller called
ERROR - 2026-07-29 17:27:25 --> Table 'xkynpbah_titoo.telegram_premium' doesn't exist
CRITICAL - 2026-07-29 17:27:25 --> Table 'xkynpbah_titoo.telegram_premium' doesn't exist
#0 /home/xkynpbah/public_html/vendor/codeigniter4/framework/system/Database/MySQLi/Connection.php(292): mysqli->query('SELECT COUNT(*)...', 0)
#1 /home/xkynpbah/public_html/vendor/codeigniter4/framework/system/Database/BaseConnection.php(670): CodeIgniter\Database\MySQLi\Connection->execute('SELECT COUNT(*)...')
#2 /home/xkynpbah/public_html/vendor/codeigniter4/framework/system/Database/BaseConnection.php(598): CodeIgniter\Database\BaseConnection->simpleQuery('SELECT COUNT(*)...')
#3 /home/xkynpbah/public_html/vendor/codeigniter4/framework/system/Database/BaseBuilder.php(1527): CodeIgniter\Database\BaseConnection->query('SELECT COUNT(*)...', Array, false)
#4 /home/xkynpbah/public_html/app/Controllers/Telegram.php(165): CodeIgniter\Database\BaseBuilder->countAllResults()
#5 /home/xkynpbah/public_html/app/Controllers/Telegram.php(124): App\Controllers\Telegram->askForResetConfirmation(7216514874, 7216514874, Object(stdClass), 'RAPID-FC224F5C', Object(stdClass))
#6 /home/xkynpbah/public_html/vendor/codeigniter4/framework/system/CodeIgniter.php(824): App\Controllers\Telegram->index()
#7 /home/xkynpbah/public_html/vendor/codeigniter4/framework/system/CodeIgniter.php(410): CodeIgniter\CodeIgniter->runController(Object(App\Controllers\Telegram))
#8 /home/xkynpbah/public_html/vendor/codeigniter4/framework/system/CodeIgniter.php(318): CodeIgniter\CodeIgniter->handleRequest(NULL, Object(Config\Cache), false)
#9 /home/xkynpbah/public_html/index.php(37): CodeIgniter\CodeIgniter->run()
#10 {main}
ERROR - 2026-07-29 17:29:08 --> Telegram controller called
ERROR - 2026-07-29 17:29:08 --> Table 'xkynpbah_titoo.telegram_premium' doesn't exist
CRITICAL - 2026-07-29 17:29:08 --> Table 'xkynpbah_titoo.telegram_premium' doesn't exist
#0 /home/xkynpbah/public_html/vendor/codeigniter4/framework/system/Database/MySQLi/Connection.php(292): mysqli->query('SELECT COUNT(*)...', 0)
#1 /home/xkynpbah/public_html/vendor/codeigniter4/framework/system/Database/BaseConnection.php(670): CodeIgniter\Database\MySQLi\Connection->execute('SELECT COUNT(*)...')
#2 /home/xkynpbah/public_html/vendor/codeigniter4/framework/system/Database/BaseConnection.php(598): CodeIgniter\Database\BaseConnection->simpleQuery('SELECT COUNT(*)...')
#3 /home/xkynpbah/public_html/vendor/codeigniter4/framework/system/Database/BaseBuilder.php(1527): CodeIgniter\Database\BaseConnection->query('SELECT COUNT(*)...', Array, false)
#4 /home/xkynpbah/public_html/app/Controllers/Telegram.php(165): CodeIgniter\Database\BaseBuilder->countAllResults()
#5 /home/xkynpbah/public_html/app/Controllers/Telegram.php(124): App\Controllers\Telegram->askForResetConfirmation(7216514874, 7216514874, Object(stdClass), 'RAPID-FC224F5C', Object(stdClass))
#6 /home/xkynpbah/public_html/vendor/codeigniter4/framework/system/CodeIgniter.php(824): App\Controllers\Telegram->index()
#7 /home/xkynpbah/public_html/vendor/codeigniter4/framework/system/CodeIgniter.php(410): CodeIgniter\CodeIgniter->runController(Object(App\Controllers\Telegram))
#8 /home/xkynpbah/public_html/vendor/codeigniter4/framework/system/CodeIgniter.php(318): CodeIgniter\CodeIgniter->handleRequest(NULL, Object(Config\Cache), false)
#9 /home/xkynpbah/public_html/index.php(37): CodeIgniter\CodeIgniter->run()
#10 {main}
ERROR - 2026-07-29 17:30:59 --> Telegram controller called
ERROR - 2026-07-29 17:30:59 --> Table 'xkynpbah_titoo.telegram_premium' doesn't exist
CRITICAL - 2026-07-29 17:30:59 --> Table 'xkynpbah_titoo.telegram_premium' doesn't exist
#0 /home/xkynpbah/public_html/vendor/codeigniter4/framework/system/Database/MySQLi/Connection.php(292): mysqli->query('SELECT COUNT(*)...', 0)
#1 /home/xkynpbah/public_html/vendor/codeigniter4/framework/system/Database/BaseConnection.php(670): CodeIgniter\Database\MySQLi\Connection->execute('SELECT COUNT(*)...')
#2 /home/xkynpbah/public_html/vendor/codeigniter4/framework/system/Database/BaseConnection.php(598): CodeIgniter\Database\BaseConnection->simpleQuery('SELECT COUNT(*)...')
#3 /home/xkynpbah/public_html/vendor/codeigniter4/framework/system/Database/BaseBuilder.php(1527): CodeIgniter\Database\BaseConnection->query('SELECT COUNT(*)...', Array, false)
#4 /home/xkynpbah/public_html/app/Controllers/Telegram.php(165): CodeIgniter\Database\BaseBuilder->countAllResults()
#5 /home/xkynpbah/public_html/app/Controllers/Telegram.php(124): App\Controllers\Telegram->askForResetConfirmation(7216514874, 7216514874, Object(stdClass), 'RAPID-FC224F5C', Object(stdClass))
#6 /home/xkynpbah/public_html/vendor/codeigniter4/framework/system/CodeIgniter.php(824): App\Controllers\Telegram->index()
#7 /home/xkynpbah/public_html/vendor/codeigniter4/framework/system/CodeIgniter.php(410): CodeIgniter\CodeIgniter->runController(Object(App\Controllers\Telegram))
#8 /home/xkynpbah/public_html/vendor/codeigniter4/framework/system/CodeIgniter.php(318): CodeIgniter\CodeIgniter->handleRequest(NULL, Object(Config\Cache), false)
#9 /home/xkynpbah/public_html/index.php(37): CodeIgniter\CodeIgniter->run()
#10 {main}
ERROR - 2026-07-29 17:32:38 --> Telegram controller called
ERROR - 2026-07-29 17:32:38 --> Table 'xkynpbah_titoo.telegram_premium' doesn't exist
CRITICAL - 2026-07-29 17:32:38 --> Table 'xkynpbah_titoo.telegram_premium' doesn't exist
#0 /home/xkynpbah/public_html/vendor/codeigniter4/framework/system/Database/MySQLi/Connection.php(292): mysqli->query('SELECT COUNT(*)...', 0)
#1 /home/xkynpbah/public_html/vendor/codeigniter4/framework/system/Database/BaseConnection.php(670): CodeIgniter\Database\MySQLi\Connection->execute('SELECT COUNT(*)...')
#2 /home/xkynpbah/public_html/vendor/codeigniter4/framework/system/Database/BaseConnection.php(598): CodeIgniter\Database\BaseConnection->simpleQuery('SELECT COUNT(*)...')
#3 /home/xkynpbah/public_html/vendor/codeigniter4/framework/system/Database/BaseBuilder.php(1527): CodeIgniter\Database\BaseConnection->query('SELECT COUNT(*)...', Array, false)
#4 /home/xkynpbah/public_html/app/Controllers/Telegram.php(165): CodeIgniter\Database\BaseBuilder->countAllResults()
#5 /home/xkynpbah/public_html/app/Controllers/Telegram.php(124): App\Controllers\Telegram->askForResetConfirmation(7216514874, 7216514874, Object(stdClass), 'RAPID-FC224F5C', Object(stdClass))
#6 /home/xkynpbah/public_html/vendor/codeigniter4/framework/system/CodeIgniter.php(824): App\Controllers\Telegram->index()
#7 /home/xkynpbah/public_html/vendor/codeigniter4/framework/system/CodeIgniter.php(410): CodeIgniter\CodeIgniter->runController(Object(App\Controllers\Telegram))
#8 /home/xkynpbah/public_html/vendor/codeigniter4/framework/system/CodeIgniter.php(318): CodeIgniter\CodeIgniter->handleRequest(NULL, Object(Config\Cache), false)
#9 /home/xkynpbah/public_html/index.php(37): CodeIgniter\CodeIgniter->run()
#10 {main}
ERROR - 2026-07-29 17:33:42 --> Telegram controller called
ERROR - 2026-07-29 17:33:42 --> Table 'xkynpbah_titoo.telegram_premium' doesn't exist
CRITICAL - 2026-07-29 17:33:42 --> Table 'xkynpbah_titoo.telegram_premium' doesn't exist
#0 /home/xkynpbah/public_html/vendor/codeigniter4/framework/system/Database/MySQLi/Connection.php(292): mysqli->query('SELECT COUNT(*)...', 0)
#1 /home/xkynpbah/public_html/vendor/codeigniter4/framework/system/Database/BaseConnection.php(670): CodeIgniter\Database\MySQLi\Connection->execute('SELECT COUNT(*)...')
#2 /home/xkynpbah/public_html/vendor/codeigniter4/framework/system/Database/BaseConnection.php(598): CodeIgniter\Database\BaseConnection->simpleQuery('SELECT COUNT(*)...')
#3 /home/xkynpbah/public_html/vendor/codeigniter4/framework/system/Database/BaseBuilder.php(1527): CodeIgniter\Database\BaseConnection->query('SELECT COUNT(*)...', Array, false)
#4 /home/xkynpbah/public_html/app/Controllers/Telegram.php(165): CodeIgniter\Database\BaseBuilder->countAllResults()
#5 /home/xkynpbah/public_html/app/Controllers/Telegram.php(124): App\Controllers\Telegram->askForResetConfirmation(7216514874, 7216514874, Object(stdClass), 'RAPID-FC224F5C', Object(stdClass))
#6 /home/xkynpbah/public_html/vendor/codeigniter4/framework/system/CodeIgniter.php(824): App\Controllers\Telegram->index()
#7 /home/xkynpbah/public_html/vendor/codeigniter4/framework/system/CodeIgniter.php(410): CodeIgniter\CodeIgniter->runController(Object(App\Controllers\Telegram))
#8 /home/xkynpbah/public_html/vendor/codeigniter4/framework/system/CodeIgniter.php(318): CodeIgniter\CodeIgniter->handleRequest(NULL, Object(Config\Cache), false)
#9 /home/xkynpbah/public_html/index.php(37): CodeIgniter\CodeIgniter->run()
#10 {main}
ERROR - 2026-07-29 17:35:17 --> Telegram controller called
ERROR - 2026-07-29 17:35:17 --> Table 'xkynpbah_titoo.telegram_premium' doesn't exist
CRITICAL - 2026-07-29 17:35:17 --> Table 'xkynpbah_titoo.telegram_premium' doesn't exist
#0 /home/xkynpbah/public_html/vendor/codeigniter4/framework/system/Database/MySQLi/Connection.php(292): mysqli->query('SELECT COUNT(*)...', 0)
#1 /home/xkynpbah/public_html/vendor/codeigniter4/framework/system/Database/BaseConnection.php(670): CodeIgniter\Database\MySQLi\Connection->execute('SELECT COUNT(*)...')
#2 /home/xkynpbah/public_html/vendor/codeigniter4/framework/system/Database/BaseConnection.php(598): CodeIgniter\Database\BaseConnection->simpleQuery('SELECT COUNT(*)...')
#3 /home/xkynpbah/public_html/vendor/codeigniter4/framework/system/Database/BaseBuilder.php(1527): CodeIgniter\Database\BaseConnection->query('SELECT COUNT(*)...', Array, false)
#4 /home/xkynpbah/public_html/app/Controllers/Telegram.php(165): CodeIgniter\Database\BaseBuilder->countAllResults()
#5 /home/xkynpbah/public_html/app/Controllers/Telegram.php(124): App\Controllers\Telegram->askForResetConfirmation(7216514874, 7216514874, Object(stdClass), 'RAPID-FC224F5C', Object(stdClass))
#6 /home/xkynpbah/public_html/vendor/codeigniter4/framework/system/CodeIgniter.php(824): App\Controllers\Telegram->index()
#7 /home/xkynpbah/public_html/vendor/codeigniter4/framework/system/CodeIgniter.php(410): CodeIgniter\CodeIgniter->runController(Object(App\Controllers\Telegram))
#8 /home/xkynpbah/public_html/vendor/codeigniter4/framework/system/CodeIgniter.php(318): CodeIgniter\CodeIgniter->handleRequest(NULL, Object(Config\Cache), false)
#9 /home/xkynpbah/public_html/index.php(37): CodeIgniter\CodeIgniter->run()
#10 {main}
ERROR - 2026-07-29 17:36:54 --> Telegram controller called
ERROR - 2026-07-29 17:36:54 --> Table 'xkynpbah_titoo.telegram_premium' doesn't exist
CRITICAL - 2026-07-29 17:36:54 --> Table 'xkynpbah_titoo.telegram_premium' doesn't exist
#0 /home/xkynpbah/public_html/vendor/codeigniter4/framework/system/Database/MySQLi/Connection.php(292): mysqli->query('SELECT COUNT(*)...', 0)
#1 /home/xkynpbah/public_html/vendor/codeigniter4/framework/system/Database/BaseConnection.php(670): CodeIgniter\Database\MySQLi\Connection->execute('SELECT COUNT(*)...')
#2 /home/xkynpbah/public_html/vendor/codeigniter4/framework/system/Database/BaseConnection.php(598): CodeIgniter\Database\BaseConnection->simpleQuery('SELECT COUNT(*)...')
#3 /home/xkynpbah/public_html/vendor/codeigniter4/framework/system/Database/BaseBuilder.php(1527): CodeIgniter\Database\BaseConnection->query('SELECT COUNT(*)...', Array, false)
#4 /home/xkynpbah/public_html/app/Controllers/Telegram.php(165): CodeIgniter\Database\BaseBuilder->countAllResults()
#5 /home/xkynpbah/public_html/app/Controllers/Telegram.php(124): App\Controllers\Telegram->askForResetConfirmation(7216514874, 7216514874, Object(stdClass), 'RAPID-FC224F5C', Object(stdClass))
#6 /home/xkynpbah/public_html/vendor/codeigniter4/framework/system/CodeIgniter.php(824): App\Controllers\Telegram->index()
#7 /home/xkynpbah/public_html/vendor/codeigniter4/framework/system/CodeIgniter.php(410): CodeIgniter\CodeIgniter->runController(Object(App\Controllers\Telegram))
#8 /home/xkynpbah/public_html/vendor/codeigniter4/framework/system/CodeIgniter.php(318): CodeIgniter\CodeIgniter->handleRequest(NULL, Object(Config\Cache), false)
#9 /home/xkynpbah/public_html/index.php(37): CodeIgniter\CodeIgniter->run()
#10 {main}
ERROR - 2026-07-29 17:38:46 --> Telegram controller called
ERROR - 2026-07-29 17:38:46 --> Table 'xkynpbah_titoo.telegram_premium' doesn't exist
CRITICAL - 2026-07-29 17:38:46 --> Table 'xkynpbah_titoo.telegram_premium' doesn't exist
#0 /home/xkynpbah/public_html/vendor/codeigniter4/framework/system/Database/MySQLi/Connection.php(292): mysqli->query('SELECT COUNT(*)...', 0)
#1 /home/xkynpbah/public_html/vendor/codeigniter4/framework/system/Database/BaseConnection.php(670): CodeIgniter\Database\MySQLi\Connection->execute('SELECT COUNT(*)...')
#2 /home/xkynpbah/public_html/vendor/codeigniter4/framework/system/Database/BaseConnection.php(598): CodeIgniter\Database\BaseConnection->simpleQuery('SELECT COUNT(*)...')
#3 /home/xkynpbah/public_html/vendor/codeigniter4/framework/system/Database/BaseBuilder.php(1527): CodeIgniter\Database\BaseConnection->query('SELECT COUNT(*)...', Array, false)
#4 /home/xkynpbah/public_html/app/Controllers/Telegram.php(165): CodeIgniter\Database\BaseBuilder->countAllResults()
#5 /home/xkynpbah/public_html/app/Controllers/Telegram.php(124): App\Controllers\Telegram->askForResetConfirmation(7216514874, 7216514874, Object(stdClass), 'RAPID-FC224F5C', Object(stdClass))
#6 /home/xkynpbah/public_html/vendor/codeigniter4/framework/system/CodeIgniter.php(824): App\Controllers\Telegram->index()
#7 /home/xkynpbah/public_html/vendor/codeigniter4/framework/system/CodeIgniter.php(410): CodeIgniter\CodeIgniter->runController(Object(App\Controllers\Telegram))
#8 /home/xkynpbah/public_html/vendor/codeigniter4/framework/system/CodeIgniter.php(318): CodeIgniter\CodeIgniter->handleRequest(NULL, Object(Config\Cache), false)
#9 /home/xkynpbah/public_html/index.php(37): CodeIgniter\CodeIgniter->run()
#10 {main}
ERROR - 2026-07-29 17:40:11 --> Telegram controller called
ERROR - 2026-07-29 17:40:12 --> Table 'xkynpbah_titoo.telegram_premium' doesn't exist
CRITICAL - 2026-07-29 17:40:12 --> Table 'xkynpbah_titoo.telegram_premium' doesn't exist
#0 /home/xkynpbah/public_html/vendor/codeigniter4/framework/system/Database/MySQLi/Connection.php(292): mysqli->query('SELECT COUNT(*)...', 0)
#1 /home/xkynpbah/public_html/vendor/codeigniter4/framework/system/Database/BaseConnection.php(670): CodeIgniter\Database\MySQLi\Connection->execute('SELECT COUNT(*)...')
#2 /home/xkynpbah/public_html/vendor/codeigniter4/framework/system/Database/BaseConnection.php(598): CodeIgniter\Database\BaseConnection->simpleQuery('SELECT COUNT(*)...')
#3 /home/xkynpbah/public_html/vendor/codeigniter4/framework/system/Database/BaseBuilder.php(1527): CodeIgniter\Database\BaseConnection->query('SELECT COUNT(*)...', Array, false)
#4 /home/xkynpbah/public_html/app/Controllers/Telegram.php(165): CodeIgniter\Database\BaseBuilder->countAllResults()
#5 /home/xkynpbah/public_html/app/Controllers/Telegram.php(124): App\Controllers\Telegram->askForResetConfirmation(7216514874, 7216514874, Object(stdClass), 'RAPID-FC224F5C', Object(stdClass))
#6 /home/xkynpbah/public_html/vendor/codeigniter4/framework/system/CodeIgniter.php(824): App\Controllers\Telegram->index()
#7 /home/xkynpbah/public_html/vendor/codeigniter4/framework/system/CodeIgniter.php(410): CodeIgniter\CodeIgniter->runController(Object(App\Controllers\Telegram))
#8 /home/xkynpbah/public_html/vendor/codeigniter4/framework/system/CodeIgniter.php(318): CodeIgniter\CodeIgniter->handleRequest(NULL, Object(Config\Cache), false)
#9 /home/xkynpbah/public_html/index.php(37): CodeIgniter\CodeIgniter->run()
#10 {main}
ERROR - 2026-07-29 17:41:41 --> Telegram controller called
ERROR - 2026-07-29 17:41:41 --> Table 'xkynpbah_titoo.telegram_premium' doesn't exist
CRITICAL - 2026-07-29 17:41:41 --> Table 'xkynpbah_titoo.telegram_premium' doesn't exist
#0 /home/xkynpbah/public_html/vendor/codeigniter4/framework/system/Database/MySQLi/Connection.php(292): mysqli->query('SELECT COUNT(*)...', 0)
#1 /home/xkynpbah/public_html/vendor/codeigniter4/framework/system/Database/BaseConnection.php(670): CodeIgniter\Database\MySQLi\Connection->execute('SELECT COUNT(*)...')
#2 /home/xkynpbah/public_html/vendor/codeigniter4/framework/system/Database/BaseConnection.php(598): CodeIgniter\Database\BaseConnection->simpleQuery('SELECT COUNT(*)...')
#3 /home/xkynpbah/public_html/vendor/codeigniter4/framework/system/Database/BaseBuilder.php(1527): CodeIgniter\Database\BaseConnection->query('SELECT COUNT(*)...', Array, false)
#4 /home/xkynpbah/public_html/app/Controllers/Telegram.php(165): CodeIgniter\Database\BaseBuilder->countAllResults()
#5 /home/xkynpbah/public_html/app/Controllers/Telegram.php(124): App\Controllers\Telegram->askForResetConfirmation(7216514874, 7216514874, Object(stdClass), 'RAPID-FC224F5C', Object(stdClass))
#6 /home/xkynpbah/public_html/vendor/codeigniter4/framework/system/CodeIgniter.php(824): App\Controllers\Telegram->index()
#7 /home/xkynpbah/public_html/vendor/codeigniter4/framework/system/CodeIgniter.php(410): CodeIgniter\CodeIgniter->runController(Object(App\Controllers\Telegram))
#8 /home/xkynpbah/public_html/vendor/codeigniter4/framework/system/CodeIgniter.php(318): CodeIgniter\CodeIgniter->handleRequest(NULL, Object(Config\Cache), false)
#9 /home/xkynpbah/public_html/index.php(37): CodeIgniter\CodeIgniter->run()
#10 {main}
ERROR - 2026-07-29 17:43:39 --> Telegram controller called
ERROR - 2026-07-29 17:43:39 --> Table 'xkynpbah_titoo.telegram_premium' doesn't exist
CRITICAL - 2026-07-29 17:43:39 --> Table 'xkynpbah_titoo.telegram_premium' doesn't exist
#0 /home/xkynpbah/public_html/vendor/codeigniter4/framework/system/Database/MySQLi/Connection.php(292): mysqli->query('SELECT COUNT(*)...', 0)
#1 /home/xkynpbah/public_html/vendor/codeigniter4/framework/system/Database/BaseConnection.php(670): CodeIgniter\Database\MySQLi\Connection->execute('SELECT COUNT(*)...')
#2 /home/xkynpbah/public_html/vendor/codeigniter4/framework/system/Database/BaseConnection.php(598): CodeIgniter\Database\BaseConnection->simpleQuery('SELECT COUNT(*)...')
#3 /home/xkynpbah/public_html/vendor/codeigniter4/framework/system/Database/BaseBuilder.php(1527): CodeIgniter\Database\BaseConnection->query('SELECT COUNT(*)...', Array, false)
#4 /home/xkynpbah/public_html/app/Controllers/Telegram.php(165): CodeIgniter\Database\BaseBuilder->countAllResults()
#5 /home/xkynpbah/public_html/app/Controllers/Telegram.php(124): App\Controllers\Telegram->askForResetConfirmation(7216514874, 7216514874, Object(stdClass), 'RAPID-FC224F5C', Object(stdClass))
#6 /home/xkynpbah/public_html/vendor/codeigniter4/framework/system/CodeIgniter.php(824): App\Controllers\Telegram->index()
#7 /home/xkynpbah/public_html/vendor/codeigniter4/framework/system/CodeIgniter.php(410): CodeIgniter\CodeIgniter->runController(Object(App\Controllers\Telegram))
#8 /home/xkynpbah/public_html/vendor/codeigniter4/framework/system/CodeIgniter.php(318): CodeIgniter\CodeIgniter->handleRequest(NULL, Object(Config\Cache), false)
#9 /home/xkynpbah/public_html/index.php(37): CodeIgniter\CodeIgniter->run()
#10 {main}
ERROR - 2026-07-29 17:45:32 --> Telegram controller called
ERROR - 2026-07-29 17:45:32 --> Table 'xkynpbah_titoo.telegram_premium' doesn't exist
CRITICAL - 2026-07-29 17:45:32 --> Table 'xkynpbah_titoo.telegram_premium' doesn't exist
#0 /home/xkynpbah/public_html/vendor/codeigniter4/framework/system/Database/MySQLi/Connection.php(292): mysqli->query('SELECT COUNT(*)...', 0)
#1 /home/xkynpbah/public_html/vendor/codeigniter4/framework/system/Database/BaseConnection.php(670): CodeIgniter\Database\MySQLi\Connection->execute('SELECT COUNT(*)...')
#2 /home/xkynpbah/public_html/vendor/codeigniter4/framework/system/Database/BaseConnection.php(598): CodeIgniter\Database\BaseConnection->simpleQuery('SELECT COUNT(*)...')
#3 /home/xkynpbah/public_html/vendor/codeigniter4/framework/system/Database/BaseBuilder.php(1527): CodeIgniter\Database\BaseConnection->query('SELECT COUNT(*)...', Array, false)
#4 /home/xkynpbah/public_html/app/Controllers/Telegram.php(165): CodeIgniter\Database\BaseBuilder->countAllResults()
#5 /home/xkynpbah/public_html/app/Controllers/Telegram.php(124): App\Controllers\Telegram->askForResetConfirmation(7216514874, 7216514874, Object(stdClass), 'RAPID-FC224F5C', Object(stdClass))
#6 /home/xkynpbah/public_html/vendor/codeigniter4/framework/system/CodeIgniter.php(824): App\Controllers\Telegram->index()
#7 /home/xkynpbah/public_html/vendor/codeigniter4/framework/system/CodeIgniter.php(410): CodeIgniter\CodeIgniter->runController(Object(App\Controllers\Telegram))
#8 /home/xkynpbah/public_html/vendor/codeigniter4/framework/system/CodeIgniter.php(318): CodeIgniter\CodeIgniter->handleRequest(NULL, Object(Config\Cache), false)
#9 /home/xkynpbah/public_html/index.php(37): CodeIgniter\CodeIgniter->run()
#10 {main}
ERROR - 2026-07-29 17:47:19 --> Telegram controller called
ERROR - 2026-07-29 17:47:19 --> Table 'xkynpbah_titoo.telegram_premium' doesn't exist
CRITICAL - 2026-07-29 17:47:19 --> Table 'xkynpbah_titoo.telegram_premium' doesn't exist
#0 /home/xkynpbah/public_html/vendor/codeigniter4/framework/system/Database/MySQLi/Connection.php(292): mysqli->query('SELECT COUNT(*)...', 0)
#1 /home/xkynpbah/public_html/vendor/codeigniter4/framework/system/Database/BaseConnection.php(670): CodeIgniter\Database\MySQLi\Connection->execute('SELECT COUNT(*)...')
#2 /home/xkynpbah/public_html/vendor/codeigniter4/framework/system/Database/BaseConnection.php(598): CodeIgniter\Database\BaseConnection->simpleQuery('SELECT COUNT(*)...')
#3 /home/xkynpbah/public_html/vendor/codeigniter4/framework/system/Database/BaseBuilder.php(1527): CodeIgniter\Database\BaseConnection->query('SELECT COUNT(*)...', Array, false)
#4 /home/xkynpbah/public_html/app/Controllers/Telegram.php(165): CodeIgniter\Database\BaseBuilder->countAllResults()
#5 /home/xkynpbah/public_html/app/Controllers/Telegram.php(124): App\Controllers\Telegram->askForResetConfirmation(7216514874, 7216514874, Object(stdClass), 'RAPID-FC224F5C', Object(stdClass))
#6 /home/xkynpbah/public_html/vendor/codeigniter4/framework/system/CodeIgniter.php(824): App\Controllers\Telegram->index()
#7 /home/xkynpbah/public_html/vendor/codeigniter4/framework/system/CodeIgniter.php(410): CodeIgniter\CodeIgniter->runController(Object(App\Controllers\Telegram))
#8 /home/xkynpbah/public_html/vendor/codeigniter4/framework/system/CodeIgniter.php(318): CodeIgniter\CodeIgniter->handleRequest(NULL, Object(Config\Cache), false)
#9 /home/xkynpbah/public_html/index.php(37): CodeIgniter\CodeIgniter->run()
#10 {main}
ERROR - 2026-07-29 17:48:50 --> Telegram controller called
ERROR - 2026-07-29 17:48:50 --> Table 'xkynpbah_titoo.telegram_premium' doesn't exist
CRITICAL - 2026-07-29 17:48:50 --> Table 'xkynpbah_titoo.telegram_premium' doesn't exist
#0 /home/xkynpbah/public_html/vendor/codeigniter4/framework/system/Database/MySQLi/Connection.php(292): mysqli->query('SELECT COUNT(*)...', 0)
#1 /home/xkynpbah/public_html/vendor/codeigniter4/framework/system/Database/BaseConnection.php(670): CodeIgniter\Database\MySQLi\Connection->execute('SELECT COUNT(*)...')
#2 /home/xkynpbah/public_html/vendor/codeigniter4/framework/system/Database/BaseConnection.php(598): CodeIgniter\Database\BaseConnection->simpleQuery('SELECT COUNT(*)...')
#3 /home/xkynpbah/public_html/vendor/codeigniter4/framework/system/Database/BaseBuilder.php(1527): CodeIgniter\Database\BaseConnection->query('SELECT COUNT(*)...', Array, false)
#4 /home/xkynpbah/public_html/app/Controllers/Telegram.php(165): CodeIgniter\Database\BaseBuilder->countAllResults()
#5 /home/xkynpbah/public_html/app/Controllers/Telegram.php(124): App\Controllers\Telegram->askForResetConfirmation(7216514874, 7216514874, Object(stdClass), 'RAPID-FC224F5C', Object(stdClass))
#6 /home/xkynpbah/public_html/vendor/codeigniter4/framework/system/CodeIgniter.php(824): App\Controllers\Telegram->index()
#7 /home/xkynpbah/public_html/vendor/codeigniter4/framework/system/CodeIgniter.php(410): CodeIgniter\CodeIgniter->runController(Object(App\Controllers\Telegram))
#8 /home/xkynpbah/public_html/vendor/codeigniter4/framework/system/CodeIgniter.php(318): CodeIgniter\CodeIgniter->handleRequest(NULL, Object(Config\Cache), false)
#9 /home/xkynpbah/public_html/index.php(37): CodeIgniter\CodeIgniter->run()
#10 {main}
ERROR - 2026-07-29 17:50:06 --> Telegram controller called
ERROR - 2026-07-29 17:50:06 --> Table 'xkynpbah_titoo.telegram_premium' doesn't exist
CRITICAL - 2026-07-29 17:50:06 --> Table 'xkynpbah_titoo.telegram_premium' doesn't exist
#0 /home/xkynpbah/public_html/vendor/codeigniter4/framework/system/Database/MySQLi/Connection.php(292): mysqli->query('SELECT COUNT(*)...', 0)
#1 /home/xkynpbah/public_html/vendor/codeigniter4/framework/system/Database/BaseConnection.php(670): CodeIgniter\Database\MySQLi\Connection->execute('SELECT COUNT(*)...')
#2 /home/xkynpbah/public_html/vendor/codeigniter4/framework/system/Database/BaseConnection.php(598): CodeIgniter\Database\BaseConnection->simpleQuery('SELECT COUNT(*)...')
#3 /home/xkynpbah/public_html/vendor/codeigniter4/framework/system/Database/BaseBuilder.php(1527): CodeIgniter\Database\BaseConnection->query('SELECT COUNT(*)...', Array, false)
#4 /home/xkynpbah/public_html/app/Controllers/Telegram.php(165): CodeIgniter\Database\BaseBuilder->countAllResults()
#5 /home/xkynpbah/public_html/app/Controllers/Telegram.php(124): App\Controllers\Telegram->askForResetConfirmation(7216514874, 7216514874, Object(stdClass), 'RAPID-FC224F5C', Object(stdClass))
#6 /home/xkynpbah/public_html/vendor/codeigniter4/framework/system/CodeIgniter.php(824): App\Controllers\Telegram->index()
#7 /home/xkynpbah/public_html/vendor/codeigniter4/framework/system/CodeIgniter.php(410): CodeIgniter\CodeIgniter->runController(Object(App\Controllers\Telegram))
#8 /home/xkynpbah/public_html/vendor/codeigniter4/framework/system/CodeIgniter.php(318): CodeIgniter\CodeIgniter->handleRequest(NULL, Object(Config\Cache), false)
#9 /home/xkynpbah/public_html/index.php(37): CodeIgniter\CodeIgniter->run()
#10 {main}
ERROR - 2026-07-29 17:51:23 --> Telegram controller called
ERROR - 2026-07-29 17:51:23 --> Table 'xkynpbah_titoo.telegram_premium' doesn't exist
CRITICAL - 2026-07-29 17:51:23 --> Table 'xkynpbah_titoo.telegram_premium' doesn't exist
#0 /home/xkynpbah/public_html/vendor/codeigniter4/framework/system/Database/MySQLi/Connection.php(292): mysqli->query('SELECT COUNT(*)...', 0)
#1 /home/xkynpbah/public_html/vendor/codeigniter4/framework/system/Database/BaseConnection.php(670): CodeIgniter\Database\MySQLi\Connection->execute('SELECT COUNT(*)...')
#2 /home/xkynpbah/public_html/vendor/codeigniter4/framework/system/Database/BaseConnection.php(598): CodeIgniter\Database\BaseConnection->simpleQuery('SELECT COUNT(*)...')
#3 /home/xkynpbah/public_html/vendor/codeigniter4/framework/system/Database/BaseBuilder.php(1527): CodeIgniter\Database\BaseConnection->query('SELECT COUNT(*)...', Array, false)
#4 /home/xkynpbah/public_html/app/Controllers/Telegram.php(165): CodeIgniter\Database\BaseBuilder->countAllResults()
#5 /home/xkynpbah/public_html/app/Controllers/Telegram.php(124): App\Controllers\Telegram->askForResetConfirmation(7216514874, 7216514874, Object(stdClass), 'RAPID-FC224F5C', Object(stdClass))
#6 /home/xkynpbah/public_html/vendor/codeigniter4/framework/system/CodeIgniter.php(824): App\Controllers\Telegram->index()
#7 /home/xkynpbah/public_html/vendor/codeigniter4/framework/system/CodeIgniter.php(410): CodeIgniter\CodeIgniter->runController(Object(App\Controllers\Telegram))
#8 /home/xkynpbah/public_html/vendor/codeigniter4/framework/system/CodeIgniter.php(318): CodeIgniter\CodeIgniter->handleRequest(NULL, Object(Config\Cache), false)
#9 /home/xkynpbah/public_html/index.php(37): CodeIgniter\CodeIgniter->run()
#10 {main}
ERROR - 2026-07-29 17:52:54 --> Telegram controller called
ERROR - 2026-07-29 17:52:54 --> Table 'xkynpbah_titoo.telegram_premium' doesn't exist
CRITICAL - 2026-07-29 17:52:54 --> Table 'xkynpbah_titoo.telegram_premium' doesn't exist
#0 /home/xkynpbah/public_html/vendor/codeigniter4/framework/system/Database/MySQLi/Connection.php(292): mysqli->query('SELECT COUNT(*)...', 0)
#1 /home/xkynpbah/public_html/vendor/codeigniter4/framework/system/Database/BaseConnection.php(670): CodeIgniter\Database\MySQLi\Connection->execute('SELECT COUNT(*)...')
#2 /home/xkynpbah/public_html/vendor/codeigniter4/framework/system/Database/BaseConnection.php(598): CodeIgniter\Database\BaseConnection->simpleQuery('SELECT COUNT(*)...')
#3 /home/xkynpbah/public_html/vendor/codeigniter4/framework/system/Database/BaseBuilder.php(1527): CodeIgniter\Database\BaseConnection->query('SELECT COUNT(*)...', Array, false)
#4 /home/xkynpbah/public_html/app/Controllers/Telegram.php(165): CodeIgniter\Database\BaseBuilder->countAllResults()
#5 /home/xkynpbah/public_html/app/Controllers/Telegram.php(124): App\Controllers\Telegram->askForResetConfirmation(7216514874, 7216514874, Object(stdClass), 'RAPID-FC224F5C', Object(stdClass))
#6 /home/xkynpbah/public_html/vendor/codeigniter4/framework/system/CodeIgniter.php(824): App\Controllers\Telegram->index()
#7 /home/xkynpbah/public_html/vendor/codeigniter4/framework/system/CodeIgniter.php(410): CodeIgniter\CodeIgniter->runController(Object(App\Controllers\Telegram))
#8 /home/xkynpbah/public_html/vendor/codeigniter4/framework/system/CodeIgniter.php(318): CodeIgniter\CodeIgniter->handleRequest(NULL, Object(Config\Cache), false)
#9 /home/xkynpbah/public_html/index.php(37): CodeIgniter\CodeIgniter->run()
#10 {main}
ERROR - 2026-07-29 17:54:51 --> Telegram controller called
ERROR - 2026-07-29 17:54:51 --> Table 'xkynpbah_titoo.telegram_premium' doesn't exist
CRITICAL - 2026-07-29 17:54:51 --> Table 'xkynpbah_titoo.telegram_premium' doesn't exist
#0 /home/xkynpbah/public_html/vendor/codeigniter4/framework/system/Database/MySQLi/Connection.php(292): mysqli->query('SELECT COUNT(*)...', 0)
#1 /home/xkynpbah/public_html/vendor/codeigniter4/framework/system/Database/BaseConnection.php(670): CodeIgniter\Database\MySQLi\Connection->execute('SELECT COUNT(*)...')
#2 /home/xkynpbah/public_html/vendor/codeigniter4/framework/system/Database/BaseConnection.php(598): CodeIgniter\Database\BaseConnection->simpleQuery('SELECT COUNT(*)...')
#3 /home/xkynpbah/public_html/vendor/codeigniter4/framework/system/Database/BaseBuilder.php(1527): CodeIgniter\Database\BaseConnection->query('SELECT COUNT(*)...', Array, false)
#4 /home/xkynpbah/public_html/app/Controllers/Telegram.php(165): CodeIgniter\Database\BaseBuilder->countAllResults()
#5 /home/xkynpbah/public_html/app/Controllers/Telegram.php(124): App\Controllers\Telegram->askForResetConfirmation(7216514874, 7216514874, Object(stdClass), 'RAPID-FC224F5C', Object(stdClass))
#6 /home/xkynpbah/public_html/vendor/codeigniter4/framework/system/CodeIgniter.php(824): App\Controllers\Telegram->index()
#7 /home/xkynpbah/public_html/vendor/codeigniter4/framework/system/CodeIgniter.php(410): CodeIgniter\CodeIgniter->runController(Object(App\Controllers\Telegram))
#8 /home/xkynpbah/public_html/vendor/codeigniter4/framework/system/CodeIgniter.php(318): CodeIgniter\CodeIgniter->handleRequest(NULL, Object(Config\Cache), false)
#9 /home/xkynpbah/public_html/index.php(37): CodeIgniter\CodeIgniter->run()
#10 {main}
ERROR - 2026-07-29 17:55:56 --> Telegram controller called
ERROR - 2026-07-29 17:55:56 --> Table 'xkynpbah_titoo.telegram_premium' doesn't exist
CRITICAL - 2026-07-29 17:55:56 --> Table 'xkynpbah_titoo.telegram_premium' doesn't exist
#0 /home/xkynpbah/public_html/vendor/codeigniter4/framework/system/Database/MySQLi/Connection.php(292): mysqli->query('SELECT COUNT(*)...', 0)
#1 /home/xkynpbah/public_html/vendor/codeigniter4/framework/system/Database/BaseConnection.php(670): CodeIgniter\Database\MySQLi\Connection->execute('SELECT COUNT(*)...')
#2 /home/xkynpbah/public_html/vendor/codeigniter4/framework/system/Database/BaseConnection.php(598): CodeIgniter\Database\BaseConnection->simpleQuery('SELECT COUNT(*)...')
#3 /home/xkynpbah/public_html/vendor/codeigniter4/framework/system/Database/BaseBuilder.php(1527): CodeIgniter\Database\BaseConnection->query('SELECT COUNT(*)...', Array, false)
#4 /home/xkynpbah/public_html/app/Controllers/Telegram.php(165): CodeIgniter\Database\BaseBuilder->countAllResults()
#5 /home/xkynpbah/public_html/app/Controllers/Telegram.php(124): App\Controllers\Telegram->askForResetConfirmation(7216514874, 7216514874, Object(stdClass), 'RAPID-FC224F5C', Object(stdClass))
#6 /home/xkynpbah/public_html/vendor/codeigniter4/framework/system/CodeIgniter.php(824): App\Controllers\Telegram->index()
#7 /home/xkynpbah/public_html/vendor/codeigniter4/framework/system/CodeIgniter.php(410): CodeIgniter\CodeIgniter->runController(Object(App\Controllers\Telegram))
#8 /home/xkynpbah/public_html/vendor/codeigniter4/framework/system/CodeIgniter.php(318): CodeIgniter\CodeIgniter->handleRequest(NULL, Object(Config\Cache), false)
#9 /home/xkynpbah/public_html/index.php(37): CodeIgniter\CodeIgniter->run()
#10 {main}
ERROR - 2026-07-29 17:57:49 --> Telegram controller called
ERROR - 2026-07-29 17:57:49 --> Table 'xkynpbah_titoo.telegram_premium' doesn't exist
CRITICAL - 2026-07-29 17:57:49 --> Table 'xkynpbah_titoo.telegram_premium' doesn't exist
#0 /home/xkynpbah/public_html/vendor/codeigniter4/framework/system/Database/MySQLi/Connection.php(292): mysqli->query('SELECT COUNT(*)...', 0)
#1 /home/xkynpbah/public_html/vendor/codeigniter4/framework/system/Database/BaseConnection.php(670): CodeIgniter\Database\MySQLi\Connection->execute('SELECT COUNT(*)...')
#2 /home/xkynpbah/public_html/vendor/codeigniter4/framework/system/Database/BaseConnection.php(598): CodeIgniter\Database\BaseConnection->simpleQuery('SELECT COUNT(*)...')
#3 /home/xkynpbah/public_html/vendor/codeigniter4/framework/system/Database/BaseBuilder.php(1527): CodeIgniter\Database\BaseConnection->query('SELECT COUNT(*)...', Array, false)
#4 /home/xkynpbah/public_html/app/Controllers/Telegram.php(165): CodeIgniter\Database\BaseBuilder->countAllResults()
#5 /home/xkynpbah/public_html/app/Controllers/Telegram.php(124): App\Controllers\Telegram->askForResetConfirmation(7216514874, 7216514874, Object(stdClass), 'RAPID-FC224F5C', Object(stdClass))
#6 /home/xkynpbah/public_html/vendor/codeigniter4/framework/system/CodeIgniter.php(824): App\Controllers\Telegram->index()
#7 /home/xkynpbah/public_html/vendor/codeigniter4/framework/system/CodeIgniter.php(410): CodeIgniter\CodeIgniter->runController(Object(App\Controllers\Telegram))
#8 /home/xkynpbah/public_html/vendor/codeigniter4/framework/system/CodeIgniter.php(318): CodeIgniter\CodeIgniter->handleRequest(NULL, Object(Config\Cache), false)
#9 /home/xkynpbah/public_html/index.php(37): CodeIgniter\CodeIgniter->run()
#10 {main}
ERROR - 2026-07-29 17:59:23 --> Telegram controller called
ERROR - 2026-07-29 17:59:23 --> Table 'xkynpbah_titoo.telegram_premium' doesn't exist
CRITICAL - 2026-07-29 17:59:23 --> Table 'xkynpbah_titoo.telegram_premium' doesn't exist
#0 /home/xkynpbah/public_html/vendor/codeigniter4/framework/system/Database/MySQLi/Connection.php(292): mysqli->query('SELECT COUNT(*)...', 0)
#1 /home/xkynpbah/public_html/vendor/codeigniter4/framework/system/Database/BaseConnection.php(670): CodeIgniter\Database\MySQLi\Connection->execute('SELECT COUNT(*)...')
#2 /home/xkynpbah/public_html/vendor/codeigniter4/framework/system/Database/BaseConnection.php(598): CodeIgniter\Database\BaseConnection->simpleQuery('SELECT COUNT(*)...')
#3 /home/xkynpbah/public_html/vendor/codeigniter4/framework/system/Database/BaseBuilder.php(1527): CodeIgniter\Database\BaseConnection->query('SELECT COUNT(*)...', Array, false)
#4 /home/xkynpbah/public_html/app/Controllers/Telegram.php(165): CodeIgniter\Database\BaseBuilder->countAllResults()
#5 /home/xkynpbah/public_html/app/Controllers/Telegram.php(124): App\Controllers\Telegram->askForResetConfirmation(7216514874, 7216514874, Object(stdClass), 'RAPID-FC224F5C', Object(stdClass))
#6 /home/xkynpbah/public_html/vendor/codeigniter4/framework/system/CodeIgniter.php(824): App\Controllers\Telegram->index()
#7 /home/xkynpbah/public_html/vendor/codeigniter4/framework/system/CodeIgniter.php(410): CodeIgniter\CodeIgniter->runController(Object(App\Controllers\Telegram))
#8 /home/xkynpbah/public_html/vendor/codeigniter4/framework/system/CodeIgniter.php(318): CodeIgniter\CodeIgniter->handleRequest(NULL, Object(Config\Cache), false)
#9 /home/xkynpbah/public_html/index.php(37): CodeIgniter\CodeIgniter->run()
#10 {main}
ERROR - 2026-07-29 18:00:49 --> Telegram controller called
ERROR - 2026-07-29 18:00:49 --> Table 'xkynpbah_titoo.telegram_premium' doesn't exist
CRITICAL - 2026-07-29 18:00:49 --> Table 'xkynpbah_titoo.telegram_premium' doesn't exist
#0 /home/xkynpbah/public_html/vendor/codeigniter4/framework/system/Database/MySQLi/Connection.php(292): mysqli->query('SELECT COUNT(*)...', 0)
#1 /home/xkynpbah/public_html/vendor/codeigniter4/framework/system/Database/BaseConnection.php(670): CodeIgniter\Database\MySQLi\Connection->execute('SELECT COUNT(*)...')
#2 /home/xkynpbah/public_html/vendor/codeigniter4/framework/system/Database/BaseConnection.php(598): CodeIgniter\Database\BaseConnection->simpleQuery('SELECT COUNT(*)...')
#3 /home/xkynpbah/public_html/vendor/codeigniter4/framework/system/Database/BaseBuilder.php(1527): CodeIgniter\Database\BaseConnection->query('SELECT COUNT(*)...', Array, false)
#4 /home/xkynpbah/public_html/app/Controllers/Telegram.php(165): CodeIgniter\Database\BaseBuilder->countAllResults()
#5 /home/xkynpbah/public_html/app/Controllers/Telegram.php(124): App\Controllers\Telegram->askForResetConfirmation(7216514874, 7216514874, Object(stdClass), 'RAPID-FC224F5C', Object(stdClass))
#6 /home/xkynpbah/public_html/vendor/codeigniter4/framework/system/CodeIgniter.php(824): App\Controllers\Telegram->index()
#7 /home/xkynpbah/public_html/vendor/codeigniter4/framework/system/CodeIgniter.php(410): CodeIgniter\CodeIgniter->runController(Object(App\Controllers\Telegram))
#8 /home/xkynpbah/public_html/vendor/codeigniter4/framework/system/CodeIgniter.php(318): CodeIgniter\CodeIgniter->handleRequest(NULL, Object(Config\Cache), false)
#9 /home/xkynpbah/public_html/index.php(37): CodeIgniter\CodeIgniter->run()
#10 {main}
ERROR - 2026-07-29 18:02:07 --> Telegram controller called
ERROR - 2026-07-29 18:02:07 --> Table 'xkynpbah_titoo.telegram_premium' doesn't exist
CRITICAL - 2026-07-29 18:02:07 --> Table 'xkynpbah_titoo.telegram_premium' doesn't exist
#0 /home/xkynpbah/public_html/vendor/codeigniter4/framework/system/Database/MySQLi/Connection.php(292): mysqli->query('SELECT COUNT(*)...', 0)
#1 /home/xkynpbah/public_html/vendor/codeigniter4/framework/system/Database/BaseConnection.php(670): CodeIgniter\Database\MySQLi\Connection->execute('SELECT COUNT(*)...')
#2 /home/xkynpbah/public_html/vendor/codeigniter4/framework/system/Database/BaseConnection.php(598): CodeIgniter\Database\BaseConnection->simpleQuery('SELECT COUNT(*)...')
#3 /home/xkynpbah/public_html/vendor/codeigniter4/framework/system/Database/BaseBuilder.php(1527): CodeIgniter\Database\BaseConnection->query('SELECT COUNT(*)...', Array, false)
#4 /home/xkynpbah/public_html/app/Controllers/Telegram.php(165): CodeIgniter\Database\BaseBuilder->countAllResults()
#5 /home/xkynpbah/public_html/app/Controllers/Telegram.php(124): App\Controllers\Telegram->askForResetConfirmation(7216514874, 7216514874, Object(stdClass), 'RAPID-FC224F5C', Object(stdClass))
#6 /home/xkynpbah/public_html/vendor/codeigniter4/framework/system/CodeIgniter.php(824): App\Controllers\Telegram->index()
#7 /home/xkynpbah/public_html/vendor/codeigniter4/framework/system/CodeIgniter.php(410): CodeIgniter\CodeIgniter->runController(Object(App\Controllers\Telegram))
#8 /home/xkynpbah/public_html/vendor/codeigniter4/framework/system/CodeIgniter.php(318): CodeIgniter\CodeIgniter->handleRequest(NULL, Object(Config\Cache), false)
#9 /home/xkynpbah/public_html/index.php(37): CodeIgniter\CodeIgniter->run()
#10 {main}
ERROR - 2026-07-29 18:03:19 --> Telegram controller called
ERROR - 2026-07-29 18:03:19 --> Table 'xkynpbah_titoo.telegram_premium' doesn't exist
CRITICAL - 2026-07-29 18:03:19 --> Table 'xkynpbah_titoo.telegram_premium' doesn't exist
#0 /home/xkynpbah/public_html/vendor/codeigniter4/framework/system/Database/MySQLi/Connection.php(292): mysqli->query('SELECT COUNT(*)...', 0)
#1 /home/xkynpbah/public_html/vendor/codeigniter4/framework/system/Database/BaseConnection.php(670): CodeIgniter\Database\MySQLi\Connection->execute('SELECT COUNT(*)...')
#2 /home/xkynpbah/public_html/vendor/codeigniter4/framework/system/Database/BaseConnection.php(598): CodeIgniter\Database\BaseConnection->simpleQuery('SELECT COUNT(*)...')
#3 /home/xkynpbah/public_html/vendor/codeigniter4/framework/system/Database/BaseBuilder.php(1527): CodeIgniter\Database\BaseConnection->query('SELECT COUNT(*)...', Array, false)
#4 /home/xkynpbah/public_html/app/Controllers/Telegram.php(165): CodeIgniter\Database\BaseBuilder->countAllResults()
#5 /home/xkynpbah/public_html/app/Controllers/Telegram.php(124): App\Controllers\Telegram->askForResetConfirmation(7216514874, 7216514874, Object(stdClass), 'RAPID-FC224F5C', Object(stdClass))
#6 /home/xkynpbah/public_html/vendor/codeigniter4/framework/system/CodeIgniter.php(824): App\Controllers\Telegram->index()
#7 /home/xkynpbah/public_html/vendor/codeigniter4/framework/system/CodeIgniter.php(410): CodeIgniter\CodeIgniter->runController(Object(App\Controllers\Telegram))
#8 /home/xkynpbah/public_html/vendor/codeigniter4/framework/system/CodeIgniter.php(318): CodeIgniter\CodeIgniter->handleRequest(NULL, Object(Config\Cache), false)
#9 /home/xkynpbah/public_html/index.php(37): CodeIgniter\CodeIgniter->run()
#10 {main}
ERROR - 2026-07-29 18:04:55 --> Telegram controller called
ERROR - 2026-07-29 18:04:55 --> Table 'xkynpbah_titoo.telegram_premium' doesn't exist
CRITICAL - 2026-07-29 18:04:55 --> Table 'xkynpbah_titoo.telegram_premium' doesn't exist
#0 /home/xkynpbah/public_html/vendor/codeigniter4/framework/system/Database/MySQLi/Connection.php(292): mysqli->query('SELECT COUNT(*)...', 0)
#1 /home/xkynpbah/public_html/vendor/codeigniter4/framework/system/Database/BaseConnection.php(670): CodeIgniter\Database\MySQLi\Connection->execute('SELECT COUNT(*)...')
#2 /home/xkynpbah/public_html/vendor/codeigniter4/framework/system/Database/BaseConnection.php(598): CodeIgniter\Database\BaseConnection->simpleQuery('SELECT COUNT(*)...')
#3 /home/xkynpbah/public_html/vendor/codeigniter4/framework/system/Database/BaseBuilder.php(1527): CodeIgniter\Database\BaseConnection->query('SELECT COUNT(*)...', Array, false)
#4 /home/xkynpbah/public_html/app/Controllers/Telegram.php(165): CodeIgniter\Database\BaseBuilder->countAllResults()
#5 /home/xkynpbah/public_html/app/Controllers/Telegram.php(124): App\Controllers\Telegram->askForResetConfirmation(7216514874, 7216514874, Object(stdClass), 'RAPID-FC224F5C', Object(stdClass))
#6 /home/xkynpbah/public_html/vendor/codeigniter4/framework/system/CodeIgniter.php(824): App\Controllers\Telegram->index()
#7 /home/xkynpbah/public_html/vendor/codeigniter4/framework/system/CodeIgniter.php(410): CodeIgniter\CodeIgniter->runController(Object(App\Controllers\Telegram))
#8 /home/xkynpbah/public_html/vendor/codeigniter4/framework/system/CodeIgniter.php(318): CodeIgniter\CodeIgniter->handleRequest(NULL, Object(Config\Cache), false)
#9 /home/xkynpbah/public_html/index.php(37): CodeIgniter\CodeIgniter->run()
#10 {main}
ERROR - 2026-07-29 18:06:15 --> Telegram controller called
ERROR - 2026-07-29 18:06:15 --> Table 'xkynpbah_titoo.telegram_premium' doesn't exist
CRITICAL - 2026-07-29 18:06:15 --> Table 'xkynpbah_titoo.telegram_premium' doesn't exist
#0 /home/xkynpbah/public_html/vendor/codeigniter4/framework/system/Database/MySQLi/Connection.php(292): mysqli->query('SELECT COUNT(*)...', 0)
#1 /home/xkynpbah/public_html/vendor/codeigniter4/framework/system/Database/BaseConnection.php(670): CodeIgniter\Database\MySQLi\Connection->execute('SELECT COUNT(*)...')
#2 /home/xkynpbah/public_html/vendor/codeigniter4/framework/system/Database/BaseConnection.php(598): CodeIgniter\Database\BaseConnection->simpleQuery('SELECT COUNT(*)...')
#3 /home/xkynpbah/public_html/vendor/codeigniter4/framework/system/Database/BaseBuilder.php(1527): CodeIgniter\Database\BaseConnection->query('SELECT COUNT(*)...', Array, false)
#4 /home/xkynpbah/public_html/app/Controllers/Telegram.php(165): CodeIgniter\Database\BaseBuilder->countAllResults()
#5 /home/xkynpbah/public_html/app/Controllers/Telegram.php(124): App\Controllers\Telegram->askForResetConfirmation(7216514874, 7216514874, Object(stdClass), 'RAPID-FC224F5C', Object(stdClass))
#6 /home/xkynpbah/public_html/vendor/codeigniter4/framework/system/CodeIgniter.php(824): App\Controllers\Telegram->index()
#7 /home/xkynpbah/public_html/vendor/codeigniter4/framework/system/CodeIgniter.php(410): CodeIgniter\CodeIgniter->runController(Object(App\Controllers\Telegram))
#8 /home/xkynpbah/public_html/vendor/codeigniter4/framework/system/CodeIgniter.php(318): CodeIgniter\CodeIgniter->handleRequest(NULL, Object(Config\Cache), false)
#9 /home/xkynpbah/public_html/index.php(37): CodeIgniter\CodeIgniter->run()
#10 {main}
ERROR - 2026-07-29 18:07:43 --> Telegram controller called
ERROR - 2026-07-29 18:07:43 --> Table 'xkynpbah_titoo.telegram_premium' doesn't exist
CRITICAL - 2026-07-29 18:07:43 --> Table 'xkynpbah_titoo.telegram_premium' doesn't exist
#0 /home/xkynpbah/public_html/vendor/codeigniter4/framework/system/Database/MySQLi/Connection.php(292): mysqli->query('SELECT COUNT(*)...', 0)
#1 /home/xkynpbah/public_html/vendor/codeigniter4/framework/system/Database/BaseConnection.php(670): CodeIgniter\Database\MySQLi\Connection->execute('SELECT COUNT(*)...')
#2 /home/xkynpbah/public_html/vendor/codeigniter4/framework/system/Database/BaseConnection.php(598): CodeIgniter\Database\BaseConnection->simpleQuery('SELECT COUNT(*)...')
#3 /home/xkynpbah/public_html/vendor/codeigniter4/framework/system/Database/BaseBuilder.php(1527): CodeIgniter\Database\BaseConnection->query('SELECT COUNT(*)...', Array, false)
#4 /home/xkynpbah/public_html/app/Controllers/Telegram.php(165): CodeIgniter\Database\BaseBuilder->countAllResults()
#5 /home/xkynpbah/public_html/app/Controllers/Telegram.php(124): App\Controllers\Telegram->askForResetConfirmation(7216514874, 7216514874, Object(stdClass), 'RAPID-FC224F5C', Object(stdClass))
#6 /home/xkynpbah/public_html/vendor/codeigniter4/framework/system/CodeIgniter.php(824): App\Controllers\Telegram->index()
#7 /home/xkynpbah/public_html/vendor/codeigniter4/framework/system/CodeIgniter.php(410): CodeIgniter\CodeIgniter->runController(Object(App\Controllers\Telegram))
#8 /home/xkynpbah/public_html/vendor/codeigniter4/framework/system/CodeIgniter.php(318): CodeIgniter\CodeIgniter->handleRequest(NULL, Object(Config\Cache), false)
#9 /home/xkynpbah/public_html/index.php(37): CodeIgniter\CodeIgniter->run()
#10 {main}
ERROR - 2026-07-29 18:09:26 --> Telegram controller called
ERROR - 2026-07-29 18:09:26 --> Table 'xkynpbah_titoo.telegram_premium' doesn't exist
CRITICAL - 2026-07-29 18:09:26 --> Table 'xkynpbah_titoo.telegram_premium' doesn't exist
#0 /home/xkynpbah/public_html/vendor/codeigniter4/framework/system/Database/MySQLi/Connection.php(292): mysqli->query('SELECT COUNT(*)...', 0)
#1 /home/xkynpbah/public_html/vendor/codeigniter4/framework/system/Database/BaseConnection.php(670): CodeIgniter\Database\MySQLi\Connection->execute('SELECT COUNT(*)...')
#2 /home/xkynpbah/public_html/vendor/codeigniter4/framework/system/Database/BaseConnection.php(598): CodeIgniter\Database\BaseConnection->simpleQuery('SELECT COUNT(*)...')
#3 /home/xkynpbah/public_html/vendor/codeigniter4/framework/system/Database/BaseBuilder.php(1527): CodeIgniter\Database\BaseConnection->query('SELECT COUNT(*)...', Array, false)
#4 /home/xkynpbah/public_html/app/Controllers/Telegram.php(165): CodeIgniter\Database\BaseBuilder->countAllResults()
#5 /home/xkynpbah/public_html/app/Controllers/Telegram.php(124): App\Controllers\Telegram->askForResetConfirmation(7216514874, 7216514874, Object(stdClass), 'RAPID-FC224F5C', Object(stdClass))
#6 /home/xkynpbah/public_html/vendor/codeigniter4/framework/system/CodeIgniter.php(824): App\Controllers\Telegram->index()
#7 /home/xkynpbah/public_html/vendor/codeigniter4/framework/system/CodeIgniter.php(410): CodeIgniter\CodeIgniter->runController(Object(App\Controllers\Telegram))
#8 /home/xkynpbah/public_html/vendor/codeigniter4/framework/system/CodeIgniter.php(318): CodeIgniter\CodeIgniter->handleRequest(NULL, Object(Config\Cache), false)
#9 /home/xkynpbah/public_html/index.php(37): CodeIgniter\CodeIgniter->run()
#10 {main}
ERROR - 2026-07-29 18:10:36 --> Telegram controller called
ERROR - 2026-07-29 18:10:36 --> Table 'xkynpbah_titoo.telegram_premium' doesn't exist
CRITICAL - 2026-07-29 18:10:36 --> Table 'xkynpbah_titoo.telegram_premium' doesn't exist
#0 /home/xkynpbah/public_html/vendor/codeigniter4/framework/system/Database/MySQLi/Connection.php(292): mysqli->query('SELECT COUNT(*)...', 0)
#1 /home/xkynpbah/public_html/vendor/codeigniter4/framework/system/Database/BaseConnection.php(670): CodeIgniter\Database\MySQLi\Connection->execute('SELECT COUNT(*)...')
#2 /home/xkynpbah/public_html/vendor/codeigniter4/framework/system/Database/BaseConnection.php(598): CodeIgniter\Database\BaseConnection->simpleQuery('SELECT COUNT(*)...')
#3 /home/xkynpbah/public_html/vendor/codeigniter4/framework/system/Database/BaseBuilder.php(1527): CodeIgniter\Database\BaseConnection->query('SELECT COUNT(*)...', Array, false)
#4 /home/xkynpbah/public_html/app/Controllers/Telegram.php(165): CodeIgniter\Database\BaseBuilder->countAllResults()
#5 /home/xkynpbah/public_html/app/Controllers/Telegram.php(124): App\Controllers\Telegram->askForResetConfirmation(7216514874, 7216514874, Object(stdClass), 'RAPID-FC224F5C', Object(stdClass))
#6 /home/xkynpbah/public_html/vendor/codeigniter4/framework/system/CodeIgniter.php(824): App\Controllers\Telegram->index()
#7 /home/xkynpbah/public_html/vendor/codeigniter4/framework/system/CodeIgniter.php(410): CodeIgniter\CodeIgniter->runController(Object(App\Controllers\Telegram))
#8 /home/xkynpbah/public_html/vendor/codeigniter4/framework/system/CodeIgniter.php(318): CodeIgniter\CodeIgniter->handleRequest(NULL, Object(Config\Cache), false)
#9 /home/xkynpbah/public_html/index.php(37): CodeIgniter\CodeIgniter->run()
#10 {main}
ERROR - 2026-07-29 18:11:44 --> Telegram controller called
ERROR - 2026-07-29 18:11:44 --> Table 'xkynpbah_titoo.telegram_premium' doesn't exist
CRITICAL - 2026-07-29 18:11:44 --> Table 'xkynpbah_titoo.telegram_premium' doesn't exist
#0 /home/xkynpbah/public_html/vendor/codeigniter4/framework/system/Database/MySQLi/Connection.php(292): mysqli->query('SELECT COUNT(*)...', 0)
#1 /home/xkynpbah/public_html/vendor/codeigniter4/framework/system/Database/BaseConnection.php(670): CodeIgniter\Database\MySQLi\Connection->execute('SELECT COUNT(*)...')
#2 /home/xkynpbah/public_html/vendor/codeigniter4/framework/system/Database/BaseConnection.php(598): CodeIgniter\Database\BaseConnection->simpleQuery('SELECT COUNT(*)...')
#3 /home/xkynpbah/public_html/vendor/codeigniter4/framework/system/Database/BaseBuilder.php(1527): CodeIgniter\Database\BaseConnection->query('SELECT COUNT(*)...', Array, false)
#4 /home/xkynpbah/public_html/app/Controllers/Telegram.php(165): CodeIgniter\Database\BaseBuilder->countAllResults()
#5 /home/xkynpbah/public_html/app/Controllers/Telegram.php(124): App\Controllers\Telegram->askForResetConfirmation(7216514874, 7216514874, Object(stdClass), 'RAPID-FC224F5C', Object(stdClass))
#6 /home/xkynpbah/public_html/vendor/codeigniter4/framework/system/CodeIgniter.php(824): App\Controllers\Telegram->index()
#7 /home/xkynpbah/public_html/vendor/codeigniter4/framework/system/CodeIgniter.php(410): CodeIgniter\CodeIgniter->runController(Object(App\Controllers\Telegram))
#8 /home/xkynpbah/public_html/vendor/codeigniter4/framework/system/CodeIgniter.php(318): CodeIgniter\CodeIgniter->handleRequest(NULL, Object(Config\Cache), false)
#9 /home/xkynpbah/public_html/index.php(37): CodeIgniter\CodeIgniter->run()
#10 {main}
ERROR - 2026-07-29 18:12:58 --> Telegram controller called
ERROR - 2026-07-29 18:12:58 --> Table 'xkynpbah_titoo.telegram_premium' doesn't exist
CRITICAL - 2026-07-29 18:12:58 --> Table 'xkynpbah_titoo.telegram_premium' doesn't exist
#0 /home/xkynpbah/public_html/vendor/codeigniter4/framework/system/Database/MySQLi/Connection.php(292): mysqli->query('SELECT COUNT(*)...', 0)
#1 /home/xkynpbah/public_html/vendor/codeigniter4/framework/system/Database/BaseConnection.php(670): CodeIgniter\Database\MySQLi\Connection->execute('SELECT COUNT(*)...')
#2 /home/xkynpbah/public_html/vendor/codeigniter4/framework/system/Database/BaseConnection.php(598): CodeIgniter\Database\BaseConnection->simpleQuery('SELECT COUNT(*)...')
#3 /home/xkynpbah/public_html/vendor/codeigniter4/framework/system/Database/BaseBuilder.php(1527): CodeIgniter\Database\BaseConnection->query('SELECT COUNT(*)...', Array, false)
#4 /home/xkynpbah/public_html/app/Controllers/Telegram.php(165): CodeIgniter\Database\BaseBuilder->countAllResults()
#5 /home/xkynpbah/public_html/app/Controllers/Telegram.php(124): App\Controllers\Telegram->askForResetConfirmation(7216514874, 7216514874, Object(stdClass), 'RAPID-FC224F5C', Object(stdClass))
#6 /home/xkynpbah/public_html/vendor/codeigniter4/framework/system/CodeIgniter.php(824): App\Controllers\Telegram->index()
#7 /home/xkynpbah/public_html/vendor/codeigniter4/framework/system/CodeIgniter.php(410): CodeIgniter\CodeIgniter->runController(Object(App\Controllers\Telegram))
#8 /home/xkynpbah/public_html/vendor/codeigniter4/framework/system/CodeIgniter.php(318): CodeIgniter\CodeIgniter->handleRequest(NULL, Object(Config\Cache), false)
#9 /home/xkynpbah/public_html/index.php(37): CodeIgniter\CodeIgniter->run()
#10 {main}
ERROR - 2026-07-29 18:14:18 --> Telegram controller called
ERROR - 2026-07-29 18:14:18 --> Table 'xkynpbah_titoo.telegram_premium' doesn't exist
CRITICAL - 2026-07-29 18:14:18 --> Table 'xkynpbah_titoo.telegram_premium' doesn't exist
#0 /home/xkynpbah/public_html/vendor/codeigniter4/framework/system/Database/MySQLi/Connection.php(292): mysqli->query('SELECT COUNT(*)...', 0)
#1 /home/xkynpbah/public_html/vendor/codeigniter4/framework/system/Database/BaseConnection.php(670): CodeIgniter\Database\MySQLi\Connection->execute('SELECT COUNT(*)...')
#2 /home/xkynpbah/public_html/vendor/codeigniter4/framework/system/Database/BaseConnection.php(598): CodeIgniter\Database\BaseConnection->simpleQuery('SELECT COUNT(*)...')
#3 /home/xkynpbah/public_html/vendor/codeigniter4/framework/system/Database/BaseBuilder.php(1527): CodeIgniter\Database\BaseConnection->query('SELECT COUNT(*)...', Array, false)
#4 /home/xkynpbah/public_html/app/Controllers/Telegram.php(165): CodeIgniter\Database\BaseBuilder->countAllResults()
#5 /home/xkynpbah/public_html/app/Controllers/Telegram.php(124): App\Controllers\Telegram->askForResetConfirmation(7216514874, 7216514874, Object(stdClass), 'RAPID-FC224F5C', Object(stdClass))
#6 /home/xkynpbah/public_html/vendor/codeigniter4/framework/system/CodeIgniter.php(824): App\Controllers\Telegram->index()
#7 /home/xkynpbah/public_html/vendor/codeigniter4/framework/system/CodeIgniter.php(410): CodeIgniter\CodeIgniter->runController(Object(App\Controllers\Telegram))
#8 /home/xkynpbah/public_html/vendor/codeigniter4/framework/system/CodeIgniter.php(318): CodeIgniter\CodeIgniter->handleRequest(NULL, Object(Config\Cache), false)
#9 /home/xkynpbah/public_html/index.php(37): CodeIgniter\CodeIgniter->run()
#10 {main}
ERROR - 2026-07-29 18:16:17 --> Telegram controller called
ERROR - 2026-07-29 18:16:17 --> Table 'xkynpbah_titoo.telegram_premium' doesn't exist
CRITICAL - 2026-07-29 18:16:17 --> Table 'xkynpbah_titoo.telegram_premium' doesn't exist
#0 /home/xkynpbah/public_html/vendor/codeigniter4/framework/system/Database/MySQLi/Connection.php(292): mysqli->query('SELECT COUNT(*)...', 0)
#1 /home/xkynpbah/public_html/vendor/codeigniter4/framework/system/Database/BaseConnection.php(670): CodeIgniter\Database\MySQLi\Connection->execute('SELECT COUNT(*)...')
#2 /home/xkynpbah/public_html/vendor/codeigniter4/framework/system/Database/BaseConnection.php(598): CodeIgniter\Database\BaseConnection->simpleQuery('SELECT COUNT(*)...')
#3 /home/xkynpbah/public_html/vendor/codeigniter4/framework/system/Database/BaseBuilder.php(1527): CodeIgniter\Database\BaseConnection->query('SELECT COUNT(*)...', Array, false)
#4 /home/xkynpbah/public_html/app/Controllers/Telegram.php(165): CodeIgniter\Database\BaseBuilder->countAllResults()
#5 /home/xkynpbah/public_html/app/Controllers/Telegram.php(124): App\Controllers\Telegram->askForResetConfirmation(7216514874, 7216514874, Object(stdClass), 'RAPID-FC224F5C', Object(stdClass))
#6 /home/xkynpbah/public_html/vendor/codeigniter4/framework/system/CodeIgniter.php(824): App\Controllers\Telegram->index()
#7 /home/xkynpbah/public_html/vendor/codeigniter4/framework/system/CodeIgniter.php(410): CodeIgniter\CodeIgniter->runController(Object(App\Controllers\Telegram))
#8 /home/xkynpbah/public_html/vendor/codeigniter4/framework/system/CodeIgniter.php(318): CodeIgniter\CodeIgniter->handleRequest(NULL, Object(Config\Cache), false)
#9 /home/xkynpbah/public_html/index.php(37): CodeIgniter\CodeIgniter->run()
#10 {main}
ERROR - 2026-07-29 18:17:56 --> Telegram controller called
ERROR - 2026-07-29 18:17:56 --> Table 'xkynpbah_titoo.telegram_premium' doesn't exist
CRITICAL - 2026-07-29 18:17:56 --> Table 'xkynpbah_titoo.telegram_premium' doesn't exist
#0 /home/xkynpbah/public_html/vendor/codeigniter4/framework/system/Database/MySQLi/Connection.php(292): mysqli->query('SELECT COUNT(*)...', 0)
#1 /home/xkynpbah/public_html/vendor/codeigniter4/framework/system/Database/BaseConnection.php(670): CodeIgniter\Database\MySQLi\Connection->execute('SELECT COUNT(*)...')
#2 /home/xkynpbah/public_html/vendor/codeigniter4/framework/system/Database/BaseConnection.php(598): CodeIgniter\Database\BaseConnection->simpleQuery('SELECT COUNT(*)...')
#3 /home/xkynpbah/public_html/vendor/codeigniter4/framework/system/Database/BaseBuilder.php(1527): CodeIgniter\Database\BaseConnection->query('SELECT COUNT(*)...', Array, false)
#4 /home/xkynpbah/public_html/app/Controllers/Telegram.php(165): CodeIgniter\Database\BaseBuilder->countAllResults()
#5 /home/xkynpbah/public_html/app/Controllers/Telegram.php(124): App\Controllers\Telegram->askForResetConfirmation(7216514874, 7216514874, Object(stdClass), 'RAPID-FC224F5C', Object(stdClass))
#6 /home/xkynpbah/public_html/vendor/codeigniter4/framework/system/CodeIgniter.php(824): App\Controllers\Telegram->index()
#7 /home/xkynpbah/public_html/vendor/codeigniter4/framework/system/CodeIgniter.php(410): CodeIgniter\CodeIgniter->runController(Object(App\Controllers\Telegram))
#8 /home/xkynpbah/public_html/vendor/codeigniter4/framework/system/CodeIgniter.php(318): CodeIgniter\CodeIgniter->handleRequest(NULL, Object(Config\Cache), false)
#9 /home/xkynpbah/public_html/index.php(37): CodeIgniter\CodeIgniter->run()
#10 {main}
ERROR - 2026-07-29 18:19:17 --> Telegram controller called
ERROR - 2026-07-29 18:19:17 --> Table 'xkynpbah_titoo.telegram_premium' doesn't exist
CRITICAL - 2026-07-29 18:19:17 --> Table 'xkynpbah_titoo.telegram_premium' doesn't exist
#0 /home/xkynpbah/public_html/vendor/codeigniter4/framework/system/Database/MySQLi/Connection.php(292): mysqli->query('SELECT COUNT(*)...', 0)
#1 /home/xkynpbah/public_html/vendor/codeigniter4/framework/system/Database/BaseConnection.php(670): CodeIgniter\Database\MySQLi\Connection->execute('SELECT COUNT(*)...')
#2 /home/xkynpbah/public_html/vendor/codeigniter4/framework/system/Database/BaseConnection.php(598): CodeIgniter\Database\BaseConnection->simpleQuery('SELECT COUNT(*)...')
#3 /home/xkynpbah/public_html/vendor/codeigniter4/framework/system/Database/BaseBuilder.php(1527): CodeIgniter\Database\BaseConnection->query('SELECT COUNT(*)...', Array, false)
#4 /home/xkynpbah/public_html/app/Controllers/Telegram.php(165): CodeIgniter\Database\BaseBuilder->countAllResults()
#5 /home/xkynpbah/public_html/app/Controllers/Telegram.php(124): App\Controllers\Telegram->askForResetConfirmation(7216514874, 7216514874, Object(stdClass), 'RAPID-FC224F5C', Object(stdClass))
#6 /home/xkynpbah/public_html/vendor/codeigniter4/framework/system/CodeIgniter.php(824): App\Controllers\Telegram->index()
#7 /home/xkynpbah/public_html/vendor/codeigniter4/framework/system/CodeIgniter.php(410): CodeIgniter\CodeIgniter->runController(Object(App\Controllers\Telegram))
#8 /home/xkynpbah/public_html/vendor/codeigniter4/framework/system/CodeIgniter.php(318): CodeIgniter\CodeIgniter->handleRequest(NULL, Object(Config\Cache), false)
#9 /home/xkynpbah/public_html/index.php(37): CodeIgniter\CodeIgniter->run()
#10 {main}
ERROR - 2026-07-29 18:21:11 --> Telegram controller called
ERROR - 2026-07-29 18:21:11 --> Table 'xkynpbah_titoo.telegram_premium' doesn't exist
CRITICAL - 2026-07-29 18:21:11 --> Table 'xkynpbah_titoo.telegram_premium' doesn't exist
#0 /home/xkynpbah/public_html/vendor/codeigniter4/framework/system/Database/MySQLi/Connection.php(292): mysqli->query('SELECT COUNT(*)...', 0)
#1 /home/xkynpbah/public_html/vendor/codeigniter4/framework/system/Database/BaseConnection.php(670): CodeIgniter\Database\MySQLi\Connection->execute('SELECT COUNT(*)...')
#2 /home/xkynpbah/public_html/vendor/codeigniter4/framework/system/Database/BaseConnection.php(598): CodeIgniter\Database\BaseConnection->simpleQuery('SELECT COUNT(*)...')
#3 /home/xkynpbah/public_html/vendor/codeigniter4/framework/system/Database/BaseBuilder.php(1527): CodeIgniter\Database\BaseConnection->query('SELECT COUNT(*)...', Array, false)
#4 /home/xkynpbah/public_html/app/Controllers/Telegram.php(165): CodeIgniter\Database\BaseBuilder->countAllResults()
#5 /home/xkynpbah/public_html/app/Controllers/Telegram.php(124): App\Controllers\Telegram->askForResetConfirmation(7216514874, 7216514874, Object(stdClass), 'RAPID-FC224F5C', Object(stdClass))
#6 /home/xkynpbah/public_html/vendor/codeigniter4/framework/system/CodeIgniter.php(824): App\Controllers\Telegram->index()
#7 /home/xkynpbah/public_html/vendor/codeigniter4/framework/system/CodeIgniter.php(410): CodeIgniter\CodeIgniter->runController(Object(App\Controllers\Telegram))
#8 /home/xkynpbah/public_html/vendor/codeigniter4/framework/system/CodeIgniter.php(318): CodeIgniter\CodeIgniter->handleRequest(NULL, Object(Config\Cache), false)
#9 /home/xkynpbah/public_html/index.php(37): CodeIgniter\CodeIgniter->run()
#10 {main}
ERROR - 2026-07-29 18:22:18 --> Telegram controller called
ERROR - 2026-07-29 18:22:18 --> Table 'xkynpbah_titoo.telegram_premium' doesn't exist
CRITICAL - 2026-07-29 18:22:18 --> Table 'xkynpbah_titoo.telegram_premium' doesn't exist
#0 /home/xkynpbah/public_html/vendor/codeigniter4/framework/system/Database/MySQLi/Connection.php(292): mysqli->query('SELECT COUNT(*)...', 0)
#1 /home/xkynpbah/public_html/vendor/codeigniter4/framework/system/Database/BaseConnection.php(670): CodeIgniter\Database\MySQLi\Connection->execute('SELECT COUNT(*)...')
#2 /home/xkynpbah/public_html/vendor/codeigniter4/framework/system/Database/BaseConnection.php(598): CodeIgniter\Database\BaseConnection->simpleQuery('SELECT COUNT(*)...')
#3 /home/xkynpbah/public_html/vendor/codeigniter4/framework/system/Database/BaseBuilder.php(1527): CodeIgniter\Database\BaseConnection->query('SELECT COUNT(*)...', Array, false)
#4 /home/xkynpbah/public_html/app/Controllers/Telegram.php(165): CodeIgniter\Database\BaseBuilder->countAllResults()
#5 /home/xkynpbah/public_html/app/Controllers/Telegram.php(124): App\Controllers\Telegram->askForResetConfirmation(7216514874, 7216514874, Object(stdClass), 'RAPID-FC224F5C', Object(stdClass))
#6 /home/xkynpbah/public_html/vendor/codeigniter4/framework/system/CodeIgniter.php(824): App\Controllers\Telegram->index()
#7 /home/xkynpbah/public_html/vendor/codeigniter4/framework/system/CodeIgniter.php(410): CodeIgniter\CodeIgniter->runController(Object(App\Controllers\Telegram))
#8 /home/xkynpbah/public_html/vendor/codeigniter4/framework/system/CodeIgniter.php(318): CodeIgniter\CodeIgniter->handleRequest(NULL, Object(Config\Cache), false)
#9 /home/xkynpbah/public_html/index.php(37): CodeIgniter\CodeIgniter->run()
#10 {main}
ERROR - 2026-07-29 18:24:16 --> Telegram controller called
ERROR - 2026-07-29 18:24:16 --> Table 'xkynpbah_titoo.telegram_premium' doesn't exist
CRITICAL - 2026-07-29 18:24:16 --> Table 'xkynpbah_titoo.telegram_premium' doesn't exist
#0 /home/xkynpbah/public_html/vendor/codeigniter4/framework/system/Database/MySQLi/Connection.php(292): mysqli->query('SELECT COUNT(*)...', 0)
#1 /home/xkynpbah/public_html/vendor/codeigniter4/framework/system/Database/BaseConnection.php(670): CodeIgniter\Database\MySQLi\Connection->execute('SELECT COUNT(*)...')
#2 /home/xkynpbah/public_html/vendor/codeigniter4/framework/system/Database/BaseConnection.php(598): CodeIgniter\Database\BaseConnection->simpleQuery('SELECT COUNT(*)...')
#3 /home/xkynpbah/public_html/vendor/codeigniter4/framework/system/Database/BaseBuilder.php(1527): CodeIgniter\Database\BaseConnection->query('SELECT COUNT(*)...', Array, false)
#4 /home/xkynpbah/public_html/app/Controllers/Telegram.php(165): CodeIgniter\Database\BaseBuilder->countAllResults()
#5 /home/xkynpbah/public_html/app/Controllers/Telegram.php(124): App\Controllers\Telegram->askForResetConfirmation(7216514874, 7216514874, Object(stdClass), 'RAPID-FC224F5C', Object(stdClass))
#6 /home/xkynpbah/public_html/vendor/codeigniter4/framework/system/CodeIgniter.php(824): App\Controllers\Telegram->index()
#7 /home/xkynpbah/public_html/vendor/codeigniter4/framework/system/CodeIgniter.php(410): CodeIgniter\CodeIgniter->runController(Object(App\Controllers\Telegram))
#8 /home/xkynpbah/public_html/vendor/codeigniter4/framework/system/CodeIgniter.php(318): CodeIgniter\CodeIgniter->handleRequest(NULL, Object(Config\Cache), false)
#9 /home/xkynpbah/public_html/index.php(37): CodeIgniter\CodeIgniter->run()
#10 {main}
ERROR - 2026-07-29 18:25:57 --> Telegram controller called
ERROR - 2026-07-29 18:25:57 --> Table 'xkynpbah_titoo.telegram_premium' doesn't exist
CRITICAL - 2026-07-29 18:25:57 --> Table 'xkynpbah_titoo.telegram_premium' doesn't exist
#0 /home/xkynpbah/public_html/vendor/codeigniter4/framework/system/Database/MySQLi/Connection.php(292): mysqli->query('SELECT COUNT(*)...', 0)
#1 /home/xkynpbah/public_html/vendor/codeigniter4/framework/system/Database/BaseConnection.php(670): CodeIgniter\Database\MySQLi\Connection->execute('SELECT COUNT(*)...')
#2 /home/xkynpbah/public_html/vendor/codeigniter4/framework/system/Database/BaseConnection.php(598): CodeIgniter\Database\BaseConnection->simpleQuery('SELECT COUNT(*)...')
#3 /home/xkynpbah/public_html/vendor/codeigniter4/framework/system/Database/BaseBuilder.php(1527): CodeIgniter\Database\BaseConnection->query('SELECT COUNT(*)...', Array, false)
#4 /home/xkynpbah/public_html/app/Controllers/Telegram.php(165): CodeIgniter\Database\BaseBuilder->countAllResults()
#5 /home/xkynpbah/public_html/app/Controllers/Telegram.php(124): App\Controllers\Telegram->askForResetConfirmation(7216514874, 7216514874, Object(stdClass), 'RAPID-FC224F5C', Object(stdClass))
#6 /home/xkynpbah/public_html/vendor/codeigniter4/framework/system/CodeIgniter.php(824): App\Controllers\Telegram->index()
#7 /home/xkynpbah/public_html/vendor/codeigniter4/framework/system/CodeIgniter.php(410): CodeIgniter\CodeIgniter->runController(Object(App\Controllers\Telegram))
#8 /home/xkynpbah/public_html/vendor/codeigniter4/framework/system/CodeIgniter.php(318): CodeIgniter\CodeIgniter->handleRequest(NULL, Object(Config\Cache), false)
#9 /home/xkynpbah/public_html/index.php(37): CodeIgniter\CodeIgniter->run()
#10 {main}
ERROR - 2026-07-29 18:27:31 --> Telegram controller called
ERROR - 2026-07-29 18:27:31 --> Table 'xkynpbah_titoo.telegram_premium' doesn't exist
CRITICAL - 2026-07-29 18:27:31 --> Table 'xkynpbah_titoo.telegram_premium' doesn't exist
#0 /home/xkynpbah/public_html/vendor/codeigniter4/framework/system/Database/MySQLi/Connection.php(292): mysqli->query('SELECT COUNT(*)...', 0)
#1 /home/xkynpbah/public_html/vendor/codeigniter4/framework/system/Database/BaseConnection.php(670): CodeIgniter\Database\MySQLi\Connection->execute('SELECT COUNT(*)...')
#2 /home/xkynpbah/public_html/vendor/codeigniter4/framework/system/Database/BaseConnection.php(598): CodeIgniter\Database\BaseConnection->simpleQuery('SELECT COUNT(*)...')
#3 /home/xkynpbah/public_html/vendor/codeigniter4/framework/system/Database/BaseBuilder.php(1527): CodeIgniter\Database\BaseConnection->query('SELECT COUNT(*)...', Array, false)
#4 /home/xkynpbah/public_html/app/Controllers/Telegram.php(165): CodeIgniter\Database\BaseBuilder->countAllResults()
#5 /home/xkynpbah/public_html/app/Controllers/Telegram.php(124): App\Controllers\Telegram->askForResetConfirmation(7216514874, 7216514874, Object(stdClass), 'RAPID-FC224F5C', Object(stdClass))
#6 /home/xkynpbah/public_html/vendor/codeigniter4/framework/system/CodeIgniter.php(824): App\Controllers\Telegram->index()
#7 /home/xkynpbah/public_html/vendor/codeigniter4/framework/system/CodeIgniter.php(410): CodeIgniter\CodeIgniter->runController(Object(App\Controllers\Telegram))
#8 /home/xkynpbah/public_html/vendor/codeigniter4/framework/system/CodeIgniter.php(318): CodeIgniter\CodeIgniter->handleRequest(NULL, Object(Config\Cache), false)
#9 /home/xkynpbah/public_html/index.php(37): CodeIgniter\CodeIgniter->run()
#10 {main}
ERROR - 2026-07-29 18:29:05 --> Telegram controller called
ERROR - 2026-07-29 18:29:05 --> Table 'xkynpbah_titoo.telegram_premium' doesn't exist
CRITICAL - 2026-07-29 18:29:05 --> Table 'xkynpbah_titoo.telegram_premium' doesn't exist
#0 /home/xkynpbah/public_html/vendor/codeigniter4/framework/system/Database/MySQLi/Connection.php(292): mysqli->query('SELECT COUNT(*)...', 0)
#1 /home/xkynpbah/public_html/vendor/codeigniter4/framework/system/Database/BaseConnection.php(670): CodeIgniter\Database\MySQLi\Connection->execute('SELECT COUNT(*)...')
#2 /home/xkynpbah/public_html/vendor/codeigniter4/framework/system/Database/BaseConnection.php(598): CodeIgniter\Database\BaseConnection->simpleQuery('SELECT COUNT(*)...')
#3 /home/xkynpbah/public_html/vendor/codeigniter4/framework/system/Database/BaseBuilder.php(1527): CodeIgniter\Database\BaseConnection->query('SELECT COUNT(*)...', Array, false)
#4 /home/xkynpbah/public_html/app/Controllers/Telegram.php(165): CodeIgniter\Database\BaseBuilder->countAllResults()
#5 /home/xkynpbah/public_html/app/Controllers/Telegram.php(124): App\Controllers\Telegram->askForResetConfirmation(7216514874, 7216514874, Object(stdClass), 'RAPID-FC224F5C', Object(stdClass))
#6 /home/xkynpbah/public_html/vendor/codeigniter4/framework/system/CodeIgniter.php(824): App\Controllers\Telegram->index()
#7 /home/xkynpbah/public_html/vendor/codeigniter4/framework/system/CodeIgniter.php(410): CodeIgniter\CodeIgniter->runController(Object(App\Controllers\Telegram))
#8 /home/xkynpbah/public_html/vendor/codeigniter4/framework/system/CodeIgniter.php(318): CodeIgniter\CodeIgniter->handleRequest(NULL, Object(Config\Cache), false)
#9 /home/xkynpbah/public_html/index.php(37): CodeIgniter\CodeIgniter->run()
#10 {main}
ERROR - 2026-07-29 18:30:10 --> Telegram controller called
ERROR - 2026-07-29 18:30:10 --> Table 'xkynpbah_titoo.telegram_premium' doesn't exist
CRITICAL - 2026-07-29 18:30:10 --> Table 'xkynpbah_titoo.telegram_premium' doesn't exist
#0 /home/xkynpbah/public_html/vendor/codeigniter4/framework/system/Database/MySQLi/Connection.php(292): mysqli->query('SELECT COUNT(*)...', 0)
#1 /home/xkynpbah/public_html/vendor/codeigniter4/framework/system/Database/BaseConnection.php(670): CodeIgniter\Database\MySQLi\Connection->execute('SELECT COUNT(*)...')
#2 /home/xkynpbah/public_html/vendor/codeigniter4/framework/system/Database/BaseConnection.php(598): CodeIgniter\Database\BaseConnection->simpleQuery('SELECT COUNT(*)...')
#3 /home/xkynpbah/public_html/vendor/codeigniter4/framework/system/Database/BaseBuilder.php(1527): CodeIgniter\Database\BaseConnection->query('SELECT COUNT(*)...', Array, false)
#4 /home/xkynpbah/public_html/app/Controllers/Telegram.php(165): CodeIgniter\Database\BaseBuilder->countAllResults()
#5 /home/xkynpbah/public_html/app/Controllers/Telegram.php(124): App\Controllers\Telegram->askForResetConfirmation(7216514874, 7216514874, Object(stdClass), 'RAPID-FC224F5C', Object(stdClass))
#6 /home/xkynpbah/public_html/vendor/codeigniter4/framework/system/CodeIgniter.php(824): App\Controllers\Telegram->index()
#7 /home/xkynpbah/public_html/vendor/codeigniter4/framework/system/CodeIgniter.php(410): CodeIgniter\CodeIgniter->runController(Object(App\Controllers\Telegram))
#8 /home/xkynpbah/public_html/vendor/codeigniter4/framework/system/CodeIgniter.php(318): CodeIgniter\CodeIgniter->handleRequest(NULL, Object(Config\Cache), false)
#9 /home/xkynpbah/public_html/index.php(37): CodeIgniter\CodeIgniter->run()
#10 {main}
ERROR - 2026-07-29 18:32:05 --> Telegram controller called
ERROR - 2026-07-29 18:32:05 --> Table 'xkynpbah_titoo.telegram_premium' doesn't exist
CRITICAL - 2026-07-29 18:32:05 --> Table 'xkynpbah_titoo.telegram_premium' doesn't exist
#0 /home/xkynpbah/public_html/vendor/codeigniter4/framework/system/Database/MySQLi/Connection.php(292): mysqli->query('SELECT COUNT(*)...', 0)
#1 /home/xkynpbah/public_html/vendor/codeigniter4/framework/system/Database/BaseConnection.php(670): CodeIgniter\Database\MySQLi\Connection->execute('SELECT COUNT(*)...')
#2 /home/xkynpbah/public_html/vendor/codeigniter4/framework/system/Database/BaseConnection.php(598): CodeIgniter\Database\BaseConnection->simpleQuery('SELECT COUNT(*)...')
#3 /home/xkynpbah/public_html/vendor/codeigniter4/framework/system/Database/BaseBuilder.php(1527): CodeIgniter\Database\BaseConnection->query('SELECT COUNT(*)...', Array, false)
#4 /home/xkynpbah/public_html/app/Controllers/Telegram.php(165): CodeIgniter\Database\BaseBuilder->countAllResults()
#5 /home/xkynpbah/public_html/app/Controllers/Telegram.php(124): App\Controllers\Telegram->askForResetConfirmation(7216514874, 7216514874, Object(stdClass), 'RAPID-FC224F5C', Object(stdClass))
#6 /home/xkynpbah/public_html/vendor/codeigniter4/framework/system/CodeIgniter.php(824): App\Controllers\Telegram->index()
#7 /home/xkynpbah/public_html/vendor/codeigniter4/framework/system/CodeIgniter.php(410): CodeIgniter\CodeIgniter->runController(Object(App\Controllers\Telegram))
#8 /home/xkynpbah/public_html/vendor/codeigniter4/framework/system/CodeIgniter.php(318): CodeIgniter\CodeIgniter->handleRequest(NULL, Object(Config\Cache), false)
#9 /home/xkynpbah/public_html/index.php(37): CodeIgniter\CodeIgniter->run()
#10 {main}
ERROR - 2026-07-29 18:34:06 --> Telegram controller called
ERROR - 2026-07-29 18:34:06 --> Table 'xkynpbah_titoo.telegram_premium' doesn't exist
CRITICAL - 2026-07-29 18:34:06 --> Table 'xkynpbah_titoo.telegram_premium' doesn't exist
#0 /home/xkynpbah/public_html/vendor/codeigniter4/framework/system/Database/MySQLi/Connection.php(292): mysqli->query('SELECT COUNT(*)...', 0)
#1 /home/xkynpbah/public_html/vendor/codeigniter4/framework/system/Database/BaseConnection.php(670): CodeIgniter\Database\MySQLi\Connection->execute('SELECT COUNT(*)...')
#2 /home/xkynpbah/public_html/vendor/codeigniter4/framework/system/Database/BaseConnection.php(598): CodeIgniter\Database\BaseConnection->simpleQuery('SELECT COUNT(*)...')
#3 /home/xkynpbah/public_html/vendor/codeigniter4/framework/system/Database/BaseBuilder.php(1527): CodeIgniter\Database\BaseConnection->query('SELECT COUNT(*)...', Array, false)
#4 /home/xkynpbah/public_html/app/Controllers/Telegram.php(165): CodeIgniter\Database\BaseBuilder->countAllResults()
#5 /home/xkynpbah/public_html/app/Controllers/Telegram.php(124): App\Controllers\Telegram->askForResetConfirmation(7216514874, 7216514874, Object(stdClass), 'RAPID-FC224F5C', Object(stdClass))
#6 /home/xkynpbah/public_html/vendor/codeigniter4/framework/system/CodeIgniter.php(824): App\Controllers\Telegram->index()
#7 /home/xkynpbah/public_html/vendor/codeigniter4/framework/system/CodeIgniter.php(410): CodeIgniter\CodeIgniter->runController(Object(App\Controllers\Telegram))
#8 /home/xkynpbah/public_html/vendor/codeigniter4/framework/system/CodeIgniter.php(318): CodeIgniter\CodeIgniter->handleRequest(NULL, Object(Config\Cache), false)
#9 /home/xkynpbah/public_html/index.php(37): CodeIgniter\CodeIgniter->run()
#10 {main}
ERROR - 2026-07-29 18:35:46 --> Telegram controller called
ERROR - 2026-07-29 18:35:46 --> Table 'xkynpbah_titoo.telegram_premium' doesn't exist
CRITICAL - 2026-07-29 18:35:46 --> Table 'xkynpbah_titoo.telegram_premium' doesn't exist
#0 /home/xkynpbah/public_html/vendor/codeigniter4/framework/system/Database/MySQLi/Connection.php(292): mysqli->query('SELECT COUNT(*)...', 0)
#1 /home/xkynpbah/public_html/vendor/codeigniter4/framework/system/Database/BaseConnection.php(670): CodeIgniter\Database\MySQLi\Connection->execute('SELECT COUNT(*)...')
#2 /home/xkynpbah/public_html/vendor/codeigniter4/framework/system/Database/BaseConnection.php(598): CodeIgniter\Database\BaseConnection->simpleQuery('SELECT COUNT(*)...')
#3 /home/xkynpbah/public_html/vendor/codeigniter4/framework/system/Database/BaseBuilder.php(1527): CodeIgniter\Database\BaseConnection->query('SELECT COUNT(*)...', Array, false)
#4 /home/xkynpbah/public_html/app/Controllers/Telegram.php(165): CodeIgniter\Database\BaseBuilder->countAllResults()
#5 /home/xkynpbah/public_html/app/Controllers/Telegram.php(124): App\Controllers\Telegram->askForResetConfirmation(7216514874, 7216514874, Object(stdClass), 'RAPID-FC224F5C', Object(stdClass))
#6 /home/xkynpbah/public_html/vendor/codeigniter4/framework/system/CodeIgniter.php(824): App\Controllers\Telegram->index()
#7 /home/xkynpbah/public_html/vendor/codeigniter4/framework/system/CodeIgniter.php(410): CodeIgniter\CodeIgniter->runController(Object(App\Controllers\Telegram))
#8 /home/xkynpbah/public_html/vendor/codeigniter4/framework/system/CodeIgniter.php(318): CodeIgniter\CodeIgniter->handleRequest(NULL, Object(Config\Cache), false)
#9 /home/xkynpbah/public_html/index.php(37): CodeIgniter\CodeIgniter->run()
#10 {main}
ERROR - 2026-07-29 18:37:32 --> Telegram controller called
ERROR - 2026-07-29 18:37:32 --> Table 'xkynpbah_titoo.telegram_premium' doesn't exist
CRITICAL - 2026-07-29 18:37:32 --> Table 'xkynpbah_titoo.telegram_premium' doesn't exist
#0 /home/xkynpbah/public_html/vendor/codeigniter4/framework/system/Database/MySQLi/Connection.php(292): mysqli->query('SELECT COUNT(*)...', 0)
#1 /home/xkynpbah/public_html/vendor/codeigniter4/framework/system/Database/BaseConnection.php(670): CodeIgniter\Database\MySQLi\Connection->execute('SELECT COUNT(*)...')
#2 /home/xkynpbah/public_html/vendor/codeigniter4/framework/system/Database/BaseConnection.php(598): CodeIgniter\Database\BaseConnection->simpleQuery('SELECT COUNT(*)...')
#3 /home/xkynpbah/public_html/vendor/codeigniter4/framework/system/Database/BaseBuilder.php(1527): CodeIgniter\Database\BaseConnection->query('SELECT COUNT(*)...', Array, false)
#4 /home/xkynpbah/public_html/app/Controllers/Telegram.php(165): CodeIgniter\Database\BaseBuilder->countAllResults()
#5 /home/xkynpbah/public_html/app/Controllers/Telegram.php(124): App\Controllers\Telegram->askForResetConfirmation(7216514874, 7216514874, Object(stdClass), 'RAPID-FC224F5C', Object(stdClass))
#6 /home/xkynpbah/public_html/vendor/codeigniter4/framework/system/CodeIgniter.php(824): App\Controllers\Telegram->index()
#7 /home/xkynpbah/public_html/vendor/codeigniter4/framework/system/CodeIgniter.php(410): CodeIgniter\CodeIgniter->runController(Object(App\Controllers\Telegram))
#8 /home/xkynpbah/public_html/vendor/codeigniter4/framework/system/CodeIgniter.php(318): CodeIgniter\CodeIgniter->handleRequest(NULL, Object(Config\Cache), false)
#9 /home/xkynpbah/public_html/index.php(37): CodeIgniter\CodeIgniter->run()
#10 {main}
ERROR - 2026-07-29 18:38:40 --> Telegram controller called
ERROR - 2026-07-29 18:38:40 --> Table 'xkynpbah_titoo.telegram_premium' doesn't exist
CRITICAL - 2026-07-29 18:38:40 --> Table 'xkynpbah_titoo.telegram_premium' doesn't exist
#0 /home/xkynpbah/public_html/vendor/codeigniter4/framework/system/Database/MySQLi/Connection.php(292): mysqli->query('SELECT COUNT(*)...', 0)
#1 /home/xkynpbah/public_html/vendor/codeigniter4/framework/system/Database/BaseConnection.php(670): CodeIgniter\Database\MySQLi\Connection->execute('SELECT COUNT(*)...')
#2 /home/xkynpbah/public_html/vendor/codeigniter4/framework/system/Database/BaseConnection.php(598): CodeIgniter\Database\BaseConnection->simpleQuery('SELECT COUNT(*)...')
#3 /home/xkynpbah/public_html/vendor/codeigniter4/framework/system/Database/BaseBuilder.php(1527): CodeIgniter\Database\BaseConnection->query('SELECT COUNT(*)...', Array, false)
#4 /home/xkynpbah/public_html/app/Controllers/Telegram.php(165): CodeIgniter\Database\BaseBuilder->countAllResults()
#5 /home/xkynpbah/public_html/app/Controllers/Telegram.php(124): App\Controllers\Telegram->askForResetConfirmation(7216514874, 7216514874, Object(stdClass), 'RAPID-FC224F5C', Object(stdClass))
#6 /home/xkynpbah/public_html/vendor/codeigniter4/framework/system/CodeIgniter.php(824): App\Controllers\Telegram->index()
#7 /home/xkynpbah/public_html/vendor/codeigniter4/framework/system/CodeIgniter.php(410): CodeIgniter\CodeIgniter->runController(Object(App\Controllers\Telegram))
#8 /home/xkynpbah/public_html/vendor/codeigniter4/framework/system/CodeIgniter.php(318): CodeIgniter\CodeIgniter->handleRequest(NULL, Object(Config\Cache), false)
#9 /home/xkynpbah/public_html/index.php(37): CodeIgniter\CodeIgniter->run()
#10 {main}
ERROR - 2026-07-29 18:39:52 --> Telegram controller called
ERROR - 2026-07-29 18:39:52 --> Table 'xkynpbah_titoo.telegram_premium' doesn't exist
CRITICAL - 2026-07-29 18:39:52 --> Table 'xkynpbah_titoo.telegram_premium' doesn't exist
#0 /home/xkynpbah/public_html/vendor/codeigniter4/framework/system/Database/MySQLi/Connection.php(292): mysqli->query('SELECT COUNT(*)...', 0)
#1 /home/xkynpbah/public_html/vendor/codeigniter4/framework/system/Database/BaseConnection.php(670): CodeIgniter\Database\MySQLi\Connection->execute('SELECT COUNT(*)...')
#2 /home/xkynpbah/public_html/vendor/codeigniter4/framework/system/Database/BaseConnection.php(598): CodeIgniter\Database\BaseConnection->simpleQuery('SELECT COUNT(*)...')
#3 /home/xkynpbah/public_html/vendor/codeigniter4/framework/system/Database/BaseBuilder.php(1527): CodeIgniter\Database\BaseConnection->query('SELECT COUNT(*)...', Array, false)
#4 /home/xkynpbah/public_html/app/Controllers/Telegram.php(165): CodeIgniter\Database\BaseBuilder->countAllResults()
#5 /home/xkynpbah/public_html/app/Controllers/Telegram.php(124): App\Controllers\Telegram->askForResetConfirmation(7216514874, 7216514874, Object(stdClass), 'RAPID-FC224F5C', Object(stdClass))
#6 /home/xkynpbah/public_html/vendor/codeigniter4/framework/system/CodeIgniter.php(824): App\Controllers\Telegram->index()
#7 /home/xkynpbah/public_html/vendor/codeigniter4/framework/system/CodeIgniter.php(410): CodeIgniter\CodeIgniter->runController(Object(App\Controllers\Telegram))
#8 /home/xkynpbah/public_html/vendor/codeigniter4/framework/system/CodeIgniter.php(318): CodeIgniter\CodeIgniter->handleRequest(NULL, Object(Config\Cache), false)
#9 /home/xkynpbah/public_html/index.php(37): CodeIgniter\CodeIgniter->run()
#10 {main}
ERROR - 2026-07-29 18:41:38 --> Telegram controller called
ERROR - 2026-07-29 18:41:38 --> Table 'xkynpbah_titoo.telegram_premium' doesn't exist
CRITICAL - 2026-07-29 18:41:38 --> Table 'xkynpbah_titoo.telegram_premium' doesn't exist
#0 /home/xkynpbah/public_html/vendor/codeigniter4/framework/system/Database/MySQLi/Connection.php(292): mysqli->query('SELECT COUNT(*)...', 0)
#1 /home/xkynpbah/public_html/vendor/codeigniter4/framework/system/Database/BaseConnection.php(670): CodeIgniter\Database\MySQLi\Connection->execute('SELECT COUNT(*)...')
#2 /home/xkynpbah/public_html/vendor/codeigniter4/framework/system/Database/BaseConnection.php(598): CodeIgniter\Database\BaseConnection->simpleQuery('SELECT COUNT(*)...')
#3 /home/xkynpbah/public_html/vendor/codeigniter4/framework/system/Database/BaseBuilder.php(1527): CodeIgniter\Database\BaseConnection->query('SELECT COUNT(*)...', Array, false)
#4 /home/xkynpbah/public_html/app/Controllers/Telegram.php(165): CodeIgniter\Database\BaseBuilder->countAllResults()
#5 /home/xkynpbah/public_html/app/Controllers/Telegram.php(124): App\Controllers\Telegram->askForResetConfirmation(7216514874, 7216514874, Object(stdClass), 'RAPID-FC224F5C', Object(stdClass))
#6 /home/xkynpbah/public_html/vendor/codeigniter4/framework/system/CodeIgniter.php(824): App\Controllers\Telegram->index()
#7 /home/xkynpbah/public_html/vendor/codeigniter4/framework/system/CodeIgniter.php(410): CodeIgniter\CodeIgniter->runController(Object(App\Controllers\Telegram))
#8 /home/xkynpbah/public_html/vendor/codeigniter4/framework/system/CodeIgniter.php(318): CodeIgniter\CodeIgniter->handleRequest(NULL, Object(Config\Cache), false)
#9 /home/xkynpbah/public_html/index.php(37): CodeIgniter\CodeIgniter->run()
#10 {main}
ERROR - 2026-07-29 18:43:02 --> Telegram controller called
ERROR - 2026-07-29 18:43:02 --> Telegram Bot Token not set in .env
ERROR - 2026-07-29 18:43:03 --> Telegram controller called
ERROR - 2026-07-29 18:43:03 --> Telegram Bot Token not set in .env
ERROR - 2026-07-29 18:43:03 --> Telegram controller called
ERROR - 2026-07-29 18:43:03 --> Telegram Bot Token not set in .env
ERROR - 2026-07-29 21:27:19 --> Telegram controller called
ERROR - 2026-07-29 21:27:19 --> Telegram Bot Token not set in .env
ERROR - 2026-07-29 21:27:33 --> Telegram controller called
ERROR - 2026-07-29 21:27:33 --> Telegram Bot Token not set in .env
ERROR - 2026-07-29 21:27:40 --> Telegram controller called
ERROR - 2026-07-29 21:27:40 --> Telegram Bot Token not set in .env
