CRITICAL - 2026-01-23 00:38:48 --> file_get_contents(/home/u668489569/domains/xyzcheats.com/public_html/hwang/liblamdo.so): failed to open stream: No such file or directory
#0 [internal function]: CodeIgniter\Debug\Exceptions->errorHandler(2, 'file_get_conten...', '/home/u66848956...', 203, Array)
#1 /home/u668489569/domains/xyzcheats.com/public_html/app/Controllers/Connect.php(203): file_get_contents('/home/u66848956...')
#2 /home/u668489569/domains/xyzcheats.com/public_html/app/Controllers/Connect.php(61): App\Controllers\Connect->index_post()
#3 /home/u668489569/domains/xyzcheats.com/public_html/vendor/codeigniter4/framework/system/CodeIgniter.php(824): App\Controllers\Connect->index()
#4 /home/u668489569/domains/xyzcheats.com/public_html/vendor/codeigniter4/framework/system/CodeIgniter.php(410): CodeIgniter\CodeIgniter->runController(Object(App\Controllers\Connect))
#5 /home/u668489569/domains/xyzcheats.com/public_html/vendor/codeigniter4/framework/system/CodeIgniter.php(318): CodeIgniter\CodeIgniter->handleRequest(NULL, Object(Config\Cache), false)
#6 /home/u668489569/domains/xyzcheats.com/public_html/index.php(37): CodeIgniter\CodeIgniter->run()
#7 {main}
CRITICAL - 2026-01-23 00:38:50 --> file_get_contents(/home/u668489569/domains/xyzcheats.com/public_html/hwang/liblamdo.so): failed to open stream: No such file or directory
#0 [internal function]: CodeIgniter\Debug\Exceptions->errorHandler(2, 'file_get_conten...', '/home/u66848956...', 203, Array)
#1 /home/u668489569/domains/xyzcheats.com/public_html/app/Controllers/Connect.php(203): file_get_contents('/home/u66848956...')
#2 /home/u668489569/domains/xyzcheats.com/public_html/app/Controllers/Connect.php(61): App\Controllers\Connect->index_post()
#3 /home/u668489569/domains/xyzcheats.com/public_html/vendor/codeigniter4/framework/system/CodeIgniter.php(824): App\Controllers\Connect->index()
#4 /home/u668489569/domains/xyzcheats.com/public_html/vendor/codeigniter4/framework/system/CodeIgniter.php(410): CodeIgniter\CodeIgniter->runController(Object(App\Controllers\Connect))
#5 /home/u668489569/domains/xyzcheats.com/public_html/vendor/codeigniter4/framework/system/CodeIgniter.php(318): CodeIgniter\CodeIgniter->handleRequest(NULL, Object(Config\Cache), false)
#6 /home/u668489569/domains/xyzcheats.com/public_html/index.php(37): CodeIgniter\CodeIgniter->run()
#7 {main}
CRITICAL - 2026-01-23 00:38:51 --> file_get_contents(/home/u668489569/domains/xyzcheats.com/public_html/hwang/liblamdo.so): failed to open stream: No such file or directory
#0 [internal function]: CodeIgniter\Debug\Exceptions->errorHandler(2, 'file_get_conten...', '/home/u66848956...', 203, Array)
#1 /home/u668489569/domains/xyzcheats.com/public_html/app/Controllers/Connect.php(203): file_get_contents('/home/u66848956...')
#2 /home/u668489569/domains/xyzcheats.com/public_html/app/Controllers/Connect.php(61): App\Controllers\Connect->index_post()
#3 /home/u668489569/domains/xyzcheats.com/public_html/vendor/codeigniter4/framework/system/CodeIgniter.php(824): App\Controllers\Connect->index()
#4 /home/u668489569/domains/xyzcheats.com/public_html/vendor/codeigniter4/framework/system/CodeIgniter.php(410): CodeIgniter\CodeIgniter->runController(Object(App\Controllers\Connect))
#5 /home/u668489569/domains/xyzcheats.com/public_html/vendor/codeigniter4/framework/system/CodeIgniter.php(318): CodeIgniter\CodeIgniter->handleRequest(NULL, Object(Config\Cache), false)
#6 /home/u668489569/domains/xyzcheats.com/public_html/index.php(37): CodeIgniter\CodeIgniter->run()
#7 {main}
CRITICAL - 2026-01-23 00:38:53 --> file_get_contents(/home/u668489569/domains/xyzcheats.com/public_html/hwang/liblamdo.so): failed to open stream: No such file or directory
#0 [internal function]: CodeIgniter\Debug\Exceptions->errorHandler(2, 'file_get_conten...', '/home/u66848956...', 203, Array)
#1 /home/u668489569/domains/xyzcheats.com/public_html/app/Controllers/Connect.php(203): file_get_contents('/home/u66848956...')
#2 /home/u668489569/domains/xyzcheats.com/public_html/app/Controllers/Connect.php(61): App\Controllers\Connect->index_post()
#3 /home/u668489569/domains/xyzcheats.com/public_html/vendor/codeigniter4/framework/system/CodeIgniter.php(824): App\Controllers\Connect->index()
#4 /home/u668489569/domains/xyzcheats.com/public_html/vendor/codeigniter4/framework/system/CodeIgniter.php(410): CodeIgniter\CodeIgniter->runController(Object(App\Controllers\Connect))
#5 /home/u668489569/domains/xyzcheats.com/public_html/vendor/codeigniter4/framework/system/CodeIgniter.php(318): CodeIgniter\CodeIgniter->handleRequest(NULL, Object(Config\Cache), false)
#6 /home/u668489569/domains/xyzcheats.com/public_html/index.php(37): CodeIgniter\CodeIgniter->run()
#7 {main}
CRITICAL - 2026-01-23 00:38:53 --> file_get_contents(/home/u668489569/domains/xyzcheats.com/public_html/hwang/liblamdo.so): failed to open stream: No such file or directory
#0 [internal function]: CodeIgniter\Debug\Exceptions->errorHandler(2, 'file_get_conten...', '/home/u66848956...', 203, Array)
#1 /home/u668489569/domains/xyzcheats.com/public_html/app/Controllers/Connect.php(203): file_get_contents('/home/u66848956...')
#2 /home/u668489569/domains/xyzcheats.com/public_html/app/Controllers/Connect.php(61): App\Controllers\Connect->index_post()
#3 /home/u668489569/domains/xyzcheats.com/public_html/vendor/codeigniter4/framework/system/CodeIgniter.php(824): App\Controllers\Connect->index()
#4 /home/u668489569/domains/xyzcheats.com/public_html/vendor/codeigniter4/framework/system/CodeIgniter.php(410): CodeIgniter\CodeIgniter->runController(Object(App\Controllers\Connect))
#5 /home/u668489569/domains/xyzcheats.com/public_html/vendor/codeigniter4/framework/system/CodeIgniter.php(318): CodeIgniter\CodeIgniter->handleRequest(NULL, Object(Config\Cache), false)
#6 /home/u668489569/domains/xyzcheats.com/public_html/index.php(37): CodeIgniter\CodeIgniter->run()
#7 {main}
CRITICAL - 2026-01-23 00:38:54 --> file_get_contents(/home/u668489569/domains/xyzcheats.com/public_html/hwang/liblamdo.so): failed to open stream: No such file or directory
#0 [internal function]: CodeIgniter\Debug\Exceptions->errorHandler(2, 'file_get_conten...', '/home/u66848956...', 203, Array)
#1 /home/u668489569/domains/xyzcheats.com/public_html/app/Controllers/Connect.php(203): file_get_contents('/home/u66848956...')
#2 /home/u668489569/domains/xyzcheats.com/public_html/app/Controllers/Connect.php(61): App\Controllers\Connect->index_post()
#3 /home/u668489569/domains/xyzcheats.com/public_html/vendor/codeigniter4/framework/system/CodeIgniter.php(824): App\Controllers\Connect->index()
#4 /home/u668489569/domains/xyzcheats.com/public_html/vendor/codeigniter4/framework/system/CodeIgniter.php(410): CodeIgniter\CodeIgniter->runController(Object(App\Controllers\Connect))
#5 /home/u668489569/domains/xyzcheats.com/public_html/vendor/codeigniter4/framework/system/CodeIgniter.php(318): CodeIgniter\CodeIgniter->handleRequest(NULL, Object(Config\Cache), false)
#6 /home/u668489569/domains/xyzcheats.com/public_html/index.php(37): CodeIgniter\CodeIgniter->run()
#7 {main}
CRITICAL - 2026-01-23 00:38:54 --> file_get_contents(/home/u668489569/domains/xyzcheats.com/public_html/hwang/liblamdo.so): failed to open stream: No such file or directory
#0 [internal function]: CodeIgniter\Debug\Exceptions->errorHandler(2, 'file_get_conten...', '/home/u66848956...', 203, Array)
#1 /home/u668489569/domains/xyzcheats.com/public_html/app/Controllers/Connect.php(203): file_get_contents('/home/u66848956...')
#2 /home/u668489569/domains/xyzcheats.com/public_html/app/Controllers/Connect.php(61): App\Controllers\Connect->index_post()
#3 /home/u668489569/domains/xyzcheats.com/public_html/vendor/codeigniter4/framework/system/CodeIgniter.php(824): App\Controllers\Connect->index()
#4 /home/u668489569/domains/xyzcheats.com/public_html/vendor/codeigniter4/framework/system/CodeIgniter.php(410): CodeIgniter\CodeIgniter->runController(Object(App\Controllers\Connect))
#5 /home/u668489569/domains/xyzcheats.com/public_html/vendor/codeigniter4/framework/system/CodeIgniter.php(318): CodeIgniter\CodeIgniter->handleRequest(NULL, Object(Config\Cache), false)
#6 /home/u668489569/domains/xyzcheats.com/public_html/index.php(37): CodeIgniter\CodeIgniter->run()
#7 {main}
CRITICAL - 2026-01-23 00:38:55 --> file_get_contents(/home/u668489569/domains/xyzcheats.com/public_html/hwang/liblamdo.so): failed to open stream: No such file or directory
#0 [internal function]: CodeIgniter\Debug\Exceptions->errorHandler(2, 'file_get_conten...', '/home/u66848956...', 203, Array)
#1 /home/u668489569/domains/xyzcheats.com/public_html/app/Controllers/Connect.php(203): file_get_contents('/home/u66848956...')
#2 /home/u668489569/domains/xyzcheats.com/public_html/app/Controllers/Connect.php(61): App\Controllers\Connect->index_post()
#3 /home/u668489569/domains/xyzcheats.com/public_html/vendor/codeigniter4/framework/system/CodeIgniter.php(824): App\Controllers\Connect->index()
#4 /home/u668489569/domains/xyzcheats.com/public_html/vendor/codeigniter4/framework/system/CodeIgniter.php(410): CodeIgniter\CodeIgniter->runController(Object(App\Controllers\Connect))
#5 /home/u668489569/domains/xyzcheats.com/public_html/vendor/codeigniter4/framework/system/CodeIgniter.php(318): CodeIgniter\CodeIgniter->handleRequest(NULL, Object(Config\Cache), false)
#6 /home/u668489569/domains/xyzcheats.com/public_html/index.php(37): CodeIgniter\CodeIgniter->run()
#7 {main}
CRITICAL - 2026-01-23 00:38:55 --> file_get_contents(/home/u668489569/domains/xyzcheats.com/public_html/hwang/liblamdo.so): failed to open stream: No such file or directory
#0 [internal function]: CodeIgniter\Debug\Exceptions->errorHandler(2, 'file_get_conten...', '/home/u66848956...', 203, Array)
#1 /home/u668489569/domains/xyzcheats.com/public_html/app/Controllers/Connect.php(203): file_get_contents('/home/u66848956...')
#2 /home/u668489569/domains/xyzcheats.com/public_html/app/Controllers/Connect.php(61): App\Controllers\Connect->index_post()
#3 /home/u668489569/domains/xyzcheats.com/public_html/vendor/codeigniter4/framework/system/CodeIgniter.php(824): App\Controllers\Connect->index()
#4 /home/u668489569/domains/xyzcheats.com/public_html/vendor/codeigniter4/framework/system/CodeIgniter.php(410): CodeIgniter\CodeIgniter->runController(Object(App\Controllers\Connect))
#5 /home/u668489569/domains/xyzcheats.com/public_html/vendor/codeigniter4/framework/system/CodeIgniter.php(318): CodeIgniter\CodeIgniter->handleRequest(NULL, Object(Config\Cache), false)
#6 /home/u668489569/domains/xyzcheats.com/public_html/index.php(37): CodeIgniter\CodeIgniter->run()
#7 {main}
CRITICAL - 2026-01-23 00:38:58 --> file_get_contents(/home/u668489569/domains/xyzcheats.com/public_html/hwang/liblamdo.so): failed to open stream: No such file or directory
#0 [internal function]: CodeIgniter\Debug\Exceptions->errorHandler(2, 'file_get_conten...', '/home/u66848956...', 203, Array)
#1 /home/u668489569/domains/xyzcheats.com/public_html/app/Controllers/Connect.php(203): file_get_contents('/home/u66848956...')
#2 /home/u668489569/domains/xyzcheats.com/public_html/app/Controllers/Connect.php(61): App\Controllers\Connect->index_post()
#3 /home/u668489569/domains/xyzcheats.com/public_html/vendor/codeigniter4/framework/system/CodeIgniter.php(824): App\Controllers\Connect->index()
#4 /home/u668489569/domains/xyzcheats.com/public_html/vendor/codeigniter4/framework/system/CodeIgniter.php(410): CodeIgniter\CodeIgniter->runController(Object(App\Controllers\Connect))
#5 /home/u668489569/domains/xyzcheats.com/public_html/vendor/codeigniter4/framework/system/CodeIgniter.php(318): CodeIgniter\CodeIgniter->handleRequest(NULL, Object(Config\Cache), false)
#6 /home/u668489569/domains/xyzcheats.com/public_html/index.php(37): CodeIgniter\CodeIgniter->run()
#7 {main}
CRITICAL - 2026-01-23 00:39:06 --> file_get_contents(/home/u668489569/domains/xyzcheats.com/public_html/hwang/liblamdo.so): failed to open stream: No such file or directory
#0 [internal function]: CodeIgniter\Debug\Exceptions->errorHandler(2, 'file_get_conten...', '/home/u66848956...', 203, Array)
#1 /home/u668489569/domains/xyzcheats.com/public_html/app/Controllers/Connect.php(203): file_get_contents('/home/u66848956...')
#2 /home/u668489569/domains/xyzcheats.com/public_html/app/Controllers/Connect.php(61): App\Controllers\Connect->index_post()
#3 /home/u668489569/domains/xyzcheats.com/public_html/vendor/codeigniter4/framework/system/CodeIgniter.php(824): App\Controllers\Connect->index()
#4 /home/u668489569/domains/xyzcheats.com/public_html/vendor/codeigniter4/framework/system/CodeIgniter.php(410): CodeIgniter\CodeIgniter->runController(Object(App\Controllers\Connect))
#5 /home/u668489569/domains/xyzcheats.com/public_html/vendor/codeigniter4/framework/system/CodeIgniter.php(318): CodeIgniter\CodeIgniter->handleRequest(NULL, Object(Config\Cache), false)
#6 /home/u668489569/domains/xyzcheats.com/public_html/index.php(37): CodeIgniter\CodeIgniter->run()
#7 {main}
CRITICAL - 2026-01-23 00:39:17 --> file_get_contents(/home/u668489569/domains/xyzcheats.com/public_html/hwang/liblamdo.so): failed to open stream: No such file or directory
#0 [internal function]: CodeIgniter\Debug\Exceptions->errorHandler(2, 'file_get_conten...', '/home/u66848956...', 203, Array)
#1 /home/u668489569/domains/xyzcheats.com/public_html/app/Controllers/Connect.php(203): file_get_contents('/home/u66848956...')
#2 /home/u668489569/domains/xyzcheats.com/public_html/app/Controllers/Connect.php(61): App\Controllers\Connect->index_post()
#3 /home/u668489569/domains/xyzcheats.com/public_html/vendor/codeigniter4/framework/system/CodeIgniter.php(824): App\Controllers\Connect->index()
#4 /home/u668489569/domains/xyzcheats.com/public_html/vendor/codeigniter4/framework/system/CodeIgniter.php(410): CodeIgniter\CodeIgniter->runController(Object(App\Controllers\Connect))
#5 /home/u668489569/domains/xyzcheats.com/public_html/vendor/codeigniter4/framework/system/CodeIgniter.php(318): CodeIgniter\CodeIgniter->handleRequest(NULL, Object(Config\Cache), false)
#6 /home/u668489569/domains/xyzcheats.com/public_html/index.php(37): CodeIgniter\CodeIgniter->run()
#7 {main}
CRITICAL - 2026-01-23 00:39:56 --> file_get_contents(/home/u668489569/domains/xyzcheats.com/public_html/hwang/liblamdo.so): failed to open stream: No such file or directory
#0 [internal function]: CodeIgniter\Debug\Exceptions->errorHandler(2, 'file_get_conten...', '/home/u66848956...', 203, Array)
#1 /home/u668489569/domains/xyzcheats.com/public_html/app/Controllers/Connect.php(203): file_get_contents('/home/u66848956...')
#2 /home/u668489569/domains/xyzcheats.com/public_html/app/Controllers/Connect.php(61): App\Controllers\Connect->index_post()
#3 /home/u668489569/domains/xyzcheats.com/public_html/vendor/codeigniter4/framework/system/CodeIgniter.php(824): App\Controllers\Connect->index()
#4 /home/u668489569/domains/xyzcheats.com/public_html/vendor/codeigniter4/framework/system/CodeIgniter.php(410): CodeIgniter\CodeIgniter->runController(Object(App\Controllers\Connect))
#5 /home/u668489569/domains/xyzcheats.com/public_html/vendor/codeigniter4/framework/system/CodeIgniter.php(318): CodeIgniter\CodeIgniter->handleRequest(NULL, Object(Config\Cache), false)
#6 /home/u668489569/domains/xyzcheats.com/public_html/index.php(37): CodeIgniter\CodeIgniter->run()
#7 {main}
CRITICAL - 2026-01-23 00:39:58 --> file_get_contents(/home/u668489569/domains/xyzcheats.com/public_html/hwang/liblamdo.so): failed to open stream: No such file or directory
#0 [internal function]: CodeIgniter\Debug\Exceptions->errorHandler(2, 'file_get_conten...', '/home/u66848956...', 203, Array)
#1 /home/u668489569/domains/xyzcheats.com/public_html/app/Controllers/Connect.php(203): file_get_contents('/home/u66848956...')
#2 /home/u668489569/domains/xyzcheats.com/public_html/app/Controllers/Connect.php(61): App\Controllers\Connect->index_post()
#3 /home/u668489569/domains/xyzcheats.com/public_html/vendor/codeigniter4/framework/system/CodeIgniter.php(824): App\Controllers\Connect->index()
#4 /home/u668489569/domains/xyzcheats.com/public_html/vendor/codeigniter4/framework/system/CodeIgniter.php(410): CodeIgniter\CodeIgniter->runController(Object(App\Controllers\Connect))
#5 /home/u668489569/domains/xyzcheats.com/public_html/vendor/codeigniter4/framework/system/CodeIgniter.php(318): CodeIgniter\CodeIgniter->handleRequest(NULL, Object(Config\Cache), false)
#6 /home/u668489569/domains/xyzcheats.com/public_html/index.php(37): CodeIgniter\CodeIgniter->run()
#7 {main}
CRITICAL - 2026-01-23 00:40:18 --> file_get_contents(/home/u668489569/domains/xyzcheats.com/public_html/hwang/liblamdo.so): failed to open stream: No such file or directory
#0 [internal function]: CodeIgniter\Debug\Exceptions->errorHandler(2, 'file_get_conten...', '/home/u66848956...', 203, Array)
#1 /home/u668489569/domains/xyzcheats.com/public_html/app/Controllers/Connect.php(203): file_get_contents('/home/u66848956...')
#2 /home/u668489569/domains/xyzcheats.com/public_html/app/Controllers/Connect.php(61): App\Controllers\Connect->index_post()
#3 /home/u668489569/domains/xyzcheats.com/public_html/vendor/codeigniter4/framework/system/CodeIgniter.php(824): App\Controllers\Connect->index()
#4 /home/u668489569/domains/xyzcheats.com/public_html/vendor/codeigniter4/framework/system/CodeIgniter.php(410): CodeIgniter\CodeIgniter->runController(Object(App\Controllers\Connect))
#5 /home/u668489569/domains/xyzcheats.com/public_html/vendor/codeigniter4/framework/system/CodeIgniter.php(318): CodeIgniter\CodeIgniter->handleRequest(NULL, Object(Config\Cache), false)
#6 /home/u668489569/domains/xyzcheats.com/public_html/index.php(37): CodeIgniter\CodeIgniter->run()
#7 {main}
CRITICAL - 2026-01-23 00:40:22 --> file_get_contents(/home/u668489569/domains/xyzcheats.com/public_html/hwang/liblamdo.so): failed to open stream: No such file or directory
#0 [internal function]: CodeIgniter\Debug\Exceptions->errorHandler(2, 'file_get_conten...', '/home/u66848956...', 203, Array)
#1 /home/u668489569/domains/xyzcheats.com/public_html/app/Controllers/Connect.php(203): file_get_contents('/home/u66848956...')
#2 /home/u668489569/domains/xyzcheats.com/public_html/app/Controllers/Connect.php(61): App\Controllers\Connect->index_post()
#3 /home/u668489569/domains/xyzcheats.com/public_html/vendor/codeigniter4/framework/system/CodeIgniter.php(824): App\Controllers\Connect->index()
#4 /home/u668489569/domains/xyzcheats.com/public_html/vendor/codeigniter4/framework/system/CodeIgniter.php(410): CodeIgniter\CodeIgniter->runController(Object(App\Controllers\Connect))
#5 /home/u668489569/domains/xyzcheats.com/public_html/vendor/codeigniter4/framework/system/CodeIgniter.php(318): CodeIgniter\CodeIgniter->handleRequest(NULL, Object(Config\Cache), false)
#6 /home/u668489569/domains/xyzcheats.com/public_html/index.php(37): CodeIgniter\CodeIgniter->run()
#7 {main}
CRITICAL - 2026-01-23 00:40:26 --> file_get_contents(/home/u668489569/domains/xyzcheats.com/public_html/hwang/liblamdo.so): failed to open stream: No such file or directory
#0 [internal function]: CodeIgniter\Debug\Exceptions->errorHandler(2, 'file_get_conten...', '/home/u66848956...', 203, Array)
#1 /home/u668489569/domains/xyzcheats.com/public_html/app/Controllers/Connect.php(203): file_get_contents('/home/u66848956...')
#2 /home/u668489569/domains/xyzcheats.com/public_html/app/Controllers/Connect.php(61): App\Controllers\Connect->index_post()
#3 /home/u668489569/domains/xyzcheats.com/public_html/vendor/codeigniter4/framework/system/CodeIgniter.php(824): App\Controllers\Connect->index()
#4 /home/u668489569/domains/xyzcheats.com/public_html/vendor/codeigniter4/framework/system/CodeIgniter.php(410): CodeIgniter\CodeIgniter->runController(Object(App\Controllers\Connect))
#5 /home/u668489569/domains/xyzcheats.com/public_html/vendor/codeigniter4/framework/system/CodeIgniter.php(318): CodeIgniter\CodeIgniter->handleRequest(NULL, Object(Config\Cache), false)
#6 /home/u668489569/domains/xyzcheats.com/public_html/index.php(37): CodeIgniter\CodeIgniter->run()
#7 {main}
CRITICAL - 2026-01-23 00:40:34 --> file_get_contents(/home/u668489569/domains/xyzcheats.com/public_html/hwang/liblamdo.so): failed to open stream: No such file or directory
#0 [internal function]: CodeIgniter\Debug\Exceptions->errorHandler(2, 'file_get_conten...', '/home/u66848956...', 203, Array)
#1 /home/u668489569/domains/xyzcheats.com/public_html/app/Controllers/Connect.php(203): file_get_contents('/home/u66848956...')
#2 /home/u668489569/domains/xyzcheats.com/public_html/app/Controllers/Connect.php(61): App\Controllers\Connect->index_post()
#3 /home/u668489569/domains/xyzcheats.com/public_html/vendor/codeigniter4/framework/system/CodeIgniter.php(824): App\Controllers\Connect->index()
#4 /home/u668489569/domains/xyzcheats.com/public_html/vendor/codeigniter4/framework/system/CodeIgniter.php(410): CodeIgniter\CodeIgniter->runController(Object(App\Controllers\Connect))
#5 /home/u668489569/domains/xyzcheats.com/public_html/vendor/codeigniter4/framework/system/CodeIgniter.php(318): CodeIgniter\CodeIgniter->handleRequest(NULL, Object(Config\Cache), false)
#6 /home/u668489569/domains/xyzcheats.com/public_html/index.php(37): CodeIgniter\CodeIgniter->run()
#7 {main}
CRITICAL - 2026-01-23 00:41:08 --> file_get_contents(/home/u668489569/domains/xyzcheats.com/public_html/hwang/liblamdo.so): failed to open stream: No such file or directory
#0 [internal function]: CodeIgniter\Debug\Exceptions->errorHandler(2, 'file_get_conten...', '/home/u66848956...', 203, Array)
#1 /home/u668489569/domains/xyzcheats.com/public_html/app/Controllers/Connect.php(203): file_get_contents('/home/u66848956...')
#2 /home/u668489569/domains/xyzcheats.com/public_html/app/Controllers/Connect.php(61): App\Controllers\Connect->index_post()
#3 /home/u668489569/domains/xyzcheats.com/public_html/vendor/codeigniter4/framework/system/CodeIgniter.php(824): App\Controllers\Connect->index()
#4 /home/u668489569/domains/xyzcheats.com/public_html/vendor/codeigniter4/framework/system/CodeIgniter.php(410): CodeIgniter\CodeIgniter->runController(Object(App\Controllers\Connect))
#5 /home/u668489569/domains/xyzcheats.com/public_html/vendor/codeigniter4/framework/system/CodeIgniter.php(318): CodeIgniter\CodeIgniter->handleRequest(NULL, Object(Config\Cache), false)
#6 /home/u668489569/domains/xyzcheats.com/public_html/index.php(37): CodeIgniter\CodeIgniter->run()
#7 {main}
CRITICAL - 2026-01-23 00:41:14 --> file_get_contents(/home/u668489569/domains/xyzcheats.com/public_html/hwang/liblamdo.so): failed to open stream: No such file or directory
#0 [internal function]: CodeIgniter\Debug\Exceptions->errorHandler(2, 'file_get_conten...', '/home/u66848956...', 203, Array)
#1 /home/u668489569/domains/xyzcheats.com/public_html/app/Controllers/Connect.php(203): file_get_contents('/home/u66848956...')
#2 /home/u668489569/domains/xyzcheats.com/public_html/app/Controllers/Connect.php(61): App\Controllers\Connect->index_post()
#3 /home/u668489569/domains/xyzcheats.com/public_html/vendor/codeigniter4/framework/system/CodeIgniter.php(824): App\Controllers\Connect->index()
#4 /home/u668489569/domains/xyzcheats.com/public_html/vendor/codeigniter4/framework/system/CodeIgniter.php(410): CodeIgniter\CodeIgniter->runController(Object(App\Controllers\Connect))
#5 /home/u668489569/domains/xyzcheats.com/public_html/vendor/codeigniter4/framework/system/CodeIgniter.php(318): CodeIgniter\CodeIgniter->handleRequest(NULL, Object(Config\Cache), false)
#6 /home/u668489569/domains/xyzcheats.com/public_html/index.php(37): CodeIgniter\CodeIgniter->run()
#7 {main}
CRITICAL - 2026-01-23 00:42:15 --> file_get_contents(/home/u668489569/domains/xyzcheats.com/public_html/hwang/liblamdo.so): failed to open stream: No such file or directory
#0 [internal function]: CodeIgniter\Debug\Exceptions->errorHandler(2, 'file_get_conten...', '/home/u66848956...', 203, Array)
#1 /home/u668489569/domains/xyzcheats.com/public_html/app/Controllers/Connect.php(203): file_get_contents('/home/u66848956...')
#2 /home/u668489569/domains/xyzcheats.com/public_html/app/Controllers/Connect.php(61): App\Controllers\Connect->index_post()
#3 /home/u668489569/domains/xyzcheats.com/public_html/vendor/codeigniter4/framework/system/CodeIgniter.php(824): App\Controllers\Connect->index()
#4 /home/u668489569/domains/xyzcheats.com/public_html/vendor/codeigniter4/framework/system/CodeIgniter.php(410): CodeIgniter\CodeIgniter->runController(Object(App\Controllers\Connect))
#5 /home/u668489569/domains/xyzcheats.com/public_html/vendor/codeigniter4/framework/system/CodeIgniter.php(318): CodeIgniter\CodeIgniter->handleRequest(NULL, Object(Config\Cache), false)
#6 /home/u668489569/domains/xyzcheats.com/public_html/index.php(37): CodeIgniter\CodeIgniter->run()
#7 {main}
CRITICAL - 2026-01-23 00:42:23 --> file_get_contents(/home/u668489569/domains/xyzcheats.com/public_html/hwang/liblamdo.so): failed to open stream: No such file or directory
#0 [internal function]: CodeIgniter\Debug\Exceptions->errorHandler(2, 'file_get_conten...', '/home/u66848956...', 203, Array)
#1 /home/u668489569/domains/xyzcheats.com/public_html/app/Controllers/Connect.php(203): file_get_contents('/home/u66848956...')
#2 /home/u668489569/domains/xyzcheats.com/public_html/app/Controllers/Connect.php(61): App\Controllers\Connect->index_post()
#3 /home/u668489569/domains/xyzcheats.com/public_html/vendor/codeigniter4/framework/system/CodeIgniter.php(824): App\Controllers\Connect->index()
#4 /home/u668489569/domains/xyzcheats.com/public_html/vendor/codeigniter4/framework/system/CodeIgniter.php(410): CodeIgniter\CodeIgniter->runController(Object(App\Controllers\Connect))
#5 /home/u668489569/domains/xyzcheats.com/public_html/vendor/codeigniter4/framework/system/CodeIgniter.php(318): CodeIgniter\CodeIgniter->handleRequest(NULL, Object(Config\Cache), false)
#6 /home/u668489569/domains/xyzcheats.com/public_html/index.php(37): CodeIgniter\CodeIgniter->run()
#7 {main}
CRITICAL - 2026-01-23 00:42:24 --> file_get_contents(/home/u668489569/domains/xyzcheats.com/public_html/hwang/liblamdo.so): failed to open stream: No such file or directory
#0 [internal function]: CodeIgniter\Debug\Exceptions->errorHandler(2, 'file_get_conten...', '/home/u66848956...', 203, Array)
#1 /home/u668489569/domains/xyzcheats.com/public_html/app/Controllers/Connect.php(203): file_get_contents('/home/u66848956...')
#2 /home/u668489569/domains/xyzcheats.com/public_html/app/Controllers/Connect.php(61): App\Controllers\Connect->index_post()
#3 /home/u668489569/domains/xyzcheats.com/public_html/vendor/codeigniter4/framework/system/CodeIgniter.php(824): App\Controllers\Connect->index()
#4 /home/u668489569/domains/xyzcheats.com/public_html/vendor/codeigniter4/framework/system/CodeIgniter.php(410): CodeIgniter\CodeIgniter->runController(Object(App\Controllers\Connect))
#5 /home/u668489569/domains/xyzcheats.com/public_html/vendor/codeigniter4/framework/system/CodeIgniter.php(318): CodeIgniter\CodeIgniter->handleRequest(NULL, Object(Config\Cache), false)
#6 /home/u668489569/domains/xyzcheats.com/public_html/index.php(37): CodeIgniter\CodeIgniter->run()
#7 {main}
CRITICAL - 2026-01-23 00:42:29 --> file_get_contents(/home/u668489569/domains/xyzcheats.com/public_html/hwang/liblamdo.so): failed to open stream: No such file or directory
#0 [internal function]: CodeIgniter\Debug\Exceptions->errorHandler(2, 'file_get_conten...', '/home/u66848956...', 203, Array)
#1 /home/u668489569/domains/xyzcheats.com/public_html/app/Controllers/Connect.php(203): file_get_contents('/home/u66848956...')
#2 /home/u668489569/domains/xyzcheats.com/public_html/app/Controllers/Connect.php(61): App\Controllers\Connect->index_post()
#3 /home/u668489569/domains/xyzcheats.com/public_html/vendor/codeigniter4/framework/system/CodeIgniter.php(824): App\Controllers\Connect->index()
#4 /home/u668489569/domains/xyzcheats.com/public_html/vendor/codeigniter4/framework/system/CodeIgniter.php(410): CodeIgniter\CodeIgniter->runController(Object(App\Controllers\Connect))
#5 /home/u668489569/domains/xyzcheats.com/public_html/vendor/codeigniter4/framework/system/CodeIgniter.php(318): CodeIgniter\CodeIgniter->handleRequest(NULL, Object(Config\Cache), false)
#6 /home/u668489569/domains/xyzcheats.com/public_html/index.php(37): CodeIgniter\CodeIgniter->run()
#7 {main}
CRITICAL - 2026-01-23 00:42:34 --> file_get_contents(/home/u668489569/domains/xyzcheats.com/public_html/hwang/liblamdo.so): failed to open stream: No such file or directory
#0 [internal function]: CodeIgniter\Debug\Exceptions->errorHandler(2, 'file_get_conten...', '/home/u66848956...', 203, Array)
#1 /home/u668489569/domains/xyzcheats.com/public_html/app/Controllers/Connect.php(203): file_get_contents('/home/u66848956...')
#2 /home/u668489569/domains/xyzcheats.com/public_html/app/Controllers/Connect.php(61): App\Controllers\Connect->index_post()
#3 /home/u668489569/domains/xyzcheats.com/public_html/vendor/codeigniter4/framework/system/CodeIgniter.php(824): App\Controllers\Connect->index()
#4 /home/u668489569/domains/xyzcheats.com/public_html/vendor/codeigniter4/framework/system/CodeIgniter.php(410): CodeIgniter\CodeIgniter->runController(Object(App\Controllers\Connect))
#5 /home/u668489569/domains/xyzcheats.com/public_html/vendor/codeigniter4/framework/system/CodeIgniter.php(318): CodeIgniter\CodeIgniter->handleRequest(NULL, Object(Config\Cache), false)
#6 /home/u668489569/domains/xyzcheats.com/public_html/index.php(37): CodeIgniter\CodeIgniter->run()
#7 {main}
CRITICAL - 2026-01-23 00:42:35 --> file_get_contents(/home/u668489569/domains/xyzcheats.com/public_html/hwang/liblamdo.so): failed to open stream: No such file or directory
#0 [internal function]: CodeIgniter\Debug\Exceptions->errorHandler(2, 'file_get_conten...', '/home/u66848956...', 203, Array)
#1 /home/u668489569/domains/xyzcheats.com/public_html/app/Controllers/Connect.php(203): file_get_contents('/home/u66848956...')
#2 /home/u668489569/domains/xyzcheats.com/public_html/app/Controllers/Connect.php(61): App\Controllers\Connect->index_post()
#3 /home/u668489569/domains/xyzcheats.com/public_html/vendor/codeigniter4/framework/system/CodeIgniter.php(824): App\Controllers\Connect->index()
#4 /home/u668489569/domains/xyzcheats.com/public_html/vendor/codeigniter4/framework/system/CodeIgniter.php(410): CodeIgniter\CodeIgniter->runController(Object(App\Controllers\Connect))
#5 /home/u668489569/domains/xyzcheats.com/public_html/vendor/codeigniter4/framework/system/CodeIgniter.php(318): CodeIgniter\CodeIgniter->handleRequest(NULL, Object(Config\Cache), false)
#6 /home/u668489569/domains/xyzcheats.com/public_html/index.php(37): CodeIgniter\CodeIgniter->run()
#7 {main}
CRITICAL - 2026-01-23 00:42:36 --> file_get_contents(/home/u668489569/domains/xyzcheats.com/public_html/hwang/liblamdo.so): failed to open stream: No such file or directory
#0 [internal function]: CodeIgniter\Debug\Exceptions->errorHandler(2, 'file_get_conten...', '/home/u66848956...', 203, Array)
#1 /home/u668489569/domains/xyzcheats.com/public_html/app/Controllers/Connect.php(203): file_get_contents('/home/u66848956...')
#2 /home/u668489569/domains/xyzcheats.com/public_html/app/Controllers/Connect.php(61): App\Controllers\Connect->index_post()
#3 /home/u668489569/domains/xyzcheats.com/public_html/vendor/codeigniter4/framework/system/CodeIgniter.php(824): App\Controllers\Connect->index()
#4 /home/u668489569/domains/xyzcheats.com/public_html/vendor/codeigniter4/framework/system/CodeIgniter.php(410): CodeIgniter\CodeIgniter->runController(Object(App\Controllers\Connect))
#5 /home/u668489569/domains/xyzcheats.com/public_html/vendor/codeigniter4/framework/system/CodeIgniter.php(318): CodeIgniter\CodeIgniter->handleRequest(NULL, Object(Config\Cache), false)
#6 /home/u668489569/domains/xyzcheats.com/public_html/index.php(37): CodeIgniter\CodeIgniter->run()
#7 {main}
CRITICAL - 2026-01-23 00:42:36 --> file_get_contents(/home/u668489569/domains/xyzcheats.com/public_html/hwang/liblamdo.so): failed to open stream: No such file or directory
#0 [internal function]: CodeIgniter\Debug\Exceptions->errorHandler(2, 'file_get_conten...', '/home/u66848956...', 203, Array)
#1 /home/u668489569/domains/xyzcheats.com/public_html/app/Controllers/Connect.php(203): file_get_contents('/home/u66848956...')
#2 /home/u668489569/domains/xyzcheats.com/public_html/app/Controllers/Connect.php(61): App\Controllers\Connect->index_post()
#3 /home/u668489569/domains/xyzcheats.com/public_html/vendor/codeigniter4/framework/system/CodeIgniter.php(824): App\Controllers\Connect->index()
#4 /home/u668489569/domains/xyzcheats.com/public_html/vendor/codeigniter4/framework/system/CodeIgniter.php(410): CodeIgniter\CodeIgniter->runController(Object(App\Controllers\Connect))
#5 /home/u668489569/domains/xyzcheats.com/public_html/vendor/codeigniter4/framework/system/CodeIgniter.php(318): CodeIgniter\CodeIgniter->handleRequest(NULL, Object(Config\Cache), false)
#6 /home/u668489569/domains/xyzcheats.com/public_html/index.php(37): CodeIgniter\CodeIgniter->run()
#7 {main}
CRITICAL - 2026-01-23 00:42:37 --> file_get_contents(/home/u668489569/domains/xyzcheats.com/public_html/hwang/liblamdo.so): failed to open stream: No such file or directory
#0 [internal function]: CodeIgniter\Debug\Exceptions->errorHandler(2, 'file_get_conten...', '/home/u66848956...', 203, Array)
#1 /home/u668489569/domains/xyzcheats.com/public_html/app/Controllers/Connect.php(203): file_get_contents('/home/u66848956...')
#2 /home/u668489569/domains/xyzcheats.com/public_html/app/Controllers/Connect.php(61): App\Controllers\Connect->index_post()
#3 /home/u668489569/domains/xyzcheats.com/public_html/vendor/codeigniter4/framework/system/CodeIgniter.php(824): App\Controllers\Connect->index()
#4 /home/u668489569/domains/xyzcheats.com/public_html/vendor/codeigniter4/framework/system/CodeIgniter.php(410): CodeIgniter\CodeIgniter->runController(Object(App\Controllers\Connect))
#5 /home/u668489569/domains/xyzcheats.com/public_html/vendor/codeigniter4/framework/system/CodeIgniter.php(318): CodeIgniter\CodeIgniter->handleRequest(NULL, Object(Config\Cache), false)
#6 /home/u668489569/domains/xyzcheats.com/public_html/index.php(37): CodeIgniter\CodeIgniter->run()
#7 {main}
CRITICAL - 2026-01-23 00:42:37 --> file_get_contents(/home/u668489569/domains/xyzcheats.com/public_html/hwang/liblamdo.so): failed to open stream: No such file or directory
#0 [internal function]: CodeIgniter\Debug\Exceptions->errorHandler(2, 'file_get_conten...', '/home/u66848956...', 203, Array)
#1 /home/u668489569/domains/xyzcheats.com/public_html/app/Controllers/Connect.php(203): file_get_contents('/home/u66848956...')
#2 /home/u668489569/domains/xyzcheats.com/public_html/app/Controllers/Connect.php(61): App\Controllers\Connect->index_post()
#3 /home/u668489569/domains/xyzcheats.com/public_html/vendor/codeigniter4/framework/system/CodeIgniter.php(824): App\Controllers\Connect->index()
#4 /home/u668489569/domains/xyzcheats.com/public_html/vendor/codeigniter4/framework/system/CodeIgniter.php(410): CodeIgniter\CodeIgniter->runController(Object(App\Controllers\Connect))
#5 /home/u668489569/domains/xyzcheats.com/public_html/vendor/codeigniter4/framework/system/CodeIgniter.php(318): CodeIgniter\CodeIgniter->handleRequest(NULL, Object(Config\Cache), false)
#6 /home/u668489569/domains/xyzcheats.com/public_html/index.php(37): CodeIgniter\CodeIgniter->run()
#7 {main}
CRITICAL - 2026-01-23 00:42:40 --> file_get_contents(/home/u668489569/domains/xyzcheats.com/public_html/hwang/liblamdo.so): failed to open stream: No such file or directory
#0 [internal function]: CodeIgniter\Debug\Exceptions->errorHandler(2, 'file_get_conten...', '/home/u66848956...', 203, Array)
#1 /home/u668489569/domains/xyzcheats.com/public_html/app/Controllers/Connect.php(203): file_get_contents('/home/u66848956...')
#2 /home/u668489569/domains/xyzcheats.com/public_html/app/Controllers/Connect.php(61): App\Controllers\Connect->index_post()
#3 /home/u668489569/domains/xyzcheats.com/public_html/vendor/codeigniter4/framework/system/CodeIgniter.php(824): App\Controllers\Connect->index()
#4 /home/u668489569/domains/xyzcheats.com/public_html/vendor/codeigniter4/framework/system/CodeIgniter.php(410): CodeIgniter\CodeIgniter->runController(Object(App\Controllers\Connect))
#5 /home/u668489569/domains/xyzcheats.com/public_html/vendor/codeigniter4/framework/system/CodeIgniter.php(318): CodeIgniter\CodeIgniter->handleRequest(NULL, Object(Config\Cache), false)
#6 /home/u668489569/domains/xyzcheats.com/public_html/index.php(37): CodeIgniter\CodeIgniter->run()
#7 {main}
CRITICAL - 2026-01-23 00:42:45 --> file_get_contents(/home/u668489569/domains/xyzcheats.com/public_html/hwang/liblamdo.so): failed to open stream: No such file or directory
#0 [internal function]: CodeIgniter\Debug\Exceptions->errorHandler(2, 'file_get_conten...', '/home/u66848956...', 203, Array)
#1 /home/u668489569/domains/xyzcheats.com/public_html/app/Controllers/Connect.php(203): file_get_contents('/home/u66848956...')
#2 /home/u668489569/domains/xyzcheats.com/public_html/app/Controllers/Connect.php(61): App\Controllers\Connect->index_post()
#3 /home/u668489569/domains/xyzcheats.com/public_html/vendor/codeigniter4/framework/system/CodeIgniter.php(824): App\Controllers\Connect->index()
#4 /home/u668489569/domains/xyzcheats.com/public_html/vendor/codeigniter4/framework/system/CodeIgniter.php(410): CodeIgniter\CodeIgniter->runController(Object(App\Controllers\Connect))
#5 /home/u668489569/domains/xyzcheats.com/public_html/vendor/codeigniter4/framework/system/CodeIgniter.php(318): CodeIgniter\CodeIgniter->handleRequest(NULL, Object(Config\Cache), false)
#6 /home/u668489569/domains/xyzcheats.com/public_html/index.php(37): CodeIgniter\CodeIgniter->run()
#7 {main}
CRITICAL - 2026-01-23 00:43:05 --> file_get_contents(/home/u668489569/domains/xyzcheats.com/public_html/hwang/liblamdo.so): failed to open stream: No such file or directory
#0 [internal function]: CodeIgniter\Debug\Exceptions->errorHandler(2, 'file_get_conten...', '/home/u66848956...', 203, Array)
#1 /home/u668489569/domains/xyzcheats.com/public_html/app/Controllers/Connect.php(203): file_get_contents('/home/u66848956...')
#2 /home/u668489569/domains/xyzcheats.com/public_html/app/Controllers/Connect.php(61): App\Controllers\Connect->index_post()
#3 /home/u668489569/domains/xyzcheats.com/public_html/vendor/codeigniter4/framework/system/CodeIgniter.php(824): App\Controllers\Connect->index()
#4 /home/u668489569/domains/xyzcheats.com/public_html/vendor/codeigniter4/framework/system/CodeIgniter.php(410): CodeIgniter\CodeIgniter->runController(Object(App\Controllers\Connect))
#5 /home/u668489569/domains/xyzcheats.com/public_html/vendor/codeigniter4/framework/system/CodeIgniter.php(318): CodeIgniter\CodeIgniter->handleRequest(NULL, Object(Config\Cache), false)
#6 /home/u668489569/domains/xyzcheats.com/public_html/index.php(37): CodeIgniter\CodeIgniter->run()
#7 {main}
CRITICAL - 2026-01-23 00:43:19 --> file_get_contents(/home/u668489569/domains/xyzcheats.com/public_html/hwang/liblamdo.so): failed to open stream: No such file or directory
#0 [internal function]: CodeIgniter\Debug\Exceptions->errorHandler(2, 'file_get_conten...', '/home/u66848956...', 203, Array)
#1 /home/u668489569/domains/xyzcheats.com/public_html/app/Controllers/Connect.php(203): file_get_contents('/home/u66848956...')
#2 /home/u668489569/domains/xyzcheats.com/public_html/app/Controllers/Connect.php(61): App\Controllers\Connect->index_post()
#3 /home/u668489569/domains/xyzcheats.com/public_html/vendor/codeigniter4/framework/system/CodeIgniter.php(824): App\Controllers\Connect->index()
#4 /home/u668489569/domains/xyzcheats.com/public_html/vendor/codeigniter4/framework/system/CodeIgniter.php(410): CodeIgniter\CodeIgniter->runController(Object(App\Controllers\Connect))
#5 /home/u668489569/domains/xyzcheats.com/public_html/vendor/codeigniter4/framework/system/CodeIgniter.php(318): CodeIgniter\CodeIgniter->handleRequest(NULL, Object(Config\Cache), false)
#6 /home/u668489569/domains/xyzcheats.com/public_html/index.php(37): CodeIgniter\CodeIgniter->run()
#7 {main}
CRITICAL - 2026-01-23 00:43:32 --> file_get_contents(/home/u668489569/domains/xyzcheats.com/public_html/hwang/liblamdo.so): failed to open stream: No such file or directory
#0 [internal function]: CodeIgniter\Debug\Exceptions->errorHandler(2, 'file_get_conten...', '/home/u66848956...', 203, Array)
#1 /home/u668489569/domains/xyzcheats.com/public_html/app/Controllers/Connect.php(203): file_get_contents('/home/u66848956...')
#2 /home/u668489569/domains/xyzcheats.com/public_html/app/Controllers/Connect.php(61): App\Controllers\Connect->index_post()
#3 /home/u668489569/domains/xyzcheats.com/public_html/vendor/codeigniter4/framework/system/CodeIgniter.php(824): App\Controllers\Connect->index()
#4 /home/u668489569/domains/xyzcheats.com/public_html/vendor/codeigniter4/framework/system/CodeIgniter.php(410): CodeIgniter\CodeIgniter->runController(Object(App\Controllers\Connect))
#5 /home/u668489569/domains/xyzcheats.com/public_html/vendor/codeigniter4/framework/system/CodeIgniter.php(318): CodeIgniter\CodeIgniter->handleRequest(NULL, Object(Config\Cache), false)
#6 /home/u668489569/domains/xyzcheats.com/public_html/index.php(37): CodeIgniter\CodeIgniter->run()
#7 {main}
CRITICAL - 2026-01-23 00:43:34 --> file_get_contents(/home/u668489569/domains/xyzcheats.com/public_html/hwang/liblamdo.so): failed to open stream: No such file or directory
#0 [internal function]: CodeIgniter\Debug\Exceptions->errorHandler(2, 'file_get_conten...', '/home/u66848956...', 203, Array)
#1 /home/u668489569/domains/xyzcheats.com/public_html/app/Controllers/Connect.php(203): file_get_contents('/home/u66848956...')
#2 /home/u668489569/domains/xyzcheats.com/public_html/app/Controllers/Connect.php(61): App\Controllers\Connect->index_post()
#3 /home/u668489569/domains/xyzcheats.com/public_html/vendor/codeigniter4/framework/system/CodeIgniter.php(824): App\Controllers\Connect->index()
#4 /home/u668489569/domains/xyzcheats.com/public_html/vendor/codeigniter4/framework/system/CodeIgniter.php(410): CodeIgniter\CodeIgniter->runController(Object(App\Controllers\Connect))
#5 /home/u668489569/domains/xyzcheats.com/public_html/vendor/codeigniter4/framework/system/CodeIgniter.php(318): CodeIgniter\CodeIgniter->handleRequest(NULL, Object(Config\Cache), false)
#6 /home/u668489569/domains/xyzcheats.com/public_html/index.php(37): CodeIgniter\CodeIgniter->run()
#7 {main}
CRITICAL - 2026-01-23 00:44:21 --> file_get_contents(/home/u668489569/domains/xyzcheats.com/public_html/hwang/liblamdo.so): failed to open stream: No such file or directory
#0 [internal function]: CodeIgniter\Debug\Exceptions->errorHandler(2, 'file_get_conten...', '/home/u66848956...', 203, Array)
#1 /home/u668489569/domains/xyzcheats.com/public_html/app/Controllers/Connect.php(203): file_get_contents('/home/u66848956...')
#2 /home/u668489569/domains/xyzcheats.com/public_html/app/Controllers/Connect.php(61): App\Controllers\Connect->index_post()
#3 /home/u668489569/domains/xyzcheats.com/public_html/vendor/codeigniter4/framework/system/CodeIgniter.php(824): App\Controllers\Connect->index()
#4 /home/u668489569/domains/xyzcheats.com/public_html/vendor/codeigniter4/framework/system/CodeIgniter.php(410): CodeIgniter\CodeIgniter->runController(Object(App\Controllers\Connect))
#5 /home/u668489569/domains/xyzcheats.com/public_html/vendor/codeigniter4/framework/system/CodeIgniter.php(318): CodeIgniter\CodeIgniter->handleRequest(NULL, Object(Config\Cache), false)
#6 /home/u668489569/domains/xyzcheats.com/public_html/index.php(37): CodeIgniter\CodeIgniter->run()
#7 {main}
CRITICAL - 2026-01-23 00:44:27 --> file_get_contents(/home/u668489569/domains/xyzcheats.com/public_html/hwang/liblamdo.so): failed to open stream: No such file or directory
#0 [internal function]: CodeIgniter\Debug\Exceptions->errorHandler(2, 'file_get_conten...', '/home/u66848956...', 203, Array)
#1 /home/u668489569/domains/xyzcheats.com/public_html/app/Controllers/Connect.php(203): file_get_contents('/home/u66848956...')
#2 /home/u668489569/domains/xyzcheats.com/public_html/app/Controllers/Connect.php(61): App\Controllers\Connect->index_post()
#3 /home/u668489569/domains/xyzcheats.com/public_html/vendor/codeigniter4/framework/system/CodeIgniter.php(824): App\Controllers\Connect->index()
#4 /home/u668489569/domains/xyzcheats.com/public_html/vendor/codeigniter4/framework/system/CodeIgniter.php(410): CodeIgniter\CodeIgniter->runController(Object(App\Controllers\Connect))
#5 /home/u668489569/domains/xyzcheats.com/public_html/vendor/codeigniter4/framework/system/CodeIgniter.php(318): CodeIgniter\CodeIgniter->handleRequest(NULL, Object(Config\Cache), false)
#6 /home/u668489569/domains/xyzcheats.com/public_html/index.php(37): CodeIgniter\CodeIgniter->run()
#7 {main}
CRITICAL - 2026-01-23 00:44:43 --> file_get_contents(/home/u668489569/domains/xyzcheats.com/public_html/hwang/liblamdo.so): failed to open stream: No such file or directory
#0 [internal function]: CodeIgniter\Debug\Exceptions->errorHandler(2, 'file_get_conten...', '/home/u66848956...', 203, Array)
#1 /home/u668489569/domains/xyzcheats.com/public_html/app/Controllers/Connect.php(203): file_get_contents('/home/u66848956...')
#2 /home/u668489569/domains/xyzcheats.com/public_html/app/Controllers/Connect.php(61): App\Controllers\Connect->index_post()
#3 /home/u668489569/domains/xyzcheats.com/public_html/vendor/codeigniter4/framework/system/CodeIgniter.php(824): App\Controllers\Connect->index()
#4 /home/u668489569/domains/xyzcheats.com/public_html/vendor/codeigniter4/framework/system/CodeIgniter.php(410): CodeIgniter\CodeIgniter->runController(Object(App\Controllers\Connect))
#5 /home/u668489569/domains/xyzcheats.com/public_html/vendor/codeigniter4/framework/system/CodeIgniter.php(318): CodeIgniter\CodeIgniter->handleRequest(NULL, Object(Config\Cache), false)
#6 /home/u668489569/domains/xyzcheats.com/public_html/index.php(37): CodeIgniter\CodeIgniter->run()
#7 {main}
CRITICAL - 2026-01-23 00:45:29 --> file_get_contents(/home/u668489569/domains/xyzcheats.com/public_html/hwang/liblamdo.so): failed to open stream: No such file or directory
#0 [internal function]: CodeIgniter\Debug\Exceptions->errorHandler(2, 'file_get_conten...', '/home/u66848956...', 203, Array)
#1 /home/u668489569/domains/xyzcheats.com/public_html/app/Controllers/Connect.php(203): file_get_contents('/home/u66848956...')
#2 /home/u668489569/domains/xyzcheats.com/public_html/app/Controllers/Connect.php(61): App\Controllers\Connect->index_post()
#3 /home/u668489569/domains/xyzcheats.com/public_html/vendor/codeigniter4/framework/system/CodeIgniter.php(824): App\Controllers\Connect->index()
#4 /home/u668489569/domains/xyzcheats.com/public_html/vendor/codeigniter4/framework/system/CodeIgniter.php(410): CodeIgniter\CodeIgniter->runController(Object(App\Controllers\Connect))
#5 /home/u668489569/domains/xyzcheats.com/public_html/vendor/codeigniter4/framework/system/CodeIgniter.php(318): CodeIgniter\CodeIgniter->handleRequest(NULL, Object(Config\Cache), false)
#6 /home/u668489569/domains/xyzcheats.com/public_html/index.php(37): CodeIgniter\CodeIgniter->run()
#7 {main}
CRITICAL - 2026-01-23 00:45:32 --> file_get_contents(/home/u668489569/domains/xyzcheats.com/public_html/hwang/liblamdo.so): failed to open stream: No such file or directory
#0 [internal function]: CodeIgniter\Debug\Exceptions->errorHandler(2, 'file_get_conten...', '/home/u66848956...', 203, Array)
#1 /home/u668489569/domains/xyzcheats.com/public_html/app/Controllers/Connect.php(203): file_get_contents('/home/u66848956...')
#2 /home/u668489569/domains/xyzcheats.com/public_html/app/Controllers/Connect.php(61): App\Controllers\Connect->index_post()
#3 /home/u668489569/domains/xyzcheats.com/public_html/vendor/codeigniter4/framework/system/CodeIgniter.php(824): App\Controllers\Connect->index()
#4 /home/u668489569/domains/xyzcheats.com/public_html/vendor/codeigniter4/framework/system/CodeIgniter.php(410): CodeIgniter\CodeIgniter->runController(Object(App\Controllers\Connect))
#5 /home/u668489569/domains/xyzcheats.com/public_html/vendor/codeigniter4/framework/system/CodeIgniter.php(318): CodeIgniter\CodeIgniter->handleRequest(NULL, Object(Config\Cache), false)
#6 /home/u668489569/domains/xyzcheats.com/public_html/index.php(37): CodeIgniter\CodeIgniter->run()
#7 {main}
CRITICAL - 2026-01-23 00:45:34 --> file_get_contents(/home/u668489569/domains/xyzcheats.com/public_html/hwang/liblamdo.so): failed to open stream: No such file or directory
#0 [internal function]: CodeIgniter\Debug\Exceptions->errorHandler(2, 'file_get_conten...', '/home/u66848956...', 203, Array)
#1 /home/u668489569/domains/xyzcheats.com/public_html/app/Controllers/Connect.php(203): file_get_contents('/home/u66848956...')
#2 /home/u668489569/domains/xyzcheats.com/public_html/app/Controllers/Connect.php(61): App\Controllers\Connect->index_post()
#3 /home/u668489569/domains/xyzcheats.com/public_html/vendor/codeigniter4/framework/system/CodeIgniter.php(824): App\Controllers\Connect->index()
#4 /home/u668489569/domains/xyzcheats.com/public_html/vendor/codeigniter4/framework/system/CodeIgniter.php(410): CodeIgniter\CodeIgniter->runController(Object(App\Controllers\Connect))
#5 /home/u668489569/domains/xyzcheats.com/public_html/vendor/codeigniter4/framework/system/CodeIgniter.php(318): CodeIgniter\CodeIgniter->handleRequest(NULL, Object(Config\Cache), false)
#6 /home/u668489569/domains/xyzcheats.com/public_html/index.php(37): CodeIgniter\CodeIgniter->run()
#7 {main}
CRITICAL - 2026-01-23 00:45:36 --> file_get_contents(/home/u668489569/domains/xyzcheats.com/public_html/hwang/liblamdo.so): failed to open stream: No such file or directory
#0 [internal function]: CodeIgniter\Debug\Exceptions->errorHandler(2, 'file_get_conten...', '/home/u66848956...', 203, Array)
#1 /home/u668489569/domains/xyzcheats.com/public_html/app/Controllers/Connect.php(203): file_get_contents('/home/u66848956...')
#2 /home/u668489569/domains/xyzcheats.com/public_html/app/Controllers/Connect.php(61): App\Controllers\Connect->index_post()
#3 /home/u668489569/domains/xyzcheats.com/public_html/vendor/codeigniter4/framework/system/CodeIgniter.php(824): App\Controllers\Connect->index()
#4 /home/u668489569/domains/xyzcheats.com/public_html/vendor/codeigniter4/framework/system/CodeIgniter.php(410): CodeIgniter\CodeIgniter->runController(Object(App\Controllers\Connect))
#5 /home/u668489569/domains/xyzcheats.com/public_html/vendor/codeigniter4/framework/system/CodeIgniter.php(318): CodeIgniter\CodeIgniter->handleRequest(NULL, Object(Config\Cache), false)
#6 /home/u668489569/domains/xyzcheats.com/public_html/index.php(37): CodeIgniter\CodeIgniter->run()
#7 {main}
CRITICAL - 2026-01-23 00:45:44 --> file_get_contents(/home/u668489569/domains/xyzcheats.com/public_html/hwang/liblamdo.so): failed to open stream: No such file or directory
#0 [internal function]: CodeIgniter\Debug\Exceptions->errorHandler(2, 'file_get_conten...', '/home/u66848956...', 203, Array)
#1 /home/u668489569/domains/xyzcheats.com/public_html/app/Controllers/Connect.php(203): file_get_contents('/home/u66848956...')
#2 /home/u668489569/domains/xyzcheats.com/public_html/app/Controllers/Connect.php(61): App\Controllers\Connect->index_post()
#3 /home/u668489569/domains/xyzcheats.com/public_html/vendor/codeigniter4/framework/system/CodeIgniter.php(824): App\Controllers\Connect->index()
#4 /home/u668489569/domains/xyzcheats.com/public_html/vendor/codeigniter4/framework/system/CodeIgniter.php(410): CodeIgniter\CodeIgniter->runController(Object(App\Controllers\Connect))
#5 /home/u668489569/domains/xyzcheats.com/public_html/vendor/codeigniter4/framework/system/CodeIgniter.php(318): CodeIgniter\CodeIgniter->handleRequest(NULL, Object(Config\Cache), false)
#6 /home/u668489569/domains/xyzcheats.com/public_html/index.php(37): CodeIgniter\CodeIgniter->run()
#7 {main}
CRITICAL - 2026-01-23 00:45:53 --> file_get_contents(/home/u668489569/domains/xyzcheats.com/public_html/hwang/liblamdo.so): failed to open stream: No such file or directory
#0 [internal function]: CodeIgniter\Debug\Exceptions->errorHandler(2, 'file_get_conten...', '/home/u66848956...', 203, Array)
#1 /home/u668489569/domains/xyzcheats.com/public_html/app/Controllers/Connect.php(203): file_get_contents('/home/u66848956...')
#2 /home/u668489569/domains/xyzcheats.com/public_html/app/Controllers/Connect.php(61): App\Controllers\Connect->index_post()
#3 /home/u668489569/domains/xyzcheats.com/public_html/vendor/codeigniter4/framework/system/CodeIgniter.php(824): App\Controllers\Connect->index()
#4 /home/u668489569/domains/xyzcheats.com/public_html/vendor/codeigniter4/framework/system/CodeIgniter.php(410): CodeIgniter\CodeIgniter->runController(Object(App\Controllers\Connect))
#5 /home/u668489569/domains/xyzcheats.com/public_html/vendor/codeigniter4/framework/system/CodeIgniter.php(318): CodeIgniter\CodeIgniter->handleRequest(NULL, Object(Config\Cache), false)
#6 /home/u668489569/domains/xyzcheats.com/public_html/index.php(37): CodeIgniter\CodeIgniter->run()
#7 {main}
CRITICAL - 2026-01-23 00:46:54 --> file_get_contents(/home/u668489569/domains/xyzcheats.com/public_html/hwang/liblamdo.so): failed to open stream: No such file or directory
#0 [internal function]: CodeIgniter\Debug\Exceptions->errorHandler(2, 'file_get_conten...', '/home/u66848956...', 203, Array)
#1 /home/u668489569/domains/xyzcheats.com/public_html/app/Controllers/Connect.php(203): file_get_contents('/home/u66848956...')
#2 /home/u668489569/domains/xyzcheats.com/public_html/app/Controllers/Connect.php(61): App\Controllers\Connect->index_post()
#3 /home/u668489569/domains/xyzcheats.com/public_html/vendor/codeigniter4/framework/system/CodeIgniter.php(824): App\Controllers\Connect->index()
#4 /home/u668489569/domains/xyzcheats.com/public_html/vendor/codeigniter4/framework/system/CodeIgniter.php(410): CodeIgniter\CodeIgniter->runController(Object(App\Controllers\Connect))
#5 /home/u668489569/domains/xyzcheats.com/public_html/vendor/codeigniter4/framework/system/CodeIgniter.php(318): CodeIgniter\CodeIgniter->handleRequest(NULL, Object(Config\Cache), false)
#6 /home/u668489569/domains/xyzcheats.com/public_html/index.php(37): CodeIgniter\CodeIgniter->run()
#7 {main}
CRITICAL - 2026-01-23 00:47:06 --> file_get_contents(/home/u668489569/domains/xyzcheats.com/public_html/hwang/liblamdo.so): failed to open stream: No such file or directory
#0 [internal function]: CodeIgniter\Debug\Exceptions->errorHandler(2, 'file_get_conten...', '/home/u66848956...', 203, Array)
#1 /home/u668489569/domains/xyzcheats.com/public_html/app/Controllers/Connect.php(203): file_get_contents('/home/u66848956...')
#2 /home/u668489569/domains/xyzcheats.com/public_html/app/Controllers/Connect.php(61): App\Controllers\Connect->index_post()
#3 /home/u668489569/domains/xyzcheats.com/public_html/vendor/codeigniter4/framework/system/CodeIgniter.php(824): App\Controllers\Connect->index()
#4 /home/u668489569/domains/xyzcheats.com/public_html/vendor/codeigniter4/framework/system/CodeIgniter.php(410): CodeIgniter\CodeIgniter->runController(Object(App\Controllers\Connect))
#5 /home/u668489569/domains/xyzcheats.com/public_html/vendor/codeigniter4/framework/system/CodeIgniter.php(318): CodeIgniter\CodeIgniter->handleRequest(NULL, Object(Config\Cache), false)
#6 /home/u668489569/domains/xyzcheats.com/public_html/index.php(37): CodeIgniter\CodeIgniter->run()
#7 {main}
CRITICAL - 2026-01-23 00:47:57 --> file_get_contents(/home/u668489569/domains/xyzcheats.com/public_html/hwang/liblamdo.so): failed to open stream: No such file or directory
#0 [internal function]: CodeIgniter\Debug\Exceptions->errorHandler(2, 'file_get_conten...', '/home/u66848956...', 203, Array)
#1 /home/u668489569/domains/xyzcheats.com/public_html/app/Controllers/Connect.php(203): file_get_contents('/home/u66848956...')
#2 /home/u668489569/domains/xyzcheats.com/public_html/app/Controllers/Connect.php(61): App\Controllers\Connect->index_post()
#3 /home/u668489569/domains/xyzcheats.com/public_html/vendor/codeigniter4/framework/system/CodeIgniter.php(824): App\Controllers\Connect->index()
#4 /home/u668489569/domains/xyzcheats.com/public_html/vendor/codeigniter4/framework/system/CodeIgniter.php(410): CodeIgniter\CodeIgniter->runController(Object(App\Controllers\Connect))
#5 /home/u668489569/domains/xyzcheats.com/public_html/vendor/codeigniter4/framework/system/CodeIgniter.php(318): CodeIgniter\CodeIgniter->handleRequest(NULL, Object(Config\Cache), false)
#6 /home/u668489569/domains/xyzcheats.com/public_html/index.php(37): CodeIgniter\CodeIgniter->run()
#7 {main}
CRITICAL - 2026-01-23 00:53:05 --> file_get_contents(/home/u668489569/domains/xyzcheats.com/public_html/hwang/liblamdo.so): failed to open stream: No such file or directory
#0 [internal function]: CodeIgniter\Debug\Exceptions->errorHandler(2, 'file_get_conten...', '/home/u66848956...', 203, Array)
#1 /home/u668489569/domains/xyzcheats.com/public_html/app/Controllers/Connect.php(203): file_get_contents('/home/u66848956...')
#2 /home/u668489569/domains/xyzcheats.com/public_html/app/Controllers/Connect.php(61): App\Controllers\Connect->index_post()
#3 /home/u668489569/domains/xyzcheats.com/public_html/vendor/codeigniter4/framework/system/CodeIgniter.php(824): App\Controllers\Connect->index()
#4 /home/u668489569/domains/xyzcheats.com/public_html/vendor/codeigniter4/framework/system/CodeIgniter.php(410): CodeIgniter\CodeIgniter->runController(Object(App\Controllers\Connect))
#5 /home/u668489569/domains/xyzcheats.com/public_html/vendor/codeigniter4/framework/system/CodeIgniter.php(318): CodeIgniter\CodeIgniter->handleRequest(NULL, Object(Config\Cache), false)
#6 /home/u668489569/domains/xyzcheats.com/public_html/index.php(37): CodeIgniter\CodeIgniter->run()
#7 {main}
CRITICAL - 2026-01-23 00:53:08 --> file_get_contents(/home/u668489569/domains/xyzcheats.com/public_html/hwang/liblamdo.so): failed to open stream: No such file or directory
#0 [internal function]: CodeIgniter\Debug\Exceptions->errorHandler(2, 'file_get_conten...', '/home/u66848956...', 203, Array)
#1 /home/u668489569/domains/xyzcheats.com/public_html/app/Controllers/Connect.php(203): file_get_contents('/home/u66848956...')
#2 /home/u668489569/domains/xyzcheats.com/public_html/app/Controllers/Connect.php(61): App\Controllers\Connect->index_post()
#3 /home/u668489569/domains/xyzcheats.com/public_html/vendor/codeigniter4/framework/system/CodeIgniter.php(824): App\Controllers\Connect->index()
#4 /home/u668489569/domains/xyzcheats.com/public_html/vendor/codeigniter4/framework/system/CodeIgniter.php(410): CodeIgniter\CodeIgniter->runController(Object(App\Controllers\Connect))
#5 /home/u668489569/domains/xyzcheats.com/public_html/vendor/codeigniter4/framework/system/CodeIgniter.php(318): CodeIgniter\CodeIgniter->handleRequest(NULL, Object(Config\Cache), false)
#6 /home/u668489569/domains/xyzcheats.com/public_html/index.php(37): CodeIgniter\CodeIgniter->run()
#7 {main}
CRITICAL - 2026-01-23 00:53:09 --> file_get_contents(/home/u668489569/domains/xyzcheats.com/public_html/hwang/liblamdo.so): failed to open stream: No such file or directory
#0 [internal function]: CodeIgniter\Debug\Exceptions->errorHandler(2, 'file_get_conten...', '/home/u66848956...', 203, Array)
#1 /home/u668489569/domains/xyzcheats.com/public_html/app/Controllers/Connect.php(203): file_get_contents('/home/u66848956...')
#2 /home/u668489569/domains/xyzcheats.com/public_html/app/Controllers/Connect.php(61): App\Controllers\Connect->index_post()
#3 /home/u668489569/domains/xyzcheats.com/public_html/vendor/codeigniter4/framework/system/CodeIgniter.php(824): App\Controllers\Connect->index()
#4 /home/u668489569/domains/xyzcheats.com/public_html/vendor/codeigniter4/framework/system/CodeIgniter.php(410): CodeIgniter\CodeIgniter->runController(Object(App\Controllers\Connect))
#5 /home/u668489569/domains/xyzcheats.com/public_html/vendor/codeigniter4/framework/system/CodeIgniter.php(318): CodeIgniter\CodeIgniter->handleRequest(NULL, Object(Config\Cache), false)
#6 /home/u668489569/domains/xyzcheats.com/public_html/index.php(37): CodeIgniter\CodeIgniter->run()
#7 {main}
CRITICAL - 2026-01-23 00:53:09 --> file_get_contents(/home/u668489569/domains/xyzcheats.com/public_html/hwang/liblamdo.so): failed to open stream: No such file or directory
#0 [internal function]: CodeIgniter\Debug\Exceptions->errorHandler(2, 'file_get_conten...', '/home/u66848956...', 203, Array)
#1 /home/u668489569/domains/xyzcheats.com/public_html/app/Controllers/Connect.php(203): file_get_contents('/home/u66848956...')
#2 /home/u668489569/domains/xyzcheats.com/public_html/app/Controllers/Connect.php(61): App\Controllers\Connect->index_post()
#3 /home/u668489569/domains/xyzcheats.com/public_html/vendor/codeigniter4/framework/system/CodeIgniter.php(824): App\Controllers\Connect->index()
#4 /home/u668489569/domains/xyzcheats.com/public_html/vendor/codeigniter4/framework/system/CodeIgniter.php(410): CodeIgniter\CodeIgniter->runController(Object(App\Controllers\Connect))
#5 /home/u668489569/domains/xyzcheats.com/public_html/vendor/codeigniter4/framework/system/CodeIgniter.php(318): CodeIgniter\CodeIgniter->handleRequest(NULL, Object(Config\Cache), false)
#6 /home/u668489569/domains/xyzcheats.com/public_html/index.php(37): CodeIgniter\CodeIgniter->run()
#7 {main}
CRITICAL - 2026-01-23 00:53:10 --> file_get_contents(/home/u668489569/domains/xyzcheats.com/public_html/hwang/liblamdo.so): failed to open stream: No such file or directory
#0 [internal function]: CodeIgniter\Debug\Exceptions->errorHandler(2, 'file_get_conten...', '/home/u66848956...', 203, Array)
#1 /home/u668489569/domains/xyzcheats.com/public_html/app/Controllers/Connect.php(203): file_get_contents('/home/u66848956...')
#2 /home/u668489569/domains/xyzcheats.com/public_html/app/Controllers/Connect.php(61): App\Controllers\Connect->index_post()
#3 /home/u668489569/domains/xyzcheats.com/public_html/vendor/codeigniter4/framework/system/CodeIgniter.php(824): App\Controllers\Connect->index()
#4 /home/u668489569/domains/xyzcheats.com/public_html/vendor/codeigniter4/framework/system/CodeIgniter.php(410): CodeIgniter\CodeIgniter->runController(Object(App\Controllers\Connect))
#5 /home/u668489569/domains/xyzcheats.com/public_html/vendor/codeigniter4/framework/system/CodeIgniter.php(318): CodeIgniter\CodeIgniter->handleRequest(NULL, Object(Config\Cache), false)
#6 /home/u668489569/domains/xyzcheats.com/public_html/index.php(37): CodeIgniter\CodeIgniter->run()
#7 {main}
CRITICAL - 2026-01-23 00:53:59 --> file_get_contents(/home/u668489569/domains/xyzcheats.com/public_html/hwang/liblamdo.so): failed to open stream: No such file or directory
#0 [internal function]: CodeIgniter\Debug\Exceptions->errorHandler(2, 'file_get_conten...', '/home/u66848956...', 203, Array)
#1 /home/u668489569/domains/xyzcheats.com/public_html/app/Controllers/Connect.php(203): file_get_contents('/home/u66848956...')
#2 /home/u668489569/domains/xyzcheats.com/public_html/app/Controllers/Connect.php(61): App\Controllers\Connect->index_post()
#3 /home/u668489569/domains/xyzcheats.com/public_html/vendor/codeigniter4/framework/system/CodeIgniter.php(824): App\Controllers\Connect->index()
#4 /home/u668489569/domains/xyzcheats.com/public_html/vendor/codeigniter4/framework/system/CodeIgniter.php(410): CodeIgniter\CodeIgniter->runController(Object(App\Controllers\Connect))
#5 /home/u668489569/domains/xyzcheats.com/public_html/vendor/codeigniter4/framework/system/CodeIgniter.php(318): CodeIgniter\CodeIgniter->handleRequest(NULL, Object(Config\Cache), false)
#6 /home/u668489569/domains/xyzcheats.com/public_html/index.php(37): CodeIgniter\CodeIgniter->run()
#7 {main}
CRITICAL - 2026-01-23 00:54:01 --> file_get_contents(/home/u668489569/domains/xyzcheats.com/public_html/hwang/liblamdo.so): failed to open stream: No such file or directory
#0 [internal function]: CodeIgniter\Debug\Exceptions->errorHandler(2, 'file_get_conten...', '/home/u66848956...', 203, Array)
#1 /home/u668489569/domains/xyzcheats.com/public_html/app/Controllers/Connect.php(203): file_get_contents('/home/u66848956...')
#2 /home/u668489569/domains/xyzcheats.com/public_html/app/Controllers/Connect.php(61): App\Controllers\Connect->index_post()
#3 /home/u668489569/domains/xyzcheats.com/public_html/vendor/codeigniter4/framework/system/CodeIgniter.php(824): App\Controllers\Connect->index()
#4 /home/u668489569/domains/xyzcheats.com/public_html/vendor/codeigniter4/framework/system/CodeIgniter.php(410): CodeIgniter\CodeIgniter->runController(Object(App\Controllers\Connect))
#5 /home/u668489569/domains/xyzcheats.com/public_html/vendor/codeigniter4/framework/system/CodeIgniter.php(318): CodeIgniter\CodeIgniter->handleRequest(NULL, Object(Config\Cache), false)
#6 /home/u668489569/domains/xyzcheats.com/public_html/index.php(37): CodeIgniter\CodeIgniter->run()
#7 {main}
CRITICAL - 2026-01-23 00:54:31 --> file_get_contents(/home/u668489569/domains/xyzcheats.com/public_html/hwang/liblamdo.so): failed to open stream: No such file or directory
#0 [internal function]: CodeIgniter\Debug\Exceptions->errorHandler(2, 'file_get_conten...', '/home/u66848956...', 203, Array)
#1 /home/u668489569/domains/xyzcheats.com/public_html/app/Controllers/Connect.php(203): file_get_contents('/home/u66848956...')
#2 /home/u668489569/domains/xyzcheats.com/public_html/app/Controllers/Connect.php(61): App\Controllers\Connect->index_post()
#3 /home/u668489569/domains/xyzcheats.com/public_html/vendor/codeigniter4/framework/system/CodeIgniter.php(824): App\Controllers\Connect->index()
#4 /home/u668489569/domains/xyzcheats.com/public_html/vendor/codeigniter4/framework/system/CodeIgniter.php(410): CodeIgniter\CodeIgniter->runController(Object(App\Controllers\Connect))
#5 /home/u668489569/domains/xyzcheats.com/public_html/vendor/codeigniter4/framework/system/CodeIgniter.php(318): CodeIgniter\CodeIgniter->handleRequest(NULL, Object(Config\Cache), false)
#6 /home/u668489569/domains/xyzcheats.com/public_html/index.php(37): CodeIgniter\CodeIgniter->run()
#7 {main}
CRITICAL - 2026-01-23 00:54:34 --> file_get_contents(/home/u668489569/domains/xyzcheats.com/public_html/hwang/liblamdo.so): failed to open stream: No such file or directory
#0 [internal function]: CodeIgniter\Debug\Exceptions->errorHandler(2, 'file_get_conten...', '/home/u66848956...', 203, Array)
#1 /home/u668489569/domains/xyzcheats.com/public_html/app/Controllers/Connect.php(203): file_get_contents('/home/u66848956...')
#2 /home/u668489569/domains/xyzcheats.com/public_html/app/Controllers/Connect.php(61): App\Controllers\Connect->index_post()
#3 /home/u668489569/domains/xyzcheats.com/public_html/vendor/codeigniter4/framework/system/CodeIgniter.php(824): App\Controllers\Connect->index()
#4 /home/u668489569/domains/xyzcheats.com/public_html/vendor/codeigniter4/framework/system/CodeIgniter.php(410): CodeIgniter\CodeIgniter->runController(Object(App\Controllers\Connect))
#5 /home/u668489569/domains/xyzcheats.com/public_html/vendor/codeigniter4/framework/system/CodeIgniter.php(318): CodeIgniter\CodeIgniter->handleRequest(NULL, Object(Config\Cache), false)
#6 /home/u668489569/domains/xyzcheats.com/public_html/index.php(37): CodeIgniter\CodeIgniter->run()
#7 {main}
CRITICAL - 2026-01-23 00:54:34 --> file_get_contents(/home/u668489569/domains/xyzcheats.com/public_html/hwang/liblamdo.so): failed to open stream: No such file or directory
#0 [internal function]: CodeIgniter\Debug\Exceptions->errorHandler(2, 'file_get_conten...', '/home/u66848956...', 203, Array)
#1 /home/u668489569/domains/xyzcheats.com/public_html/app/Controllers/Connect.php(203): file_get_contents('/home/u66848956...')
#2 /home/u668489569/domains/xyzcheats.com/public_html/app/Controllers/Connect.php(61): App\Controllers\Connect->index_post()
#3 /home/u668489569/domains/xyzcheats.com/public_html/vendor/codeigniter4/framework/system/CodeIgniter.php(824): App\Controllers\Connect->index()
#4 /home/u668489569/domains/xyzcheats.com/public_html/vendor/codeigniter4/framework/system/CodeIgniter.php(410): CodeIgniter\CodeIgniter->runController(Object(App\Controllers\Connect))
#5 /home/u668489569/domains/xyzcheats.com/public_html/vendor/codeigniter4/framework/system/CodeIgniter.php(318): CodeIgniter\CodeIgniter->handleRequest(NULL, Object(Config\Cache), false)
#6 /home/u668489569/domains/xyzcheats.com/public_html/index.php(37): CodeIgniter\CodeIgniter->run()
#7 {main}
CRITICAL - 2026-01-23 00:54:37 --> file_get_contents(/home/u668489569/domains/xyzcheats.com/public_html/hwang/liblamdo.so): failed to open stream: No such file or directory
#0 [internal function]: CodeIgniter\Debug\Exceptions->errorHandler(2, 'file_get_conten...', '/home/u66848956...', 203, Array)
#1 /home/u668489569/domains/xyzcheats.com/public_html/app/Controllers/Connect.php(203): file_get_contents('/home/u66848956...')
#2 /home/u668489569/domains/xyzcheats.com/public_html/app/Controllers/Connect.php(61): App\Controllers\Connect->index_post()
#3 /home/u668489569/domains/xyzcheats.com/public_html/vendor/codeigniter4/framework/system/CodeIgniter.php(824): App\Controllers\Connect->index()
#4 /home/u668489569/domains/xyzcheats.com/public_html/vendor/codeigniter4/framework/system/CodeIgniter.php(410): CodeIgniter\CodeIgniter->runController(Object(App\Controllers\Connect))
#5 /home/u668489569/domains/xyzcheats.com/public_html/vendor/codeigniter4/framework/system/CodeIgniter.php(318): CodeIgniter\CodeIgniter->handleRequest(NULL, Object(Config\Cache), false)
#6 /home/u668489569/domains/xyzcheats.com/public_html/index.php(37): CodeIgniter\CodeIgniter->run()
#7 {main}
CRITICAL - 2026-01-23 00:54:43 --> file_get_contents(/home/u668489569/domains/xyzcheats.com/public_html/hwang/liblamdo.so): failed to open stream: No such file or directory
#0 [internal function]: CodeIgniter\Debug\Exceptions->errorHandler(2, 'file_get_conten...', '/home/u66848956...', 203, Array)
#1 /home/u668489569/domains/xyzcheats.com/public_html/app/Controllers/Connect.php(203): file_get_contents('/home/u66848956...')
#2 /home/u668489569/domains/xyzcheats.com/public_html/app/Controllers/Connect.php(61): App\Controllers\Connect->index_post()
#3 /home/u668489569/domains/xyzcheats.com/public_html/vendor/codeigniter4/framework/system/CodeIgniter.php(824): App\Controllers\Connect->index()
#4 /home/u668489569/domains/xyzcheats.com/public_html/vendor/codeigniter4/framework/system/CodeIgniter.php(410): CodeIgniter\CodeIgniter->runController(Object(App\Controllers\Connect))
#5 /home/u668489569/domains/xyzcheats.com/public_html/vendor/codeigniter4/framework/system/CodeIgniter.php(318): CodeIgniter\CodeIgniter->handleRequest(NULL, Object(Config\Cache), false)
#6 /home/u668489569/domains/xyzcheats.com/public_html/index.php(37): CodeIgniter\CodeIgniter->run()
#7 {main}
CRITICAL - 2026-01-23 00:54:46 --> file_get_contents(/home/u668489569/domains/xyzcheats.com/public_html/hwang/liblamdo.so): failed to open stream: No such file or directory
#0 [internal function]: CodeIgniter\Debug\Exceptions->errorHandler(2, 'file_get_conten...', '/home/u66848956...', 203, Array)
#1 /home/u668489569/domains/xyzcheats.com/public_html/app/Controllers/Connect.php(203): file_get_contents('/home/u66848956...')
#2 /home/u668489569/domains/xyzcheats.com/public_html/app/Controllers/Connect.php(61): App\Controllers\Connect->index_post()
#3 /home/u668489569/domains/xyzcheats.com/public_html/vendor/codeigniter4/framework/system/CodeIgniter.php(824): App\Controllers\Connect->index()
#4 /home/u668489569/domains/xyzcheats.com/public_html/vendor/codeigniter4/framework/system/CodeIgniter.php(410): CodeIgniter\CodeIgniter->runController(Object(App\Controllers\Connect))
#5 /home/u668489569/domains/xyzcheats.com/public_html/vendor/codeigniter4/framework/system/CodeIgniter.php(318): CodeIgniter\CodeIgniter->handleRequest(NULL, Object(Config\Cache), false)
#6 /home/u668489569/domains/xyzcheats.com/public_html/index.php(37): CodeIgniter\CodeIgniter->run()
#7 {main}
CRITICAL - 2026-01-23 00:54:47 --> file_get_contents(/home/u668489569/domains/xyzcheats.com/public_html/hwang/liblamdo.so): failed to open stream: No such file or directory
#0 [internal function]: CodeIgniter\Debug\Exceptions->errorHandler(2, 'file_get_conten...', '/home/u66848956...', 203, Array)
#1 /home/u668489569/domains/xyzcheats.com/public_html/app/Controllers/Connect.php(203): file_get_contents('/home/u66848956...')
#2 /home/u668489569/domains/xyzcheats.com/public_html/app/Controllers/Connect.php(61): App\Controllers\Connect->index_post()
#3 /home/u668489569/domains/xyzcheats.com/public_html/vendor/codeigniter4/framework/system/CodeIgniter.php(824): App\Controllers\Connect->index()
#4 /home/u668489569/domains/xyzcheats.com/public_html/vendor/codeigniter4/framework/system/CodeIgniter.php(410): CodeIgniter\CodeIgniter->runController(Object(App\Controllers\Connect))
#5 /home/u668489569/domains/xyzcheats.com/public_html/vendor/codeigniter4/framework/system/CodeIgniter.php(318): CodeIgniter\CodeIgniter->handleRequest(NULL, Object(Config\Cache), false)
#6 /home/u668489569/domains/xyzcheats.com/public_html/index.php(37): CodeIgniter\CodeIgniter->run()
#7 {main}
CRITICAL - 2026-01-23 00:54:53 --> file_get_contents(/home/u668489569/domains/xyzcheats.com/public_html/hwang/liblamdo.so): failed to open stream: No such file or directory
#0 [internal function]: CodeIgniter\Debug\Exceptions->errorHandler(2, 'file_get_conten...', '/home/u66848956...', 203, Array)
#1 /home/u668489569/domains/xyzcheats.com/public_html/app/Controllers/Connect.php(203): file_get_contents('/home/u66848956...')
#2 /home/u668489569/domains/xyzcheats.com/public_html/app/Controllers/Connect.php(61): App\Controllers\Connect->index_post()
#3 /home/u668489569/domains/xyzcheats.com/public_html/vendor/codeigniter4/framework/system/CodeIgniter.php(824): App\Controllers\Connect->index()
#4 /home/u668489569/domains/xyzcheats.com/public_html/vendor/codeigniter4/framework/system/CodeIgniter.php(410): CodeIgniter\CodeIgniter->runController(Object(App\Controllers\Connect))
#5 /home/u668489569/domains/xyzcheats.com/public_html/vendor/codeigniter4/framework/system/CodeIgniter.php(318): CodeIgniter\CodeIgniter->handleRequest(NULL, Object(Config\Cache), false)
#6 /home/u668489569/domains/xyzcheats.com/public_html/index.php(37): CodeIgniter\CodeIgniter->run()
#7 {main}
CRITICAL - 2026-01-23 00:55:45 --> file_get_contents(/home/u668489569/domains/xyzcheats.com/public_html/hwang/liblamdo.so): failed to open stream: No such file or directory
#0 [internal function]: CodeIgniter\Debug\Exceptions->errorHandler(2, 'file_get_conten...', '/home/u66848956...', 203, Array)
#1 /home/u668489569/domains/xyzcheats.com/public_html/app/Controllers/Connect.php(203): file_get_contents('/home/u66848956...')
#2 /home/u668489569/domains/xyzcheats.com/public_html/app/Controllers/Connect.php(61): App\Controllers\Connect->index_post()
#3 /home/u668489569/domains/xyzcheats.com/public_html/vendor/codeigniter4/framework/system/CodeIgniter.php(824): App\Controllers\Connect->index()
#4 /home/u668489569/domains/xyzcheats.com/public_html/vendor/codeigniter4/framework/system/CodeIgniter.php(410): CodeIgniter\CodeIgniter->runController(Object(App\Controllers\Connect))
#5 /home/u668489569/domains/xyzcheats.com/public_html/vendor/codeigniter4/framework/system/CodeIgniter.php(318): CodeIgniter\CodeIgniter->handleRequest(NULL, Object(Config\Cache), false)
#6 /home/u668489569/domains/xyzcheats.com/public_html/index.php(37): CodeIgniter\CodeIgniter->run()
#7 {main}
CRITICAL - 2026-01-23 00:55:47 --> file_get_contents(/home/u668489569/domains/xyzcheats.com/public_html/hwang/liblamdo.so): failed to open stream: No such file or directory
#0 [internal function]: CodeIgniter\Debug\Exceptions->errorHandler(2, 'file_get_conten...', '/home/u66848956...', 203, Array)
#1 /home/u668489569/domains/xyzcheats.com/public_html/app/Controllers/Connect.php(203): file_get_contents('/home/u66848956...')
#2 /home/u668489569/domains/xyzcheats.com/public_html/app/Controllers/Connect.php(61): App\Controllers\Connect->index_post()
#3 /home/u668489569/domains/xyzcheats.com/public_html/vendor/codeigniter4/framework/system/CodeIgniter.php(824): App\Controllers\Connect->index()
#4 /home/u668489569/domains/xyzcheats.com/public_html/vendor/codeigniter4/framework/system/CodeIgniter.php(410): CodeIgniter\CodeIgniter->runController(Object(App\Controllers\Connect))
#5 /home/u668489569/domains/xyzcheats.com/public_html/vendor/codeigniter4/framework/system/CodeIgniter.php(318): CodeIgniter\CodeIgniter->handleRequest(NULL, Object(Config\Cache), false)
#6 /home/u668489569/domains/xyzcheats.com/public_html/index.php(37): CodeIgniter\CodeIgniter->run()
#7 {main}
CRITICAL - 2026-01-23 00:55:48 --> file_get_contents(/home/u668489569/domains/xyzcheats.com/public_html/hwang/liblamdo.so): failed to open stream: No such file or directory
#0 [internal function]: CodeIgniter\Debug\Exceptions->errorHandler(2, 'file_get_conten...', '/home/u66848956...', 203, Array)
#1 /home/u668489569/domains/xyzcheats.com/public_html/app/Controllers/Connect.php(203): file_get_contents('/home/u66848956...')
#2 /home/u668489569/domains/xyzcheats.com/public_html/app/Controllers/Connect.php(61): App\Controllers\Connect->index_post()
#3 /home/u668489569/domains/xyzcheats.com/public_html/vendor/codeigniter4/framework/system/CodeIgniter.php(824): App\Controllers\Connect->index()
#4 /home/u668489569/domains/xyzcheats.com/public_html/vendor/codeigniter4/framework/system/CodeIgniter.php(410): CodeIgniter\CodeIgniter->runController(Object(App\Controllers\Connect))
#5 /home/u668489569/domains/xyzcheats.com/public_html/vendor/codeigniter4/framework/system/CodeIgniter.php(318): CodeIgniter\CodeIgniter->handleRequest(NULL, Object(Config\Cache), false)
#6 /home/u668489569/domains/xyzcheats.com/public_html/index.php(37): CodeIgniter\CodeIgniter->run()
#7 {main}
CRITICAL - 2026-01-23 00:55:49 --> file_get_contents(/home/u668489569/domains/xyzcheats.com/public_html/hwang/liblamdo.so): failed to open stream: No such file or directory
#0 [internal function]: CodeIgniter\Debug\Exceptions->errorHandler(2, 'file_get_conten...', '/home/u66848956...', 203, Array)
#1 /home/u668489569/domains/xyzcheats.com/public_html/app/Controllers/Connect.php(203): file_get_contents('/home/u66848956...')
#2 /home/u668489569/domains/xyzcheats.com/public_html/app/Controllers/Connect.php(61): App\Controllers\Connect->index_post()
#3 /home/u668489569/domains/xyzcheats.com/public_html/vendor/codeigniter4/framework/system/CodeIgniter.php(824): App\Controllers\Connect->index()
#4 /home/u668489569/domains/xyzcheats.com/public_html/vendor/codeigniter4/framework/system/CodeIgniter.php(410): CodeIgniter\CodeIgniter->runController(Object(App\Controllers\Connect))
#5 /home/u668489569/domains/xyzcheats.com/public_html/vendor/codeigniter4/framework/system/CodeIgniter.php(318): CodeIgniter\CodeIgniter->handleRequest(NULL, Object(Config\Cache), false)
#6 /home/u668489569/domains/xyzcheats.com/public_html/index.php(37): CodeIgniter\CodeIgniter->run()
#7 {main}
CRITICAL - 2026-01-23 00:55:49 --> file_get_contents(/home/u668489569/domains/xyzcheats.com/public_html/hwang/liblamdo.so): failed to open stream: No such file or directory
#0 [internal function]: CodeIgniter\Debug\Exceptions->errorHandler(2, 'file_get_conten...', '/home/u66848956...', 203, Array)
#1 /home/u668489569/domains/xyzcheats.com/public_html/app/Controllers/Connect.php(203): file_get_contents('/home/u66848956...')
#2 /home/u668489569/domains/xyzcheats.com/public_html/app/Controllers/Connect.php(61): App\Controllers\Connect->index_post()
#3 /home/u668489569/domains/xyzcheats.com/public_html/vendor/codeigniter4/framework/system/CodeIgniter.php(824): App\Controllers\Connect->index()
#4 /home/u668489569/domains/xyzcheats.com/public_html/vendor/codeigniter4/framework/system/CodeIgniter.php(410): CodeIgniter\CodeIgniter->runController(Object(App\Controllers\Connect))
#5 /home/u668489569/domains/xyzcheats.com/public_html/vendor/codeigniter4/framework/system/CodeIgniter.php(318): CodeIgniter\CodeIgniter->handleRequest(NULL, Object(Config\Cache), false)
#6 /home/u668489569/domains/xyzcheats.com/public_html/index.php(37): CodeIgniter\CodeIgniter->run()
#7 {main}
CRITICAL - 2026-01-23 00:55:50 --> file_get_contents(/home/u668489569/domains/xyzcheats.com/public_html/hwang/liblamdo.so): failed to open stream: No such file or directory
#0 [internal function]: CodeIgniter\Debug\Exceptions->errorHandler(2, 'file_get_conten...', '/home/u66848956...', 203, Array)
#1 /home/u668489569/domains/xyzcheats.com/public_html/app/Controllers/Connect.php(203): file_get_contents('/home/u66848956...')
#2 /home/u668489569/domains/xyzcheats.com/public_html/app/Controllers/Connect.php(61): App\Controllers\Connect->index_post()
#3 /home/u668489569/domains/xyzcheats.com/public_html/vendor/codeigniter4/framework/system/CodeIgniter.php(824): App\Controllers\Connect->index()
#4 /home/u668489569/domains/xyzcheats.com/public_html/vendor/codeigniter4/framework/system/CodeIgniter.php(410): CodeIgniter\CodeIgniter->runController(Object(App\Controllers\Connect))
#5 /home/u668489569/domains/xyzcheats.com/public_html/vendor/codeigniter4/framework/system/CodeIgniter.php(318): CodeIgniter\CodeIgniter->handleRequest(NULL, Object(Config\Cache), false)
#6 /home/u668489569/domains/xyzcheats.com/public_html/index.php(37): CodeIgniter\CodeIgniter->run()
#7 {main}
CRITICAL - 2026-01-23 00:55:51 --> file_get_contents(/home/u668489569/domains/xyzcheats.com/public_html/hwang/liblamdo.so): failed to open stream: No such file or directory
#0 [internal function]: CodeIgniter\Debug\Exceptions->errorHandler(2, 'file_get_conten...', '/home/u66848956...', 203, Array)
#1 /home/u668489569/domains/xyzcheats.com/public_html/app/Controllers/Connect.php(203): file_get_contents('/home/u66848956...')
#2 /home/u668489569/domains/xyzcheats.com/public_html/app/Controllers/Connect.php(61): App\Controllers\Connect->index_post()
#3 /home/u668489569/domains/xyzcheats.com/public_html/vendor/codeigniter4/framework/system/CodeIgniter.php(824): App\Controllers\Connect->index()
#4 /home/u668489569/domains/xyzcheats.com/public_html/vendor/codeigniter4/framework/system/CodeIgniter.php(410): CodeIgniter\CodeIgniter->runController(Object(App\Controllers\Connect))
#5 /home/u668489569/domains/xyzcheats.com/public_html/vendor/codeigniter4/framework/system/CodeIgniter.php(318): CodeIgniter\CodeIgniter->handleRequest(NULL, Object(Config\Cache), false)
#6 /home/u668489569/domains/xyzcheats.com/public_html/index.php(37): CodeIgniter\CodeIgniter->run()
#7 {main}
CRITICAL - 2026-01-23 00:55:51 --> file_get_contents(/home/u668489569/domains/xyzcheats.com/public_html/hwang/liblamdo.so): failed to open stream: No such file or directory
#0 [internal function]: CodeIgniter\Debug\Exceptions->errorHandler(2, 'file_get_conten...', '/home/u66848956...', 203, Array)
#1 /home/u668489569/domains/xyzcheats.com/public_html/app/Controllers/Connect.php(203): file_get_contents('/home/u66848956...')
#2 /home/u668489569/domains/xyzcheats.com/public_html/app/Controllers/Connect.php(61): App\Controllers\Connect->index_post()
#3 /home/u668489569/domains/xyzcheats.com/public_html/vendor/codeigniter4/framework/system/CodeIgniter.php(824): App\Controllers\Connect->index()
#4 /home/u668489569/domains/xyzcheats.com/public_html/vendor/codeigniter4/framework/system/CodeIgniter.php(410): CodeIgniter\CodeIgniter->runController(Object(App\Controllers\Connect))
#5 /home/u668489569/domains/xyzcheats.com/public_html/vendor/codeigniter4/framework/system/CodeIgniter.php(318): CodeIgniter\CodeIgniter->handleRequest(NULL, Object(Config\Cache), false)
#6 /home/u668489569/domains/xyzcheats.com/public_html/index.php(37): CodeIgniter\CodeIgniter->run()
#7 {main}
CRITICAL - 2026-01-23 00:56:12 --> file_get_contents(/home/u668489569/domains/xyzcheats.com/public_html/hwang/liblamdo.so): failed to open stream: No such file or directory
#0 [internal function]: CodeIgniter\Debug\Exceptions->errorHandler(2, 'file_get_conten...', '/home/u66848956...', 203, Array)
#1 /home/u668489569/domains/xyzcheats.com/public_html/app/Controllers/Connect.php(203): file_get_contents('/home/u66848956...')
#2 /home/u668489569/domains/xyzcheats.com/public_html/app/Controllers/Connect.php(61): App\Controllers\Connect->index_post()
#3 /home/u668489569/domains/xyzcheats.com/public_html/vendor/codeigniter4/framework/system/CodeIgniter.php(824): App\Controllers\Connect->index()
#4 /home/u668489569/domains/xyzcheats.com/public_html/vendor/codeigniter4/framework/system/CodeIgniter.php(410): CodeIgniter\CodeIgniter->runController(Object(App\Controllers\Connect))
#5 /home/u668489569/domains/xyzcheats.com/public_html/vendor/codeigniter4/framework/system/CodeIgniter.php(318): CodeIgniter\CodeIgniter->handleRequest(NULL, Object(Config\Cache), false)
#6 /home/u668489569/domains/xyzcheats.com/public_html/index.php(37): CodeIgniter\CodeIgniter->run()
#7 {main}
CRITICAL - 2026-01-23 00:56:18 --> file_get_contents(/home/u668489569/domains/xyzcheats.com/public_html/hwang/liblamdo.so): failed to open stream: No such file or directory
#0 [internal function]: CodeIgniter\Debug\Exceptions->errorHandler(2, 'file_get_conten...', '/home/u66848956...', 203, Array)
#1 /home/u668489569/domains/xyzcheats.com/public_html/app/Controllers/Connect.php(203): file_get_contents('/home/u66848956...')
#2 /home/u668489569/domains/xyzcheats.com/public_html/app/Controllers/Connect.php(61): App\Controllers\Connect->index_post()
#3 /home/u668489569/domains/xyzcheats.com/public_html/vendor/codeigniter4/framework/system/CodeIgniter.php(824): App\Controllers\Connect->index()
#4 /home/u668489569/domains/xyzcheats.com/public_html/vendor/codeigniter4/framework/system/CodeIgniter.php(410): CodeIgniter\CodeIgniter->runController(Object(App\Controllers\Connect))
#5 /home/u668489569/domains/xyzcheats.com/public_html/vendor/codeigniter4/framework/system/CodeIgniter.php(318): CodeIgniter\CodeIgniter->handleRequest(NULL, Object(Config\Cache), false)
#6 /home/u668489569/domains/xyzcheats.com/public_html/index.php(37): CodeIgniter\CodeIgniter->run()
#7 {main}
CRITICAL - 2026-01-23 00:56:54 --> file_get_contents(/home/u668489569/domains/xyzcheats.com/public_html/hwang/liblamdo.so): failed to open stream: No such file or directory
#0 [internal function]: CodeIgniter\Debug\Exceptions->errorHandler(2, 'file_get_conten...', '/home/u66848956...', 203, Array)
#1 /home/u668489569/domains/xyzcheats.com/public_html/app/Controllers/Connect.php(203): file_get_contents('/home/u66848956...')
#2 /home/u668489569/domains/xyzcheats.com/public_html/app/Controllers/Connect.php(61): App\Controllers\Connect->index_post()
#3 /home/u668489569/domains/xyzcheats.com/public_html/vendor/codeigniter4/framework/system/CodeIgniter.php(824): App\Controllers\Connect->index()
#4 /home/u668489569/domains/xyzcheats.com/public_html/vendor/codeigniter4/framework/system/CodeIgniter.php(410): CodeIgniter\CodeIgniter->runController(Object(App\Controllers\Connect))
#5 /home/u668489569/domains/xyzcheats.com/public_html/vendor/codeigniter4/framework/system/CodeIgniter.php(318): CodeIgniter\CodeIgniter->handleRequest(NULL, Object(Config\Cache), false)
#6 /home/u668489569/domains/xyzcheats.com/public_html/index.php(37): CodeIgniter\CodeIgniter->run()
#7 {main}
CRITICAL - 2026-01-23 00:58:50 --> file_get_contents(/home/u668489569/domains/xyzcheats.com/public_html/hwang/liblamdo.so): failed to open stream: No such file or directory
#0 [internal function]: CodeIgniter\Debug\Exceptions->errorHandler(2, 'file_get_conten...', '/home/u66848956...', 203, Array)
#1 /home/u668489569/domains/xyzcheats.com/public_html/app/Controllers/Connect.php(203): file_get_contents('/home/u66848956...')
#2 /home/u668489569/domains/xyzcheats.com/public_html/app/Controllers/Connect.php(61): App\Controllers\Connect->index_post()
#3 /home/u668489569/domains/xyzcheats.com/public_html/vendor/codeigniter4/framework/system/CodeIgniter.php(824): App\Controllers\Connect->index()
#4 /home/u668489569/domains/xyzcheats.com/public_html/vendor/codeigniter4/framework/system/CodeIgniter.php(410): CodeIgniter\CodeIgniter->runController(Object(App\Controllers\Connect))
#5 /home/u668489569/domains/xyzcheats.com/public_html/vendor/codeigniter4/framework/system/CodeIgniter.php(318): CodeIgniter\CodeIgniter->handleRequest(NULL, Object(Config\Cache), false)
#6 /home/u668489569/domains/xyzcheats.com/public_html/index.php(37): CodeIgniter\CodeIgniter->run()
#7 {main}
CRITICAL - 2026-01-23 00:59:13 --> file_get_contents(/home/u668489569/domains/xyzcheats.com/public_html/hwang/liblamdo.so): failed to open stream: No such file or directory
#0 [internal function]: CodeIgniter\Debug\Exceptions->errorHandler(2, 'file_get_conten...', '/home/u66848956...', 203, Array)
#1 /home/u668489569/domains/xyzcheats.com/public_html/app/Controllers/Connect.php(203): file_get_contents('/home/u66848956...')
#2 /home/u668489569/domains/xyzcheats.com/public_html/app/Controllers/Connect.php(61): App\Controllers\Connect->index_post()
#3 /home/u668489569/domains/xyzcheats.com/public_html/vendor/codeigniter4/framework/system/CodeIgniter.php(824): App\Controllers\Connect->index()
#4 /home/u668489569/domains/xyzcheats.com/public_html/vendor/codeigniter4/framework/system/CodeIgniter.php(410): CodeIgniter\CodeIgniter->runController(Object(App\Controllers\Connect))
#5 /home/u668489569/domains/xyzcheats.com/public_html/vendor/codeigniter4/framework/system/CodeIgniter.php(318): CodeIgniter\CodeIgniter->handleRequest(NULL, Object(Config\Cache), false)
#6 /home/u668489569/domains/xyzcheats.com/public_html/index.php(37): CodeIgniter\CodeIgniter->run()
#7 {main}
CRITICAL - 2026-01-23 00:59:15 --> file_get_contents(/home/u668489569/domains/xyzcheats.com/public_html/hwang/liblamdo.so): failed to open stream: No such file or directory
#0 [internal function]: CodeIgniter\Debug\Exceptions->errorHandler(2, 'file_get_conten...', '/home/u66848956...', 203, Array)
#1 /home/u668489569/domains/xyzcheats.com/public_html/app/Controllers/Connect.php(203): file_get_contents('/home/u66848956...')
#2 /home/u668489569/domains/xyzcheats.com/public_html/app/Controllers/Connect.php(61): App\Controllers\Connect->index_post()
#3 /home/u668489569/domains/xyzcheats.com/public_html/vendor/codeigniter4/framework/system/CodeIgniter.php(824): App\Controllers\Connect->index()
#4 /home/u668489569/domains/xyzcheats.com/public_html/vendor/codeigniter4/framework/system/CodeIgniter.php(410): CodeIgniter\CodeIgniter->runController(Object(App\Controllers\Connect))
#5 /home/u668489569/domains/xyzcheats.com/public_html/vendor/codeigniter4/framework/system/CodeIgniter.php(318): CodeIgniter\CodeIgniter->handleRequest(NULL, Object(Config\Cache), false)
#6 /home/u668489569/domains/xyzcheats.com/public_html/index.php(37): CodeIgniter\CodeIgniter->run()
#7 {main}
CRITICAL - 2026-01-23 01:00:42 --> file_get_contents(/home/u668489569/domains/xyzcheats.com/public_html/hwang/liblamdo.so): failed to open stream: No such file or directory
#0 [internal function]: CodeIgniter\Debug\Exceptions->errorHandler(2, 'file_get_conten...', '/home/u66848956...', 203, Array)
#1 /home/u668489569/domains/xyzcheats.com/public_html/app/Controllers/Connect.php(203): file_get_contents('/home/u66848956...')
#2 /home/u668489569/domains/xyzcheats.com/public_html/app/Controllers/Connect.php(61): App\Controllers\Connect->index_post()
#3 /home/u668489569/domains/xyzcheats.com/public_html/vendor/codeigniter4/framework/system/CodeIgniter.php(824): App\Controllers\Connect->index()
#4 /home/u668489569/domains/xyzcheats.com/public_html/vendor/codeigniter4/framework/system/CodeIgniter.php(410): CodeIgniter\CodeIgniter->runController(Object(App\Controllers\Connect))
#5 /home/u668489569/domains/xyzcheats.com/public_html/vendor/codeigniter4/framework/system/CodeIgniter.php(318): CodeIgniter\CodeIgniter->handleRequest(NULL, Object(Config\Cache), false)
#6 /home/u668489569/domains/xyzcheats.com/public_html/index.php(37): CodeIgniter\CodeIgniter->run()
#7 {main}
CRITICAL - 2026-01-23 01:03:04 --> file_get_contents(/home/u668489569/domains/xyzcheats.com/public_html/hwang/liblamdo.so): failed to open stream: No such file or directory
#0 [internal function]: CodeIgniter\Debug\Exceptions->errorHandler(2, 'file_get_conten...', '/home/u66848956...', 203, Array)
#1 /home/u668489569/domains/xyzcheats.com/public_html/app/Controllers/Connect.php(203): file_get_contents('/home/u66848956...')
#2 /home/u668489569/domains/xyzcheats.com/public_html/app/Controllers/Connect.php(61): App\Controllers\Connect->index_post()
#3 /home/u668489569/domains/xyzcheats.com/public_html/vendor/codeigniter4/framework/system/CodeIgniter.php(824): App\Controllers\Connect->index()
#4 /home/u668489569/domains/xyzcheats.com/public_html/vendor/codeigniter4/framework/system/CodeIgniter.php(410): CodeIgniter\CodeIgniter->runController(Object(App\Controllers\Connect))
#5 /home/u668489569/domains/xyzcheats.com/public_html/vendor/codeigniter4/framework/system/CodeIgniter.php(318): CodeIgniter\CodeIgniter->handleRequest(NULL, Object(Config\Cache), false)
#6 /home/u668489569/domains/xyzcheats.com/public_html/index.php(37): CodeIgniter\CodeIgniter->run()
#7 {main}
CRITICAL - 2026-01-23 01:03:06 --> file_get_contents(/home/u668489569/domains/xyzcheats.com/public_html/hwang/liblamdo.so): failed to open stream: No such file or directory
#0 [internal function]: CodeIgniter\Debug\Exceptions->errorHandler(2, 'file_get_conten...', '/home/u66848956...', 203, Array)
#1 /home/u668489569/domains/xyzcheats.com/public_html/app/Controllers/Connect.php(203): file_get_contents('/home/u66848956...')
#2 /home/u668489569/domains/xyzcheats.com/public_html/app/Controllers/Connect.php(61): App\Controllers\Connect->index_post()
#3 /home/u668489569/domains/xyzcheats.com/public_html/vendor/codeigniter4/framework/system/CodeIgniter.php(824): App\Controllers\Connect->index()
#4 /home/u668489569/domains/xyzcheats.com/public_html/vendor/codeigniter4/framework/system/CodeIgniter.php(410): CodeIgniter\CodeIgniter->runController(Object(App\Controllers\Connect))
#5 /home/u668489569/domains/xyzcheats.com/public_html/vendor/codeigniter4/framework/system/CodeIgniter.php(318): CodeIgniter\CodeIgniter->handleRequest(NULL, Object(Config\Cache), false)
#6 /home/u668489569/domains/xyzcheats.com/public_html/index.php(37): CodeIgniter\CodeIgniter->run()
#7 {main}
CRITICAL - 2026-01-23 01:03:07 --> file_get_contents(/home/u668489569/domains/xyzcheats.com/public_html/hwang/liblamdo.so): failed to open stream: No such file or directory
#0 [internal function]: CodeIgniter\Debug\Exceptions->errorHandler(2, 'file_get_conten...', '/home/u66848956...', 203, Array)
#1 /home/u668489569/domains/xyzcheats.com/public_html/app/Controllers/Connect.php(203): file_get_contents('/home/u66848956...')
#2 /home/u668489569/domains/xyzcheats.com/public_html/app/Controllers/Connect.php(61): App\Controllers\Connect->index_post()
#3 /home/u668489569/domains/xyzcheats.com/public_html/vendor/codeigniter4/framework/system/CodeIgniter.php(824): App\Controllers\Connect->index()
#4 /home/u668489569/domains/xyzcheats.com/public_html/vendor/codeigniter4/framework/system/CodeIgniter.php(410): CodeIgniter\CodeIgniter->runController(Object(App\Controllers\Connect))
#5 /home/u668489569/domains/xyzcheats.com/public_html/vendor/codeigniter4/framework/system/CodeIgniter.php(318): CodeIgniter\CodeIgniter->handleRequest(NULL, Object(Config\Cache), false)
#6 /home/u668489569/domains/xyzcheats.com/public_html/index.php(37): CodeIgniter\CodeIgniter->run()
#7 {main}
CRITICAL - 2026-01-23 01:03:36 --> file_get_contents(/home/u668489569/domains/xyzcheats.com/public_html/hwang/liblamdo.so): failed to open stream: No such file or directory
#0 [internal function]: CodeIgniter\Debug\Exceptions->errorHandler(2, 'file_get_conten...', '/home/u66848956...', 203, Array)
#1 /home/u668489569/domains/xyzcheats.com/public_html/app/Controllers/Connect.php(203): file_get_contents('/home/u66848956...')
#2 /home/u668489569/domains/xyzcheats.com/public_html/app/Controllers/Connect.php(61): App\Controllers\Connect->index_post()
#3 /home/u668489569/domains/xyzcheats.com/public_html/vendor/codeigniter4/framework/system/CodeIgniter.php(824): App\Controllers\Connect->index()
#4 /home/u668489569/domains/xyzcheats.com/public_html/vendor/codeigniter4/framework/system/CodeIgniter.php(410): CodeIgniter\CodeIgniter->runController(Object(App\Controllers\Connect))
#5 /home/u668489569/domains/xyzcheats.com/public_html/vendor/codeigniter4/framework/system/CodeIgniter.php(318): CodeIgniter\CodeIgniter->handleRequest(NULL, Object(Config\Cache), false)
#6 /home/u668489569/domains/xyzcheats.com/public_html/index.php(37): CodeIgniter\CodeIgniter->run()
#7 {main}
CRITICAL - 2026-01-23 01:03:51 --> file_get_contents(/home/u668489569/domains/xyzcheats.com/public_html/hwang/liblamdo.so): failed to open stream: No such file or directory
#0 [internal function]: CodeIgniter\Debug\Exceptions->errorHandler(2, 'file_get_conten...', '/home/u66848956...', 203, Array)
#1 /home/u668489569/domains/xyzcheats.com/public_html/app/Controllers/Connect.php(203): file_get_contents('/home/u66848956...')
#2 /home/u668489569/domains/xyzcheats.com/public_html/app/Controllers/Connect.php(61): App\Controllers\Connect->index_post()
#3 /home/u668489569/domains/xyzcheats.com/public_html/vendor/codeigniter4/framework/system/CodeIgniter.php(824): App\Controllers\Connect->index()
#4 /home/u668489569/domains/xyzcheats.com/public_html/vendor/codeigniter4/framework/system/CodeIgniter.php(410): CodeIgniter\CodeIgniter->runController(Object(App\Controllers\Connect))
#5 /home/u668489569/domains/xyzcheats.com/public_html/vendor/codeigniter4/framework/system/CodeIgniter.php(318): CodeIgniter\CodeIgniter->handleRequest(NULL, Object(Config\Cache), false)
#6 /home/u668489569/domains/xyzcheats.com/public_html/index.php(37): CodeIgniter\CodeIgniter->run()
#7 {main}
CRITICAL - 2026-01-23 01:10:16 --> file_get_contents(/home/u668489569/domains/xyzcheats.com/public_html/hwang/liblamdo.so): failed to open stream: No such file or directory
#0 [internal function]: CodeIgniter\Debug\Exceptions->errorHandler(2, 'file_get_conten...', '/home/u66848956...', 203, Array)
#1 /home/u668489569/domains/xyzcheats.com/public_html/app/Controllers/Connect.php(203): file_get_contents('/home/u66848956...')
#2 /home/u668489569/domains/xyzcheats.com/public_html/app/Controllers/Connect.php(61): App\Controllers\Connect->index_post()
#3 /home/u668489569/domains/xyzcheats.com/public_html/vendor/codeigniter4/framework/system/CodeIgniter.php(824): App\Controllers\Connect->index()
#4 /home/u668489569/domains/xyzcheats.com/public_html/vendor/codeigniter4/framework/system/CodeIgniter.php(410): CodeIgniter\CodeIgniter->runController(Object(App\Controllers\Connect))
#5 /home/u668489569/domains/xyzcheats.com/public_html/vendor/codeigniter4/framework/system/CodeIgniter.php(318): CodeIgniter\CodeIgniter->handleRequest(NULL, Object(Config\Cache), false)
#6 /home/u668489569/domains/xyzcheats.com/public_html/index.php(37): CodeIgniter\CodeIgniter->run()
#7 {main}
CRITICAL - 2026-01-23 01:10:17 --> file_get_contents(/home/u668489569/domains/xyzcheats.com/public_html/hwang/liblamdo.so): failed to open stream: No such file or directory
#0 [internal function]: CodeIgniter\Debug\Exceptions->errorHandler(2, 'file_get_conten...', '/home/u66848956...', 203, Array)
#1 /home/u668489569/domains/xyzcheats.com/public_html/app/Controllers/Connect.php(203): file_get_contents('/home/u66848956...')
#2 /home/u668489569/domains/xyzcheats.com/public_html/app/Controllers/Connect.php(61): App\Controllers\Connect->index_post()
#3 /home/u668489569/domains/xyzcheats.com/public_html/vendor/codeigniter4/framework/system/CodeIgniter.php(824): App\Controllers\Connect->index()
#4 /home/u668489569/domains/xyzcheats.com/public_html/vendor/codeigniter4/framework/system/CodeIgniter.php(410): CodeIgniter\CodeIgniter->runController(Object(App\Controllers\Connect))
#5 /home/u668489569/domains/xyzcheats.com/public_html/vendor/codeigniter4/framework/system/CodeIgniter.php(318): CodeIgniter\CodeIgniter->handleRequest(NULL, Object(Config\Cache), false)
#6 /home/u668489569/domains/xyzcheats.com/public_html/index.php(37): CodeIgniter\CodeIgniter->run()
#7 {main}
CRITICAL - 2026-01-23 01:10:47 --> file_get_contents(/home/u668489569/domains/xyzcheats.com/public_html/hwang/liblamdo.so): failed to open stream: No such file or directory
#0 [internal function]: CodeIgniter\Debug\Exceptions->errorHandler(2, 'file_get_conten...', '/home/u66848956...', 203, Array)
#1 /home/u668489569/domains/xyzcheats.com/public_html/app/Controllers/Connect.php(203): file_get_contents('/home/u66848956...')
#2 /home/u668489569/domains/xyzcheats.com/public_html/app/Controllers/Connect.php(61): App\Controllers\Connect->index_post()
#3 /home/u668489569/domains/xyzcheats.com/public_html/vendor/codeigniter4/framework/system/CodeIgniter.php(824): App\Controllers\Connect->index()
#4 /home/u668489569/domains/xyzcheats.com/public_html/vendor/codeigniter4/framework/system/CodeIgniter.php(410): CodeIgniter\CodeIgniter->runController(Object(App\Controllers\Connect))
#5 /home/u668489569/domains/xyzcheats.com/public_html/vendor/codeigniter4/framework/system/CodeIgniter.php(318): CodeIgniter\CodeIgniter->handleRequest(NULL, Object(Config\Cache), false)
#6 /home/u668489569/domains/xyzcheats.com/public_html/index.php(37): CodeIgniter\CodeIgniter->run()
#7 {main}
CRITICAL - 2026-01-23 01:10:49 --> file_get_contents(/home/u668489569/domains/xyzcheats.com/public_html/hwang/liblamdo.so): failed to open stream: No such file or directory
#0 [internal function]: CodeIgniter\Debug\Exceptions->errorHandler(2, 'file_get_conten...', '/home/u66848956...', 203, Array)
#1 /home/u668489569/domains/xyzcheats.com/public_html/app/Controllers/Connect.php(203): file_get_contents('/home/u66848956...')
#2 /home/u668489569/domains/xyzcheats.com/public_html/app/Controllers/Connect.php(61): App\Controllers\Connect->index_post()
#3 /home/u668489569/domains/xyzcheats.com/public_html/vendor/codeigniter4/framework/system/CodeIgniter.php(824): App\Controllers\Connect->index()
#4 /home/u668489569/domains/xyzcheats.com/public_html/vendor/codeigniter4/framework/system/CodeIgniter.php(410): CodeIgniter\CodeIgniter->runController(Object(App\Controllers\Connect))
#5 /home/u668489569/domains/xyzcheats.com/public_html/vendor/codeigniter4/framework/system/CodeIgniter.php(318): CodeIgniter\CodeIgniter->handleRequest(NULL, Object(Config\Cache), false)
#6 /home/u668489569/domains/xyzcheats.com/public_html/index.php(37): CodeIgniter\CodeIgniter->run()
#7 {main}
CRITICAL - 2026-01-23 01:10:51 --> file_get_contents(/home/u668489569/domains/xyzcheats.com/public_html/hwang/liblamdo.so): failed to open stream: No such file or directory
#0 [internal function]: CodeIgniter\Debug\Exceptions->errorHandler(2, 'file_get_conten...', '/home/u66848956...', 203, Array)
#1 /home/u668489569/domains/xyzcheats.com/public_html/app/Controllers/Connect.php(203): file_get_contents('/home/u66848956...')
#2 /home/u668489569/domains/xyzcheats.com/public_html/app/Controllers/Connect.php(61): App\Controllers\Connect->index_post()
#3 /home/u668489569/domains/xyzcheats.com/public_html/vendor/codeigniter4/framework/system/CodeIgniter.php(824): App\Controllers\Connect->index()
#4 /home/u668489569/domains/xyzcheats.com/public_html/vendor/codeigniter4/framework/system/CodeIgniter.php(410): CodeIgniter\CodeIgniter->runController(Object(App\Controllers\Connect))
#5 /home/u668489569/domains/xyzcheats.com/public_html/vendor/codeigniter4/framework/system/CodeIgniter.php(318): CodeIgniter\CodeIgniter->handleRequest(NULL, Object(Config\Cache), false)
#6 /home/u668489569/domains/xyzcheats.com/public_html/index.php(37): CodeIgniter\CodeIgniter->run()
#7 {main}
CRITICAL - 2026-01-23 01:10:56 --> file_get_contents(/home/u668489569/domains/xyzcheats.com/public_html/hwang/liblamdo.so): failed to open stream: No such file or directory
#0 [internal function]: CodeIgniter\Debug\Exceptions->errorHandler(2, 'file_get_conten...', '/home/u66848956...', 203, Array)
#1 /home/u668489569/domains/xyzcheats.com/public_html/app/Controllers/Connect.php(203): file_get_contents('/home/u66848956...')
#2 /home/u668489569/domains/xyzcheats.com/public_html/app/Controllers/Connect.php(61): App\Controllers\Connect->index_post()
#3 /home/u668489569/domains/xyzcheats.com/public_html/vendor/codeigniter4/framework/system/CodeIgniter.php(824): App\Controllers\Connect->index()
#4 /home/u668489569/domains/xyzcheats.com/public_html/vendor/codeigniter4/framework/system/CodeIgniter.php(410): CodeIgniter\CodeIgniter->runController(Object(App\Controllers\Connect))
#5 /home/u668489569/domains/xyzcheats.com/public_html/vendor/codeigniter4/framework/system/CodeIgniter.php(318): CodeIgniter\CodeIgniter->handleRequest(NULL, Object(Config\Cache), false)
#6 /home/u668489569/domains/xyzcheats.com/public_html/index.php(37): CodeIgniter\CodeIgniter->run()
#7 {main}
CRITICAL - 2026-01-23 01:11:00 --> file_get_contents(/home/u668489569/domains/xyzcheats.com/public_html/hwang/liblamdo.so): failed to open stream: No such file or directory
#0 [internal function]: CodeIgniter\Debug\Exceptions->errorHandler(2, 'file_get_conten...', '/home/u66848956...', 203, Array)
#1 /home/u668489569/domains/xyzcheats.com/public_html/app/Controllers/Connect.php(203): file_get_contents('/home/u66848956...')
#2 /home/u668489569/domains/xyzcheats.com/public_html/app/Controllers/Connect.php(61): App\Controllers\Connect->index_post()
#3 /home/u668489569/domains/xyzcheats.com/public_html/vendor/codeigniter4/framework/system/CodeIgniter.php(824): App\Controllers\Connect->index()
#4 /home/u668489569/domains/xyzcheats.com/public_html/vendor/codeigniter4/framework/system/CodeIgniter.php(410): CodeIgniter\CodeIgniter->runController(Object(App\Controllers\Connect))
#5 /home/u668489569/domains/xyzcheats.com/public_html/vendor/codeigniter4/framework/system/CodeIgniter.php(318): CodeIgniter\CodeIgniter->handleRequest(NULL, Object(Config\Cache), false)
#6 /home/u668489569/domains/xyzcheats.com/public_html/index.php(37): CodeIgniter\CodeIgniter->run()
#7 {main}
CRITICAL - 2026-01-23 01:11:02 --> file_get_contents(/home/u668489569/domains/xyzcheats.com/public_html/hwang/liblamdo.so): failed to open stream: No such file or directory
#0 [internal function]: CodeIgniter\Debug\Exceptions->errorHandler(2, 'file_get_conten...', '/home/u66848956...', 203, Array)
#1 /home/u668489569/domains/xyzcheats.com/public_html/app/Controllers/Connect.php(203): file_get_contents('/home/u66848956...')
#2 /home/u668489569/domains/xyzcheats.com/public_html/app/Controllers/Connect.php(61): App\Controllers\Connect->index_post()
#3 /home/u668489569/domains/xyzcheats.com/public_html/vendor/codeigniter4/framework/system/CodeIgniter.php(824): App\Controllers\Connect->index()
#4 /home/u668489569/domains/xyzcheats.com/public_html/vendor/codeigniter4/framework/system/CodeIgniter.php(410): CodeIgniter\CodeIgniter->runController(Object(App\Controllers\Connect))
#5 /home/u668489569/domains/xyzcheats.com/public_html/vendor/codeigniter4/framework/system/CodeIgniter.php(318): CodeIgniter\CodeIgniter->handleRequest(NULL, Object(Config\Cache), false)
#6 /home/u668489569/domains/xyzcheats.com/public_html/index.php(37): CodeIgniter\CodeIgniter->run()
#7 {main}
CRITICAL - 2026-01-23 01:11:03 --> file_get_contents(/home/u668489569/domains/xyzcheats.com/public_html/hwang/liblamdo.so): failed to open stream: No such file or directory
#0 [internal function]: CodeIgniter\Debug\Exceptions->errorHandler(2, 'file_get_conten...', '/home/u66848956...', 203, Array)
#1 /home/u668489569/domains/xyzcheats.com/public_html/app/Controllers/Connect.php(203): file_get_contents('/home/u66848956...')
#2 /home/u668489569/domains/xyzcheats.com/public_html/app/Controllers/Connect.php(61): App\Controllers\Connect->index_post()
#3 /home/u668489569/domains/xyzcheats.com/public_html/vendor/codeigniter4/framework/system/CodeIgniter.php(824): App\Controllers\Connect->index()
#4 /home/u668489569/domains/xyzcheats.com/public_html/vendor/codeigniter4/framework/system/CodeIgniter.php(410): CodeIgniter\CodeIgniter->runController(Object(App\Controllers\Connect))
#5 /home/u668489569/domains/xyzcheats.com/public_html/vendor/codeigniter4/framework/system/CodeIgniter.php(318): CodeIgniter\CodeIgniter->handleRequest(NULL, Object(Config\Cache), false)
#6 /home/u668489569/domains/xyzcheats.com/public_html/index.php(37): CodeIgniter\CodeIgniter->run()
#7 {main}
CRITICAL - 2026-01-23 01:11:05 --> file_get_contents(/home/u668489569/domains/xyzcheats.com/public_html/hwang/liblamdo.so): failed to open stream: No such file or directory
#0 [internal function]: CodeIgniter\Debug\Exceptions->errorHandler(2, 'file_get_conten...', '/home/u66848956...', 203, Array)
#1 /home/u668489569/domains/xyzcheats.com/public_html/app/Controllers/Connect.php(203): file_get_contents('/home/u66848956...')
#2 /home/u668489569/domains/xyzcheats.com/public_html/app/Controllers/Connect.php(61): App\Controllers\Connect->index_post()
#3 /home/u668489569/domains/xyzcheats.com/public_html/vendor/codeigniter4/framework/system/CodeIgniter.php(824): App\Controllers\Connect->index()
#4 /home/u668489569/domains/xyzcheats.com/public_html/vendor/codeigniter4/framework/system/CodeIgniter.php(410): CodeIgniter\CodeIgniter->runController(Object(App\Controllers\Connect))
#5 /home/u668489569/domains/xyzcheats.com/public_html/vendor/codeigniter4/framework/system/CodeIgniter.php(318): CodeIgniter\CodeIgniter->handleRequest(NULL, Object(Config\Cache), false)
#6 /home/u668489569/domains/xyzcheats.com/public_html/index.php(37): CodeIgniter\CodeIgniter->run()
#7 {main}
CRITICAL - 2026-01-23 01:11:07 --> file_get_contents(/home/u668489569/domains/xyzcheats.com/public_html/hwang/liblamdo.so): failed to open stream: No such file or directory
#0 [internal function]: CodeIgniter\Debug\Exceptions->errorHandler(2, 'file_get_conten...', '/home/u66848956...', 203, Array)
#1 /home/u668489569/domains/xyzcheats.com/public_html/app/Controllers/Connect.php(203): file_get_contents('/home/u66848956...')
#2 /home/u668489569/domains/xyzcheats.com/public_html/app/Controllers/Connect.php(61): App\Controllers\Connect->index_post()
#3 /home/u668489569/domains/xyzcheats.com/public_html/vendor/codeigniter4/framework/system/CodeIgniter.php(824): App\Controllers\Connect->index()
#4 /home/u668489569/domains/xyzcheats.com/public_html/vendor/codeigniter4/framework/system/CodeIgniter.php(410): CodeIgniter\CodeIgniter->runController(Object(App\Controllers\Connect))
#5 /home/u668489569/domains/xyzcheats.com/public_html/vendor/codeigniter4/framework/system/CodeIgniter.php(318): CodeIgniter\CodeIgniter->handleRequest(NULL, Object(Config\Cache), false)
#6 /home/u668489569/domains/xyzcheats.com/public_html/index.php(37): CodeIgniter\CodeIgniter->run()
#7 {main}
CRITICAL - 2026-01-23 01:11:08 --> file_get_contents(/home/u668489569/domains/xyzcheats.com/public_html/hwang/liblamdo.so): failed to open stream: No such file or directory
#0 [internal function]: CodeIgniter\Debug\Exceptions->errorHandler(2, 'file_get_conten...', '/home/u66848956...', 203, Array)
#1 /home/u668489569/domains/xyzcheats.com/public_html/app/Controllers/Connect.php(203): file_get_contents('/home/u66848956...')
#2 /home/u668489569/domains/xyzcheats.com/public_html/app/Controllers/Connect.php(61): App\Controllers\Connect->index_post()
#3 /home/u668489569/domains/xyzcheats.com/public_html/vendor/codeigniter4/framework/system/CodeIgniter.php(824): App\Controllers\Connect->index()
#4 /home/u668489569/domains/xyzcheats.com/public_html/vendor/codeigniter4/framework/system/CodeIgniter.php(410): CodeIgniter\CodeIgniter->runController(Object(App\Controllers\Connect))
#5 /home/u668489569/domains/xyzcheats.com/public_html/vendor/codeigniter4/framework/system/CodeIgniter.php(318): CodeIgniter\CodeIgniter->handleRequest(NULL, Object(Config\Cache), false)
#6 /home/u668489569/domains/xyzcheats.com/public_html/index.php(37): CodeIgniter\CodeIgniter->run()
#7 {main}
CRITICAL - 2026-01-23 01:13:08 --> file_get_contents(/home/u668489569/domains/xyzcheats.com/public_html/hwang/liblamdo.so): failed to open stream: No such file or directory
#0 [internal function]: CodeIgniter\Debug\Exceptions->errorHandler(2, 'file_get_conten...', '/home/u66848956...', 203, Array)
#1 /home/u668489569/domains/xyzcheats.com/public_html/app/Controllers/Connect.php(203): file_get_contents('/home/u66848956...')
#2 /home/u668489569/domains/xyzcheats.com/public_html/app/Controllers/Connect.php(61): App\Controllers\Connect->index_post()
#3 /home/u668489569/domains/xyzcheats.com/public_html/vendor/codeigniter4/framework/system/CodeIgniter.php(824): App\Controllers\Connect->index()
#4 /home/u668489569/domains/xyzcheats.com/public_html/vendor/codeigniter4/framework/system/CodeIgniter.php(410): CodeIgniter\CodeIgniter->runController(Object(App\Controllers\Connect))
#5 /home/u668489569/domains/xyzcheats.com/public_html/vendor/codeigniter4/framework/system/CodeIgniter.php(318): CodeIgniter\CodeIgniter->handleRequest(NULL, Object(Config\Cache), false)
#6 /home/u668489569/domains/xyzcheats.com/public_html/index.php(37): CodeIgniter\CodeIgniter->run()
#7 {main}
CRITICAL - 2026-01-23 01:16:57 --> file_get_contents(/home/u668489569/domains/xyzcheats.com/public_html/hwang/liblamdo.so): failed to open stream: No such file or directory
#0 [internal function]: CodeIgniter\Debug\Exceptions->errorHandler(2, 'file_get_conten...', '/home/u66848956...', 203, Array)
#1 /home/u668489569/domains/xyzcheats.com/public_html/app/Controllers/Connect.php(203): file_get_contents('/home/u66848956...')
#2 /home/u668489569/domains/xyzcheats.com/public_html/app/Controllers/Connect.php(61): App\Controllers\Connect->index_post()
#3 /home/u668489569/domains/xyzcheats.com/public_html/vendor/codeigniter4/framework/system/CodeIgniter.php(824): App\Controllers\Connect->index()
#4 /home/u668489569/domains/xyzcheats.com/public_html/vendor/codeigniter4/framework/system/CodeIgniter.php(410): CodeIgniter\CodeIgniter->runController(Object(App\Controllers\Connect))
#5 /home/u668489569/domains/xyzcheats.com/public_html/vendor/codeigniter4/framework/system/CodeIgniter.php(318): CodeIgniter\CodeIgniter->handleRequest(NULL, Object(Config\Cache), false)
#6 /home/u668489569/domains/xyzcheats.com/public_html/index.php(37): CodeIgniter\CodeIgniter->run()
#7 {main}
CRITICAL - 2026-01-23 01:16:58 --> file_get_contents(/home/u668489569/domains/xyzcheats.com/public_html/hwang/liblamdo.so): failed to open stream: No such file or directory
#0 [internal function]: CodeIgniter\Debug\Exceptions->errorHandler(2, 'file_get_conten...', '/home/u66848956...', 203, Array)
#1 /home/u668489569/domains/xyzcheats.com/public_html/app/Controllers/Connect.php(203): file_get_contents('/home/u66848956...')
#2 /home/u668489569/domains/xyzcheats.com/public_html/app/Controllers/Connect.php(61): App\Controllers\Connect->index_post()
#3 /home/u668489569/domains/xyzcheats.com/public_html/vendor/codeigniter4/framework/system/CodeIgniter.php(824): App\Controllers\Connect->index()
#4 /home/u668489569/domains/xyzcheats.com/public_html/vendor/codeigniter4/framework/system/CodeIgniter.php(410): CodeIgniter\CodeIgniter->runController(Object(App\Controllers\Connect))
#5 /home/u668489569/domains/xyzcheats.com/public_html/vendor/codeigniter4/framework/system/CodeIgniter.php(318): CodeIgniter\CodeIgniter->handleRequest(NULL, Object(Config\Cache), false)
#6 /home/u668489569/domains/xyzcheats.com/public_html/index.php(37): CodeIgniter\CodeIgniter->run()
#7 {main}
CRITICAL - 2026-01-23 01:16:59 --> file_get_contents(/home/u668489569/domains/xyzcheats.com/public_html/hwang/liblamdo.so): failed to open stream: No such file or directory
#0 [internal function]: CodeIgniter\Debug\Exceptions->errorHandler(2, 'file_get_conten...', '/home/u66848956...', 203, Array)
#1 /home/u668489569/domains/xyzcheats.com/public_html/app/Controllers/Connect.php(203): file_get_contents('/home/u66848956...')
#2 /home/u668489569/domains/xyzcheats.com/public_html/app/Controllers/Connect.php(61): App\Controllers\Connect->index_post()
#3 /home/u668489569/domains/xyzcheats.com/public_html/vendor/codeigniter4/framework/system/CodeIgniter.php(824): App\Controllers\Connect->index()
#4 /home/u668489569/domains/xyzcheats.com/public_html/vendor/codeigniter4/framework/system/CodeIgniter.php(410): CodeIgniter\CodeIgniter->runController(Object(App\Controllers\Connect))
#5 /home/u668489569/domains/xyzcheats.com/public_html/vendor/codeigniter4/framework/system/CodeIgniter.php(318): CodeIgniter\CodeIgniter->handleRequest(NULL, Object(Config\Cache), false)
#6 /home/u668489569/domains/xyzcheats.com/public_html/index.php(37): CodeIgniter\CodeIgniter->run()
#7 {main}
CRITICAL - 2026-01-23 01:17:49 --> file_get_contents(/home/u668489569/domains/xyzcheats.com/public_html/hwang/liblamdo.so): failed to open stream: No such file or directory
#0 [internal function]: CodeIgniter\Debug\Exceptions->errorHandler(2, 'file_get_conten...', '/home/u66848956...', 203, Array)
#1 /home/u668489569/domains/xyzcheats.com/public_html/app/Controllers/Connect.php(203): file_get_contents('/home/u66848956...')
#2 /home/u668489569/domains/xyzcheats.com/public_html/app/Controllers/Connect.php(61): App\Controllers\Connect->index_post()
#3 /home/u668489569/domains/xyzcheats.com/public_html/vendor/codeigniter4/framework/system/CodeIgniter.php(824): App\Controllers\Connect->index()
#4 /home/u668489569/domains/xyzcheats.com/public_html/vendor/codeigniter4/framework/system/CodeIgniter.php(410): CodeIgniter\CodeIgniter->runController(Object(App\Controllers\Connect))
#5 /home/u668489569/domains/xyzcheats.com/public_html/vendor/codeigniter4/framework/system/CodeIgniter.php(318): CodeIgniter\CodeIgniter->handleRequest(NULL, Object(Config\Cache), false)
#6 /home/u668489569/domains/xyzcheats.com/public_html/index.php(37): CodeIgniter\CodeIgniter->run()
#7 {main}
CRITICAL - 2026-01-23 01:17:50 --> file_get_contents(/home/u668489569/domains/xyzcheats.com/public_html/hwang/liblamdo.so): failed to open stream: No such file or directory
#0 [internal function]: CodeIgniter\Debug\Exceptions->errorHandler(2, 'file_get_conten...', '/home/u66848956...', 203, Array)
#1 /home/u668489569/domains/xyzcheats.com/public_html/app/Controllers/Connect.php(203): file_get_contents('/home/u66848956...')
#2 /home/u668489569/domains/xyzcheats.com/public_html/app/Controllers/Connect.php(61): App\Controllers\Connect->index_post()
#3 /home/u668489569/domains/xyzcheats.com/public_html/vendor/codeigniter4/framework/system/CodeIgniter.php(824): App\Controllers\Connect->index()
#4 /home/u668489569/domains/xyzcheats.com/public_html/vendor/codeigniter4/framework/system/CodeIgniter.php(410): CodeIgniter\CodeIgniter->runController(Object(App\Controllers\Connect))
#5 /home/u668489569/domains/xyzcheats.com/public_html/vendor/codeigniter4/framework/system/CodeIgniter.php(318): CodeIgniter\CodeIgniter->handleRequest(NULL, Object(Config\Cache), false)
#6 /home/u668489569/domains/xyzcheats.com/public_html/index.php(37): CodeIgniter\CodeIgniter->run()
#7 {main}
CRITICAL - 2026-01-23 01:17:51 --> file_get_contents(/home/u668489569/domains/xyzcheats.com/public_html/hwang/liblamdo.so): failed to open stream: No such file or directory
#0 [internal function]: CodeIgniter\Debug\Exceptions->errorHandler(2, 'file_get_conten...', '/home/u66848956...', 203, Array)
#1 /home/u668489569/domains/xyzcheats.com/public_html/app/Controllers/Connect.php(203): file_get_contents('/home/u66848956...')
#2 /home/u668489569/domains/xyzcheats.com/public_html/app/Controllers/Connect.php(61): App\Controllers\Connect->index_post()
#3 /home/u668489569/domains/xyzcheats.com/public_html/vendor/codeigniter4/framework/system/CodeIgniter.php(824): App\Controllers\Connect->index()
#4 /home/u668489569/domains/xyzcheats.com/public_html/vendor/codeigniter4/framework/system/CodeIgniter.php(410): CodeIgniter\CodeIgniter->runController(Object(App\Controllers\Connect))
#5 /home/u668489569/domains/xyzcheats.com/public_html/vendor/codeigniter4/framework/system/CodeIgniter.php(318): CodeIgniter\CodeIgniter->handleRequest(NULL, Object(Config\Cache), false)
#6 /home/u668489569/domains/xyzcheats.com/public_html/index.php(37): CodeIgniter\CodeIgniter->run()
#7 {main}
CRITICAL - 2026-01-23 01:17:51 --> file_get_contents(/home/u668489569/domains/xyzcheats.com/public_html/hwang/liblamdo.so): failed to open stream: No such file or directory
#0 [internal function]: CodeIgniter\Debug\Exceptions->errorHandler(2, 'file_get_conten...', '/home/u66848956...', 203, Array)
#1 /home/u668489569/domains/xyzcheats.com/public_html/app/Controllers/Connect.php(203): file_get_contents('/home/u66848956...')
#2 /home/u668489569/domains/xyzcheats.com/public_html/app/Controllers/Connect.php(61): App\Controllers\Connect->index_post()
#3 /home/u668489569/domains/xyzcheats.com/public_html/vendor/codeigniter4/framework/system/CodeIgniter.php(824): App\Controllers\Connect->index()
#4 /home/u668489569/domains/xyzcheats.com/public_html/vendor/codeigniter4/framework/system/CodeIgniter.php(410): CodeIgniter\CodeIgniter->runController(Object(App\Controllers\Connect))
#5 /home/u668489569/domains/xyzcheats.com/public_html/vendor/codeigniter4/framework/system/CodeIgniter.php(318): CodeIgniter\CodeIgniter->handleRequest(NULL, Object(Config\Cache), false)
#6 /home/u668489569/domains/xyzcheats.com/public_html/index.php(37): CodeIgniter\CodeIgniter->run()
#7 {main}
CRITICAL - 2026-01-23 01:17:52 --> file_get_contents(/home/u668489569/domains/xyzcheats.com/public_html/hwang/liblamdo.so): failed to open stream: No such file or directory
#0 [internal function]: CodeIgniter\Debug\Exceptions->errorHandler(2, 'file_get_conten...', '/home/u66848956...', 203, Array)
#1 /home/u668489569/domains/xyzcheats.com/public_html/app/Controllers/Connect.php(203): file_get_contents('/home/u66848956...')
#2 /home/u668489569/domains/xyzcheats.com/public_html/app/Controllers/Connect.php(61): App\Controllers\Connect->index_post()
#3 /home/u668489569/domains/xyzcheats.com/public_html/vendor/codeigniter4/framework/system/CodeIgniter.php(824): App\Controllers\Connect->index()
#4 /home/u668489569/domains/xyzcheats.com/public_html/vendor/codeigniter4/framework/system/CodeIgniter.php(410): CodeIgniter\CodeIgniter->runController(Object(App\Controllers\Connect))
#5 /home/u668489569/domains/xyzcheats.com/public_html/vendor/codeigniter4/framework/system/CodeIgniter.php(318): CodeIgniter\CodeIgniter->handleRequest(NULL, Object(Config\Cache), false)
#6 /home/u668489569/domains/xyzcheats.com/public_html/index.php(37): CodeIgniter\CodeIgniter->run()
#7 {main}
CRITICAL - 2026-01-23 01:19:06 --> file_get_contents(/home/u668489569/domains/xyzcheats.com/public_html/hwang/liblamdo.so): failed to open stream: No such file or directory
#0 [internal function]: CodeIgniter\Debug\Exceptions->errorHandler(2, 'file_get_conten...', '/home/u66848956...', 203, Array)
#1 /home/u668489569/domains/xyzcheats.com/public_html/app/Controllers/Connect.php(203): file_get_contents('/home/u66848956...')
#2 /home/u668489569/domains/xyzcheats.com/public_html/app/Controllers/Connect.php(61): App\Controllers\Connect->index_post()
#3 /home/u668489569/domains/xyzcheats.com/public_html/vendor/codeigniter4/framework/system/CodeIgniter.php(824): App\Controllers\Connect->index()
#4 /home/u668489569/domains/xyzcheats.com/public_html/vendor/codeigniter4/framework/system/CodeIgniter.php(410): CodeIgniter\CodeIgniter->runController(Object(App\Controllers\Connect))
#5 /home/u668489569/domains/xyzcheats.com/public_html/vendor/codeigniter4/framework/system/CodeIgniter.php(318): CodeIgniter\CodeIgniter->handleRequest(NULL, Object(Config\Cache), false)
#6 /home/u668489569/domains/xyzcheats.com/public_html/index.php(37): CodeIgniter\CodeIgniter->run()
#7 {main}
CRITICAL - 2026-01-23 01:45:08 --> file_get_contents(/home/u668489569/domains/xyzcheats.com/public_html/hwang/liblamdo.so): failed to open stream: No such file or directory
#0 [internal function]: CodeIgniter\Debug\Exceptions->errorHandler(2, 'file_get_conten...', '/home/u66848956...', 203, Array)
#1 /home/u668489569/domains/xyzcheats.com/public_html/app/Controllers/Connect.php(203): file_get_contents('/home/u66848956...')
#2 /home/u668489569/domains/xyzcheats.com/public_html/app/Controllers/Connect.php(61): App\Controllers\Connect->index_post()
#3 /home/u668489569/domains/xyzcheats.com/public_html/vendor/codeigniter4/framework/system/CodeIgniter.php(824): App\Controllers\Connect->index()
#4 /home/u668489569/domains/xyzcheats.com/public_html/vendor/codeigniter4/framework/system/CodeIgniter.php(410): CodeIgniter\CodeIgniter->runController(Object(App\Controllers\Connect))
#5 /home/u668489569/domains/xyzcheats.com/public_html/vendor/codeigniter4/framework/system/CodeIgniter.php(318): CodeIgniter\CodeIgniter->handleRequest(NULL, Object(Config\Cache), false)
#6 /home/u668489569/domains/xyzcheats.com/public_html/index.php(37): CodeIgniter\CodeIgniter->run()
#7 {main}
CRITICAL - 2026-01-23 01:45:10 --> file_get_contents(/home/u668489569/domains/xyzcheats.com/public_html/hwang/liblamdo.so): failed to open stream: No such file or directory
#0 [internal function]: CodeIgniter\Debug\Exceptions->errorHandler(2, 'file_get_conten...', '/home/u66848956...', 203, Array)
#1 /home/u668489569/domains/xyzcheats.com/public_html/app/Controllers/Connect.php(203): file_get_contents('/home/u66848956...')
#2 /home/u668489569/domains/xyzcheats.com/public_html/app/Controllers/Connect.php(61): App\Controllers\Connect->index_post()
#3 /home/u668489569/domains/xyzcheats.com/public_html/vendor/codeigniter4/framework/system/CodeIgniter.php(824): App\Controllers\Connect->index()
#4 /home/u668489569/domains/xyzcheats.com/public_html/vendor/codeigniter4/framework/system/CodeIgniter.php(410): CodeIgniter\CodeIgniter->runController(Object(App\Controllers\Connect))
#5 /home/u668489569/domains/xyzcheats.com/public_html/vendor/codeigniter4/framework/system/CodeIgniter.php(318): CodeIgniter\CodeIgniter->handleRequest(NULL, Object(Config\Cache), false)
#6 /home/u668489569/domains/xyzcheats.com/public_html/index.php(37): CodeIgniter\CodeIgniter->run()
#7 {main}
CRITICAL - 2026-01-23 01:45:12 --> file_get_contents(/home/u668489569/domains/xyzcheats.com/public_html/hwang/liblamdo.so): failed to open stream: No such file or directory
#0 [internal function]: CodeIgniter\Debug\Exceptions->errorHandler(2, 'file_get_conten...', '/home/u66848956...', 203, Array)
#1 /home/u668489569/domains/xyzcheats.com/public_html/app/Controllers/Connect.php(203): file_get_contents('/home/u66848956...')
#2 /home/u668489569/domains/xyzcheats.com/public_html/app/Controllers/Connect.php(61): App\Controllers\Connect->index_post()
#3 /home/u668489569/domains/xyzcheats.com/public_html/vendor/codeigniter4/framework/system/CodeIgniter.php(824): App\Controllers\Connect->index()
#4 /home/u668489569/domains/xyzcheats.com/public_html/vendor/codeigniter4/framework/system/CodeIgniter.php(410): CodeIgniter\CodeIgniter->runController(Object(App\Controllers\Connect))
#5 /home/u668489569/domains/xyzcheats.com/public_html/vendor/codeigniter4/framework/system/CodeIgniter.php(318): CodeIgniter\CodeIgniter->handleRequest(NULL, Object(Config\Cache), false)
#6 /home/u668489569/domains/xyzcheats.com/public_html/index.php(37): CodeIgniter\CodeIgniter->run()
#7 {main}
CRITICAL - 2026-01-23 01:45:13 --> file_get_contents(/home/u668489569/domains/xyzcheats.com/public_html/hwang/liblamdo.so): failed to open stream: No such file or directory
#0 [internal function]: CodeIgniter\Debug\Exceptions->errorHandler(2, 'file_get_conten...', '/home/u66848956...', 203, Array)
#1 /home/u668489569/domains/xyzcheats.com/public_html/app/Controllers/Connect.php(203): file_get_contents('/home/u66848956...')
#2 /home/u668489569/domains/xyzcheats.com/public_html/app/Controllers/Connect.php(61): App\Controllers\Connect->index_post()
#3 /home/u668489569/domains/xyzcheats.com/public_html/vendor/codeigniter4/framework/system/CodeIgniter.php(824): App\Controllers\Connect->index()
#4 /home/u668489569/domains/xyzcheats.com/public_html/vendor/codeigniter4/framework/system/CodeIgniter.php(410): CodeIgniter\CodeIgniter->runController(Object(App\Controllers\Connect))
#5 /home/u668489569/domains/xyzcheats.com/public_html/vendor/codeigniter4/framework/system/CodeIgniter.php(318): CodeIgniter\CodeIgniter->handleRequest(NULL, Object(Config\Cache), false)
#6 /home/u668489569/domains/xyzcheats.com/public_html/index.php(37): CodeIgniter\CodeIgniter->run()
#7 {main}
CRITICAL - 2026-01-23 01:45:14 --> file_get_contents(/home/u668489569/domains/xyzcheats.com/public_html/hwang/liblamdo.so): failed to open stream: No such file or directory
#0 [internal function]: CodeIgniter\Debug\Exceptions->errorHandler(2, 'file_get_conten...', '/home/u66848956...', 203, Array)
#1 /home/u668489569/domains/xyzcheats.com/public_html/app/Controllers/Connect.php(203): file_get_contents('/home/u66848956...')
#2 /home/u668489569/domains/xyzcheats.com/public_html/app/Controllers/Connect.php(61): App\Controllers\Connect->index_post()
#3 /home/u668489569/domains/xyzcheats.com/public_html/vendor/codeigniter4/framework/system/CodeIgniter.php(824): App\Controllers\Connect->index()
#4 /home/u668489569/domains/xyzcheats.com/public_html/vendor/codeigniter4/framework/system/CodeIgniter.php(410): CodeIgniter\CodeIgniter->runController(Object(App\Controllers\Connect))
#5 /home/u668489569/domains/xyzcheats.com/public_html/vendor/codeigniter4/framework/system/CodeIgniter.php(318): CodeIgniter\CodeIgniter->handleRequest(NULL, Object(Config\Cache), false)
#6 /home/u668489569/domains/xyzcheats.com/public_html/index.php(37): CodeIgniter\CodeIgniter->run()
#7 {main}
CRITICAL - 2026-01-23 01:45:15 --> file_get_contents(/home/u668489569/domains/xyzcheats.com/public_html/hwang/liblamdo.so): failed to open stream: No such file or directory
#0 [internal function]: CodeIgniter\Debug\Exceptions->errorHandler(2, 'file_get_conten...', '/home/u66848956...', 203, Array)
#1 /home/u668489569/domains/xyzcheats.com/public_html/app/Controllers/Connect.php(203): file_get_contents('/home/u66848956...')
#2 /home/u668489569/domains/xyzcheats.com/public_html/app/Controllers/Connect.php(61): App\Controllers\Connect->index_post()
#3 /home/u668489569/domains/xyzcheats.com/public_html/vendor/codeigniter4/framework/system/CodeIgniter.php(824): App\Controllers\Connect->index()
#4 /home/u668489569/domains/xyzcheats.com/public_html/vendor/codeigniter4/framework/system/CodeIgniter.php(410): CodeIgniter\CodeIgniter->runController(Object(App\Controllers\Connect))
#5 /home/u668489569/domains/xyzcheats.com/public_html/vendor/codeigniter4/framework/system/CodeIgniter.php(318): CodeIgniter\CodeIgniter->handleRequest(NULL, Object(Config\Cache), false)
#6 /home/u668489569/domains/xyzcheats.com/public_html/index.php(37): CodeIgniter\CodeIgniter->run()
#7 {main}
CRITICAL - 2026-01-23 01:45:16 --> file_get_contents(/home/u668489569/domains/xyzcheats.com/public_html/hwang/liblamdo.so): failed to open stream: No such file or directory
#0 [internal function]: CodeIgniter\Debug\Exceptions->errorHandler(2, 'file_get_conten...', '/home/u66848956...', 203, Array)
#1 /home/u668489569/domains/xyzcheats.com/public_html/app/Controllers/Connect.php(203): file_get_contents('/home/u66848956...')
#2 /home/u668489569/domains/xyzcheats.com/public_html/app/Controllers/Connect.php(61): App\Controllers\Connect->index_post()
#3 /home/u668489569/domains/xyzcheats.com/public_html/vendor/codeigniter4/framework/system/CodeIgniter.php(824): App\Controllers\Connect->index()
#4 /home/u668489569/domains/xyzcheats.com/public_html/vendor/codeigniter4/framework/system/CodeIgniter.php(410): CodeIgniter\CodeIgniter->runController(Object(App\Controllers\Connect))
#5 /home/u668489569/domains/xyzcheats.com/public_html/vendor/codeigniter4/framework/system/CodeIgniter.php(318): CodeIgniter\CodeIgniter->handleRequest(NULL, Object(Config\Cache), false)
#6 /home/u668489569/domains/xyzcheats.com/public_html/index.php(37): CodeIgniter\CodeIgniter->run()
#7 {main}
CRITICAL - 2026-01-23 01:45:17 --> file_get_contents(/home/u668489569/domains/xyzcheats.com/public_html/hwang/liblamdo.so): failed to open stream: No such file or directory
#0 [internal function]: CodeIgniter\Debug\Exceptions->errorHandler(2, 'file_get_conten...', '/home/u66848956...', 203, Array)
#1 /home/u668489569/domains/xyzcheats.com/public_html/app/Controllers/Connect.php(203): file_get_contents('/home/u66848956...')
#2 /home/u668489569/domains/xyzcheats.com/public_html/app/Controllers/Connect.php(61): App\Controllers\Connect->index_post()
#3 /home/u668489569/domains/xyzcheats.com/public_html/vendor/codeigniter4/framework/system/CodeIgniter.php(824): App\Controllers\Connect->index()
#4 /home/u668489569/domains/xyzcheats.com/public_html/vendor/codeigniter4/framework/system/CodeIgniter.php(410): CodeIgniter\CodeIgniter->runController(Object(App\Controllers\Connect))
#5 /home/u668489569/domains/xyzcheats.com/public_html/vendor/codeigniter4/framework/system/CodeIgniter.php(318): CodeIgniter\CodeIgniter->handleRequest(NULL, Object(Config\Cache), false)
#6 /home/u668489569/domains/xyzcheats.com/public_html/index.php(37): CodeIgniter\CodeIgniter->run()
#7 {main}
CRITICAL - 2026-01-23 01:45:18 --> file_get_contents(/home/u668489569/domains/xyzcheats.com/public_html/hwang/liblamdo.so): failed to open stream: No such file or directory
#0 [internal function]: CodeIgniter\Debug\Exceptions->errorHandler(2, 'file_get_conten...', '/home/u66848956...', 203, Array)
#1 /home/u668489569/domains/xyzcheats.com/public_html/app/Controllers/Connect.php(203): file_get_contents('/home/u66848956...')
#2 /home/u668489569/domains/xyzcheats.com/public_html/app/Controllers/Connect.php(61): App\Controllers\Connect->index_post()
#3 /home/u668489569/domains/xyzcheats.com/public_html/vendor/codeigniter4/framework/system/CodeIgniter.php(824): App\Controllers\Connect->index()
#4 /home/u668489569/domains/xyzcheats.com/public_html/vendor/codeigniter4/framework/system/CodeIgniter.php(410): CodeIgniter\CodeIgniter->runController(Object(App\Controllers\Connect))
#5 /home/u668489569/domains/xyzcheats.com/public_html/vendor/codeigniter4/framework/system/CodeIgniter.php(318): CodeIgniter\CodeIgniter->handleRequest(NULL, Object(Config\Cache), false)
#6 /home/u668489569/domains/xyzcheats.com/public_html/index.php(37): CodeIgniter\CodeIgniter->run()
#7 {main}
CRITICAL - 2026-01-23 01:45:21 --> file_get_contents(/home/u668489569/domains/xyzcheats.com/public_html/hwang/liblamdo.so): failed to open stream: No such file or directory
#0 [internal function]: CodeIgniter\Debug\Exceptions->errorHandler(2, 'file_get_conten...', '/home/u66848956...', 203, Array)
#1 /home/u668489569/domains/xyzcheats.com/public_html/app/Controllers/Connect.php(203): file_get_contents('/home/u66848956...')
#2 /home/u668489569/domains/xyzcheats.com/public_html/app/Controllers/Connect.php(61): App\Controllers\Connect->index_post()
#3 /home/u668489569/domains/xyzcheats.com/public_html/vendor/codeigniter4/framework/system/CodeIgniter.php(824): App\Controllers\Connect->index()
#4 /home/u668489569/domains/xyzcheats.com/public_html/vendor/codeigniter4/framework/system/CodeIgniter.php(410): CodeIgniter\CodeIgniter->runController(Object(App\Controllers\Connect))
#5 /home/u668489569/domains/xyzcheats.com/public_html/vendor/codeigniter4/framework/system/CodeIgniter.php(318): CodeIgniter\CodeIgniter->handleRequest(NULL, Object(Config\Cache), false)
#6 /home/u668489569/domains/xyzcheats.com/public_html/index.php(37): CodeIgniter\CodeIgniter->run()
#7 {main}
CRITICAL - 2026-01-23 01:45:23 --> file_get_contents(/home/u668489569/domains/xyzcheats.com/public_html/hwang/liblamdo.so): failed to open stream: No such file or directory
#0 [internal function]: CodeIgniter\Debug\Exceptions->errorHandler(2, 'file_get_conten...', '/home/u66848956...', 203, Array)
#1 /home/u668489569/domains/xyzcheats.com/public_html/app/Controllers/Connect.php(203): file_get_contents('/home/u66848956...')
#2 /home/u668489569/domains/xyzcheats.com/public_html/app/Controllers/Connect.php(61): App\Controllers\Connect->index_post()
#3 /home/u668489569/domains/xyzcheats.com/public_html/vendor/codeigniter4/framework/system/CodeIgniter.php(824): App\Controllers\Connect->index()
#4 /home/u668489569/domains/xyzcheats.com/public_html/vendor/codeigniter4/framework/system/CodeIgniter.php(410): CodeIgniter\CodeIgniter->runController(Object(App\Controllers\Connect))
#5 /home/u668489569/domains/xyzcheats.com/public_html/vendor/codeigniter4/framework/system/CodeIgniter.php(318): CodeIgniter\CodeIgniter->handleRequest(NULL, Object(Config\Cache), false)
#6 /home/u668489569/domains/xyzcheats.com/public_html/index.php(37): CodeIgniter\CodeIgniter->run()
#7 {main}
CRITICAL - 2026-01-23 01:45:44 --> file_get_contents(/home/u668489569/domains/xyzcheats.com/public_html/hwang/liblamdo.so): failed to open stream: No such file or directory
#0 [internal function]: CodeIgniter\Debug\Exceptions->errorHandler(2, 'file_get_conten...', '/home/u66848956...', 203, Array)
#1 /home/u668489569/domains/xyzcheats.com/public_html/app/Controllers/Connect.php(203): file_get_contents('/home/u66848956...')
#2 /home/u668489569/domains/xyzcheats.com/public_html/app/Controllers/Connect.php(61): App\Controllers\Connect->index_post()
#3 /home/u668489569/domains/xyzcheats.com/public_html/vendor/codeigniter4/framework/system/CodeIgniter.php(824): App\Controllers\Connect->index()
#4 /home/u668489569/domains/xyzcheats.com/public_html/vendor/codeigniter4/framework/system/CodeIgniter.php(410): CodeIgniter\CodeIgniter->runController(Object(App\Controllers\Connect))
#5 /home/u668489569/domains/xyzcheats.com/public_html/vendor/codeigniter4/framework/system/CodeIgniter.php(318): CodeIgniter\CodeIgniter->handleRequest(NULL, Object(Config\Cache), false)
#6 /home/u668489569/domains/xyzcheats.com/public_html/index.php(37): CodeIgniter\CodeIgniter->run()
#7 {main}
CRITICAL - 2026-01-23 01:45:46 --> file_get_contents(/home/u668489569/domains/xyzcheats.com/public_html/hwang/liblamdo.so): failed to open stream: No such file or directory
#0 [internal function]: CodeIgniter\Debug\Exceptions->errorHandler(2, 'file_get_conten...', '/home/u66848956...', 203, Array)
#1 /home/u668489569/domains/xyzcheats.com/public_html/app/Controllers/Connect.php(203): file_get_contents('/home/u66848956...')
#2 /home/u668489569/domains/xyzcheats.com/public_html/app/Controllers/Connect.php(61): App\Controllers\Connect->index_post()
#3 /home/u668489569/domains/xyzcheats.com/public_html/vendor/codeigniter4/framework/system/CodeIgniter.php(824): App\Controllers\Connect->index()
#4 /home/u668489569/domains/xyzcheats.com/public_html/vendor/codeigniter4/framework/system/CodeIgniter.php(410): CodeIgniter\CodeIgniter->runController(Object(App\Controllers\Connect))
#5 /home/u668489569/domains/xyzcheats.com/public_html/vendor/codeigniter4/framework/system/CodeIgniter.php(318): CodeIgniter\CodeIgniter->handleRequest(NULL, Object(Config\Cache), false)
#6 /home/u668489569/domains/xyzcheats.com/public_html/index.php(37): CodeIgniter\CodeIgniter->run()
#7 {main}
CRITICAL - 2026-01-23 01:46:35 --> file_get_contents(/home/u668489569/domains/xyzcheats.com/public_html/hwang/liblamdo.so): failed to open stream: No such file or directory
#0 [internal function]: CodeIgniter\Debug\Exceptions->errorHandler(2, 'file_get_conten...', '/home/u66848956...', 203, Array)
#1 /home/u668489569/domains/xyzcheats.com/public_html/app/Controllers/Connect.php(203): file_get_contents('/home/u66848956...')
#2 /home/u668489569/domains/xyzcheats.com/public_html/app/Controllers/Connect.php(61): App\Controllers\Connect->index_post()
#3 /home/u668489569/domains/xyzcheats.com/public_html/vendor/codeigniter4/framework/system/CodeIgniter.php(824): App\Controllers\Connect->index()
#4 /home/u668489569/domains/xyzcheats.com/public_html/vendor/codeigniter4/framework/system/CodeIgniter.php(410): CodeIgniter\CodeIgniter->runController(Object(App\Controllers\Connect))
#5 /home/u668489569/domains/xyzcheats.com/public_html/vendor/codeigniter4/framework/system/CodeIgniter.php(318): CodeIgniter\CodeIgniter->handleRequest(NULL, Object(Config\Cache), false)
#6 /home/u668489569/domains/xyzcheats.com/public_html/index.php(37): CodeIgniter\CodeIgniter->run()
#7 {main}
CRITICAL - 2026-01-23 02:38:12 --> file_get_contents(/home/u668489569/domains/xyzcheats.com/public_html/hwang/liblamdo.so): failed to open stream: No such file or directory
#0 [internal function]: CodeIgniter\Debug\Exceptions->errorHandler(2, 'file_get_conten...', '/home/u66848956...', 203, Array)
#1 /home/u668489569/domains/xyzcheats.com/public_html/app/Controllers/Connect.php(203): file_get_contents('/home/u66848956...')
#2 /home/u668489569/domains/xyzcheats.com/public_html/app/Controllers/Connect.php(61): App\Controllers\Connect->index_post()
#3 /home/u668489569/domains/xyzcheats.com/public_html/vendor/codeigniter4/framework/system/CodeIgniter.php(824): App\Controllers\Connect->index()
#4 /home/u668489569/domains/xyzcheats.com/public_html/vendor/codeigniter4/framework/system/CodeIgniter.php(410): CodeIgniter\CodeIgniter->runController(Object(App\Controllers\Connect))
#5 /home/u668489569/domains/xyzcheats.com/public_html/vendor/codeigniter4/framework/system/CodeIgniter.php(318): CodeIgniter\CodeIgniter->handleRequest(NULL, Object(Config\Cache), false)
#6 /home/u668489569/domains/xyzcheats.com/public_html/index.php(37): CodeIgniter\CodeIgniter->run()
#7 {main}
CRITICAL - 2026-01-23 02:54:52 --> file_get_contents(/home/u668489569/domains/xyzcheats.com/public_html/hwang/liblamdo.so): failed to open stream: No such file or directory
#0 [internal function]: CodeIgniter\Debug\Exceptions->errorHandler(2, 'file_get_conten...', '/home/u66848956...', 203, Array)
#1 /home/u668489569/domains/xyzcheats.com/public_html/app/Controllers/Connect.php(203): file_get_contents('/home/u66848956...')
#2 /home/u668489569/domains/xyzcheats.com/public_html/app/Controllers/Connect.php(61): App\Controllers\Connect->index_post()
#3 /home/u668489569/domains/xyzcheats.com/public_html/vendor/codeigniter4/framework/system/CodeIgniter.php(824): App\Controllers\Connect->index()
#4 /home/u668489569/domains/xyzcheats.com/public_html/vendor/codeigniter4/framework/system/CodeIgniter.php(410): CodeIgniter\CodeIgniter->runController(Object(App\Controllers\Connect))
#5 /home/u668489569/domains/xyzcheats.com/public_html/vendor/codeigniter4/framework/system/CodeIgniter.php(318): CodeIgniter\CodeIgniter->handleRequest(NULL, Object(Config\Cache), false)
#6 /home/u668489569/domains/xyzcheats.com/public_html/index.php(37): CodeIgniter\CodeIgniter->run()
#7 {main}
CRITICAL - 2026-01-23 03:13:03 --> file_get_contents(/home/u668489569/domains/xyzcheats.com/public_html/hwang/liblamdo.so): failed to open stream: No such file or directory
#0 [internal function]: CodeIgniter\Debug\Exceptions->errorHandler(2, 'file_get_conten...', '/home/u66848956...', 203, Array)
#1 /home/u668489569/domains/xyzcheats.com/public_html/app/Controllers/Connect.php(203): file_get_contents('/home/u66848956...')
#2 /home/u668489569/domains/xyzcheats.com/public_html/app/Controllers/Connect.php(61): App\Controllers\Connect->index_post()
#3 /home/u668489569/domains/xyzcheats.com/public_html/vendor/codeigniter4/framework/system/CodeIgniter.php(824): App\Controllers\Connect->index()
#4 /home/u668489569/domains/xyzcheats.com/public_html/vendor/codeigniter4/framework/system/CodeIgniter.php(410): CodeIgniter\CodeIgniter->runController(Object(App\Controllers\Connect))
#5 /home/u668489569/domains/xyzcheats.com/public_html/vendor/codeigniter4/framework/system/CodeIgniter.php(318): CodeIgniter\CodeIgniter->handleRequest(NULL, Object(Config\Cache), false)
#6 /home/u668489569/domains/xyzcheats.com/public_html/index.php(37): CodeIgniter\CodeIgniter->run()
#7 {main}
CRITICAL - 2026-01-23 03:24:30 --> file_get_contents(/home/u668489569/domains/xyzcheats.com/public_html/hwang/liblamdo.so): failed to open stream: No such file or directory
#0 [internal function]: CodeIgniter\Debug\Exceptions->errorHandler(2, 'file_get_conten...', '/home/u66848956...', 203, Array)
#1 /home/u668489569/domains/xyzcheats.com/public_html/app/Controllers/Connect.php(203): file_get_contents('/home/u66848956...')
#2 /home/u668489569/domains/xyzcheats.com/public_html/app/Controllers/Connect.php(61): App\Controllers\Connect->index_post()
#3 /home/u668489569/domains/xyzcheats.com/public_html/vendor/codeigniter4/framework/system/CodeIgniter.php(824): App\Controllers\Connect->index()
#4 /home/u668489569/domains/xyzcheats.com/public_html/vendor/codeigniter4/framework/system/CodeIgniter.php(410): CodeIgniter\CodeIgniter->runController(Object(App\Controllers\Connect))
#5 /home/u668489569/domains/xyzcheats.com/public_html/vendor/codeigniter4/framework/system/CodeIgniter.php(318): CodeIgniter\CodeIgniter->handleRequest(NULL, Object(Config\Cache), false)
#6 /home/u668489569/domains/xyzcheats.com/public_html/index.php(37): CodeIgniter\CodeIgniter->run()
#7 {main}
CRITICAL - 2026-01-23 03:41:36 --> file_get_contents(/home/u668489569/domains/xyzcheats.com/public_html/hwang/liblamdo.so): failed to open stream: No such file or directory
#0 [internal function]: CodeIgniter\Debug\Exceptions->errorHandler(2, 'file_get_conten...', '/home/u66848956...', 203, Array)
#1 /home/u668489569/domains/xyzcheats.com/public_html/app/Controllers/Connect.php(203): file_get_contents('/home/u66848956...')
#2 /home/u668489569/domains/xyzcheats.com/public_html/app/Controllers/Connect.php(61): App\Controllers\Connect->index_post()
#3 /home/u668489569/domains/xyzcheats.com/public_html/vendor/codeigniter4/framework/system/CodeIgniter.php(824): App\Controllers\Connect->index()
#4 /home/u668489569/domains/xyzcheats.com/public_html/vendor/codeigniter4/framework/system/CodeIgniter.php(410): CodeIgniter\CodeIgniter->runController(Object(App\Controllers\Connect))
#5 /home/u668489569/domains/xyzcheats.com/public_html/vendor/codeigniter4/framework/system/CodeIgniter.php(318): CodeIgniter\CodeIgniter->handleRequest(NULL, Object(Config\Cache), false)
#6 /home/u668489569/domains/xyzcheats.com/public_html/index.php(37): CodeIgniter\CodeIgniter->run()
#7 {main}
CRITICAL - 2026-01-23 03:41:42 --> file_get_contents(/home/u668489569/domains/xyzcheats.com/public_html/hwang/liblamdo.so): failed to open stream: No such file or directory
#0 [internal function]: CodeIgniter\Debug\Exceptions->errorHandler(2, 'file_get_conten...', '/home/u66848956...', 203, Array)
#1 /home/u668489569/domains/xyzcheats.com/public_html/app/Controllers/Connect.php(203): file_get_contents('/home/u66848956...')
#2 /home/u668489569/domains/xyzcheats.com/public_html/app/Controllers/Connect.php(61): App\Controllers\Connect->index_post()
#3 /home/u668489569/domains/xyzcheats.com/public_html/vendor/codeigniter4/framework/system/CodeIgniter.php(824): App\Controllers\Connect->index()
#4 /home/u668489569/domains/xyzcheats.com/public_html/vendor/codeigniter4/framework/system/CodeIgniter.php(410): CodeIgniter\CodeIgniter->runController(Object(App\Controllers\Connect))
#5 /home/u668489569/domains/xyzcheats.com/public_html/vendor/codeigniter4/framework/system/CodeIgniter.php(318): CodeIgniter\CodeIgniter->handleRequest(NULL, Object(Config\Cache), false)
#6 /home/u668489569/domains/xyzcheats.com/public_html/index.php(37): CodeIgniter\CodeIgniter->run()
#7 {main}
CRITICAL - 2026-01-23 03:42:54 --> file_get_contents(/home/u668489569/domains/xyzcheats.com/public_html/hwang/liblamdo.so): failed to open stream: No such file or directory
#0 [internal function]: CodeIgniter\Debug\Exceptions->errorHandler(2, 'file_get_conten...', '/home/u66848956...', 203, Array)
#1 /home/u668489569/domains/xyzcheats.com/public_html/app/Controllers/Connect.php(203): file_get_contents('/home/u66848956...')
#2 /home/u668489569/domains/xyzcheats.com/public_html/app/Controllers/Connect.php(61): App\Controllers\Connect->index_post()
#3 /home/u668489569/domains/xyzcheats.com/public_html/vendor/codeigniter4/framework/system/CodeIgniter.php(824): App\Controllers\Connect->index()
#4 /home/u668489569/domains/xyzcheats.com/public_html/vendor/codeigniter4/framework/system/CodeIgniter.php(410): CodeIgniter\CodeIgniter->runController(Object(App\Controllers\Connect))
#5 /home/u668489569/domains/xyzcheats.com/public_html/vendor/codeigniter4/framework/system/CodeIgniter.php(318): CodeIgniter\CodeIgniter->handleRequest(NULL, Object(Config\Cache), false)
#6 /home/u668489569/domains/xyzcheats.com/public_html/index.php(37): CodeIgniter\CodeIgniter->run()
#7 {main}
CRITICAL - 2026-01-23 04:03:23 --> file_get_contents(/home/u668489569/domains/xyzcheats.com/public_html/hwang/liblamdo.so): failed to open stream: No such file or directory
#0 [internal function]: CodeIgniter\Debug\Exceptions->errorHandler(2, 'file_get_conten...', '/home/u66848956...', 203, Array)
#1 /home/u668489569/domains/xyzcheats.com/public_html/app/Controllers/Connect.php(203): file_get_contents('/home/u66848956...')
#2 /home/u668489569/domains/xyzcheats.com/public_html/app/Controllers/Connect.php(61): App\Controllers\Connect->index_post()
#3 /home/u668489569/domains/xyzcheats.com/public_html/vendor/codeigniter4/framework/system/CodeIgniter.php(824): App\Controllers\Connect->index()
#4 /home/u668489569/domains/xyzcheats.com/public_html/vendor/codeigniter4/framework/system/CodeIgniter.php(410): CodeIgniter\CodeIgniter->runController(Object(App\Controllers\Connect))
#5 /home/u668489569/domains/xyzcheats.com/public_html/vendor/codeigniter4/framework/system/CodeIgniter.php(318): CodeIgniter\CodeIgniter->handleRequest(NULL, Object(Config\Cache), false)
#6 /home/u668489569/domains/xyzcheats.com/public_html/index.php(37): CodeIgniter\CodeIgniter->run()
#7 {main}
CRITICAL - 2026-01-23 04:03:36 --> file_get_contents(/home/u668489569/domains/xyzcheats.com/public_html/hwang/liblamdo.so): failed to open stream: No such file or directory
#0 [internal function]: CodeIgniter\Debug\Exceptions->errorHandler(2, 'file_get_conten...', '/home/u66848956...', 203, Array)
#1 /home/u668489569/domains/xyzcheats.com/public_html/app/Controllers/Connect.php(203): file_get_contents('/home/u66848956...')
#2 /home/u668489569/domains/xyzcheats.com/public_html/app/Controllers/Connect.php(61): App\Controllers\Connect->index_post()
#3 /home/u668489569/domains/xyzcheats.com/public_html/vendor/codeigniter4/framework/system/CodeIgniter.php(824): App\Controllers\Connect->index()
#4 /home/u668489569/domains/xyzcheats.com/public_html/vendor/codeigniter4/framework/system/CodeIgniter.php(410): CodeIgniter\CodeIgniter->runController(Object(App\Controllers\Connect))
#5 /home/u668489569/domains/xyzcheats.com/public_html/vendor/codeigniter4/framework/system/CodeIgniter.php(318): CodeIgniter\CodeIgniter->handleRequest(NULL, Object(Config\Cache), false)
#6 /home/u668489569/domains/xyzcheats.com/public_html/index.php(37): CodeIgniter\CodeIgniter->run()
#7 {main}
CRITICAL - 2026-01-23 04:03:48 --> file_get_contents(/home/u668489569/domains/xyzcheats.com/public_html/hwang/liblamdo.so): failed to open stream: No such file or directory
#0 [internal function]: CodeIgniter\Debug\Exceptions->errorHandler(2, 'file_get_conten...', '/home/u66848956...', 203, Array)
#1 /home/u668489569/domains/xyzcheats.com/public_html/app/Controllers/Connect.php(203): file_get_contents('/home/u66848956...')
#2 /home/u668489569/domains/xyzcheats.com/public_html/app/Controllers/Connect.php(61): App\Controllers\Connect->index_post()
#3 /home/u668489569/domains/xyzcheats.com/public_html/vendor/codeigniter4/framework/system/CodeIgniter.php(824): App\Controllers\Connect->index()
#4 /home/u668489569/domains/xyzcheats.com/public_html/vendor/codeigniter4/framework/system/CodeIgniter.php(410): CodeIgniter\CodeIgniter->runController(Object(App\Controllers\Connect))
#5 /home/u668489569/domains/xyzcheats.com/public_html/vendor/codeigniter4/framework/system/CodeIgniter.php(318): CodeIgniter\CodeIgniter->handleRequest(NULL, Object(Config\Cache), false)
#6 /home/u668489569/domains/xyzcheats.com/public_html/index.php(37): CodeIgniter\CodeIgniter->run()
#7 {main}
CRITICAL - 2026-01-23 04:03:59 --> file_get_contents(/home/u668489569/domains/xyzcheats.com/public_html/hwang/liblamdo.so): failed to open stream: No such file or directory
#0 [internal function]: CodeIgniter\Debug\Exceptions->errorHandler(2, 'file_get_conten...', '/home/u66848956...', 203, Array)
#1 /home/u668489569/domains/xyzcheats.com/public_html/app/Controllers/Connect.php(203): file_get_contents('/home/u66848956...')
#2 /home/u668489569/domains/xyzcheats.com/public_html/app/Controllers/Connect.php(61): App\Controllers\Connect->index_post()
#3 /home/u668489569/domains/xyzcheats.com/public_html/vendor/codeigniter4/framework/system/CodeIgniter.php(824): App\Controllers\Connect->index()
#4 /home/u668489569/domains/xyzcheats.com/public_html/vendor/codeigniter4/framework/system/CodeIgniter.php(410): CodeIgniter\CodeIgniter->runController(Object(App\Controllers\Connect))
#5 /home/u668489569/domains/xyzcheats.com/public_html/vendor/codeigniter4/framework/system/CodeIgniter.php(318): CodeIgniter\CodeIgniter->handleRequest(NULL, Object(Config\Cache), false)
#6 /home/u668489569/domains/xyzcheats.com/public_html/index.php(37): CodeIgniter\CodeIgniter->run()
#7 {main}
CRITICAL - 2026-01-23 04:18:10 --> file_get_contents(/home/u668489569/domains/xyzcheats.com/public_html/hwang/liblamdo.so): failed to open stream: No such file or directory
#0 [internal function]: CodeIgniter\Debug\Exceptions->errorHandler(2, 'file_get_conten...', '/home/u66848956...', 203, Array)
#1 /home/u668489569/domains/xyzcheats.com/public_html/app/Controllers/Connect.php(203): file_get_contents('/home/u66848956...')
#2 /home/u668489569/domains/xyzcheats.com/public_html/app/Controllers/Connect.php(61): App\Controllers\Connect->index_post()
#3 /home/u668489569/domains/xyzcheats.com/public_html/vendor/codeigniter4/framework/system/CodeIgniter.php(824): App\Controllers\Connect->index()
#4 /home/u668489569/domains/xyzcheats.com/public_html/vendor/codeigniter4/framework/system/CodeIgniter.php(410): CodeIgniter\CodeIgniter->runController(Object(App\Controllers\Connect))
#5 /home/u668489569/domains/xyzcheats.com/public_html/vendor/codeigniter4/framework/system/CodeIgniter.php(318): CodeIgniter\CodeIgniter->handleRequest(NULL, Object(Config\Cache), false)
#6 /home/u668489569/domains/xyzcheats.com/public_html/index.php(37): CodeIgniter\CodeIgniter->run()
#7 {main}
CRITICAL - 2026-01-23 04:18:18 --> file_get_contents(/home/u668489569/domains/xyzcheats.com/public_html/hwang/liblamdo.so): failed to open stream: No such file or directory
#0 [internal function]: CodeIgniter\Debug\Exceptions->errorHandler(2, 'file_get_conten...', '/home/u66848956...', 203, Array)
#1 /home/u668489569/domains/xyzcheats.com/public_html/app/Controllers/Connect.php(203): file_get_contents('/home/u66848956...')
#2 /home/u668489569/domains/xyzcheats.com/public_html/app/Controllers/Connect.php(61): App\Controllers\Connect->index_post()
#3 /home/u668489569/domains/xyzcheats.com/public_html/vendor/codeigniter4/framework/system/CodeIgniter.php(824): App\Controllers\Connect->index()
#4 /home/u668489569/domains/xyzcheats.com/public_html/vendor/codeigniter4/framework/system/CodeIgniter.php(410): CodeIgniter\CodeIgniter->runController(Object(App\Controllers\Connect))
#5 /home/u668489569/domains/xyzcheats.com/public_html/vendor/codeigniter4/framework/system/CodeIgniter.php(318): CodeIgniter\CodeIgniter->handleRequest(NULL, Object(Config\Cache), false)
#6 /home/u668489569/domains/xyzcheats.com/public_html/index.php(37): CodeIgniter\CodeIgniter->run()
#7 {main}
CRITICAL - 2026-01-23 04:19:53 --> file_get_contents(/home/u668489569/domains/xyzcheats.com/public_html/hwang/liblamdo.so): failed to open stream: No such file or directory
#0 [internal function]: CodeIgniter\Debug\Exceptions->errorHandler(2, 'file_get_conten...', '/home/u66848956...', 203, Array)
#1 /home/u668489569/domains/xyzcheats.com/public_html/app/Controllers/Connect.php(203): file_get_contents('/home/u66848956...')
#2 /home/u668489569/domains/xyzcheats.com/public_html/app/Controllers/Connect.php(61): App\Controllers\Connect->index_post()
#3 /home/u668489569/domains/xyzcheats.com/public_html/vendor/codeigniter4/framework/system/CodeIgniter.php(824): App\Controllers\Connect->index()
#4 /home/u668489569/domains/xyzcheats.com/public_html/vendor/codeigniter4/framework/system/CodeIgniter.php(410): CodeIgniter\CodeIgniter->runController(Object(App\Controllers\Connect))
#5 /home/u668489569/domains/xyzcheats.com/public_html/vendor/codeigniter4/framework/system/CodeIgniter.php(318): CodeIgniter\CodeIgniter->handleRequest(NULL, Object(Config\Cache), false)
#6 /home/u668489569/domains/xyzcheats.com/public_html/index.php(37): CodeIgniter\CodeIgniter->run()
#7 {main}
CRITICAL - 2026-01-23 04:27:16 --> file_get_contents(/home/u668489569/domains/xyzcheats.com/public_html/hwang/liblamdo.so): failed to open stream: No such file or directory
#0 [internal function]: CodeIgniter\Debug\Exceptions->errorHandler(2, 'file_get_conten...', '/home/u66848956...', 203, Array)
#1 /home/u668489569/domains/xyzcheats.com/public_html/app/Controllers/Connect.php(203): file_get_contents('/home/u66848956...')
#2 /home/u668489569/domains/xyzcheats.com/public_html/app/Controllers/Connect.php(61): App\Controllers\Connect->index_post()
#3 /home/u668489569/domains/xyzcheats.com/public_html/vendor/codeigniter4/framework/system/CodeIgniter.php(824): App\Controllers\Connect->index()
#4 /home/u668489569/domains/xyzcheats.com/public_html/vendor/codeigniter4/framework/system/CodeIgniter.php(410): CodeIgniter\CodeIgniter->runController(Object(App\Controllers\Connect))
#5 /home/u668489569/domains/xyzcheats.com/public_html/vendor/codeigniter4/framework/system/CodeIgniter.php(318): CodeIgniter\CodeIgniter->handleRequest(NULL, Object(Config\Cache), false)
#6 /home/u668489569/domains/xyzcheats.com/public_html/index.php(37): CodeIgniter\CodeIgniter->run()
#7 {main}
CRITICAL - 2026-01-23 04:27:38 --> file_get_contents(/home/u668489569/domains/xyzcheats.com/public_html/hwang/liblamdo.so): failed to open stream: No such file or directory
#0 [internal function]: CodeIgniter\Debug\Exceptions->errorHandler(2, 'file_get_conten...', '/home/u66848956...', 203, Array)
#1 /home/u668489569/domains/xyzcheats.com/public_html/app/Controllers/Connect.php(203): file_get_contents('/home/u66848956...')
#2 /home/u668489569/domains/xyzcheats.com/public_html/app/Controllers/Connect.php(61): App\Controllers\Connect->index_post()
#3 /home/u668489569/domains/xyzcheats.com/public_html/vendor/codeigniter4/framework/system/CodeIgniter.php(824): App\Controllers\Connect->index()
#4 /home/u668489569/domains/xyzcheats.com/public_html/vendor/codeigniter4/framework/system/CodeIgniter.php(410): CodeIgniter\CodeIgniter->runController(Object(App\Controllers\Connect))
#5 /home/u668489569/domains/xyzcheats.com/public_html/vendor/codeigniter4/framework/system/CodeIgniter.php(318): CodeIgniter\CodeIgniter->handleRequest(NULL, Object(Config\Cache), false)
#6 /home/u668489569/domains/xyzcheats.com/public_html/index.php(37): CodeIgniter\CodeIgniter->run()
#7 {main}
CRITICAL - 2026-01-23 04:27:39 --> file_get_contents(/home/u668489569/domains/xyzcheats.com/public_html/hwang/liblamdo.so): failed to open stream: No such file or directory
#0 [internal function]: CodeIgniter\Debug\Exceptions->errorHandler(2, 'file_get_conten...', '/home/u66848956...', 203, Array)
#1 /home/u668489569/domains/xyzcheats.com/public_html/app/Controllers/Connect.php(203): file_get_contents('/home/u66848956...')
#2 /home/u668489569/domains/xyzcheats.com/public_html/app/Controllers/Connect.php(61): App\Controllers\Connect->index_post()
#3 /home/u668489569/domains/xyzcheats.com/public_html/vendor/codeigniter4/framework/system/CodeIgniter.php(824): App\Controllers\Connect->index()
#4 /home/u668489569/domains/xyzcheats.com/public_html/vendor/codeigniter4/framework/system/CodeIgniter.php(410): CodeIgniter\CodeIgniter->runController(Object(App\Controllers\Connect))
#5 /home/u668489569/domains/xyzcheats.com/public_html/vendor/codeigniter4/framework/system/CodeIgniter.php(318): CodeIgniter\CodeIgniter->handleRequest(NULL, Object(Config\Cache), false)
#6 /home/u668489569/domains/xyzcheats.com/public_html/index.php(37): CodeIgniter\CodeIgniter->run()
#7 {main}
CRITICAL - 2026-01-23 04:27:40 --> file_get_contents(/home/u668489569/domains/xyzcheats.com/public_html/hwang/liblamdo.so): failed to open stream: No such file or directory
#0 [internal function]: CodeIgniter\Debug\Exceptions->errorHandler(2, 'file_get_conten...', '/home/u66848956...', 203, Array)
#1 /home/u668489569/domains/xyzcheats.com/public_html/app/Controllers/Connect.php(203): file_get_contents('/home/u66848956...')
#2 /home/u668489569/domains/xyzcheats.com/public_html/app/Controllers/Connect.php(61): App\Controllers\Connect->index_post()
#3 /home/u668489569/domains/xyzcheats.com/public_html/vendor/codeigniter4/framework/system/CodeIgniter.php(824): App\Controllers\Connect->index()
#4 /home/u668489569/domains/xyzcheats.com/public_html/vendor/codeigniter4/framework/system/CodeIgniter.php(410): CodeIgniter\CodeIgniter->runController(Object(App\Controllers\Connect))
#5 /home/u668489569/domains/xyzcheats.com/public_html/vendor/codeigniter4/framework/system/CodeIgniter.php(318): CodeIgniter\CodeIgniter->handleRequest(NULL, Object(Config\Cache), false)
#6 /home/u668489569/domains/xyzcheats.com/public_html/index.php(37): CodeIgniter\CodeIgniter->run()
#7 {main}
CRITICAL - 2026-01-23 04:27:41 --> file_get_contents(/home/u668489569/domains/xyzcheats.com/public_html/hwang/liblamdo.so): failed to open stream: No such file or directory
#0 [internal function]: CodeIgniter\Debug\Exceptions->errorHandler(2, 'file_get_conten...', '/home/u66848956...', 203, Array)
#1 /home/u668489569/domains/xyzcheats.com/public_html/app/Controllers/Connect.php(203): file_get_contents('/home/u66848956...')
#2 /home/u668489569/domains/xyzcheats.com/public_html/app/Controllers/Connect.php(61): App\Controllers\Connect->index_post()
#3 /home/u668489569/domains/xyzcheats.com/public_html/vendor/codeigniter4/framework/system/CodeIgniter.php(824): App\Controllers\Connect->index()
#4 /home/u668489569/domains/xyzcheats.com/public_html/vendor/codeigniter4/framework/system/CodeIgniter.php(410): CodeIgniter\CodeIgniter->runController(Object(App\Controllers\Connect))
#5 /home/u668489569/domains/xyzcheats.com/public_html/vendor/codeigniter4/framework/system/CodeIgniter.php(318): CodeIgniter\CodeIgniter->handleRequest(NULL, Object(Config\Cache), false)
#6 /home/u668489569/domains/xyzcheats.com/public_html/index.php(37): CodeIgniter\CodeIgniter->run()
#7 {main}
CRITICAL - 2026-01-23 04:27:52 --> file_get_contents(/home/u668489569/domains/xyzcheats.com/public_html/hwang/liblamdo.so): failed to open stream: No such file or directory
#0 [internal function]: CodeIgniter\Debug\Exceptions->errorHandler(2, 'file_get_conten...', '/home/u66848956...', 203, Array)
#1 /home/u668489569/domains/xyzcheats.com/public_html/app/Controllers/Connect.php(203): file_get_contents('/home/u66848956...')
#2 /home/u668489569/domains/xyzcheats.com/public_html/app/Controllers/Connect.php(61): App\Controllers\Connect->index_post()
#3 /home/u668489569/domains/xyzcheats.com/public_html/vendor/codeigniter4/framework/system/CodeIgniter.php(824): App\Controllers\Connect->index()
#4 /home/u668489569/domains/xyzcheats.com/public_html/vendor/codeigniter4/framework/system/CodeIgniter.php(410): CodeIgniter\CodeIgniter->runController(Object(App\Controllers\Connect))
#5 /home/u668489569/domains/xyzcheats.com/public_html/vendor/codeigniter4/framework/system/CodeIgniter.php(318): CodeIgniter\CodeIgniter->handleRequest(NULL, Object(Config\Cache), false)
#6 /home/u668489569/domains/xyzcheats.com/public_html/index.php(37): CodeIgniter\CodeIgniter->run()
#7 {main}
CRITICAL - 2026-01-23 04:27:57 --> file_get_contents(/home/u668489569/domains/xyzcheats.com/public_html/hwang/liblamdo.so): failed to open stream: No such file or directory
#0 [internal function]: CodeIgniter\Debug\Exceptions->errorHandler(2, 'file_get_conten...', '/home/u66848956...', 203, Array)
#1 /home/u668489569/domains/xyzcheats.com/public_html/app/Controllers/Connect.php(203): file_get_contents('/home/u66848956...')
#2 /home/u668489569/domains/xyzcheats.com/public_html/app/Controllers/Connect.php(61): App\Controllers\Connect->index_post()
#3 /home/u668489569/domains/xyzcheats.com/public_html/vendor/codeigniter4/framework/system/CodeIgniter.php(824): App\Controllers\Connect->index()
#4 /home/u668489569/domains/xyzcheats.com/public_html/vendor/codeigniter4/framework/system/CodeIgniter.php(410): CodeIgniter\CodeIgniter->runController(Object(App\Controllers\Connect))
#5 /home/u668489569/domains/xyzcheats.com/public_html/vendor/codeigniter4/framework/system/CodeIgniter.php(318): CodeIgniter\CodeIgniter->handleRequest(NULL, Object(Config\Cache), false)
#6 /home/u668489569/domains/xyzcheats.com/public_html/index.php(37): CodeIgniter\CodeIgniter->run()
#7 {main}
CRITICAL - 2026-01-23 04:28:01 --> file_get_contents(/home/u668489569/domains/xyzcheats.com/public_html/hwang/liblamdo.so): failed to open stream: No such file or directory
#0 [internal function]: CodeIgniter\Debug\Exceptions->errorHandler(2, 'file_get_conten...', '/home/u66848956...', 203, Array)
#1 /home/u668489569/domains/xyzcheats.com/public_html/app/Controllers/Connect.php(203): file_get_contents('/home/u66848956...')
#2 /home/u668489569/domains/xyzcheats.com/public_html/app/Controllers/Connect.php(61): App\Controllers\Connect->index_post()
#3 /home/u668489569/domains/xyzcheats.com/public_html/vendor/codeigniter4/framework/system/CodeIgniter.php(824): App\Controllers\Connect->index()
#4 /home/u668489569/domains/xyzcheats.com/public_html/vendor/codeigniter4/framework/system/CodeIgniter.php(410): CodeIgniter\CodeIgniter->runController(Object(App\Controllers\Connect))
#5 /home/u668489569/domains/xyzcheats.com/public_html/vendor/codeigniter4/framework/system/CodeIgniter.php(318): CodeIgniter\CodeIgniter->handleRequest(NULL, Object(Config\Cache), false)
#6 /home/u668489569/domains/xyzcheats.com/public_html/index.php(37): CodeIgniter\CodeIgniter->run()
#7 {main}
CRITICAL - 2026-01-23 04:28:01 --> file_get_contents(/home/u668489569/domains/xyzcheats.com/public_html/hwang/liblamdo.so): failed to open stream: No such file or directory
#0 [internal function]: CodeIgniter\Debug\Exceptions->errorHandler(2, 'file_get_conten...', '/home/u66848956...', 203, Array)
#1 /home/u668489569/domains/xyzcheats.com/public_html/app/Controllers/Connect.php(203): file_get_contents('/home/u66848956...')
#2 /home/u668489569/domains/xyzcheats.com/public_html/app/Controllers/Connect.php(61): App\Controllers\Connect->index_post()
#3 /home/u668489569/domains/xyzcheats.com/public_html/vendor/codeigniter4/framework/system/CodeIgniter.php(824): App\Controllers\Connect->index()
#4 /home/u668489569/domains/xyzcheats.com/public_html/vendor/codeigniter4/framework/system/CodeIgniter.php(410): CodeIgniter\CodeIgniter->runController(Object(App\Controllers\Connect))
#5 /home/u668489569/domains/xyzcheats.com/public_html/vendor/codeigniter4/framework/system/CodeIgniter.php(318): CodeIgniter\CodeIgniter->handleRequest(NULL, Object(Config\Cache), false)
#6 /home/u668489569/domains/xyzcheats.com/public_html/index.php(37): CodeIgniter\CodeIgniter->run()
#7 {main}
CRITICAL - 2026-01-23 04:28:02 --> file_get_contents(/home/u668489569/domains/xyzcheats.com/public_html/hwang/liblamdo.so): failed to open stream: No such file or directory
#0 [internal function]: CodeIgniter\Debug\Exceptions->errorHandler(2, 'file_get_conten...', '/home/u66848956...', 203, Array)
#1 /home/u668489569/domains/xyzcheats.com/public_html/app/Controllers/Connect.php(203): file_get_contents('/home/u66848956...')
#2 /home/u668489569/domains/xyzcheats.com/public_html/app/Controllers/Connect.php(61): App\Controllers\Connect->index_post()
#3 /home/u668489569/domains/xyzcheats.com/public_html/vendor/codeigniter4/framework/system/CodeIgniter.php(824): App\Controllers\Connect->index()
#4 /home/u668489569/domains/xyzcheats.com/public_html/vendor/codeigniter4/framework/system/CodeIgniter.php(410): CodeIgniter\CodeIgniter->runController(Object(App\Controllers\Connect))
#5 /home/u668489569/domains/xyzcheats.com/public_html/vendor/codeigniter4/framework/system/CodeIgniter.php(318): CodeIgniter\CodeIgniter->handleRequest(NULL, Object(Config\Cache), false)
#6 /home/u668489569/domains/xyzcheats.com/public_html/index.php(37): CodeIgniter\CodeIgniter->run()
#7 {main}
CRITICAL - 2026-01-23 04:28:02 --> file_get_contents(/home/u668489569/domains/xyzcheats.com/public_html/hwang/liblamdo.so): failed to open stream: No such file or directory
#0 [internal function]: CodeIgniter\Debug\Exceptions->errorHandler(2, 'file_get_conten...', '/home/u66848956...', 203, Array)
#1 /home/u668489569/domains/xyzcheats.com/public_html/app/Controllers/Connect.php(203): file_get_contents('/home/u66848956...')
#2 /home/u668489569/domains/xyzcheats.com/public_html/app/Controllers/Connect.php(61): App\Controllers\Connect->index_post()
#3 /home/u668489569/domains/xyzcheats.com/public_html/vendor/codeigniter4/framework/system/CodeIgniter.php(824): App\Controllers\Connect->index()
#4 /home/u668489569/domains/xyzcheats.com/public_html/vendor/codeigniter4/framework/system/CodeIgniter.php(410): CodeIgniter\CodeIgniter->runController(Object(App\Controllers\Connect))
#5 /home/u668489569/domains/xyzcheats.com/public_html/vendor/codeigniter4/framework/system/CodeIgniter.php(318): CodeIgniter\CodeIgniter->handleRequest(NULL, Object(Config\Cache), false)
#6 /home/u668489569/domains/xyzcheats.com/public_html/index.php(37): CodeIgniter\CodeIgniter->run()
#7 {main}
CRITICAL - 2026-01-23 04:28:03 --> file_get_contents(/home/u668489569/domains/xyzcheats.com/public_html/hwang/liblamdo.so): failed to open stream: No such file or directory
#0 [internal function]: CodeIgniter\Debug\Exceptions->errorHandler(2, 'file_get_conten...', '/home/u66848956...', 203, Array)
#1 /home/u668489569/domains/xyzcheats.com/public_html/app/Controllers/Connect.php(203): file_get_contents('/home/u66848956...')
#2 /home/u668489569/domains/xyzcheats.com/public_html/app/Controllers/Connect.php(61): App\Controllers\Connect->index_post()
#3 /home/u668489569/domains/xyzcheats.com/public_html/vendor/codeigniter4/framework/system/CodeIgniter.php(824): App\Controllers\Connect->index()
#4 /home/u668489569/domains/xyzcheats.com/public_html/vendor/codeigniter4/framework/system/CodeIgniter.php(410): CodeIgniter\CodeIgniter->runController(Object(App\Controllers\Connect))
#5 /home/u668489569/domains/xyzcheats.com/public_html/vendor/codeigniter4/framework/system/CodeIgniter.php(318): CodeIgniter\CodeIgniter->handleRequest(NULL, Object(Config\Cache), false)
#6 /home/u668489569/domains/xyzcheats.com/public_html/index.php(37): CodeIgniter\CodeIgniter->run()
#7 {main}
CRITICAL - 2026-01-23 04:28:03 --> file_get_contents(/home/u668489569/domains/xyzcheats.com/public_html/hwang/liblamdo.so): failed to open stream: No such file or directory
#0 [internal function]: CodeIgniter\Debug\Exceptions->errorHandler(2, 'file_get_conten...', '/home/u66848956...', 203, Array)
#1 /home/u668489569/domains/xyzcheats.com/public_html/app/Controllers/Connect.php(203): file_get_contents('/home/u66848956...')
#2 /home/u668489569/domains/xyzcheats.com/public_html/app/Controllers/Connect.php(61): App\Controllers\Connect->index_post()
#3 /home/u668489569/domains/xyzcheats.com/public_html/vendor/codeigniter4/framework/system/CodeIgniter.php(824): App\Controllers\Connect->index()
#4 /home/u668489569/domains/xyzcheats.com/public_html/vendor/codeigniter4/framework/system/CodeIgniter.php(410): CodeIgniter\CodeIgniter->runController(Object(App\Controllers\Connect))
#5 /home/u668489569/domains/xyzcheats.com/public_html/vendor/codeigniter4/framework/system/CodeIgniter.php(318): CodeIgniter\CodeIgniter->handleRequest(NULL, Object(Config\Cache), false)
#6 /home/u668489569/domains/xyzcheats.com/public_html/index.php(37): CodeIgniter\CodeIgniter->run()
#7 {main}
CRITICAL - 2026-01-23 04:28:04 --> file_get_contents(/home/u668489569/domains/xyzcheats.com/public_html/hwang/liblamdo.so): failed to open stream: No such file or directory
#0 [internal function]: CodeIgniter\Debug\Exceptions->errorHandler(2, 'file_get_conten...', '/home/u66848956...', 203, Array)
#1 /home/u668489569/domains/xyzcheats.com/public_html/app/Controllers/Connect.php(203): file_get_contents('/home/u66848956...')
#2 /home/u668489569/domains/xyzcheats.com/public_html/app/Controllers/Connect.php(61): App\Controllers\Connect->index_post()
#3 /home/u668489569/domains/xyzcheats.com/public_html/vendor/codeigniter4/framework/system/CodeIgniter.php(824): App\Controllers\Connect->index()
#4 /home/u668489569/domains/xyzcheats.com/public_html/vendor/codeigniter4/framework/system/CodeIgniter.php(410): CodeIgniter\CodeIgniter->runController(Object(App\Controllers\Connect))
#5 /home/u668489569/domains/xyzcheats.com/public_html/vendor/codeigniter4/framework/system/CodeIgniter.php(318): CodeIgniter\CodeIgniter->handleRequest(NULL, Object(Config\Cache), false)
#6 /home/u668489569/domains/xyzcheats.com/public_html/index.php(37): CodeIgniter\CodeIgniter->run()
#7 {main}
CRITICAL - 2026-01-23 04:28:26 --> file_get_contents(/home/u668489569/domains/xyzcheats.com/public_html/hwang/liblamdo.so): failed to open stream: No such file or directory
#0 [internal function]: CodeIgniter\Debug\Exceptions->errorHandler(2, 'file_get_conten...', '/home/u66848956...', 203, Array)
#1 /home/u668489569/domains/xyzcheats.com/public_html/app/Controllers/Connect.php(203): file_get_contents('/home/u66848956...')
#2 /home/u668489569/domains/xyzcheats.com/public_html/app/Controllers/Connect.php(61): App\Controllers\Connect->index_post()
#3 /home/u668489569/domains/xyzcheats.com/public_html/vendor/codeigniter4/framework/system/CodeIgniter.php(824): App\Controllers\Connect->index()
#4 /home/u668489569/domains/xyzcheats.com/public_html/vendor/codeigniter4/framework/system/CodeIgniter.php(410): CodeIgniter\CodeIgniter->runController(Object(App\Controllers\Connect))
#5 /home/u668489569/domains/xyzcheats.com/public_html/vendor/codeigniter4/framework/system/CodeIgniter.php(318): CodeIgniter\CodeIgniter->handleRequest(NULL, Object(Config\Cache), false)
#6 /home/u668489569/domains/xyzcheats.com/public_html/index.php(37): CodeIgniter\CodeIgniter->run()
#7 {main}
CRITICAL - 2026-01-23 04:28:28 --> file_get_contents(/home/u668489569/domains/xyzcheats.com/public_html/hwang/liblamdo.so): failed to open stream: No such file or directory
#0 [internal function]: CodeIgniter\Debug\Exceptions->errorHandler(2, 'file_get_conten...', '/home/u66848956...', 203, Array)
#1 /home/u668489569/domains/xyzcheats.com/public_html/app/Controllers/Connect.php(203): file_get_contents('/home/u66848956...')
#2 /home/u668489569/domains/xyzcheats.com/public_html/app/Controllers/Connect.php(61): App\Controllers\Connect->index_post()
#3 /home/u668489569/domains/xyzcheats.com/public_html/vendor/codeigniter4/framework/system/CodeIgniter.php(824): App\Controllers\Connect->index()
#4 /home/u668489569/domains/xyzcheats.com/public_html/vendor/codeigniter4/framework/system/CodeIgniter.php(410): CodeIgniter\CodeIgniter->runController(Object(App\Controllers\Connect))
#5 /home/u668489569/domains/xyzcheats.com/public_html/vendor/codeigniter4/framework/system/CodeIgniter.php(318): CodeIgniter\CodeIgniter->handleRequest(NULL, Object(Config\Cache), false)
#6 /home/u668489569/domains/xyzcheats.com/public_html/index.php(37): CodeIgniter\CodeIgniter->run()
#7 {main}
CRITICAL - 2026-01-23 04:28:29 --> file_get_contents(/home/u668489569/domains/xyzcheats.com/public_html/hwang/liblamdo.so): failed to open stream: No such file or directory
#0 [internal function]: CodeIgniter\Debug\Exceptions->errorHandler(2, 'file_get_conten...', '/home/u66848956...', 203, Array)
#1 /home/u668489569/domains/xyzcheats.com/public_html/app/Controllers/Connect.php(203): file_get_contents('/home/u66848956...')
#2 /home/u668489569/domains/xyzcheats.com/public_html/app/Controllers/Connect.php(61): App\Controllers\Connect->index_post()
#3 /home/u668489569/domains/xyzcheats.com/public_html/vendor/codeigniter4/framework/system/CodeIgniter.php(824): App\Controllers\Connect->index()
#4 /home/u668489569/domains/xyzcheats.com/public_html/vendor/codeigniter4/framework/system/CodeIgniter.php(410): CodeIgniter\CodeIgniter->runController(Object(App\Controllers\Connect))
#5 /home/u668489569/domains/xyzcheats.com/public_html/vendor/codeigniter4/framework/system/CodeIgniter.php(318): CodeIgniter\CodeIgniter->handleRequest(NULL, Object(Config\Cache), false)
#6 /home/u668489569/domains/xyzcheats.com/public_html/index.php(37): CodeIgniter\CodeIgniter->run()
#7 {main}
CRITICAL - 2026-01-23 04:28:29 --> file_get_contents(/home/u668489569/domains/xyzcheats.com/public_html/hwang/liblamdo.so): failed to open stream: No such file or directory
#0 [internal function]: CodeIgniter\Debug\Exceptions->errorHandler(2, 'file_get_conten...', '/home/u66848956...', 203, Array)
#1 /home/u668489569/domains/xyzcheats.com/public_html/app/Controllers/Connect.php(203): file_get_contents('/home/u66848956...')
#2 /home/u668489569/domains/xyzcheats.com/public_html/app/Controllers/Connect.php(61): App\Controllers\Connect->index_post()
#3 /home/u668489569/domains/xyzcheats.com/public_html/vendor/codeigniter4/framework/system/CodeIgniter.php(824): App\Controllers\Connect->index()
#4 /home/u668489569/domains/xyzcheats.com/public_html/vendor/codeigniter4/framework/system/CodeIgniter.php(410): CodeIgniter\CodeIgniter->runController(Object(App\Controllers\Connect))
#5 /home/u668489569/domains/xyzcheats.com/public_html/vendor/codeigniter4/framework/system/CodeIgniter.php(318): CodeIgniter\CodeIgniter->handleRequest(NULL, Object(Config\Cache), false)
#6 /home/u668489569/domains/xyzcheats.com/public_html/index.php(37): CodeIgniter\CodeIgniter->run()
#7 {main}
CRITICAL - 2026-01-23 04:28:30 --> file_get_contents(/home/u668489569/domains/xyzcheats.com/public_html/hwang/liblamdo.so): failed to open stream: No such file or directory
#0 [internal function]: CodeIgniter\Debug\Exceptions->errorHandler(2, 'file_get_conten...', '/home/u66848956...', 203, Array)
#1 /home/u668489569/domains/xyzcheats.com/public_html/app/Controllers/Connect.php(203): file_get_contents('/home/u66848956...')
#2 /home/u668489569/domains/xyzcheats.com/public_html/app/Controllers/Connect.php(61): App\Controllers\Connect->index_post()
#3 /home/u668489569/domains/xyzcheats.com/public_html/vendor/codeigniter4/framework/system/CodeIgniter.php(824): App\Controllers\Connect->index()
#4 /home/u668489569/domains/xyzcheats.com/public_html/vendor/codeigniter4/framework/system/CodeIgniter.php(410): CodeIgniter\CodeIgniter->runController(Object(App\Controllers\Connect))
#5 /home/u668489569/domains/xyzcheats.com/public_html/vendor/codeigniter4/framework/system/CodeIgniter.php(318): CodeIgniter\CodeIgniter->handleRequest(NULL, Object(Config\Cache), false)
#6 /home/u668489569/domains/xyzcheats.com/public_html/index.php(37): CodeIgniter\CodeIgniter->run()
#7 {main}
CRITICAL - 2026-01-23 04:28:30 --> file_get_contents(/home/u668489569/domains/xyzcheats.com/public_html/hwang/liblamdo.so): failed to open stream: No such file or directory
#0 [internal function]: CodeIgniter\Debug\Exceptions->errorHandler(2, 'file_get_conten...', '/home/u66848956...', 203, Array)
#1 /home/u668489569/domains/xyzcheats.com/public_html/app/Controllers/Connect.php(203): file_get_contents('/home/u66848956...')
#2 /home/u668489569/domains/xyzcheats.com/public_html/app/Controllers/Connect.php(61): App\Controllers\Connect->index_post()
#3 /home/u668489569/domains/xyzcheats.com/public_html/vendor/codeigniter4/framework/system/CodeIgniter.php(824): App\Controllers\Connect->index()
#4 /home/u668489569/domains/xyzcheats.com/public_html/vendor/codeigniter4/framework/system/CodeIgniter.php(410): CodeIgniter\CodeIgniter->runController(Object(App\Controllers\Connect))
#5 /home/u668489569/domains/xyzcheats.com/public_html/vendor/codeigniter4/framework/system/CodeIgniter.php(318): CodeIgniter\CodeIgniter->handleRequest(NULL, Object(Config\Cache), false)
#6 /home/u668489569/domains/xyzcheats.com/public_html/index.php(37): CodeIgniter\CodeIgniter->run()
#7 {main}
CRITICAL - 2026-01-23 04:28:30 --> file_get_contents(/home/u668489569/domains/xyzcheats.com/public_html/hwang/liblamdo.so): failed to open stream: No such file or directory
#0 [internal function]: CodeIgniter\Debug\Exceptions->errorHandler(2, 'file_get_conten...', '/home/u66848956...', 203, Array)
#1 /home/u668489569/domains/xyzcheats.com/public_html/app/Controllers/Connect.php(203): file_get_contents('/home/u66848956...')
#2 /home/u668489569/domains/xyzcheats.com/public_html/app/Controllers/Connect.php(61): App\Controllers\Connect->index_post()
#3 /home/u668489569/domains/xyzcheats.com/public_html/vendor/codeigniter4/framework/system/CodeIgniter.php(824): App\Controllers\Connect->index()
#4 /home/u668489569/domains/xyzcheats.com/public_html/vendor/codeigniter4/framework/system/CodeIgniter.php(410): CodeIgniter\CodeIgniter->runController(Object(App\Controllers\Connect))
#5 /home/u668489569/domains/xyzcheats.com/public_html/vendor/codeigniter4/framework/system/CodeIgniter.php(318): CodeIgniter\CodeIgniter->handleRequest(NULL, Object(Config\Cache), false)
#6 /home/u668489569/domains/xyzcheats.com/public_html/index.php(37): CodeIgniter\CodeIgniter->run()
#7 {main}
CRITICAL - 2026-01-23 04:28:31 --> file_get_contents(/home/u668489569/domains/xyzcheats.com/public_html/hwang/liblamdo.so): failed to open stream: No such file or directory
#0 [internal function]: CodeIgniter\Debug\Exceptions->errorHandler(2, 'file_get_conten...', '/home/u66848956...', 203, Array)
#1 /home/u668489569/domains/xyzcheats.com/public_html/app/Controllers/Connect.php(203): file_get_contents('/home/u66848956...')
#2 /home/u668489569/domains/xyzcheats.com/public_html/app/Controllers/Connect.php(61): App\Controllers\Connect->index_post()
#3 /home/u668489569/domains/xyzcheats.com/public_html/vendor/codeigniter4/framework/system/CodeIgniter.php(824): App\Controllers\Connect->index()
#4 /home/u668489569/domains/xyzcheats.com/public_html/vendor/codeigniter4/framework/system/CodeIgniter.php(410): CodeIgniter\CodeIgniter->runController(Object(App\Controllers\Connect))
#5 /home/u668489569/domains/xyzcheats.com/public_html/vendor/codeigniter4/framework/system/CodeIgniter.php(318): CodeIgniter\CodeIgniter->handleRequest(NULL, Object(Config\Cache), false)
#6 /home/u668489569/domains/xyzcheats.com/public_html/index.php(37): CodeIgniter\CodeIgniter->run()
#7 {main}
CRITICAL - 2026-01-23 04:28:31 --> file_get_contents(/home/u668489569/domains/xyzcheats.com/public_html/hwang/liblamdo.so): failed to open stream: No such file or directory
#0 [internal function]: CodeIgniter\Debug\Exceptions->errorHandler(2, 'file_get_conten...', '/home/u66848956...', 203, Array)
#1 /home/u668489569/domains/xyzcheats.com/public_html/app/Controllers/Connect.php(203): file_get_contents('/home/u66848956...')
#2 /home/u668489569/domains/xyzcheats.com/public_html/app/Controllers/Connect.php(61): App\Controllers\Connect->index_post()
#3 /home/u668489569/domains/xyzcheats.com/public_html/vendor/codeigniter4/framework/system/CodeIgniter.php(824): App\Controllers\Connect->index()
#4 /home/u668489569/domains/xyzcheats.com/public_html/vendor/codeigniter4/framework/system/CodeIgniter.php(410): CodeIgniter\CodeIgniter->runController(Object(App\Controllers\Connect))
#5 /home/u668489569/domains/xyzcheats.com/public_html/vendor/codeigniter4/framework/system/CodeIgniter.php(318): CodeIgniter\CodeIgniter->handleRequest(NULL, Object(Config\Cache), false)
#6 /home/u668489569/domains/xyzcheats.com/public_html/index.php(37): CodeIgniter\CodeIgniter->run()
#7 {main}
CRITICAL - 2026-01-23 04:28:32 --> file_get_contents(/home/u668489569/domains/xyzcheats.com/public_html/hwang/liblamdo.so): failed to open stream: No such file or directory
#0 [internal function]: CodeIgniter\Debug\Exceptions->errorHandler(2, 'file_get_conten...', '/home/u66848956...', 203, Array)
#1 /home/u668489569/domains/xyzcheats.com/public_html/app/Controllers/Connect.php(203): file_get_contents('/home/u66848956...')
#2 /home/u668489569/domains/xyzcheats.com/public_html/app/Controllers/Connect.php(61): App\Controllers\Connect->index_post()
#3 /home/u668489569/domains/xyzcheats.com/public_html/vendor/codeigniter4/framework/system/CodeIgniter.php(824): App\Controllers\Connect->index()
#4 /home/u668489569/domains/xyzcheats.com/public_html/vendor/codeigniter4/framework/system/CodeIgniter.php(410): CodeIgniter\CodeIgniter->runController(Object(App\Controllers\Connect))
#5 /home/u668489569/domains/xyzcheats.com/public_html/vendor/codeigniter4/framework/system/CodeIgniter.php(318): CodeIgniter\CodeIgniter->handleRequest(NULL, Object(Config\Cache), false)
#6 /home/u668489569/domains/xyzcheats.com/public_html/index.php(37): CodeIgniter\CodeIgniter->run()
#7 {main}
CRITICAL - 2026-01-23 04:28:32 --> file_get_contents(/home/u668489569/domains/xyzcheats.com/public_html/hwang/liblamdo.so): failed to open stream: No such file or directory
#0 [internal function]: CodeIgniter\Debug\Exceptions->errorHandler(2, 'file_get_conten...', '/home/u66848956...', 203, Array)
#1 /home/u668489569/domains/xyzcheats.com/public_html/app/Controllers/Connect.php(203): file_get_contents('/home/u66848956...')
#2 /home/u668489569/domains/xyzcheats.com/public_html/app/Controllers/Connect.php(61): App\Controllers\Connect->index_post()
#3 /home/u668489569/domains/xyzcheats.com/public_html/vendor/codeigniter4/framework/system/CodeIgniter.php(824): App\Controllers\Connect->index()
#4 /home/u668489569/domains/xyzcheats.com/public_html/vendor/codeigniter4/framework/system/CodeIgniter.php(410): CodeIgniter\CodeIgniter->runController(Object(App\Controllers\Connect))
#5 /home/u668489569/domains/xyzcheats.com/public_html/vendor/codeigniter4/framework/system/CodeIgniter.php(318): CodeIgniter\CodeIgniter->handleRequest(NULL, Object(Config\Cache), false)
#6 /home/u668489569/domains/xyzcheats.com/public_html/index.php(37): CodeIgniter\CodeIgniter->run()
#7 {main}
CRITICAL - 2026-01-23 04:28:33 --> file_get_contents(/home/u668489569/domains/xyzcheats.com/public_html/hwang/liblamdo.so): failed to open stream: No such file or directory
#0 [internal function]: CodeIgniter\Debug\Exceptions->errorHandler(2, 'file_get_conten...', '/home/u66848956...', 203, Array)
#1 /home/u668489569/domains/xyzcheats.com/public_html/app/Controllers/Connect.php(203): file_get_contents('/home/u66848956...')
#2 /home/u668489569/domains/xyzcheats.com/public_html/app/Controllers/Connect.php(61): App\Controllers\Connect->index_post()
#3 /home/u668489569/domains/xyzcheats.com/public_html/vendor/codeigniter4/framework/system/CodeIgniter.php(824): App\Controllers\Connect->index()
#4 /home/u668489569/domains/xyzcheats.com/public_html/vendor/codeigniter4/framework/system/CodeIgniter.php(410): CodeIgniter\CodeIgniter->runController(Object(App\Controllers\Connect))
#5 /home/u668489569/domains/xyzcheats.com/public_html/vendor/codeigniter4/framework/system/CodeIgniter.php(318): CodeIgniter\CodeIgniter->handleRequest(NULL, Object(Config\Cache), false)
#6 /home/u668489569/domains/xyzcheats.com/public_html/index.php(37): CodeIgniter\CodeIgniter->run()
#7 {main}
CRITICAL - 2026-01-23 04:28:33 --> file_get_contents(/home/u668489569/domains/xyzcheats.com/public_html/hwang/liblamdo.so): failed to open stream: No such file or directory
#0 [internal function]: CodeIgniter\Debug\Exceptions->errorHandler(2, 'file_get_conten...', '/home/u66848956...', 203, Array)
#1 /home/u668489569/domains/xyzcheats.com/public_html/app/Controllers/Connect.php(203): file_get_contents('/home/u66848956...')
#2 /home/u668489569/domains/xyzcheats.com/public_html/app/Controllers/Connect.php(61): App\Controllers\Connect->index_post()
#3 /home/u668489569/domains/xyzcheats.com/public_html/vendor/codeigniter4/framework/system/CodeIgniter.php(824): App\Controllers\Connect->index()
#4 /home/u668489569/domains/xyzcheats.com/public_html/vendor/codeigniter4/framework/system/CodeIgniter.php(410): CodeIgniter\CodeIgniter->runController(Object(App\Controllers\Connect))
#5 /home/u668489569/domains/xyzcheats.com/public_html/vendor/codeigniter4/framework/system/CodeIgniter.php(318): CodeIgniter\CodeIgniter->handleRequest(NULL, Object(Config\Cache), false)
#6 /home/u668489569/domains/xyzcheats.com/public_html/index.php(37): CodeIgniter\CodeIgniter->run()
#7 {main}
CRITICAL - 2026-01-23 04:28:34 --> file_get_contents(/home/u668489569/domains/xyzcheats.com/public_html/hwang/liblamdo.so): failed to open stream: No such file or directory
#0 [internal function]: CodeIgniter\Debug\Exceptions->errorHandler(2, 'file_get_conten...', '/home/u66848956...', 203, Array)
#1 /home/u668489569/domains/xyzcheats.com/public_html/app/Controllers/Connect.php(203): file_get_contents('/home/u66848956...')
#2 /home/u668489569/domains/xyzcheats.com/public_html/app/Controllers/Connect.php(61): App\Controllers\Connect->index_post()
#3 /home/u668489569/domains/xyzcheats.com/public_html/vendor/codeigniter4/framework/system/CodeIgniter.php(824): App\Controllers\Connect->index()
#4 /home/u668489569/domains/xyzcheats.com/public_html/vendor/codeigniter4/framework/system/CodeIgniter.php(410): CodeIgniter\CodeIgniter->runController(Object(App\Controllers\Connect))
#5 /home/u668489569/domains/xyzcheats.com/public_html/vendor/codeigniter4/framework/system/CodeIgniter.php(318): CodeIgniter\CodeIgniter->handleRequest(NULL, Object(Config\Cache), false)
#6 /home/u668489569/domains/xyzcheats.com/public_html/index.php(37): CodeIgniter\CodeIgniter->run()
#7 {main}
CRITICAL - 2026-01-23 04:29:15 --> file_get_contents(/home/u668489569/domains/xyzcheats.com/public_html/hwang/liblamdo.so): failed to open stream: No such file or directory
#0 [internal function]: CodeIgniter\Debug\Exceptions->errorHandler(2, 'file_get_conten...', '/home/u66848956...', 203, Array)
#1 /home/u668489569/domains/xyzcheats.com/public_html/app/Controllers/Connect.php(203): file_get_contents('/home/u66848956...')
#2 /home/u668489569/domains/xyzcheats.com/public_html/app/Controllers/Connect.php(61): App\Controllers\Connect->index_post()
#3 /home/u668489569/domains/xyzcheats.com/public_html/vendor/codeigniter4/framework/system/CodeIgniter.php(824): App\Controllers\Connect->index()
#4 /home/u668489569/domains/xyzcheats.com/public_html/vendor/codeigniter4/framework/system/CodeIgniter.php(410): CodeIgniter\CodeIgniter->runController(Object(App\Controllers\Connect))
#5 /home/u668489569/domains/xyzcheats.com/public_html/vendor/codeigniter4/framework/system/CodeIgniter.php(318): CodeIgniter\CodeIgniter->handleRequest(NULL, Object(Config\Cache), false)
#6 /home/u668489569/domains/xyzcheats.com/public_html/index.php(37): CodeIgniter\CodeIgniter->run()
#7 {main}
CRITICAL - 2026-01-23 04:31:11 --> file_get_contents(/home/u668489569/domains/xyzcheats.com/public_html/hwang/liblamdo.so): failed to open stream: No such file or directory
#0 [internal function]: CodeIgniter\Debug\Exceptions->errorHandler(2, 'file_get_conten...', '/home/u66848956...', 203, Array)
#1 /home/u668489569/domains/xyzcheats.com/public_html/app/Controllers/Connect.php(203): file_get_contents('/home/u66848956...')
#2 /home/u668489569/domains/xyzcheats.com/public_html/app/Controllers/Connect.php(61): App\Controllers\Connect->index_post()
#3 /home/u668489569/domains/xyzcheats.com/public_html/vendor/codeigniter4/framework/system/CodeIgniter.php(824): App\Controllers\Connect->index()
#4 /home/u668489569/domains/xyzcheats.com/public_html/vendor/codeigniter4/framework/system/CodeIgniter.php(410): CodeIgniter\CodeIgniter->runController(Object(App\Controllers\Connect))
#5 /home/u668489569/domains/xyzcheats.com/public_html/vendor/codeigniter4/framework/system/CodeIgniter.php(318): CodeIgniter\CodeIgniter->handleRequest(NULL, Object(Config\Cache), false)
#6 /home/u668489569/domains/xyzcheats.com/public_html/index.php(37): CodeIgniter\CodeIgniter->run()
#7 {main}
CRITICAL - 2026-01-23 04:31:14 --> file_get_contents(/home/u668489569/domains/xyzcheats.com/public_html/hwang/liblamdo.so): failed to open stream: No such file or directory
#0 [internal function]: CodeIgniter\Debug\Exceptions->errorHandler(2, 'file_get_conten...', '/home/u66848956...', 203, Array)
#1 /home/u668489569/domains/xyzcheats.com/public_html/app/Controllers/Connect.php(203): file_get_contents('/home/u66848956...')
#2 /home/u668489569/domains/xyzcheats.com/public_html/app/Controllers/Connect.php(61): App\Controllers\Connect->index_post()
#3 /home/u668489569/domains/xyzcheats.com/public_html/vendor/codeigniter4/framework/system/CodeIgniter.php(824): App\Controllers\Connect->index()
#4 /home/u668489569/domains/xyzcheats.com/public_html/vendor/codeigniter4/framework/system/CodeIgniter.php(410): CodeIgniter\CodeIgniter->runController(Object(App\Controllers\Connect))
#5 /home/u668489569/domains/xyzcheats.com/public_html/vendor/codeigniter4/framework/system/CodeIgniter.php(318): CodeIgniter\CodeIgniter->handleRequest(NULL, Object(Config\Cache), false)
#6 /home/u668489569/domains/xyzcheats.com/public_html/index.php(37): CodeIgniter\CodeIgniter->run()
#7 {main}
CRITICAL - 2026-01-23 04:31:51 --> file_get_contents(/home/u668489569/domains/xyzcheats.com/public_html/hwang/liblamdo.so): failed to open stream: No such file or directory
#0 [internal function]: CodeIgniter\Debug\Exceptions->errorHandler(2, 'file_get_conten...', '/home/u66848956...', 203, Array)
#1 /home/u668489569/domains/xyzcheats.com/public_html/app/Controllers/Connect.php(203): file_get_contents('/home/u66848956...')
#2 /home/u668489569/domains/xyzcheats.com/public_html/app/Controllers/Connect.php(61): App\Controllers\Connect->index_post()
#3 /home/u668489569/domains/xyzcheats.com/public_html/vendor/codeigniter4/framework/system/CodeIgniter.php(824): App\Controllers\Connect->index()
#4 /home/u668489569/domains/xyzcheats.com/public_html/vendor/codeigniter4/framework/system/CodeIgniter.php(410): CodeIgniter\CodeIgniter->runController(Object(App\Controllers\Connect))
#5 /home/u668489569/domains/xyzcheats.com/public_html/vendor/codeigniter4/framework/system/CodeIgniter.php(318): CodeIgniter\CodeIgniter->handleRequest(NULL, Object(Config\Cache), false)
#6 /home/u668489569/domains/xyzcheats.com/public_html/index.php(37): CodeIgniter\CodeIgniter->run()
#7 {main}
CRITICAL - 2026-01-23 04:38:43 --> file_get_contents(/home/u668489569/domains/xyzcheats.com/public_html/hwang/liblamdo.so): failed to open stream: No such file or directory
#0 [internal function]: CodeIgniter\Debug\Exceptions->errorHandler(2, 'file_get_conten...', '/home/u66848956...', 203, Array)
#1 /home/u668489569/domains/xyzcheats.com/public_html/app/Controllers/Connect.php(203): file_get_contents('/home/u66848956...')
#2 /home/u668489569/domains/xyzcheats.com/public_html/app/Controllers/Connect.php(61): App\Controllers\Connect->index_post()
#3 /home/u668489569/domains/xyzcheats.com/public_html/vendor/codeigniter4/framework/system/CodeIgniter.php(824): App\Controllers\Connect->index()
#4 /home/u668489569/domains/xyzcheats.com/public_html/vendor/codeigniter4/framework/system/CodeIgniter.php(410): CodeIgniter\CodeIgniter->runController(Object(App\Controllers\Connect))
#5 /home/u668489569/domains/xyzcheats.com/public_html/vendor/codeigniter4/framework/system/CodeIgniter.php(318): CodeIgniter\CodeIgniter->handleRequest(NULL, Object(Config\Cache), false)
#6 /home/u668489569/domains/xyzcheats.com/public_html/index.php(37): CodeIgniter\CodeIgniter->run()
#7 {main}
CRITICAL - 2026-01-23 04:38:48 --> file_get_contents(/home/u668489569/domains/xyzcheats.com/public_html/hwang/liblamdo.so): failed to open stream: No such file or directory
#0 [internal function]: CodeIgniter\Debug\Exceptions->errorHandler(2, 'file_get_conten...', '/home/u66848956...', 203, Array)
#1 /home/u668489569/domains/xyzcheats.com/public_html/app/Controllers/Connect.php(203): file_get_contents('/home/u66848956...')
#2 /home/u668489569/domains/xyzcheats.com/public_html/app/Controllers/Connect.php(61): App\Controllers\Connect->index_post()
#3 /home/u668489569/domains/xyzcheats.com/public_html/vendor/codeigniter4/framework/system/CodeIgniter.php(824): App\Controllers\Connect->index()
#4 /home/u668489569/domains/xyzcheats.com/public_html/vendor/codeigniter4/framework/system/CodeIgniter.php(410): CodeIgniter\CodeIgniter->runController(Object(App\Controllers\Connect))
#5 /home/u668489569/domains/xyzcheats.com/public_html/vendor/codeigniter4/framework/system/CodeIgniter.php(318): CodeIgniter\CodeIgniter->handleRequest(NULL, Object(Config\Cache), false)
#6 /home/u668489569/domains/xyzcheats.com/public_html/index.php(37): CodeIgniter\CodeIgniter->run()
#7 {main}
CRITICAL - 2026-01-23 04:38:53 --> file_get_contents(/home/u668489569/domains/xyzcheats.com/public_html/hwang/liblamdo.so): failed to open stream: No such file or directory
#0 [internal function]: CodeIgniter\Debug\Exceptions->errorHandler(2, 'file_get_conten...', '/home/u66848956...', 203, Array)
#1 /home/u668489569/domains/xyzcheats.com/public_html/app/Controllers/Connect.php(203): file_get_contents('/home/u66848956...')
#2 /home/u668489569/domains/xyzcheats.com/public_html/app/Controllers/Connect.php(61): App\Controllers\Connect->index_post()
#3 /home/u668489569/domains/xyzcheats.com/public_html/vendor/codeigniter4/framework/system/CodeIgniter.php(824): App\Controllers\Connect->index()
#4 /home/u668489569/domains/xyzcheats.com/public_html/vendor/codeigniter4/framework/system/CodeIgniter.php(410): CodeIgniter\CodeIgniter->runController(Object(App\Controllers\Connect))
#5 /home/u668489569/domains/xyzcheats.com/public_html/vendor/codeigniter4/framework/system/CodeIgniter.php(318): CodeIgniter\CodeIgniter->handleRequest(NULL, Object(Config\Cache), false)
#6 /home/u668489569/domains/xyzcheats.com/public_html/index.php(37): CodeIgniter\CodeIgniter->run()
#7 {main}
CRITICAL - 2026-01-23 04:38:58 --> file_get_contents(/home/u668489569/domains/xyzcheats.com/public_html/hwang/liblamdo.so): failed to open stream: No such file or directory
#0 [internal function]: CodeIgniter\Debug\Exceptions->errorHandler(2, 'file_get_conten...', '/home/u66848956...', 203, Array)
#1 /home/u668489569/domains/xyzcheats.com/public_html/app/Controllers/Connect.php(203): file_get_contents('/home/u66848956...')
#2 /home/u668489569/domains/xyzcheats.com/public_html/app/Controllers/Connect.php(61): App\Controllers\Connect->index_post()
#3 /home/u668489569/domains/xyzcheats.com/public_html/vendor/codeigniter4/framework/system/CodeIgniter.php(824): App\Controllers\Connect->index()
#4 /home/u668489569/domains/xyzcheats.com/public_html/vendor/codeigniter4/framework/system/CodeIgniter.php(410): CodeIgniter\CodeIgniter->runController(Object(App\Controllers\Connect))
#5 /home/u668489569/domains/xyzcheats.com/public_html/vendor/codeigniter4/framework/system/CodeIgniter.php(318): CodeIgniter\CodeIgniter->handleRequest(NULL, Object(Config\Cache), false)
#6 /home/u668489569/domains/xyzcheats.com/public_html/index.php(37): CodeIgniter\CodeIgniter->run()
#7 {main}
CRITICAL - 2026-01-23 04:39:03 --> file_get_contents(/home/u668489569/domains/xyzcheats.com/public_html/hwang/liblamdo.so): failed to open stream: No such file or directory
#0 [internal function]: CodeIgniter\Debug\Exceptions->errorHandler(2, 'file_get_conten...', '/home/u66848956...', 203, Array)
#1 /home/u668489569/domains/xyzcheats.com/public_html/app/Controllers/Connect.php(203): file_get_contents('/home/u66848956...')
#2 /home/u668489569/domains/xyzcheats.com/public_html/app/Controllers/Connect.php(61): App\Controllers\Connect->index_post()
#3 /home/u668489569/domains/xyzcheats.com/public_html/vendor/codeigniter4/framework/system/CodeIgniter.php(824): App\Controllers\Connect->index()
#4 /home/u668489569/domains/xyzcheats.com/public_html/vendor/codeigniter4/framework/system/CodeIgniter.php(410): CodeIgniter\CodeIgniter->runController(Object(App\Controllers\Connect))
#5 /home/u668489569/domains/xyzcheats.com/public_html/vendor/codeigniter4/framework/system/CodeIgniter.php(318): CodeIgniter\CodeIgniter->handleRequest(NULL, Object(Config\Cache), false)
#6 /home/u668489569/domains/xyzcheats.com/public_html/index.php(37): CodeIgniter\CodeIgniter->run()
#7 {main}
CRITICAL - 2026-01-23 04:39:06 --> file_get_contents(/home/u668489569/domains/xyzcheats.com/public_html/hwang/liblamdo.so): failed to open stream: No such file or directory
#0 [internal function]: CodeIgniter\Debug\Exceptions->errorHandler(2, 'file_get_conten...', '/home/u66848956...', 203, Array)
#1 /home/u668489569/domains/xyzcheats.com/public_html/app/Controllers/Connect.php(203): file_get_contents('/home/u66848956...')
#2 /home/u668489569/domains/xyzcheats.com/public_html/app/Controllers/Connect.php(61): App\Controllers\Connect->index_post()
#3 /home/u668489569/domains/xyzcheats.com/public_html/vendor/codeigniter4/framework/system/CodeIgniter.php(824): App\Controllers\Connect->index()
#4 /home/u668489569/domains/xyzcheats.com/public_html/vendor/codeigniter4/framework/system/CodeIgniter.php(410): CodeIgniter\CodeIgniter->runController(Object(App\Controllers\Connect))
#5 /home/u668489569/domains/xyzcheats.com/public_html/vendor/codeigniter4/framework/system/CodeIgniter.php(318): CodeIgniter\CodeIgniter->handleRequest(NULL, Object(Config\Cache), false)
#6 /home/u668489569/domains/xyzcheats.com/public_html/index.php(37): CodeIgniter\CodeIgniter->run()
#7 {main}
CRITICAL - 2026-01-23 04:39:12 --> file_get_contents(/home/u668489569/domains/xyzcheats.com/public_html/hwang/liblamdo.so): failed to open stream: No such file or directory
#0 [internal function]: CodeIgniter\Debug\Exceptions->errorHandler(2, 'file_get_conten...', '/home/u66848956...', 203, Array)
#1 /home/u668489569/domains/xyzcheats.com/public_html/app/Controllers/Connect.php(203): file_get_contents('/home/u66848956...')
#2 /home/u668489569/domains/xyzcheats.com/public_html/app/Controllers/Connect.php(61): App\Controllers\Connect->index_post()
#3 /home/u668489569/domains/xyzcheats.com/public_html/vendor/codeigniter4/framework/system/CodeIgniter.php(824): App\Controllers\Connect->index()
#4 /home/u668489569/domains/xyzcheats.com/public_html/vendor/codeigniter4/framework/system/CodeIgniter.php(410): CodeIgniter\CodeIgniter->runController(Object(App\Controllers\Connect))
#5 /home/u668489569/domains/xyzcheats.com/public_html/vendor/codeigniter4/framework/system/CodeIgniter.php(318): CodeIgniter\CodeIgniter->handleRequest(NULL, Object(Config\Cache), false)
#6 /home/u668489569/domains/xyzcheats.com/public_html/index.php(37): CodeIgniter\CodeIgniter->run()
#7 {main}
CRITICAL - 2026-01-23 04:49:23 --> file_get_contents(/home/u668489569/domains/xyzcheats.com/public_html/hwang/liblamdo.so): failed to open stream: No such file or directory
#0 [internal function]: CodeIgniter\Debug\Exceptions->errorHandler(2, 'file_get_conten...', '/home/u66848956...', 203, Array)
#1 /home/u668489569/domains/xyzcheats.com/public_html/app/Controllers/Connect.php(203): file_get_contents('/home/u66848956...')
#2 /home/u668489569/domains/xyzcheats.com/public_html/app/Controllers/Connect.php(61): App\Controllers\Connect->index_post()
#3 /home/u668489569/domains/xyzcheats.com/public_html/vendor/codeigniter4/framework/system/CodeIgniter.php(824): App\Controllers\Connect->index()
#4 /home/u668489569/domains/xyzcheats.com/public_html/vendor/codeigniter4/framework/system/CodeIgniter.php(410): CodeIgniter\CodeIgniter->runController(Object(App\Controllers\Connect))
#5 /home/u668489569/domains/xyzcheats.com/public_html/vendor/codeigniter4/framework/system/CodeIgniter.php(318): CodeIgniter\CodeIgniter->handleRequest(NULL, Object(Config\Cache), false)
#6 /home/u668489569/domains/xyzcheats.com/public_html/index.php(37): CodeIgniter\CodeIgniter->run()
#7 {main}
CRITICAL - 2026-01-23 04:49:26 --> file_get_contents(/home/u668489569/domains/xyzcheats.com/public_html/hwang/liblamdo.so): failed to open stream: No such file or directory
#0 [internal function]: CodeIgniter\Debug\Exceptions->errorHandler(2, 'file_get_conten...', '/home/u66848956...', 203, Array)
#1 /home/u668489569/domains/xyzcheats.com/public_html/app/Controllers/Connect.php(203): file_get_contents('/home/u66848956...')
#2 /home/u668489569/domains/xyzcheats.com/public_html/app/Controllers/Connect.php(61): App\Controllers\Connect->index_post()
#3 /home/u668489569/domains/xyzcheats.com/public_html/vendor/codeigniter4/framework/system/CodeIgniter.php(824): App\Controllers\Connect->index()
#4 /home/u668489569/domains/xyzcheats.com/public_html/vendor/codeigniter4/framework/system/CodeIgniter.php(410): CodeIgniter\CodeIgniter->runController(Object(App\Controllers\Connect))
#5 /home/u668489569/domains/xyzcheats.com/public_html/vendor/codeigniter4/framework/system/CodeIgniter.php(318): CodeIgniter\CodeIgniter->handleRequest(NULL, Object(Config\Cache), false)
#6 /home/u668489569/domains/xyzcheats.com/public_html/index.php(37): CodeIgniter\CodeIgniter->run()
#7 {main}
CRITICAL - 2026-01-23 04:49:30 --> file_get_contents(/home/u668489569/domains/xyzcheats.com/public_html/hwang/liblamdo.so): failed to open stream: No such file or directory
#0 [internal function]: CodeIgniter\Debug\Exceptions->errorHandler(2, 'file_get_conten...', '/home/u66848956...', 203, Array)
#1 /home/u668489569/domains/xyzcheats.com/public_html/app/Controllers/Connect.php(203): file_get_contents('/home/u66848956...')
#2 /home/u668489569/domains/xyzcheats.com/public_html/app/Controllers/Connect.php(61): App\Controllers\Connect->index_post()
#3 /home/u668489569/domains/xyzcheats.com/public_html/vendor/codeigniter4/framework/system/CodeIgniter.php(824): App\Controllers\Connect->index()
#4 /home/u668489569/domains/xyzcheats.com/public_html/vendor/codeigniter4/framework/system/CodeIgniter.php(410): CodeIgniter\CodeIgniter->runController(Object(App\Controllers\Connect))
#5 /home/u668489569/domains/xyzcheats.com/public_html/vendor/codeigniter4/framework/system/CodeIgniter.php(318): CodeIgniter\CodeIgniter->handleRequest(NULL, Object(Config\Cache), false)
#6 /home/u668489569/domains/xyzcheats.com/public_html/index.php(37): CodeIgniter\CodeIgniter->run()
#7 {main}
CRITICAL - 2026-01-23 04:49:33 --> file_get_contents(/home/u668489569/domains/xyzcheats.com/public_html/hwang/liblamdo.so): failed to open stream: No such file or directory
#0 [internal function]: CodeIgniter\Debug\Exceptions->errorHandler(2, 'file_get_conten...', '/home/u66848956...', 203, Array)
#1 /home/u668489569/domains/xyzcheats.com/public_html/app/Controllers/Connect.php(203): file_get_contents('/home/u66848956...')
#2 /home/u668489569/domains/xyzcheats.com/public_html/app/Controllers/Connect.php(61): App\Controllers\Connect->index_post()
#3 /home/u668489569/domains/xyzcheats.com/public_html/vendor/codeigniter4/framework/system/CodeIgniter.php(824): App\Controllers\Connect->index()
#4 /home/u668489569/domains/xyzcheats.com/public_html/vendor/codeigniter4/framework/system/CodeIgniter.php(410): CodeIgniter\CodeIgniter->runController(Object(App\Controllers\Connect))
#5 /home/u668489569/domains/xyzcheats.com/public_html/vendor/codeigniter4/framework/system/CodeIgniter.php(318): CodeIgniter\CodeIgniter->handleRequest(NULL, Object(Config\Cache), false)
#6 /home/u668489569/domains/xyzcheats.com/public_html/index.php(37): CodeIgniter\CodeIgniter->run()
#7 {main}
CRITICAL - 2026-01-23 04:49:37 --> file_get_contents(/home/u668489569/domains/xyzcheats.com/public_html/hwang/liblamdo.so): failed to open stream: No such file or directory
#0 [internal function]: CodeIgniter\Debug\Exceptions->errorHandler(2, 'file_get_conten...', '/home/u66848956...', 203, Array)
#1 /home/u668489569/domains/xyzcheats.com/public_html/app/Controllers/Connect.php(203): file_get_contents('/home/u66848956...')
#2 /home/u668489569/domains/xyzcheats.com/public_html/app/Controllers/Connect.php(61): App\Controllers\Connect->index_post()
#3 /home/u668489569/domains/xyzcheats.com/public_html/vendor/codeigniter4/framework/system/CodeIgniter.php(824): App\Controllers\Connect->index()
#4 /home/u668489569/domains/xyzcheats.com/public_html/vendor/codeigniter4/framework/system/CodeIgniter.php(410): CodeIgniter\CodeIgniter->runController(Object(App\Controllers\Connect))
#5 /home/u668489569/domains/xyzcheats.com/public_html/vendor/codeigniter4/framework/system/CodeIgniter.php(318): CodeIgniter\CodeIgniter->handleRequest(NULL, Object(Config\Cache), false)
#6 /home/u668489569/domains/xyzcheats.com/public_html/index.php(37): CodeIgniter\CodeIgniter->run()
#7 {main}
CRITICAL - 2026-01-23 04:49:46 --> file_get_contents(/home/u668489569/domains/xyzcheats.com/public_html/hwang/liblamdo.so): failed to open stream: No such file or directory
#0 [internal function]: CodeIgniter\Debug\Exceptions->errorHandler(2, 'file_get_conten...', '/home/u66848956...', 203, Array)
#1 /home/u668489569/domains/xyzcheats.com/public_html/app/Controllers/Connect.php(203): file_get_contents('/home/u66848956...')
#2 /home/u668489569/domains/xyzcheats.com/public_html/app/Controllers/Connect.php(61): App\Controllers\Connect->index_post()
#3 /home/u668489569/domains/xyzcheats.com/public_html/vendor/codeigniter4/framework/system/CodeIgniter.php(824): App\Controllers\Connect->index()
#4 /home/u668489569/domains/xyzcheats.com/public_html/vendor/codeigniter4/framework/system/CodeIgniter.php(410): CodeIgniter\CodeIgniter->runController(Object(App\Controllers\Connect))
#5 /home/u668489569/domains/xyzcheats.com/public_html/vendor/codeigniter4/framework/system/CodeIgniter.php(318): CodeIgniter\CodeIgniter->handleRequest(NULL, Object(Config\Cache), false)
#6 /home/u668489569/domains/xyzcheats.com/public_html/index.php(37): CodeIgniter\CodeIgniter->run()
#7 {main}
CRITICAL - 2026-01-23 04:49:50 --> file_get_contents(/home/u668489569/domains/xyzcheats.com/public_html/hwang/liblamdo.so): failed to open stream: No such file or directory
#0 [internal function]: CodeIgniter\Debug\Exceptions->errorHandler(2, 'file_get_conten...', '/home/u66848956...', 203, Array)
#1 /home/u668489569/domains/xyzcheats.com/public_html/app/Controllers/Connect.php(203): file_get_contents('/home/u66848956...')
#2 /home/u668489569/domains/xyzcheats.com/public_html/app/Controllers/Connect.php(61): App\Controllers\Connect->index_post()
#3 /home/u668489569/domains/xyzcheats.com/public_html/vendor/codeigniter4/framework/system/CodeIgniter.php(824): App\Controllers\Connect->index()
#4 /home/u668489569/domains/xyzcheats.com/public_html/vendor/codeigniter4/framework/system/CodeIgniter.php(410): CodeIgniter\CodeIgniter->runController(Object(App\Controllers\Connect))
#5 /home/u668489569/domains/xyzcheats.com/public_html/vendor/codeigniter4/framework/system/CodeIgniter.php(318): CodeIgniter\CodeIgniter->handleRequest(NULL, Object(Config\Cache), false)
#6 /home/u668489569/domains/xyzcheats.com/public_html/index.php(37): CodeIgniter\CodeIgniter->run()
#7 {main}
CRITICAL - 2026-01-23 04:49:51 --> file_get_contents(/home/u668489569/domains/xyzcheats.com/public_html/hwang/liblamdo.so): failed to open stream: No such file or directory
#0 [internal function]: CodeIgniter\Debug\Exceptions->errorHandler(2, 'file_get_conten...', '/home/u66848956...', 203, Array)
#1 /home/u668489569/domains/xyzcheats.com/public_html/app/Controllers/Connect.php(203): file_get_contents('/home/u66848956...')
#2 /home/u668489569/domains/xyzcheats.com/public_html/app/Controllers/Connect.php(61): App\Controllers\Connect->index_post()
#3 /home/u668489569/domains/xyzcheats.com/public_html/vendor/codeigniter4/framework/system/CodeIgniter.php(824): App\Controllers\Connect->index()
#4 /home/u668489569/domains/xyzcheats.com/public_html/vendor/codeigniter4/framework/system/CodeIgniter.php(410): CodeIgniter\CodeIgniter->runController(Object(App\Controllers\Connect))
#5 /home/u668489569/domains/xyzcheats.com/public_html/vendor/codeigniter4/framework/system/CodeIgniter.php(318): CodeIgniter\CodeIgniter->handleRequest(NULL, Object(Config\Cache), false)
#6 /home/u668489569/domains/xyzcheats.com/public_html/index.php(37): CodeIgniter\CodeIgniter->run()
#7 {main}
CRITICAL - 2026-01-23 04:49:53 --> file_get_contents(/home/u668489569/domains/xyzcheats.com/public_html/hwang/liblamdo.so): failed to open stream: No such file or directory
#0 [internal function]: CodeIgniter\Debug\Exceptions->errorHandler(2, 'file_get_conten...', '/home/u66848956...', 203, Array)
#1 /home/u668489569/domains/xyzcheats.com/public_html/app/Controllers/Connect.php(203): file_get_contents('/home/u66848956...')
#2 /home/u668489569/domains/xyzcheats.com/public_html/app/Controllers/Connect.php(61): App\Controllers\Connect->index_post()
#3 /home/u668489569/domains/xyzcheats.com/public_html/vendor/codeigniter4/framework/system/CodeIgniter.php(824): App\Controllers\Connect->index()
#4 /home/u668489569/domains/xyzcheats.com/public_html/vendor/codeigniter4/framework/system/CodeIgniter.php(410): CodeIgniter\CodeIgniter->runController(Object(App\Controllers\Connect))
#5 /home/u668489569/domains/xyzcheats.com/public_html/vendor/codeigniter4/framework/system/CodeIgniter.php(318): CodeIgniter\CodeIgniter->handleRequest(NULL, Object(Config\Cache), false)
#6 /home/u668489569/domains/xyzcheats.com/public_html/index.php(37): CodeIgniter\CodeIgniter->run()
#7 {main}
CRITICAL - 2026-01-23 04:50:30 --> file_get_contents(/home/u668489569/domains/xyzcheats.com/public_html/hwang/liblamdo.so): failed to open stream: No such file or directory
#0 [internal function]: CodeIgniter\Debug\Exceptions->errorHandler(2, 'file_get_conten...', '/home/u66848956...', 203, Array)
#1 /home/u668489569/domains/xyzcheats.com/public_html/app/Controllers/Connect.php(203): file_get_contents('/home/u66848956...')
#2 /home/u668489569/domains/xyzcheats.com/public_html/app/Controllers/Connect.php(61): App\Controllers\Connect->index_post()
#3 /home/u668489569/domains/xyzcheats.com/public_html/vendor/codeigniter4/framework/system/CodeIgniter.php(824): App\Controllers\Connect->index()
#4 /home/u668489569/domains/xyzcheats.com/public_html/vendor/codeigniter4/framework/system/CodeIgniter.php(410): CodeIgniter\CodeIgniter->runController(Object(App\Controllers\Connect))
#5 /home/u668489569/domains/xyzcheats.com/public_html/vendor/codeigniter4/framework/system/CodeIgniter.php(318): CodeIgniter\CodeIgniter->handleRequest(NULL, Object(Config\Cache), false)
#6 /home/u668489569/domains/xyzcheats.com/public_html/index.php(37): CodeIgniter\CodeIgniter->run()
#7 {main}
CRITICAL - 2026-01-23 04:50:36 --> file_get_contents(/home/u668489569/domains/xyzcheats.com/public_html/hwang/liblamdo.so): failed to open stream: No such file or directory
#0 [internal function]: CodeIgniter\Debug\Exceptions->errorHandler(2, 'file_get_conten...', '/home/u66848956...', 203, Array)
#1 /home/u668489569/domains/xyzcheats.com/public_html/app/Controllers/Connect.php(203): file_get_contents('/home/u66848956...')
#2 /home/u668489569/domains/xyzcheats.com/public_html/app/Controllers/Connect.php(61): App\Controllers\Connect->index_post()
#3 /home/u668489569/domains/xyzcheats.com/public_html/vendor/codeigniter4/framework/system/CodeIgniter.php(824): App\Controllers\Connect->index()
#4 /home/u668489569/domains/xyzcheats.com/public_html/vendor/codeigniter4/framework/system/CodeIgniter.php(410): CodeIgniter\CodeIgniter->runController(Object(App\Controllers\Connect))
#5 /home/u668489569/domains/xyzcheats.com/public_html/vendor/codeigniter4/framework/system/CodeIgniter.php(318): CodeIgniter\CodeIgniter->handleRequest(NULL, Object(Config\Cache), false)
#6 /home/u668489569/domains/xyzcheats.com/public_html/index.php(37): CodeIgniter\CodeIgniter->run()
#7 {main}
CRITICAL - 2026-01-23 05:07:38 --> file_get_contents(/home/u668489569/domains/xyzcheats.com/public_html/hwang/liblamdo.so): failed to open stream: No such file or directory
#0 [internal function]: CodeIgniter\Debug\Exceptions->errorHandler(2, 'file_get_conten...', '/home/u66848956...', 203, Array)
#1 /home/u668489569/domains/xyzcheats.com/public_html/app/Controllers/Connect.php(203): file_get_contents('/home/u66848956...')
#2 /home/u668489569/domains/xyzcheats.com/public_html/app/Controllers/Connect.php(61): App\Controllers\Connect->index_post()
#3 /home/u668489569/domains/xyzcheats.com/public_html/vendor/codeigniter4/framework/system/CodeIgniter.php(824): App\Controllers\Connect->index()
#4 /home/u668489569/domains/xyzcheats.com/public_html/vendor/codeigniter4/framework/system/CodeIgniter.php(410): CodeIgniter\CodeIgniter->runController(Object(App\Controllers\Connect))
#5 /home/u668489569/domains/xyzcheats.com/public_html/vendor/codeigniter4/framework/system/CodeIgniter.php(318): CodeIgniter\CodeIgniter->handleRequest(NULL, Object(Config\Cache), false)
#6 /home/u668489569/domains/xyzcheats.com/public_html/index.php(37): CodeIgniter\CodeIgniter->run()
#7 {main}
CRITICAL - 2026-01-23 05:07:42 --> file_get_contents(/home/u668489569/domains/xyzcheats.com/public_html/hwang/liblamdo.so): failed to open stream: No such file or directory
#0 [internal function]: CodeIgniter\Debug\Exceptions->errorHandler(2, 'file_get_conten...', '/home/u66848956...', 203, Array)
#1 /home/u668489569/domains/xyzcheats.com/public_html/app/Controllers/Connect.php(203): file_get_contents('/home/u66848956...')
#2 /home/u668489569/domains/xyzcheats.com/public_html/app/Controllers/Connect.php(61): App\Controllers\Connect->index_post()
#3 /home/u668489569/domains/xyzcheats.com/public_html/vendor/codeigniter4/framework/system/CodeIgniter.php(824): App\Controllers\Connect->index()
#4 /home/u668489569/domains/xyzcheats.com/public_html/vendor/codeigniter4/framework/system/CodeIgniter.php(410): CodeIgniter\CodeIgniter->runController(Object(App\Controllers\Connect))
#5 /home/u668489569/domains/xyzcheats.com/public_html/vendor/codeigniter4/framework/system/CodeIgniter.php(318): CodeIgniter\CodeIgniter->handleRequest(NULL, Object(Config\Cache), false)
#6 /home/u668489569/domains/xyzcheats.com/public_html/index.php(37): CodeIgniter\CodeIgniter->run()
#7 {main}
CRITICAL - 2026-01-23 05:07:43 --> file_get_contents(/home/u668489569/domains/xyzcheats.com/public_html/hwang/liblamdo.so): failed to open stream: No such file or directory
#0 [internal function]: CodeIgniter\Debug\Exceptions->errorHandler(2, 'file_get_conten...', '/home/u66848956...', 203, Array)
#1 /home/u668489569/domains/xyzcheats.com/public_html/app/Controllers/Connect.php(203): file_get_contents('/home/u66848956...')
#2 /home/u668489569/domains/xyzcheats.com/public_html/app/Controllers/Connect.php(61): App\Controllers\Connect->index_post()
#3 /home/u668489569/domains/xyzcheats.com/public_html/vendor/codeigniter4/framework/system/CodeIgniter.php(824): App\Controllers\Connect->index()
#4 /home/u668489569/domains/xyzcheats.com/public_html/vendor/codeigniter4/framework/system/CodeIgniter.php(410): CodeIgniter\CodeIgniter->runController(Object(App\Controllers\Connect))
#5 /home/u668489569/domains/xyzcheats.com/public_html/vendor/codeigniter4/framework/system/CodeIgniter.php(318): CodeIgniter\CodeIgniter->handleRequest(NULL, Object(Config\Cache), false)
#6 /home/u668489569/domains/xyzcheats.com/public_html/index.php(37): CodeIgniter\CodeIgniter->run()
#7 {main}
CRITICAL - 2026-01-23 05:07:43 --> file_get_contents(/home/u668489569/domains/xyzcheats.com/public_html/hwang/liblamdo.so): failed to open stream: No such file or directory
#0 [internal function]: CodeIgniter\Debug\Exceptions->errorHandler(2, 'file_get_conten...', '/home/u66848956...', 203, Array)
#1 /home/u668489569/domains/xyzcheats.com/public_html/app/Controllers/Connect.php(203): file_get_contents('/home/u66848956...')
#2 /home/u668489569/domains/xyzcheats.com/public_html/app/Controllers/Connect.php(61): App\Controllers\Connect->index_post()
#3 /home/u668489569/domains/xyzcheats.com/public_html/vendor/codeigniter4/framework/system/CodeIgniter.php(824): App\Controllers\Connect->index()
#4 /home/u668489569/domains/xyzcheats.com/public_html/vendor/codeigniter4/framework/system/CodeIgniter.php(410): CodeIgniter\CodeIgniter->runController(Object(App\Controllers\Connect))
#5 /home/u668489569/domains/xyzcheats.com/public_html/vendor/codeigniter4/framework/system/CodeIgniter.php(318): CodeIgniter\CodeIgniter->handleRequest(NULL, Object(Config\Cache), false)
#6 /home/u668489569/domains/xyzcheats.com/public_html/index.php(37): CodeIgniter\CodeIgniter->run()
#7 {main}
CRITICAL - 2026-01-23 05:07:44 --> file_get_contents(/home/u668489569/domains/xyzcheats.com/public_html/hwang/liblamdo.so): failed to open stream: No such file or directory
#0 [internal function]: CodeIgniter\Debug\Exceptions->errorHandler(2, 'file_get_conten...', '/home/u66848956...', 203, Array)
#1 /home/u668489569/domains/xyzcheats.com/public_html/app/Controllers/Connect.php(203): file_get_contents('/home/u66848956...')
#2 /home/u668489569/domains/xyzcheats.com/public_html/app/Controllers/Connect.php(61): App\Controllers\Connect->index_post()
#3 /home/u668489569/domains/xyzcheats.com/public_html/vendor/codeigniter4/framework/system/CodeIgniter.php(824): App\Controllers\Connect->index()
#4 /home/u668489569/domains/xyzcheats.com/public_html/vendor/codeigniter4/framework/system/CodeIgniter.php(410): CodeIgniter\CodeIgniter->runController(Object(App\Controllers\Connect))
#5 /home/u668489569/domains/xyzcheats.com/public_html/vendor/codeigniter4/framework/system/CodeIgniter.php(318): CodeIgniter\CodeIgniter->handleRequest(NULL, Object(Config\Cache), false)
#6 /home/u668489569/domains/xyzcheats.com/public_html/index.php(37): CodeIgniter\CodeIgniter->run()
#7 {main}
CRITICAL - 2026-01-23 05:07:45 --> file_get_contents(/home/u668489569/domains/xyzcheats.com/public_html/hwang/liblamdo.so): failed to open stream: No such file or directory
#0 [internal function]: CodeIgniter\Debug\Exceptions->errorHandler(2, 'file_get_conten...', '/home/u66848956...', 203, Array)
#1 /home/u668489569/domains/xyzcheats.com/public_html/app/Controllers/Connect.php(203): file_get_contents('/home/u66848956...')
#2 /home/u668489569/domains/xyzcheats.com/public_html/app/Controllers/Connect.php(61): App\Controllers\Connect->index_post()
#3 /home/u668489569/domains/xyzcheats.com/public_html/vendor/codeigniter4/framework/system/CodeIgniter.php(824): App\Controllers\Connect->index()
#4 /home/u668489569/domains/xyzcheats.com/public_html/vendor/codeigniter4/framework/system/CodeIgniter.php(410): CodeIgniter\CodeIgniter->runController(Object(App\Controllers\Connect))
#5 /home/u668489569/domains/xyzcheats.com/public_html/vendor/codeigniter4/framework/system/CodeIgniter.php(318): CodeIgniter\CodeIgniter->handleRequest(NULL, Object(Config\Cache), false)
#6 /home/u668489569/domains/xyzcheats.com/public_html/index.php(37): CodeIgniter\CodeIgniter->run()
#7 {main}
CRITICAL - 2026-01-23 05:07:47 --> file_get_contents(/home/u668489569/domains/xyzcheats.com/public_html/hwang/liblamdo.so): failed to open stream: No such file or directory
#0 [internal function]: CodeIgniter\Debug\Exceptions->errorHandler(2, 'file_get_conten...', '/home/u66848956...', 203, Array)
#1 /home/u668489569/domains/xyzcheats.com/public_html/app/Controllers/Connect.php(203): file_get_contents('/home/u66848956...')
#2 /home/u668489569/domains/xyzcheats.com/public_html/app/Controllers/Connect.php(61): App\Controllers\Connect->index_post()
#3 /home/u668489569/domains/xyzcheats.com/public_html/vendor/codeigniter4/framework/system/CodeIgniter.php(824): App\Controllers\Connect->index()
#4 /home/u668489569/domains/xyzcheats.com/public_html/vendor/codeigniter4/framework/system/CodeIgniter.php(410): CodeIgniter\CodeIgniter->runController(Object(App\Controllers\Connect))
#5 /home/u668489569/domains/xyzcheats.com/public_html/vendor/codeigniter4/framework/system/CodeIgniter.php(318): CodeIgniter\CodeIgniter->handleRequest(NULL, Object(Config\Cache), false)
#6 /home/u668489569/domains/xyzcheats.com/public_html/index.php(37): CodeIgniter\CodeIgniter->run()
#7 {main}
CRITICAL - 2026-01-23 05:07:47 --> file_get_contents(/home/u668489569/domains/xyzcheats.com/public_html/hwang/liblamdo.so): failed to open stream: No such file or directory
#0 [internal function]: CodeIgniter\Debug\Exceptions->errorHandler(2, 'file_get_conten...', '/home/u66848956...', 203, Array)
#1 /home/u668489569/domains/xyzcheats.com/public_html/app/Controllers/Connect.php(203): file_get_contents('/home/u66848956...')
#2 /home/u668489569/domains/xyzcheats.com/public_html/app/Controllers/Connect.php(61): App\Controllers\Connect->index_post()
#3 /home/u668489569/domains/xyzcheats.com/public_html/vendor/codeigniter4/framework/system/CodeIgniter.php(824): App\Controllers\Connect->index()
#4 /home/u668489569/domains/xyzcheats.com/public_html/vendor/codeigniter4/framework/system/CodeIgniter.php(410): CodeIgniter\CodeIgniter->runController(Object(App\Controllers\Connect))
#5 /home/u668489569/domains/xyzcheats.com/public_html/vendor/codeigniter4/framework/system/CodeIgniter.php(318): CodeIgniter\CodeIgniter->handleRequest(NULL, Object(Config\Cache), false)
#6 /home/u668489569/domains/xyzcheats.com/public_html/index.php(37): CodeIgniter\CodeIgniter->run()
#7 {main}
CRITICAL - 2026-01-23 05:07:48 --> file_get_contents(/home/u668489569/domains/xyzcheats.com/public_html/hwang/liblamdo.so): failed to open stream: No such file or directory
#0 [internal function]: CodeIgniter\Debug\Exceptions->errorHandler(2, 'file_get_conten...', '/home/u66848956...', 203, Array)
#1 /home/u668489569/domains/xyzcheats.com/public_html/app/Controllers/Connect.php(203): file_get_contents('/home/u66848956...')
#2 /home/u668489569/domains/xyzcheats.com/public_html/app/Controllers/Connect.php(61): App\Controllers\Connect->index_post()
#3 /home/u668489569/domains/xyzcheats.com/public_html/vendor/codeigniter4/framework/system/CodeIgniter.php(824): App\Controllers\Connect->index()
#4 /home/u668489569/domains/xyzcheats.com/public_html/vendor/codeigniter4/framework/system/CodeIgniter.php(410): CodeIgniter\CodeIgniter->runController(Object(App\Controllers\Connect))
#5 /home/u668489569/domains/xyzcheats.com/public_html/vendor/codeigniter4/framework/system/CodeIgniter.php(318): CodeIgniter\CodeIgniter->handleRequest(NULL, Object(Config\Cache), false)
#6 /home/u668489569/domains/xyzcheats.com/public_html/index.php(37): CodeIgniter\CodeIgniter->run()
#7 {main}
CRITICAL - 2026-01-23 05:08:04 --> file_get_contents(/home/u668489569/domains/xyzcheats.com/public_html/hwang/liblamdo.so): failed to open stream: No such file or directory
#0 [internal function]: CodeIgniter\Debug\Exceptions->errorHandler(2, 'file_get_conten...', '/home/u66848956...', 203, Array)
#1 /home/u668489569/domains/xyzcheats.com/public_html/app/Controllers/Connect.php(203): file_get_contents('/home/u66848956...')
#2 /home/u668489569/domains/xyzcheats.com/public_html/app/Controllers/Connect.php(61): App\Controllers\Connect->index_post()
#3 /home/u668489569/domains/xyzcheats.com/public_html/vendor/codeigniter4/framework/system/CodeIgniter.php(824): App\Controllers\Connect->index()
#4 /home/u668489569/domains/xyzcheats.com/public_html/vendor/codeigniter4/framework/system/CodeIgniter.php(410): CodeIgniter\CodeIgniter->runController(Object(App\Controllers\Connect))
#5 /home/u668489569/domains/xyzcheats.com/public_html/vendor/codeigniter4/framework/system/CodeIgniter.php(318): CodeIgniter\CodeIgniter->handleRequest(NULL, Object(Config\Cache), false)
#6 /home/u668489569/domains/xyzcheats.com/public_html/index.php(37): CodeIgniter\CodeIgniter->run()
#7 {main}
CRITICAL - 2026-01-23 05:50:18 --> file_get_contents(/home/u668489569/domains/xyzcheats.com/public_html/hwang/liblamdo.so): failed to open stream: No such file or directory
#0 [internal function]: CodeIgniter\Debug\Exceptions->errorHandler(2, 'file_get_conten...', '/home/u66848956...', 203, Array)
#1 /home/u668489569/domains/xyzcheats.com/public_html/app/Controllers/Connect.php(203): file_get_contents('/home/u66848956...')
#2 /home/u668489569/domains/xyzcheats.com/public_html/app/Controllers/Connect.php(61): App\Controllers\Connect->index_post()
#3 /home/u668489569/domains/xyzcheats.com/public_html/vendor/codeigniter4/framework/system/CodeIgniter.php(824): App\Controllers\Connect->index()
#4 /home/u668489569/domains/xyzcheats.com/public_html/vendor/codeigniter4/framework/system/CodeIgniter.php(410): CodeIgniter\CodeIgniter->runController(Object(App\Controllers\Connect))
#5 /home/u668489569/domains/xyzcheats.com/public_html/vendor/codeigniter4/framework/system/CodeIgniter.php(318): CodeIgniter\CodeIgniter->handleRequest(NULL, Object(Config\Cache), false)
#6 /home/u668489569/domains/xyzcheats.com/public_html/index.php(37): CodeIgniter\CodeIgniter->run()
#7 {main}
CRITICAL - 2026-01-23 05:50:24 --> file_get_contents(/home/u668489569/domains/xyzcheats.com/public_html/hwang/liblamdo.so): failed to open stream: No such file or directory
#0 [internal function]: CodeIgniter\Debug\Exceptions->errorHandler(2, 'file_get_conten...', '/home/u66848956...', 203, Array)
#1 /home/u668489569/domains/xyzcheats.com/public_html/app/Controllers/Connect.php(203): file_get_contents('/home/u66848956...')
#2 /home/u668489569/domains/xyzcheats.com/public_html/app/Controllers/Connect.php(61): App\Controllers\Connect->index_post()
#3 /home/u668489569/domains/xyzcheats.com/public_html/vendor/codeigniter4/framework/system/CodeIgniter.php(824): App\Controllers\Connect->index()
#4 /home/u668489569/domains/xyzcheats.com/public_html/vendor/codeigniter4/framework/system/CodeIgniter.php(410): CodeIgniter\CodeIgniter->runController(Object(App\Controllers\Connect))
#5 /home/u668489569/domains/xyzcheats.com/public_html/vendor/codeigniter4/framework/system/CodeIgniter.php(318): CodeIgniter\CodeIgniter->handleRequest(NULL, Object(Config\Cache), false)
#6 /home/u668489569/domains/xyzcheats.com/public_html/index.php(37): CodeIgniter\CodeIgniter->run()
#7 {main}
CRITICAL - 2026-01-23 05:51:33 --> file_get_contents(/home/u668489569/domains/xyzcheats.com/public_html/hwang/liblamdo.so): failed to open stream: No such file or directory
#0 [internal function]: CodeIgniter\Debug\Exceptions->errorHandler(2, 'file_get_conten...', '/home/u66848956...', 203, Array)
#1 /home/u668489569/domains/xyzcheats.com/public_html/app/Controllers/Connect.php(203): file_get_contents('/home/u66848956...')
#2 /home/u668489569/domains/xyzcheats.com/public_html/app/Controllers/Connect.php(61): App\Controllers\Connect->index_post()
#3 /home/u668489569/domains/xyzcheats.com/public_html/vendor/codeigniter4/framework/system/CodeIgniter.php(824): App\Controllers\Connect->index()
#4 /home/u668489569/domains/xyzcheats.com/public_html/vendor/codeigniter4/framework/system/CodeIgniter.php(410): CodeIgniter\CodeIgniter->runController(Object(App\Controllers\Connect))
#5 /home/u668489569/domains/xyzcheats.com/public_html/vendor/codeigniter4/framework/system/CodeIgniter.php(318): CodeIgniter\CodeIgniter->handleRequest(NULL, Object(Config\Cache), false)
#6 /home/u668489569/domains/xyzcheats.com/public_html/index.php(37): CodeIgniter\CodeIgniter->run()
#7 {main}
CRITICAL - 2026-01-23 05:51:58 --> file_get_contents(/home/u668489569/domains/xyzcheats.com/public_html/hwang/liblamdo.so): failed to open stream: No such file or directory
#0 [internal function]: CodeIgniter\Debug\Exceptions->errorHandler(2, 'file_get_conten...', '/home/u66848956...', 203, Array)
#1 /home/u668489569/domains/xyzcheats.com/public_html/app/Controllers/Connect.php(203): file_get_contents('/home/u66848956...')
#2 /home/u668489569/domains/xyzcheats.com/public_html/app/Controllers/Connect.php(61): App\Controllers\Connect->index_post()
#3 /home/u668489569/domains/xyzcheats.com/public_html/vendor/codeigniter4/framework/system/CodeIgniter.php(824): App\Controllers\Connect->index()
#4 /home/u668489569/domains/xyzcheats.com/public_html/vendor/codeigniter4/framework/system/CodeIgniter.php(410): CodeIgniter\CodeIgniter->runController(Object(App\Controllers\Connect))
#5 /home/u668489569/domains/xyzcheats.com/public_html/vendor/codeigniter4/framework/system/CodeIgniter.php(318): CodeIgniter\CodeIgniter->handleRequest(NULL, Object(Config\Cache), false)
#6 /home/u668489569/domains/xyzcheats.com/public_html/index.php(37): CodeIgniter\CodeIgniter->run()
#7 {main}
CRITICAL - 2026-01-23 05:54:37 --> file_get_contents(/home/u668489569/domains/xyzcheats.com/public_html/hwang/liblamdo.so): failed to open stream: No such file or directory
#0 [internal function]: CodeIgniter\Debug\Exceptions->errorHandler(2, 'file_get_conten...', '/home/u66848956...', 203, Array)
#1 /home/u668489569/domains/xyzcheats.com/public_html/app/Controllers/Connect.php(203): file_get_contents('/home/u66848956...')
#2 /home/u668489569/domains/xyzcheats.com/public_html/app/Controllers/Connect.php(61): App\Controllers\Connect->index_post()
#3 /home/u668489569/domains/xyzcheats.com/public_html/vendor/codeigniter4/framework/system/CodeIgniter.php(824): App\Controllers\Connect->index()
#4 /home/u668489569/domains/xyzcheats.com/public_html/vendor/codeigniter4/framework/system/CodeIgniter.php(410): CodeIgniter\CodeIgniter->runController(Object(App\Controllers\Connect))
#5 /home/u668489569/domains/xyzcheats.com/public_html/vendor/codeigniter4/framework/system/CodeIgniter.php(318): CodeIgniter\CodeIgniter->handleRequest(NULL, Object(Config\Cache), false)
#6 /home/u668489569/domains/xyzcheats.com/public_html/index.php(37): CodeIgniter\CodeIgniter->run()
#7 {main}
CRITICAL - 2026-01-23 05:54:53 --> file_get_contents(/home/u668489569/domains/xyzcheats.com/public_html/hwang/liblamdo.so): failed to open stream: No such file or directory
#0 [internal function]: CodeIgniter\Debug\Exceptions->errorHandler(2, 'file_get_conten...', '/home/u66848956...', 203, Array)
#1 /home/u668489569/domains/xyzcheats.com/public_html/app/Controllers/Connect.php(203): file_get_contents('/home/u66848956...')
#2 /home/u668489569/domains/xyzcheats.com/public_html/app/Controllers/Connect.php(61): App\Controllers\Connect->index_post()
#3 /home/u668489569/domains/xyzcheats.com/public_html/vendor/codeigniter4/framework/system/CodeIgniter.php(824): App\Controllers\Connect->index()
#4 /home/u668489569/domains/xyzcheats.com/public_html/vendor/codeigniter4/framework/system/CodeIgniter.php(410): CodeIgniter\CodeIgniter->runController(Object(App\Controllers\Connect))
#5 /home/u668489569/domains/xyzcheats.com/public_html/vendor/codeigniter4/framework/system/CodeIgniter.php(318): CodeIgniter\CodeIgniter->handleRequest(NULL, Object(Config\Cache), false)
#6 /home/u668489569/domains/xyzcheats.com/public_html/index.php(37): CodeIgniter\CodeIgniter->run()
#7 {main}
CRITICAL - 2026-01-23 05:55:02 --> file_get_contents(/home/u668489569/domains/xyzcheats.com/public_html/hwang/liblamdo.so): failed to open stream: No such file or directory
#0 [internal function]: CodeIgniter\Debug\Exceptions->errorHandler(2, 'file_get_conten...', '/home/u66848956...', 203, Array)
#1 /home/u668489569/domains/xyzcheats.com/public_html/app/Controllers/Connect.php(203): file_get_contents('/home/u66848956...')
#2 /home/u668489569/domains/xyzcheats.com/public_html/app/Controllers/Connect.php(61): App\Controllers\Connect->index_post()
#3 /home/u668489569/domains/xyzcheats.com/public_html/vendor/codeigniter4/framework/system/CodeIgniter.php(824): App\Controllers\Connect->index()
#4 /home/u668489569/domains/xyzcheats.com/public_html/vendor/codeigniter4/framework/system/CodeIgniter.php(410): CodeIgniter\CodeIgniter->runController(Object(App\Controllers\Connect))
#5 /home/u668489569/domains/xyzcheats.com/public_html/vendor/codeigniter4/framework/system/CodeIgniter.php(318): CodeIgniter\CodeIgniter->handleRequest(NULL, Object(Config\Cache), false)
#6 /home/u668489569/domains/xyzcheats.com/public_html/index.php(37): CodeIgniter\CodeIgniter->run()
#7 {main}
CRITICAL - 2026-01-23 05:56:31 --> file_get_contents(/home/u668489569/domains/xyzcheats.com/public_html/hwang/liblamdo.so): failed to open stream: No such file or directory
#0 [internal function]: CodeIgniter\Debug\Exceptions->errorHandler(2, 'file_get_conten...', '/home/u66848956...', 203, Array)
#1 /home/u668489569/domains/xyzcheats.com/public_html/app/Controllers/Connect.php(203): file_get_contents('/home/u66848956...')
#2 /home/u668489569/domains/xyzcheats.com/public_html/app/Controllers/Connect.php(61): App\Controllers\Connect->index_post()
#3 /home/u668489569/domains/xyzcheats.com/public_html/vendor/codeigniter4/framework/system/CodeIgniter.php(824): App\Controllers\Connect->index()
#4 /home/u668489569/domains/xyzcheats.com/public_html/vendor/codeigniter4/framework/system/CodeIgniter.php(410): CodeIgniter\CodeIgniter->runController(Object(App\Controllers\Connect))
#5 /home/u668489569/domains/xyzcheats.com/public_html/vendor/codeigniter4/framework/system/CodeIgniter.php(318): CodeIgniter\CodeIgniter->handleRequest(NULL, Object(Config\Cache), false)
#6 /home/u668489569/domains/xyzcheats.com/public_html/index.php(37): CodeIgniter\CodeIgniter->run()
#7 {main}
CRITICAL - 2026-01-23 05:56:36 --> file_get_contents(/home/u668489569/domains/xyzcheats.com/public_html/hwang/liblamdo.so): failed to open stream: No such file or directory
#0 [internal function]: CodeIgniter\Debug\Exceptions->errorHandler(2, 'file_get_conten...', '/home/u66848956...', 203, Array)
#1 /home/u668489569/domains/xyzcheats.com/public_html/app/Controllers/Connect.php(203): file_get_contents('/home/u66848956...')
#2 /home/u668489569/domains/xyzcheats.com/public_html/app/Controllers/Connect.php(61): App\Controllers\Connect->index_post()
#3 /home/u668489569/domains/xyzcheats.com/public_html/vendor/codeigniter4/framework/system/CodeIgniter.php(824): App\Controllers\Connect->index()
#4 /home/u668489569/domains/xyzcheats.com/public_html/vendor/codeigniter4/framework/system/CodeIgniter.php(410): CodeIgniter\CodeIgniter->runController(Object(App\Controllers\Connect))
#5 /home/u668489569/domains/xyzcheats.com/public_html/vendor/codeigniter4/framework/system/CodeIgniter.php(318): CodeIgniter\CodeIgniter->handleRequest(NULL, Object(Config\Cache), false)
#6 /home/u668489569/domains/xyzcheats.com/public_html/index.php(37): CodeIgniter\CodeIgniter->run()
#7 {main}
CRITICAL - 2026-01-23 06:12:45 --> file_get_contents(/home/u668489569/domains/xyzcheats.com/public_html/hwang/liblamdo.so): failed to open stream: No such file or directory
#0 [internal function]: CodeIgniter\Debug\Exceptions->errorHandler(2, 'file_get_conten...', '/home/u66848956...', 203, Array)
#1 /home/u668489569/domains/xyzcheats.com/public_html/app/Controllers/Connect.php(203): file_get_contents('/home/u66848956...')
#2 /home/u668489569/domains/xyzcheats.com/public_html/app/Controllers/Connect.php(61): App\Controllers\Connect->index_post()
#3 /home/u668489569/domains/xyzcheats.com/public_html/vendor/codeigniter4/framework/system/CodeIgniter.php(824): App\Controllers\Connect->index()
#4 /home/u668489569/domains/xyzcheats.com/public_html/vendor/codeigniter4/framework/system/CodeIgniter.php(410): CodeIgniter\CodeIgniter->runController(Object(App\Controllers\Connect))
#5 /home/u668489569/domains/xyzcheats.com/public_html/vendor/codeigniter4/framework/system/CodeIgniter.php(318): CodeIgniter\CodeIgniter->handleRequest(NULL, Object(Config\Cache), false)
#6 /home/u668489569/domains/xyzcheats.com/public_html/index.php(37): CodeIgniter\CodeIgniter->run()
#7 {main}
CRITICAL - 2026-01-23 06:39:54 --> file_get_contents(/home/u668489569/domains/xyzcheats.com/public_html/hwang/liblamdo.so): failed to open stream: No such file or directory
#0 [internal function]: CodeIgniter\Debug\Exceptions->errorHandler(2, 'file_get_conten...', '/home/u66848956...', 203, Array)
#1 /home/u668489569/domains/xyzcheats.com/public_html/app/Controllers/Connect.php(203): file_get_contents('/home/u66848956...')
#2 /home/u668489569/domains/xyzcheats.com/public_html/app/Controllers/Connect.php(61): App\Controllers\Connect->index_post()
#3 /home/u668489569/domains/xyzcheats.com/public_html/vendor/codeigniter4/framework/system/CodeIgniter.php(824): App\Controllers\Connect->index()
#4 /home/u668489569/domains/xyzcheats.com/public_html/vendor/codeigniter4/framework/system/CodeIgniter.php(410): CodeIgniter\CodeIgniter->runController(Object(App\Controllers\Connect))
#5 /home/u668489569/domains/xyzcheats.com/public_html/vendor/codeigniter4/framework/system/CodeIgniter.php(318): CodeIgniter\CodeIgniter->handleRequest(NULL, Object(Config\Cache), false)
#6 /home/u668489569/domains/xyzcheats.com/public_html/index.php(37): CodeIgniter\CodeIgniter->run()
#7 {main}
CRITICAL - 2026-01-23 06:39:58 --> file_get_contents(/home/u668489569/domains/xyzcheats.com/public_html/hwang/liblamdo.so): failed to open stream: No such file or directory
#0 [internal function]: CodeIgniter\Debug\Exceptions->errorHandler(2, 'file_get_conten...', '/home/u66848956...', 203, Array)
#1 /home/u668489569/domains/xyzcheats.com/public_html/app/Controllers/Connect.php(203): file_get_contents('/home/u66848956...')
#2 /home/u668489569/domains/xyzcheats.com/public_html/app/Controllers/Connect.php(61): App\Controllers\Connect->index_post()
#3 /home/u668489569/domains/xyzcheats.com/public_html/vendor/codeigniter4/framework/system/CodeIgniter.php(824): App\Controllers\Connect->index()
#4 /home/u668489569/domains/xyzcheats.com/public_html/vendor/codeigniter4/framework/system/CodeIgniter.php(410): CodeIgniter\CodeIgniter->runController(Object(App\Controllers\Connect))
#5 /home/u668489569/domains/xyzcheats.com/public_html/vendor/codeigniter4/framework/system/CodeIgniter.php(318): CodeIgniter\CodeIgniter->handleRequest(NULL, Object(Config\Cache), false)
#6 /home/u668489569/domains/xyzcheats.com/public_html/index.php(37): CodeIgniter\CodeIgniter->run()
#7 {main}
CRITICAL - 2026-01-23 06:40:01 --> file_get_contents(/home/u668489569/domains/xyzcheats.com/public_html/hwang/liblamdo.so): failed to open stream: No such file or directory
#0 [internal function]: CodeIgniter\Debug\Exceptions->errorHandler(2, 'file_get_conten...', '/home/u66848956...', 203, Array)
#1 /home/u668489569/domains/xyzcheats.com/public_html/app/Controllers/Connect.php(203): file_get_contents('/home/u66848956...')
#2 /home/u668489569/domains/xyzcheats.com/public_html/app/Controllers/Connect.php(61): App\Controllers\Connect->index_post()
#3 /home/u668489569/domains/xyzcheats.com/public_html/vendor/codeigniter4/framework/system/CodeIgniter.php(824): App\Controllers\Connect->index()
#4 /home/u668489569/domains/xyzcheats.com/public_html/vendor/codeigniter4/framework/system/CodeIgniter.php(410): CodeIgniter\CodeIgniter->runController(Object(App\Controllers\Connect))
#5 /home/u668489569/domains/xyzcheats.com/public_html/vendor/codeigniter4/framework/system/CodeIgniter.php(318): CodeIgniter\CodeIgniter->handleRequest(NULL, Object(Config\Cache), false)
#6 /home/u668489569/domains/xyzcheats.com/public_html/index.php(37): CodeIgniter\CodeIgniter->run()
#7 {main}
CRITICAL - 2026-01-23 06:40:07 --> file_get_contents(/home/u668489569/domains/xyzcheats.com/public_html/hwang/liblamdo.so): failed to open stream: No such file or directory
#0 [internal function]: CodeIgniter\Debug\Exceptions->errorHandler(2, 'file_get_conten...', '/home/u66848956...', 203, Array)
#1 /home/u668489569/domains/xyzcheats.com/public_html/app/Controllers/Connect.php(203): file_get_contents('/home/u66848956...')
#2 /home/u668489569/domains/xyzcheats.com/public_html/app/Controllers/Connect.php(61): App\Controllers\Connect->index_post()
#3 /home/u668489569/domains/xyzcheats.com/public_html/vendor/codeigniter4/framework/system/CodeIgniter.php(824): App\Controllers\Connect->index()
#4 /home/u668489569/domains/xyzcheats.com/public_html/vendor/codeigniter4/framework/system/CodeIgniter.php(410): CodeIgniter\CodeIgniter->runController(Object(App\Controllers\Connect))
#5 /home/u668489569/domains/xyzcheats.com/public_html/vendor/codeigniter4/framework/system/CodeIgniter.php(318): CodeIgniter\CodeIgniter->handleRequest(NULL, Object(Config\Cache), false)
#6 /home/u668489569/domains/xyzcheats.com/public_html/index.php(37): CodeIgniter\CodeIgniter->run()
#7 {main}
CRITICAL - 2026-01-23 06:40:08 --> file_get_contents(/home/u668489569/domains/xyzcheats.com/public_html/hwang/liblamdo.so): failed to open stream: No such file or directory
#0 [internal function]: CodeIgniter\Debug\Exceptions->errorHandler(2, 'file_get_conten...', '/home/u66848956...', 203, Array)
#1 /home/u668489569/domains/xyzcheats.com/public_html/app/Controllers/Connect.php(203): file_get_contents('/home/u66848956...')
#2 /home/u668489569/domains/xyzcheats.com/public_html/app/Controllers/Connect.php(61): App\Controllers\Connect->index_post()
#3 /home/u668489569/domains/xyzcheats.com/public_html/vendor/codeigniter4/framework/system/CodeIgniter.php(824): App\Controllers\Connect->index()
#4 /home/u668489569/domains/xyzcheats.com/public_html/vendor/codeigniter4/framework/system/CodeIgniter.php(410): CodeIgniter\CodeIgniter->runController(Object(App\Controllers\Connect))
#5 /home/u668489569/domains/xyzcheats.com/public_html/vendor/codeigniter4/framework/system/CodeIgniter.php(318): CodeIgniter\CodeIgniter->handleRequest(NULL, Object(Config\Cache), false)
#6 /home/u668489569/domains/xyzcheats.com/public_html/index.php(37): CodeIgniter\CodeIgniter->run()
#7 {main}
CRITICAL - 2026-01-23 06:40:09 --> file_get_contents(/home/u668489569/domains/xyzcheats.com/public_html/hwang/liblamdo.so): failed to open stream: No such file or directory
#0 [internal function]: CodeIgniter\Debug\Exceptions->errorHandler(2, 'file_get_conten...', '/home/u66848956...', 203, Array)
#1 /home/u668489569/domains/xyzcheats.com/public_html/app/Controllers/Connect.php(203): file_get_contents('/home/u66848956...')
#2 /home/u668489569/domains/xyzcheats.com/public_html/app/Controllers/Connect.php(61): App\Controllers\Connect->index_post()
#3 /home/u668489569/domains/xyzcheats.com/public_html/vendor/codeigniter4/framework/system/CodeIgniter.php(824): App\Controllers\Connect->index()
#4 /home/u668489569/domains/xyzcheats.com/public_html/vendor/codeigniter4/framework/system/CodeIgniter.php(410): CodeIgniter\CodeIgniter->runController(Object(App\Controllers\Connect))
#5 /home/u668489569/domains/xyzcheats.com/public_html/vendor/codeigniter4/framework/system/CodeIgniter.php(318): CodeIgniter\CodeIgniter->handleRequest(NULL, Object(Config\Cache), false)
#6 /home/u668489569/domains/xyzcheats.com/public_html/index.php(37): CodeIgniter\CodeIgniter->run()
#7 {main}
CRITICAL - 2026-01-23 06:40:39 --> file_get_contents(/home/u668489569/domains/xyzcheats.com/public_html/hwang/liblamdo.so): failed to open stream: No such file or directory
#0 [internal function]: CodeIgniter\Debug\Exceptions->errorHandler(2, 'file_get_conten...', '/home/u66848956...', 203, Array)
#1 /home/u668489569/domains/xyzcheats.com/public_html/app/Controllers/Connect.php(203): file_get_contents('/home/u66848956...')
#2 /home/u668489569/domains/xyzcheats.com/public_html/app/Controllers/Connect.php(61): App\Controllers\Connect->index_post()
#3 /home/u668489569/domains/xyzcheats.com/public_html/vendor/codeigniter4/framework/system/CodeIgniter.php(824): App\Controllers\Connect->index()
#4 /home/u668489569/domains/xyzcheats.com/public_html/vendor/codeigniter4/framework/system/CodeIgniter.php(410): CodeIgniter\CodeIgniter->runController(Object(App\Controllers\Connect))
#5 /home/u668489569/domains/xyzcheats.com/public_html/vendor/codeigniter4/framework/system/CodeIgniter.php(318): CodeIgniter\CodeIgniter->handleRequest(NULL, Object(Config\Cache), false)
#6 /home/u668489569/domains/xyzcheats.com/public_html/index.php(37): CodeIgniter\CodeIgniter->run()
#7 {main}
CRITICAL - 2026-01-23 06:40:40 --> file_get_contents(/home/u668489569/domains/xyzcheats.com/public_html/hwang/liblamdo.so): failed to open stream: No such file or directory
#0 [internal function]: CodeIgniter\Debug\Exceptions->errorHandler(2, 'file_get_conten...', '/home/u66848956...', 203, Array)
#1 /home/u668489569/domains/xyzcheats.com/public_html/app/Controllers/Connect.php(203): file_get_contents('/home/u66848956...')
#2 /home/u668489569/domains/xyzcheats.com/public_html/app/Controllers/Connect.php(61): App\Controllers\Connect->index_post()
#3 /home/u668489569/domains/xyzcheats.com/public_html/vendor/codeigniter4/framework/system/CodeIgniter.php(824): App\Controllers\Connect->index()
#4 /home/u668489569/domains/xyzcheats.com/public_html/vendor/codeigniter4/framework/system/CodeIgniter.php(410): CodeIgniter\CodeIgniter->runController(Object(App\Controllers\Connect))
#5 /home/u668489569/domains/xyzcheats.com/public_html/vendor/codeigniter4/framework/system/CodeIgniter.php(318): CodeIgniter\CodeIgniter->handleRequest(NULL, Object(Config\Cache), false)
#6 /home/u668489569/domains/xyzcheats.com/public_html/index.php(37): CodeIgniter\CodeIgniter->run()
#7 {main}
CRITICAL - 2026-01-23 06:40:40 --> file_get_contents(/home/u668489569/domains/xyzcheats.com/public_html/hwang/liblamdo.so): failed to open stream: No such file or directory
#0 [internal function]: CodeIgniter\Debug\Exceptions->errorHandler(2, 'file_get_conten...', '/home/u66848956...', 203, Array)
#1 /home/u668489569/domains/xyzcheats.com/public_html/app/Controllers/Connect.php(203): file_get_contents('/home/u66848956...')
#2 /home/u668489569/domains/xyzcheats.com/public_html/app/Controllers/Connect.php(61): App\Controllers\Connect->index_post()
#3 /home/u668489569/domains/xyzcheats.com/public_html/vendor/codeigniter4/framework/system/CodeIgniter.php(824): App\Controllers\Connect->index()
#4 /home/u668489569/domains/xyzcheats.com/public_html/vendor/codeigniter4/framework/system/CodeIgniter.php(410): CodeIgniter\CodeIgniter->runController(Object(App\Controllers\Connect))
#5 /home/u668489569/domains/xyzcheats.com/public_html/vendor/codeigniter4/framework/system/CodeIgniter.php(318): CodeIgniter\CodeIgniter->handleRequest(NULL, Object(Config\Cache), false)
#6 /home/u668489569/domains/xyzcheats.com/public_html/index.php(37): CodeIgniter\CodeIgniter->run()
#7 {main}
CRITICAL - 2026-01-23 06:40:41 --> file_get_contents(/home/u668489569/domains/xyzcheats.com/public_html/hwang/liblamdo.so): failed to open stream: No such file or directory
#0 [internal function]: CodeIgniter\Debug\Exceptions->errorHandler(2, 'file_get_conten...', '/home/u66848956...', 203, Array)
#1 /home/u668489569/domains/xyzcheats.com/public_html/app/Controllers/Connect.php(203): file_get_contents('/home/u66848956...')
#2 /home/u668489569/domains/xyzcheats.com/public_html/app/Controllers/Connect.php(61): App\Controllers\Connect->index_post()
#3 /home/u668489569/domains/xyzcheats.com/public_html/vendor/codeigniter4/framework/system/CodeIgniter.php(824): App\Controllers\Connect->index()
#4 /home/u668489569/domains/xyzcheats.com/public_html/vendor/codeigniter4/framework/system/CodeIgniter.php(410): CodeIgniter\CodeIgniter->runController(Object(App\Controllers\Connect))
#5 /home/u668489569/domains/xyzcheats.com/public_html/vendor/codeigniter4/framework/system/CodeIgniter.php(318): CodeIgniter\CodeIgniter->handleRequest(NULL, Object(Config\Cache), false)
#6 /home/u668489569/domains/xyzcheats.com/public_html/index.php(37): CodeIgniter\CodeIgniter->run()
#7 {main}
CRITICAL - 2026-01-23 06:40:44 --> file_get_contents(/home/u668489569/domains/xyzcheats.com/public_html/hwang/liblamdo.so): failed to open stream: No such file or directory
#0 [internal function]: CodeIgniter\Debug\Exceptions->errorHandler(2, 'file_get_conten...', '/home/u66848956...', 203, Array)
#1 /home/u668489569/domains/xyzcheats.com/public_html/app/Controllers/Connect.php(203): file_get_contents('/home/u66848956...')
#2 /home/u668489569/domains/xyzcheats.com/public_html/app/Controllers/Connect.php(61): App\Controllers\Connect->index_post()
#3 /home/u668489569/domains/xyzcheats.com/public_html/vendor/codeigniter4/framework/system/CodeIgniter.php(824): App\Controllers\Connect->index()
#4 /home/u668489569/domains/xyzcheats.com/public_html/vendor/codeigniter4/framework/system/CodeIgniter.php(410): CodeIgniter\CodeIgniter->runController(Object(App\Controllers\Connect))
#5 /home/u668489569/domains/xyzcheats.com/public_html/vendor/codeigniter4/framework/system/CodeIgniter.php(318): CodeIgniter\CodeIgniter->handleRequest(NULL, Object(Config\Cache), false)
#6 /home/u668489569/domains/xyzcheats.com/public_html/index.php(37): CodeIgniter\CodeIgniter->run()
#7 {main}
CRITICAL - 2026-01-23 06:40:44 --> file_get_contents(/home/u668489569/domains/xyzcheats.com/public_html/hwang/liblamdo.so): failed to open stream: No such file or directory
#0 [internal function]: CodeIgniter\Debug\Exceptions->errorHandler(2, 'file_get_conten...', '/home/u66848956...', 203, Array)
#1 /home/u668489569/domains/xyzcheats.com/public_html/app/Controllers/Connect.php(203): file_get_contents('/home/u66848956...')
#2 /home/u668489569/domains/xyzcheats.com/public_html/app/Controllers/Connect.php(61): App\Controllers\Connect->index_post()
#3 /home/u668489569/domains/xyzcheats.com/public_html/vendor/codeigniter4/framework/system/CodeIgniter.php(824): App\Controllers\Connect->index()
#4 /home/u668489569/domains/xyzcheats.com/public_html/vendor/codeigniter4/framework/system/CodeIgniter.php(410): CodeIgniter\CodeIgniter->runController(Object(App\Controllers\Connect))
#5 /home/u668489569/domains/xyzcheats.com/public_html/vendor/codeigniter4/framework/system/CodeIgniter.php(318): CodeIgniter\CodeIgniter->handleRequest(NULL, Object(Config\Cache), false)
#6 /home/u668489569/domains/xyzcheats.com/public_html/index.php(37): CodeIgniter\CodeIgniter->run()
#7 {main}
CRITICAL - 2026-01-23 06:42:27 --> file_get_contents(/home/u668489569/domains/xyzcheats.com/public_html/hwang/liblamdo.so): failed to open stream: No such file or directory
#0 [internal function]: CodeIgniter\Debug\Exceptions->errorHandler(2, 'file_get_conten...', '/home/u66848956...', 203, Array)
#1 /home/u668489569/domains/xyzcheats.com/public_html/app/Controllers/Connect.php(203): file_get_contents('/home/u66848956...')
#2 /home/u668489569/domains/xyzcheats.com/public_html/app/Controllers/Connect.php(61): App\Controllers\Connect->index_post()
#3 /home/u668489569/domains/xyzcheats.com/public_html/vendor/codeigniter4/framework/system/CodeIgniter.php(824): App\Controllers\Connect->index()
#4 /home/u668489569/domains/xyzcheats.com/public_html/vendor/codeigniter4/framework/system/CodeIgniter.php(410): CodeIgniter\CodeIgniter->runController(Object(App\Controllers\Connect))
#5 /home/u668489569/domains/xyzcheats.com/public_html/vendor/codeigniter4/framework/system/CodeIgniter.php(318): CodeIgniter\CodeIgniter->handleRequest(NULL, Object(Config\Cache), false)
#6 /home/u668489569/domains/xyzcheats.com/public_html/index.php(37): CodeIgniter\CodeIgniter->run()
#7 {main}
CRITICAL - 2026-01-23 06:42:29 --> file_get_contents(/home/u668489569/domains/xyzcheats.com/public_html/hwang/liblamdo.so): failed to open stream: No such file or directory
#0 [internal function]: CodeIgniter\Debug\Exceptions->errorHandler(2, 'file_get_conten...', '/home/u66848956...', 203, Array)
#1 /home/u668489569/domains/xyzcheats.com/public_html/app/Controllers/Connect.php(203): file_get_contents('/home/u66848956...')
#2 /home/u668489569/domains/xyzcheats.com/public_html/app/Controllers/Connect.php(61): App\Controllers\Connect->index_post()
#3 /home/u668489569/domains/xyzcheats.com/public_html/vendor/codeigniter4/framework/system/CodeIgniter.php(824): App\Controllers\Connect->index()
#4 /home/u668489569/domains/xyzcheats.com/public_html/vendor/codeigniter4/framework/system/CodeIgniter.php(410): CodeIgniter\CodeIgniter->runController(Object(App\Controllers\Connect))
#5 /home/u668489569/domains/xyzcheats.com/public_html/vendor/codeigniter4/framework/system/CodeIgniter.php(318): CodeIgniter\CodeIgniter->handleRequest(NULL, Object(Config\Cache), false)
#6 /home/u668489569/domains/xyzcheats.com/public_html/index.php(37): CodeIgniter\CodeIgniter->run()
#7 {main}
CRITICAL - 2026-01-23 06:42:30 --> file_get_contents(/home/u668489569/domains/xyzcheats.com/public_html/hwang/liblamdo.so): failed to open stream: No such file or directory
#0 [internal function]: CodeIgniter\Debug\Exceptions->errorHandler(2, 'file_get_conten...', '/home/u66848956...', 203, Array)
#1 /home/u668489569/domains/xyzcheats.com/public_html/app/Controllers/Connect.php(203): file_get_contents('/home/u66848956...')
#2 /home/u668489569/domains/xyzcheats.com/public_html/app/Controllers/Connect.php(61): App\Controllers\Connect->index_post()
#3 /home/u668489569/domains/xyzcheats.com/public_html/vendor/codeigniter4/framework/system/CodeIgniter.php(824): App\Controllers\Connect->index()
#4 /home/u668489569/domains/xyzcheats.com/public_html/vendor/codeigniter4/framework/system/CodeIgniter.php(410): CodeIgniter\CodeIgniter->runController(Object(App\Controllers\Connect))
#5 /home/u668489569/domains/xyzcheats.com/public_html/vendor/codeigniter4/framework/system/CodeIgniter.php(318): CodeIgniter\CodeIgniter->handleRequest(NULL, Object(Config\Cache), false)
#6 /home/u668489569/domains/xyzcheats.com/public_html/index.php(37): CodeIgniter\CodeIgniter->run()
#7 {main}
CRITICAL - 2026-01-23 06:42:31 --> file_get_contents(/home/u668489569/domains/xyzcheats.com/public_html/hwang/liblamdo.so): failed to open stream: No such file or directory
#0 [internal function]: CodeIgniter\Debug\Exceptions->errorHandler(2, 'file_get_conten...', '/home/u66848956...', 203, Array)
#1 /home/u668489569/domains/xyzcheats.com/public_html/app/Controllers/Connect.php(203): file_get_contents('/home/u66848956...')
#2 /home/u668489569/domains/xyzcheats.com/public_html/app/Controllers/Connect.php(61): App\Controllers\Connect->index_post()
#3 /home/u668489569/domains/xyzcheats.com/public_html/vendor/codeigniter4/framework/system/CodeIgniter.php(824): App\Controllers\Connect->index()
#4 /home/u668489569/domains/xyzcheats.com/public_html/vendor/codeigniter4/framework/system/CodeIgniter.php(410): CodeIgniter\CodeIgniter->runController(Object(App\Controllers\Connect))
#5 /home/u668489569/domains/xyzcheats.com/public_html/vendor/codeigniter4/framework/system/CodeIgniter.php(318): CodeIgniter\CodeIgniter->handleRequest(NULL, Object(Config\Cache), false)
#6 /home/u668489569/domains/xyzcheats.com/public_html/index.php(37): CodeIgniter\CodeIgniter->run()
#7 {main}
CRITICAL - 2026-01-23 06:42:32 --> file_get_contents(/home/u668489569/domains/xyzcheats.com/public_html/hwang/liblamdo.so): failed to open stream: No such file or directory
#0 [internal function]: CodeIgniter\Debug\Exceptions->errorHandler(2, 'file_get_conten...', '/home/u66848956...', 203, Array)
#1 /home/u668489569/domains/xyzcheats.com/public_html/app/Controllers/Connect.php(203): file_get_contents('/home/u66848956...')
#2 /home/u668489569/domains/xyzcheats.com/public_html/app/Controllers/Connect.php(61): App\Controllers\Connect->index_post()
#3 /home/u668489569/domains/xyzcheats.com/public_html/vendor/codeigniter4/framework/system/CodeIgniter.php(824): App\Controllers\Connect->index()
#4 /home/u668489569/domains/xyzcheats.com/public_html/vendor/codeigniter4/framework/system/CodeIgniter.php(410): CodeIgniter\CodeIgniter->runController(Object(App\Controllers\Connect))
#5 /home/u668489569/domains/xyzcheats.com/public_html/vendor/codeigniter4/framework/system/CodeIgniter.php(318): CodeIgniter\CodeIgniter->handleRequest(NULL, Object(Config\Cache), false)
#6 /home/u668489569/domains/xyzcheats.com/public_html/index.php(37): CodeIgniter\CodeIgniter->run()
#7 {main}
CRITICAL - 2026-01-23 06:42:33 --> file_get_contents(/home/u668489569/domains/xyzcheats.com/public_html/hwang/liblamdo.so): failed to open stream: No such file or directory
#0 [internal function]: CodeIgniter\Debug\Exceptions->errorHandler(2, 'file_get_conten...', '/home/u66848956...', 203, Array)
#1 /home/u668489569/domains/xyzcheats.com/public_html/app/Controllers/Connect.php(203): file_get_contents('/home/u66848956...')
#2 /home/u668489569/domains/xyzcheats.com/public_html/app/Controllers/Connect.php(61): App\Controllers\Connect->index_post()
#3 /home/u668489569/domains/xyzcheats.com/public_html/vendor/codeigniter4/framework/system/CodeIgniter.php(824): App\Controllers\Connect->index()
#4 /home/u668489569/domains/xyzcheats.com/public_html/vendor/codeigniter4/framework/system/CodeIgniter.php(410): CodeIgniter\CodeIgniter->runController(Object(App\Controllers\Connect))
#5 /home/u668489569/domains/xyzcheats.com/public_html/vendor/codeigniter4/framework/system/CodeIgniter.php(318): CodeIgniter\CodeIgniter->handleRequest(NULL, Object(Config\Cache), false)
#6 /home/u668489569/domains/xyzcheats.com/public_html/index.php(37): CodeIgniter\CodeIgniter->run()
#7 {main}
CRITICAL - 2026-01-23 06:42:34 --> file_get_contents(/home/u668489569/domains/xyzcheats.com/public_html/hwang/liblamdo.so): failed to open stream: No such file or directory
#0 [internal function]: CodeIgniter\Debug\Exceptions->errorHandler(2, 'file_get_conten...', '/home/u66848956...', 203, Array)
#1 /home/u668489569/domains/xyzcheats.com/public_html/app/Controllers/Connect.php(203): file_get_contents('/home/u66848956...')
#2 /home/u668489569/domains/xyzcheats.com/public_html/app/Controllers/Connect.php(61): App\Controllers\Connect->index_post()
#3 /home/u668489569/domains/xyzcheats.com/public_html/vendor/codeigniter4/framework/system/CodeIgniter.php(824): App\Controllers\Connect->index()
#4 /home/u668489569/domains/xyzcheats.com/public_html/vendor/codeigniter4/framework/system/CodeIgniter.php(410): CodeIgniter\CodeIgniter->runController(Object(App\Controllers\Connect))
#5 /home/u668489569/domains/xyzcheats.com/public_html/vendor/codeigniter4/framework/system/CodeIgniter.php(318): CodeIgniter\CodeIgniter->handleRequest(NULL, Object(Config\Cache), false)
#6 /home/u668489569/domains/xyzcheats.com/public_html/index.php(37): CodeIgniter\CodeIgniter->run()
#7 {main}
CRITICAL - 2026-01-23 06:42:34 --> file_get_contents(/home/u668489569/domains/xyzcheats.com/public_html/hwang/liblamdo.so): failed to open stream: No such file or directory
#0 [internal function]: CodeIgniter\Debug\Exceptions->errorHandler(2, 'file_get_conten...', '/home/u66848956...', 203, Array)
#1 /home/u668489569/domains/xyzcheats.com/public_html/app/Controllers/Connect.php(203): file_get_contents('/home/u66848956...')
#2 /home/u668489569/domains/xyzcheats.com/public_html/app/Controllers/Connect.php(61): App\Controllers\Connect->index_post()
#3 /home/u668489569/domains/xyzcheats.com/public_html/vendor/codeigniter4/framework/system/CodeIgniter.php(824): App\Controllers\Connect->index()
#4 /home/u668489569/domains/xyzcheats.com/public_html/vendor/codeigniter4/framework/system/CodeIgniter.php(410): CodeIgniter\CodeIgniter->runController(Object(App\Controllers\Connect))
#5 /home/u668489569/domains/xyzcheats.com/public_html/vendor/codeigniter4/framework/system/CodeIgniter.php(318): CodeIgniter\CodeIgniter->handleRequest(NULL, Object(Config\Cache), false)
#6 /home/u668489569/domains/xyzcheats.com/public_html/index.php(37): CodeIgniter\CodeIgniter->run()
#7 {main}
CRITICAL - 2026-01-23 06:42:34 --> file_get_contents(/home/u668489569/domains/xyzcheats.com/public_html/hwang/liblamdo.so): failed to open stream: No such file or directory
#0 [internal function]: CodeIgniter\Debug\Exceptions->errorHandler(2, 'file_get_conten...', '/home/u66848956...', 203, Array)
#1 /home/u668489569/domains/xyzcheats.com/public_html/app/Controllers/Connect.php(203): file_get_contents('/home/u66848956...')
#2 /home/u668489569/domains/xyzcheats.com/public_html/app/Controllers/Connect.php(61): App\Controllers\Connect->index_post()
#3 /home/u668489569/domains/xyzcheats.com/public_html/vendor/codeigniter4/framework/system/CodeIgniter.php(824): App\Controllers\Connect->index()
#4 /home/u668489569/domains/xyzcheats.com/public_html/vendor/codeigniter4/framework/system/CodeIgniter.php(410): CodeIgniter\CodeIgniter->runController(Object(App\Controllers\Connect))
#5 /home/u668489569/domains/xyzcheats.com/public_html/vendor/codeigniter4/framework/system/CodeIgniter.php(318): CodeIgniter\CodeIgniter->handleRequest(NULL, Object(Config\Cache), false)
#6 /home/u668489569/domains/xyzcheats.com/public_html/index.php(37): CodeIgniter\CodeIgniter->run()
#7 {main}
CRITICAL - 2026-01-23 06:42:36 --> file_get_contents(/home/u668489569/domains/xyzcheats.com/public_html/hwang/liblamdo.so): failed to open stream: No such file or directory
#0 [internal function]: CodeIgniter\Debug\Exceptions->errorHandler(2, 'file_get_conten...', '/home/u66848956...', 203, Array)
#1 /home/u668489569/domains/xyzcheats.com/public_html/app/Controllers/Connect.php(203): file_get_contents('/home/u66848956...')
#2 /home/u668489569/domains/xyzcheats.com/public_html/app/Controllers/Connect.php(61): App\Controllers\Connect->index_post()
#3 /home/u668489569/domains/xyzcheats.com/public_html/vendor/codeigniter4/framework/system/CodeIgniter.php(824): App\Controllers\Connect->index()
#4 /home/u668489569/domains/xyzcheats.com/public_html/vendor/codeigniter4/framework/system/CodeIgniter.php(410): CodeIgniter\CodeIgniter->runController(Object(App\Controllers\Connect))
#5 /home/u668489569/domains/xyzcheats.com/public_html/vendor/codeigniter4/framework/system/CodeIgniter.php(318): CodeIgniter\CodeIgniter->handleRequest(NULL, Object(Config\Cache), false)
#6 /home/u668489569/domains/xyzcheats.com/public_html/index.php(37): CodeIgniter\CodeIgniter->run()
#7 {main}
CRITICAL - 2026-01-23 06:42:39 --> file_get_contents(/home/u668489569/domains/xyzcheats.com/public_html/hwang/liblamdo.so): failed to open stream: No such file or directory
#0 [internal function]: CodeIgniter\Debug\Exceptions->errorHandler(2, 'file_get_conten...', '/home/u66848956...', 203, Array)
#1 /home/u668489569/domains/xyzcheats.com/public_html/app/Controllers/Connect.php(203): file_get_contents('/home/u66848956...')
#2 /home/u668489569/domains/xyzcheats.com/public_html/app/Controllers/Connect.php(61): App\Controllers\Connect->index_post()
#3 /home/u668489569/domains/xyzcheats.com/public_html/vendor/codeigniter4/framework/system/CodeIgniter.php(824): App\Controllers\Connect->index()
#4 /home/u668489569/domains/xyzcheats.com/public_html/vendor/codeigniter4/framework/system/CodeIgniter.php(410): CodeIgniter\CodeIgniter->runController(Object(App\Controllers\Connect))
#5 /home/u668489569/domains/xyzcheats.com/public_html/vendor/codeigniter4/framework/system/CodeIgniter.php(318): CodeIgniter\CodeIgniter->handleRequest(NULL, Object(Config\Cache), false)
#6 /home/u668489569/domains/xyzcheats.com/public_html/index.php(37): CodeIgniter\CodeIgniter->run()
#7 {main}
CRITICAL - 2026-01-23 06:50:16 --> file_get_contents(/home/u668489569/domains/xyzcheats.com/public_html/hwang/liblamdo.so): failed to open stream: No such file or directory
#0 [internal function]: CodeIgniter\Debug\Exceptions->errorHandler(2, 'file_get_conten...', '/home/u66848956...', 203, Array)
#1 /home/u668489569/domains/xyzcheats.com/public_html/app/Controllers/Connect.php(203): file_get_contents('/home/u66848956...')
#2 /home/u668489569/domains/xyzcheats.com/public_html/app/Controllers/Connect.php(61): App\Controllers\Connect->index_post()
#3 /home/u668489569/domains/xyzcheats.com/public_html/vendor/codeigniter4/framework/system/CodeIgniter.php(824): App\Controllers\Connect->index()
#4 /home/u668489569/domains/xyzcheats.com/public_html/vendor/codeigniter4/framework/system/CodeIgniter.php(410): CodeIgniter\CodeIgniter->runController(Object(App\Controllers\Connect))
#5 /home/u668489569/domains/xyzcheats.com/public_html/vendor/codeigniter4/framework/system/CodeIgniter.php(318): CodeIgniter\CodeIgniter->handleRequest(NULL, Object(Config\Cache), false)
#6 /home/u668489569/domains/xyzcheats.com/public_html/index.php(37): CodeIgniter\CodeIgniter->run()
#7 {main}
CRITICAL - 2026-01-23 07:14:45 --> file_get_contents(/home/u668489569/domains/xyzcheats.com/public_html/hwang/liblamdo.so): failed to open stream: No such file or directory
#0 [internal function]: CodeIgniter\Debug\Exceptions->errorHandler(2, 'file_get_conten...', '/home/u66848956...', 203, Array)
#1 /home/u668489569/domains/xyzcheats.com/public_html/app/Controllers/Connect.php(203): file_get_contents('/home/u66848956...')
#2 /home/u668489569/domains/xyzcheats.com/public_html/app/Controllers/Connect.php(61): App\Controllers\Connect->index_post()
#3 /home/u668489569/domains/xyzcheats.com/public_html/vendor/codeigniter4/framework/system/CodeIgniter.php(824): App\Controllers\Connect->index()
#4 /home/u668489569/domains/xyzcheats.com/public_html/vendor/codeigniter4/framework/system/CodeIgniter.php(410): CodeIgniter\CodeIgniter->runController(Object(App\Controllers\Connect))
#5 /home/u668489569/domains/xyzcheats.com/public_html/vendor/codeigniter4/framework/system/CodeIgniter.php(318): CodeIgniter\CodeIgniter->handleRequest(NULL, Object(Config\Cache), false)
#6 /home/u668489569/domains/xyzcheats.com/public_html/index.php(37): CodeIgniter\CodeIgniter->run()
#7 {main}
CRITICAL - 2026-01-23 07:14:52 --> file_get_contents(/home/u668489569/domains/xyzcheats.com/public_html/hwang/liblamdo.so): failed to open stream: No such file or directory
#0 [internal function]: CodeIgniter\Debug\Exceptions->errorHandler(2, 'file_get_conten...', '/home/u66848956...', 203, Array)
#1 /home/u668489569/domains/xyzcheats.com/public_html/app/Controllers/Connect.php(203): file_get_contents('/home/u66848956...')
#2 /home/u668489569/domains/xyzcheats.com/public_html/app/Controllers/Connect.php(61): App\Controllers\Connect->index_post()
#3 /home/u668489569/domains/xyzcheats.com/public_html/vendor/codeigniter4/framework/system/CodeIgniter.php(824): App\Controllers\Connect->index()
#4 /home/u668489569/domains/xyzcheats.com/public_html/vendor/codeigniter4/framework/system/CodeIgniter.php(410): CodeIgniter\CodeIgniter->runController(Object(App\Controllers\Connect))
#5 /home/u668489569/domains/xyzcheats.com/public_html/vendor/codeigniter4/framework/system/CodeIgniter.php(318): CodeIgniter\CodeIgniter->handleRequest(NULL, Object(Config\Cache), false)
#6 /home/u668489569/domains/xyzcheats.com/public_html/index.php(37): CodeIgniter\CodeIgniter->run()
#7 {main}
CRITICAL - 2026-01-23 07:14:57 --> file_get_contents(/home/u668489569/domains/xyzcheats.com/public_html/hwang/liblamdo.so): failed to open stream: No such file or directory
#0 [internal function]: CodeIgniter\Debug\Exceptions->errorHandler(2, 'file_get_conten...', '/home/u66848956...', 203, Array)
#1 /home/u668489569/domains/xyzcheats.com/public_html/app/Controllers/Connect.php(203): file_get_contents('/home/u66848956...')
#2 /home/u668489569/domains/xyzcheats.com/public_html/app/Controllers/Connect.php(61): App\Controllers\Connect->index_post()
#3 /home/u668489569/domains/xyzcheats.com/public_html/vendor/codeigniter4/framework/system/CodeIgniter.php(824): App\Controllers\Connect->index()
#4 /home/u668489569/domains/xyzcheats.com/public_html/vendor/codeigniter4/framework/system/CodeIgniter.php(410): CodeIgniter\CodeIgniter->runController(Object(App\Controllers\Connect))
#5 /home/u668489569/domains/xyzcheats.com/public_html/vendor/codeigniter4/framework/system/CodeIgniter.php(318): CodeIgniter\CodeIgniter->handleRequest(NULL, Object(Config\Cache), false)
#6 /home/u668489569/domains/xyzcheats.com/public_html/index.php(37): CodeIgniter\CodeIgniter->run()
#7 {main}
CRITICAL - 2026-01-23 07:15:03 --> file_get_contents(/home/u668489569/domains/xyzcheats.com/public_html/hwang/liblamdo.so): failed to open stream: No such file or directory
#0 [internal function]: CodeIgniter\Debug\Exceptions->errorHandler(2, 'file_get_conten...', '/home/u66848956...', 203, Array)
#1 /home/u668489569/domains/xyzcheats.com/public_html/app/Controllers/Connect.php(203): file_get_contents('/home/u66848956...')
#2 /home/u668489569/domains/xyzcheats.com/public_html/app/Controllers/Connect.php(61): App\Controllers\Connect->index_post()
#3 /home/u668489569/domains/xyzcheats.com/public_html/vendor/codeigniter4/framework/system/CodeIgniter.php(824): App\Controllers\Connect->index()
#4 /home/u668489569/domains/xyzcheats.com/public_html/vendor/codeigniter4/framework/system/CodeIgniter.php(410): CodeIgniter\CodeIgniter->runController(Object(App\Controllers\Connect))
#5 /home/u668489569/domains/xyzcheats.com/public_html/vendor/codeigniter4/framework/system/CodeIgniter.php(318): CodeIgniter\CodeIgniter->handleRequest(NULL, Object(Config\Cache), false)
#6 /home/u668489569/domains/xyzcheats.com/public_html/index.php(37): CodeIgniter\CodeIgniter->run()
#7 {main}
CRITICAL - 2026-01-23 07:15:09 --> file_get_contents(/home/u668489569/domains/xyzcheats.com/public_html/hwang/liblamdo.so): failed to open stream: No such file or directory
#0 [internal function]: CodeIgniter\Debug\Exceptions->errorHandler(2, 'file_get_conten...', '/home/u66848956...', 203, Array)
#1 /home/u668489569/domains/xyzcheats.com/public_html/app/Controllers/Connect.php(203): file_get_contents('/home/u66848956...')
#2 /home/u668489569/domains/xyzcheats.com/public_html/app/Controllers/Connect.php(61): App\Controllers\Connect->index_post()
#3 /home/u668489569/domains/xyzcheats.com/public_html/vendor/codeigniter4/framework/system/CodeIgniter.php(824): App\Controllers\Connect->index()
#4 /home/u668489569/domains/xyzcheats.com/public_html/vendor/codeigniter4/framework/system/CodeIgniter.php(410): CodeIgniter\CodeIgniter->runController(Object(App\Controllers\Connect))
#5 /home/u668489569/domains/xyzcheats.com/public_html/vendor/codeigniter4/framework/system/CodeIgniter.php(318): CodeIgniter\CodeIgniter->handleRequest(NULL, Object(Config\Cache), false)
#6 /home/u668489569/domains/xyzcheats.com/public_html/index.php(37): CodeIgniter\CodeIgniter->run()
#7 {main}
CRITICAL - 2026-01-23 07:15:19 --> file_get_contents(/home/u668489569/domains/xyzcheats.com/public_html/hwang/liblamdo.so): failed to open stream: No such file or directory
#0 [internal function]: CodeIgniter\Debug\Exceptions->errorHandler(2, 'file_get_conten...', '/home/u66848956...', 203, Array)
#1 /home/u668489569/domains/xyzcheats.com/public_html/app/Controllers/Connect.php(203): file_get_contents('/home/u66848956...')
#2 /home/u668489569/domains/xyzcheats.com/public_html/app/Controllers/Connect.php(61): App\Controllers\Connect->index_post()
#3 /home/u668489569/domains/xyzcheats.com/public_html/vendor/codeigniter4/framework/system/CodeIgniter.php(824): App\Controllers\Connect->index()
#4 /home/u668489569/domains/xyzcheats.com/public_html/vendor/codeigniter4/framework/system/CodeIgniter.php(410): CodeIgniter\CodeIgniter->runController(Object(App\Controllers\Connect))
#5 /home/u668489569/domains/xyzcheats.com/public_html/vendor/codeigniter4/framework/system/CodeIgniter.php(318): CodeIgniter\CodeIgniter->handleRequest(NULL, Object(Config\Cache), false)
#6 /home/u668489569/domains/xyzcheats.com/public_html/index.php(37): CodeIgniter\CodeIgniter->run()
#7 {main}
CRITICAL - 2026-01-23 07:15:25 --> file_get_contents(/home/u668489569/domains/xyzcheats.com/public_html/hwang/liblamdo.so): failed to open stream: No such file or directory
#0 [internal function]: CodeIgniter\Debug\Exceptions->errorHandler(2, 'file_get_conten...', '/home/u66848956...', 203, Array)
#1 /home/u668489569/domains/xyzcheats.com/public_html/app/Controllers/Connect.php(203): file_get_contents('/home/u66848956...')
#2 /home/u668489569/domains/xyzcheats.com/public_html/app/Controllers/Connect.php(61): App\Controllers\Connect->index_post()
#3 /home/u668489569/domains/xyzcheats.com/public_html/vendor/codeigniter4/framework/system/CodeIgniter.php(824): App\Controllers\Connect->index()
#4 /home/u668489569/domains/xyzcheats.com/public_html/vendor/codeigniter4/framework/system/CodeIgniter.php(410): CodeIgniter\CodeIgniter->runController(Object(App\Controllers\Connect))
#5 /home/u668489569/domains/xyzcheats.com/public_html/vendor/codeigniter4/framework/system/CodeIgniter.php(318): CodeIgniter\CodeIgniter->handleRequest(NULL, Object(Config\Cache), false)
#6 /home/u668489569/domains/xyzcheats.com/public_html/index.php(37): CodeIgniter\CodeIgniter->run()
#7 {main}
CRITICAL - 2026-01-23 07:15:32 --> file_get_contents(/home/u668489569/domains/xyzcheats.com/public_html/hwang/liblamdo.so): failed to open stream: No such file or directory
#0 [internal function]: CodeIgniter\Debug\Exceptions->errorHandler(2, 'file_get_conten...', '/home/u66848956...', 203, Array)
#1 /home/u668489569/domains/xyzcheats.com/public_html/app/Controllers/Connect.php(203): file_get_contents('/home/u66848956...')
#2 /home/u668489569/domains/xyzcheats.com/public_html/app/Controllers/Connect.php(61): App\Controllers\Connect->index_post()
#3 /home/u668489569/domains/xyzcheats.com/public_html/vendor/codeigniter4/framework/system/CodeIgniter.php(824): App\Controllers\Connect->index()
#4 /home/u668489569/domains/xyzcheats.com/public_html/vendor/codeigniter4/framework/system/CodeIgniter.php(410): CodeIgniter\CodeIgniter->runController(Object(App\Controllers\Connect))
#5 /home/u668489569/domains/xyzcheats.com/public_html/vendor/codeigniter4/framework/system/CodeIgniter.php(318): CodeIgniter\CodeIgniter->handleRequest(NULL, Object(Config\Cache), false)
#6 /home/u668489569/domains/xyzcheats.com/public_html/index.php(37): CodeIgniter\CodeIgniter->run()
#7 {main}
CRITICAL - 2026-01-23 07:15:38 --> file_get_contents(/home/u668489569/domains/xyzcheats.com/public_html/hwang/liblamdo.so): failed to open stream: No such file or directory
#0 [internal function]: CodeIgniter\Debug\Exceptions->errorHandler(2, 'file_get_conten...', '/home/u66848956...', 203, Array)
#1 /home/u668489569/domains/xyzcheats.com/public_html/app/Controllers/Connect.php(203): file_get_contents('/home/u66848956...')
#2 /home/u668489569/domains/xyzcheats.com/public_html/app/Controllers/Connect.php(61): App\Controllers\Connect->index_post()
#3 /home/u668489569/domains/xyzcheats.com/public_html/vendor/codeigniter4/framework/system/CodeIgniter.php(824): App\Controllers\Connect->index()
#4 /home/u668489569/domains/xyzcheats.com/public_html/vendor/codeigniter4/framework/system/CodeIgniter.php(410): CodeIgniter\CodeIgniter->runController(Object(App\Controllers\Connect))
#5 /home/u668489569/domains/xyzcheats.com/public_html/vendor/codeigniter4/framework/system/CodeIgniter.php(318): CodeIgniter\CodeIgniter->handleRequest(NULL, Object(Config\Cache), false)
#6 /home/u668489569/domains/xyzcheats.com/public_html/index.php(37): CodeIgniter\CodeIgniter->run()
#7 {main}
CRITICAL - 2026-01-23 07:16:09 --> file_get_contents(/home/u668489569/domains/xyzcheats.com/public_html/hwang/liblamdo.so): failed to open stream: No such file or directory
#0 [internal function]: CodeIgniter\Debug\Exceptions->errorHandler(2, 'file_get_conten...', '/home/u66848956...', 203, Array)
#1 /home/u668489569/domains/xyzcheats.com/public_html/app/Controllers/Connect.php(203): file_get_contents('/home/u66848956...')
#2 /home/u668489569/domains/xyzcheats.com/public_html/app/Controllers/Connect.php(61): App\Controllers\Connect->index_post()
#3 /home/u668489569/domains/xyzcheats.com/public_html/vendor/codeigniter4/framework/system/CodeIgniter.php(824): App\Controllers\Connect->index()
#4 /home/u668489569/domains/xyzcheats.com/public_html/vendor/codeigniter4/framework/system/CodeIgniter.php(410): CodeIgniter\CodeIgniter->runController(Object(App\Controllers\Connect))
#5 /home/u668489569/domains/xyzcheats.com/public_html/vendor/codeigniter4/framework/system/CodeIgniter.php(318): CodeIgniter\CodeIgniter->handleRequest(NULL, Object(Config\Cache), false)
#6 /home/u668489569/domains/xyzcheats.com/public_html/index.php(37): CodeIgniter\CodeIgniter->run()
#7 {main}
CRITICAL - 2026-01-23 07:16:54 --> file_get_contents(/home/u668489569/domains/xyzcheats.com/public_html/hwang/liblamdo.so): failed to open stream: No such file or directory
#0 [internal function]: CodeIgniter\Debug\Exceptions->errorHandler(2, 'file_get_conten...', '/home/u66848956...', 203, Array)
#1 /home/u668489569/domains/xyzcheats.com/public_html/app/Controllers/Connect.php(203): file_get_contents('/home/u66848956...')
#2 /home/u668489569/domains/xyzcheats.com/public_html/app/Controllers/Connect.php(61): App\Controllers\Connect->index_post()
#3 /home/u668489569/domains/xyzcheats.com/public_html/vendor/codeigniter4/framework/system/CodeIgniter.php(824): App\Controllers\Connect->index()
#4 /home/u668489569/domains/xyzcheats.com/public_html/vendor/codeigniter4/framework/system/CodeIgniter.php(410): CodeIgniter\CodeIgniter->runController(Object(App\Controllers\Connect))
#5 /home/u668489569/domains/xyzcheats.com/public_html/vendor/codeigniter4/framework/system/CodeIgniter.php(318): CodeIgniter\CodeIgniter->handleRequest(NULL, Object(Config\Cache), false)
#6 /home/u668489569/domains/xyzcheats.com/public_html/index.php(37): CodeIgniter\CodeIgniter->run()
#7 {main}
CRITICAL - 2026-01-23 07:16:55 --> file_get_contents(/home/u668489569/domains/xyzcheats.com/public_html/hwang/liblamdo.so): failed to open stream: No such file or directory
#0 [internal function]: CodeIgniter\Debug\Exceptions->errorHandler(2, 'file_get_conten...', '/home/u66848956...', 203, Array)
#1 /home/u668489569/domains/xyzcheats.com/public_html/app/Controllers/Connect.php(203): file_get_contents('/home/u66848956...')
#2 /home/u668489569/domains/xyzcheats.com/public_html/app/Controllers/Connect.php(61): App\Controllers\Connect->index_post()
#3 /home/u668489569/domains/xyzcheats.com/public_html/vendor/codeigniter4/framework/system/CodeIgniter.php(824): App\Controllers\Connect->index()
#4 /home/u668489569/domains/xyzcheats.com/public_html/vendor/codeigniter4/framework/system/CodeIgniter.php(410): CodeIgniter\CodeIgniter->runController(Object(App\Controllers\Connect))
#5 /home/u668489569/domains/xyzcheats.com/public_html/vendor/codeigniter4/framework/system/CodeIgniter.php(318): CodeIgniter\CodeIgniter->handleRequest(NULL, Object(Config\Cache), false)
#6 /home/u668489569/domains/xyzcheats.com/public_html/index.php(37): CodeIgniter\CodeIgniter->run()
#7 {main}
CRITICAL - 2026-01-23 07:16:57 --> file_get_contents(/home/u668489569/domains/xyzcheats.com/public_html/hwang/liblamdo.so): failed to open stream: No such file or directory
#0 [internal function]: CodeIgniter\Debug\Exceptions->errorHandler(2, 'file_get_conten...', '/home/u66848956...', 203, Array)
#1 /home/u668489569/domains/xyzcheats.com/public_html/app/Controllers/Connect.php(203): file_get_contents('/home/u66848956...')
#2 /home/u668489569/domains/xyzcheats.com/public_html/app/Controllers/Connect.php(61): App\Controllers\Connect->index_post()
#3 /home/u668489569/domains/xyzcheats.com/public_html/vendor/codeigniter4/framework/system/CodeIgniter.php(824): App\Controllers\Connect->index()
#4 /home/u668489569/domains/xyzcheats.com/public_html/vendor/codeigniter4/framework/system/CodeIgniter.php(410): CodeIgniter\CodeIgniter->runController(Object(App\Controllers\Connect))
#5 /home/u668489569/domains/xyzcheats.com/public_html/vendor/codeigniter4/framework/system/CodeIgniter.php(318): CodeIgniter\CodeIgniter->handleRequest(NULL, Object(Config\Cache), false)
#6 /home/u668489569/domains/xyzcheats.com/public_html/index.php(37): CodeIgniter\CodeIgniter->run()
#7 {main}
CRITICAL - 2026-01-23 07:17:09 --> file_get_contents(/home/u668489569/domains/xyzcheats.com/public_html/hwang/liblamdo.so): failed to open stream: No such file or directory
#0 [internal function]: CodeIgniter\Debug\Exceptions->errorHandler(2, 'file_get_conten...', '/home/u66848956...', 203, Array)
#1 /home/u668489569/domains/xyzcheats.com/public_html/app/Controllers/Connect.php(203): file_get_contents('/home/u66848956...')
#2 /home/u668489569/domains/xyzcheats.com/public_html/app/Controllers/Connect.php(61): App\Controllers\Connect->index_post()
#3 /home/u668489569/domains/xyzcheats.com/public_html/vendor/codeigniter4/framework/system/CodeIgniter.php(824): App\Controllers\Connect->index()
#4 /home/u668489569/domains/xyzcheats.com/public_html/vendor/codeigniter4/framework/system/CodeIgniter.php(410): CodeIgniter\CodeIgniter->runController(Object(App\Controllers\Connect))
#5 /home/u668489569/domains/xyzcheats.com/public_html/vendor/codeigniter4/framework/system/CodeIgniter.php(318): CodeIgniter\CodeIgniter->handleRequest(NULL, Object(Config\Cache), false)
#6 /home/u668489569/domains/xyzcheats.com/public_html/index.php(37): CodeIgniter\CodeIgniter->run()
#7 {main}
CRITICAL - 2026-01-23 07:17:10 --> file_get_contents(/home/u668489569/domains/xyzcheats.com/public_html/hwang/liblamdo.so): failed to open stream: No such file or directory
#0 [internal function]: CodeIgniter\Debug\Exceptions->errorHandler(2, 'file_get_conten...', '/home/u66848956...', 203, Array)
#1 /home/u668489569/domains/xyzcheats.com/public_html/app/Controllers/Connect.php(203): file_get_contents('/home/u66848956...')
#2 /home/u668489569/domains/xyzcheats.com/public_html/app/Controllers/Connect.php(61): App\Controllers\Connect->index_post()
#3 /home/u668489569/domains/xyzcheats.com/public_html/vendor/codeigniter4/framework/system/CodeIgniter.php(824): App\Controllers\Connect->index()
#4 /home/u668489569/domains/xyzcheats.com/public_html/vendor/codeigniter4/framework/system/CodeIgniter.php(410): CodeIgniter\CodeIgniter->runController(Object(App\Controllers\Connect))
#5 /home/u668489569/domains/xyzcheats.com/public_html/vendor/codeigniter4/framework/system/CodeIgniter.php(318): CodeIgniter\CodeIgniter->handleRequest(NULL, Object(Config\Cache), false)
#6 /home/u668489569/domains/xyzcheats.com/public_html/index.php(37): CodeIgniter\CodeIgniter->run()
#7 {main}
CRITICAL - 2026-01-23 07:17:23 --> file_get_contents(/home/u668489569/domains/xyzcheats.com/public_html/hwang/liblamdo.so): failed to open stream: No such file or directory
#0 [internal function]: CodeIgniter\Debug\Exceptions->errorHandler(2, 'file_get_conten...', '/home/u66848956...', 203, Array)
#1 /home/u668489569/domains/xyzcheats.com/public_html/app/Controllers/Connect.php(203): file_get_contents('/home/u66848956...')
#2 /home/u668489569/domains/xyzcheats.com/public_html/app/Controllers/Connect.php(61): App\Controllers\Connect->index_post()
#3 /home/u668489569/domains/xyzcheats.com/public_html/vendor/codeigniter4/framework/system/CodeIgniter.php(824): App\Controllers\Connect->index()
#4 /home/u668489569/domains/xyzcheats.com/public_html/vendor/codeigniter4/framework/system/CodeIgniter.php(410): CodeIgniter\CodeIgniter->runController(Object(App\Controllers\Connect))
#5 /home/u668489569/domains/xyzcheats.com/public_html/vendor/codeigniter4/framework/system/CodeIgniter.php(318): CodeIgniter\CodeIgniter->handleRequest(NULL, Object(Config\Cache), false)
#6 /home/u668489569/domains/xyzcheats.com/public_html/index.php(37): CodeIgniter\CodeIgniter->run()
#7 {main}
CRITICAL - 2026-01-23 07:17:30 --> file_get_contents(/home/u668489569/domains/xyzcheats.com/public_html/hwang/liblamdo.so): failed to open stream: No such file or directory
#0 [internal function]: CodeIgniter\Debug\Exceptions->errorHandler(2, 'file_get_conten...', '/home/u66848956...', 203, Array)
#1 /home/u668489569/domains/xyzcheats.com/public_html/app/Controllers/Connect.php(203): file_get_contents('/home/u66848956...')
#2 /home/u668489569/domains/xyzcheats.com/public_html/app/Controllers/Connect.php(61): App\Controllers\Connect->index_post()
#3 /home/u668489569/domains/xyzcheats.com/public_html/vendor/codeigniter4/framework/system/CodeIgniter.php(824): App\Controllers\Connect->index()
#4 /home/u668489569/domains/xyzcheats.com/public_html/vendor/codeigniter4/framework/system/CodeIgniter.php(410): CodeIgniter\CodeIgniter->runController(Object(App\Controllers\Connect))
#5 /home/u668489569/domains/xyzcheats.com/public_html/vendor/codeigniter4/framework/system/CodeIgniter.php(318): CodeIgniter\CodeIgniter->handleRequest(NULL, Object(Config\Cache), false)
#6 /home/u668489569/domains/xyzcheats.com/public_html/index.php(37): CodeIgniter\CodeIgniter->run()
#7 {main}
CRITICAL - 2026-01-23 07:17:32 --> file_get_contents(/home/u668489569/domains/xyzcheats.com/public_html/hwang/liblamdo.so): failed to open stream: No such file or directory
#0 [internal function]: CodeIgniter\Debug\Exceptions->errorHandler(2, 'file_get_conten...', '/home/u66848956...', 203, Array)
#1 /home/u668489569/domains/xyzcheats.com/public_html/app/Controllers/Connect.php(203): file_get_contents('/home/u66848956...')
#2 /home/u668489569/domains/xyzcheats.com/public_html/app/Controllers/Connect.php(61): App\Controllers\Connect->index_post()
#3 /home/u668489569/domains/xyzcheats.com/public_html/vendor/codeigniter4/framework/system/CodeIgniter.php(824): App\Controllers\Connect->index()
#4 /home/u668489569/domains/xyzcheats.com/public_html/vendor/codeigniter4/framework/system/CodeIgniter.php(410): CodeIgniter\CodeIgniter->runController(Object(App\Controllers\Connect))
#5 /home/u668489569/domains/xyzcheats.com/public_html/vendor/codeigniter4/framework/system/CodeIgniter.php(318): CodeIgniter\CodeIgniter->handleRequest(NULL, Object(Config\Cache), false)
#6 /home/u668489569/domains/xyzcheats.com/public_html/index.php(37): CodeIgniter\CodeIgniter->run()
#7 {main}
CRITICAL - 2026-01-23 07:17:34 --> file_get_contents(/home/u668489569/domains/xyzcheats.com/public_html/hwang/liblamdo.so): failed to open stream: No such file or directory
#0 [internal function]: CodeIgniter\Debug\Exceptions->errorHandler(2, 'file_get_conten...', '/home/u66848956...', 203, Array)
#1 /home/u668489569/domains/xyzcheats.com/public_html/app/Controllers/Connect.php(203): file_get_contents('/home/u66848956...')
#2 /home/u668489569/domains/xyzcheats.com/public_html/app/Controllers/Connect.php(61): App\Controllers\Connect->index_post()
#3 /home/u668489569/domains/xyzcheats.com/public_html/vendor/codeigniter4/framework/system/CodeIgniter.php(824): App\Controllers\Connect->index()
#4 /home/u668489569/domains/xyzcheats.com/public_html/vendor/codeigniter4/framework/system/CodeIgniter.php(410): CodeIgniter\CodeIgniter->runController(Object(App\Controllers\Connect))
#5 /home/u668489569/domains/xyzcheats.com/public_html/vendor/codeigniter4/framework/system/CodeIgniter.php(318): CodeIgniter\CodeIgniter->handleRequest(NULL, Object(Config\Cache), false)
#6 /home/u668489569/domains/xyzcheats.com/public_html/index.php(37): CodeIgniter\CodeIgniter->run()
#7 {main}
CRITICAL - 2026-01-23 07:17:34 --> file_get_contents(/home/u668489569/domains/xyzcheats.com/public_html/hwang/liblamdo.so): failed to open stream: No such file or directory
#0 [internal function]: CodeIgniter\Debug\Exceptions->errorHandler(2, 'file_get_conten...', '/home/u66848956...', 203, Array)
#1 /home/u668489569/domains/xyzcheats.com/public_html/app/Controllers/Connect.php(203): file_get_contents('/home/u66848956...')
#2 /home/u668489569/domains/xyzcheats.com/public_html/app/Controllers/Connect.php(61): App\Controllers\Connect->index_post()
#3 /home/u668489569/domains/xyzcheats.com/public_html/vendor/codeigniter4/framework/system/CodeIgniter.php(824): App\Controllers\Connect->index()
#4 /home/u668489569/domains/xyzcheats.com/public_html/vendor/codeigniter4/framework/system/CodeIgniter.php(410): CodeIgniter\CodeIgniter->runController(Object(App\Controllers\Connect))
#5 /home/u668489569/domains/xyzcheats.com/public_html/vendor/codeigniter4/framework/system/CodeIgniter.php(318): CodeIgniter\CodeIgniter->handleRequest(NULL, Object(Config\Cache), false)
#6 /home/u668489569/domains/xyzcheats.com/public_html/index.php(37): CodeIgniter\CodeIgniter->run()
#7 {main}
CRITICAL - 2026-01-23 07:17:35 --> file_get_contents(/home/u668489569/domains/xyzcheats.com/public_html/hwang/liblamdo.so): failed to open stream: No such file or directory
#0 [internal function]: CodeIgniter\Debug\Exceptions->errorHandler(2, 'file_get_conten...', '/home/u66848956...', 203, Array)
#1 /home/u668489569/domains/xyzcheats.com/public_html/app/Controllers/Connect.php(203): file_get_contents('/home/u66848956...')
#2 /home/u668489569/domains/xyzcheats.com/public_html/app/Controllers/Connect.php(61): App\Controllers\Connect->index_post()
#3 /home/u668489569/domains/xyzcheats.com/public_html/vendor/codeigniter4/framework/system/CodeIgniter.php(824): App\Controllers\Connect->index()
#4 /home/u668489569/domains/xyzcheats.com/public_html/vendor/codeigniter4/framework/system/CodeIgniter.php(410): CodeIgniter\CodeIgniter->runController(Object(App\Controllers\Connect))
#5 /home/u668489569/domains/xyzcheats.com/public_html/vendor/codeigniter4/framework/system/CodeIgniter.php(318): CodeIgniter\CodeIgniter->handleRequest(NULL, Object(Config\Cache), false)
#6 /home/u668489569/domains/xyzcheats.com/public_html/index.php(37): CodeIgniter\CodeIgniter->run()
#7 {main}
CRITICAL - 2026-01-23 07:17:36 --> file_get_contents(/home/u668489569/domains/xyzcheats.com/public_html/hwang/liblamdo.so): failed to open stream: No such file or directory
#0 [internal function]: CodeIgniter\Debug\Exceptions->errorHandler(2, 'file_get_conten...', '/home/u66848956...', 203, Array)
#1 /home/u668489569/domains/xyzcheats.com/public_html/app/Controllers/Connect.php(203): file_get_contents('/home/u66848956...')
#2 /home/u668489569/domains/xyzcheats.com/public_html/app/Controllers/Connect.php(61): App\Controllers\Connect->index_post()
#3 /home/u668489569/domains/xyzcheats.com/public_html/vendor/codeigniter4/framework/system/CodeIgniter.php(824): App\Controllers\Connect->index()
#4 /home/u668489569/domains/xyzcheats.com/public_html/vendor/codeigniter4/framework/system/CodeIgniter.php(410): CodeIgniter\CodeIgniter->runController(Object(App\Controllers\Connect))
#5 /home/u668489569/domains/xyzcheats.com/public_html/vendor/codeigniter4/framework/system/CodeIgniter.php(318): CodeIgniter\CodeIgniter->handleRequest(NULL, Object(Config\Cache), false)
#6 /home/u668489569/domains/xyzcheats.com/public_html/index.php(37): CodeIgniter\CodeIgniter->run()
#7 {main}
CRITICAL - 2026-01-23 07:17:37 --> file_get_contents(/home/u668489569/domains/xyzcheats.com/public_html/hwang/liblamdo.so): failed to open stream: No such file or directory
#0 [internal function]: CodeIgniter\Debug\Exceptions->errorHandler(2, 'file_get_conten...', '/home/u66848956...', 203, Array)
#1 /home/u668489569/domains/xyzcheats.com/public_html/app/Controllers/Connect.php(203): file_get_contents('/home/u66848956...')
#2 /home/u668489569/domains/xyzcheats.com/public_html/app/Controllers/Connect.php(61): App\Controllers\Connect->index_post()
#3 /home/u668489569/domains/xyzcheats.com/public_html/vendor/codeigniter4/framework/system/CodeIgniter.php(824): App\Controllers\Connect->index()
#4 /home/u668489569/domains/xyzcheats.com/public_html/vendor/codeigniter4/framework/system/CodeIgniter.php(410): CodeIgniter\CodeIgniter->runController(Object(App\Controllers\Connect))
#5 /home/u668489569/domains/xyzcheats.com/public_html/vendor/codeigniter4/framework/system/CodeIgniter.php(318): CodeIgniter\CodeIgniter->handleRequest(NULL, Object(Config\Cache), false)
#6 /home/u668489569/domains/xyzcheats.com/public_html/index.php(37): CodeIgniter\CodeIgniter->run()
#7 {main}
CRITICAL - 2026-01-23 07:17:38 --> file_get_contents(/home/u668489569/domains/xyzcheats.com/public_html/hwang/liblamdo.so): failed to open stream: No such file or directory
#0 [internal function]: CodeIgniter\Debug\Exceptions->errorHandler(2, 'file_get_conten...', '/home/u66848956...', 203, Array)
#1 /home/u668489569/domains/xyzcheats.com/public_html/app/Controllers/Connect.php(203): file_get_contents('/home/u66848956...')
#2 /home/u668489569/domains/xyzcheats.com/public_html/app/Controllers/Connect.php(61): App\Controllers\Connect->index_post()
#3 /home/u668489569/domains/xyzcheats.com/public_html/vendor/codeigniter4/framework/system/CodeIgniter.php(824): App\Controllers\Connect->index()
#4 /home/u668489569/domains/xyzcheats.com/public_html/vendor/codeigniter4/framework/system/CodeIgniter.php(410): CodeIgniter\CodeIgniter->runController(Object(App\Controllers\Connect))
#5 /home/u668489569/domains/xyzcheats.com/public_html/vendor/codeigniter4/framework/system/CodeIgniter.php(318): CodeIgniter\CodeIgniter->handleRequest(NULL, Object(Config\Cache), false)
#6 /home/u668489569/domains/xyzcheats.com/public_html/index.php(37): CodeIgniter\CodeIgniter->run()
#7 {main}
CRITICAL - 2026-01-23 07:17:39 --> file_get_contents(/home/u668489569/domains/xyzcheats.com/public_html/hwang/liblamdo.so): failed to open stream: No such file or directory
#0 [internal function]: CodeIgniter\Debug\Exceptions->errorHandler(2, 'file_get_conten...', '/home/u66848956...', 203, Array)
#1 /home/u668489569/domains/xyzcheats.com/public_html/app/Controllers/Connect.php(203): file_get_contents('/home/u66848956...')
#2 /home/u668489569/domains/xyzcheats.com/public_html/app/Controllers/Connect.php(61): App\Controllers\Connect->index_post()
#3 /home/u668489569/domains/xyzcheats.com/public_html/vendor/codeigniter4/framework/system/CodeIgniter.php(824): App\Controllers\Connect->index()
#4 /home/u668489569/domains/xyzcheats.com/public_html/vendor/codeigniter4/framework/system/CodeIgniter.php(410): CodeIgniter\CodeIgniter->runController(Object(App\Controllers\Connect))
#5 /home/u668489569/domains/xyzcheats.com/public_html/vendor/codeigniter4/framework/system/CodeIgniter.php(318): CodeIgniter\CodeIgniter->handleRequest(NULL, Object(Config\Cache), false)
#6 /home/u668489569/domains/xyzcheats.com/public_html/index.php(37): CodeIgniter\CodeIgniter->run()
#7 {main}
CRITICAL - 2026-01-23 07:17:40 --> file_get_contents(/home/u668489569/domains/xyzcheats.com/public_html/hwang/liblamdo.so): failed to open stream: No such file or directory
#0 [internal function]: CodeIgniter\Debug\Exceptions->errorHandler(2, 'file_get_conten...', '/home/u66848956...', 203, Array)
#1 /home/u668489569/domains/xyzcheats.com/public_html/app/Controllers/Connect.php(203): file_get_contents('/home/u66848956...')
#2 /home/u668489569/domains/xyzcheats.com/public_html/app/Controllers/Connect.php(61): App\Controllers\Connect->index_post()
#3 /home/u668489569/domains/xyzcheats.com/public_html/vendor/codeigniter4/framework/system/CodeIgniter.php(824): App\Controllers\Connect->index()
#4 /home/u668489569/domains/xyzcheats.com/public_html/vendor/codeigniter4/framework/system/CodeIgniter.php(410): CodeIgniter\CodeIgniter->runController(Object(App\Controllers\Connect))
#5 /home/u668489569/domains/xyzcheats.com/public_html/vendor/codeigniter4/framework/system/CodeIgniter.php(318): CodeIgniter\CodeIgniter->handleRequest(NULL, Object(Config\Cache), false)
#6 /home/u668489569/domains/xyzcheats.com/public_html/index.php(37): CodeIgniter\CodeIgniter->run()
#7 {main}
CRITICAL - 2026-01-23 07:17:44 --> file_get_contents(/home/u668489569/domains/xyzcheats.com/public_html/hwang/liblamdo.so): failed to open stream: No such file or directory
#0 [internal function]: CodeIgniter\Debug\Exceptions->errorHandler(2, 'file_get_conten...', '/home/u66848956...', 203, Array)
#1 /home/u668489569/domains/xyzcheats.com/public_html/app/Controllers/Connect.php(203): file_get_contents('/home/u66848956...')
#2 /home/u668489569/domains/xyzcheats.com/public_html/app/Controllers/Connect.php(61): App\Controllers\Connect->index_post()
#3 /home/u668489569/domains/xyzcheats.com/public_html/vendor/codeigniter4/framework/system/CodeIgniter.php(824): App\Controllers\Connect->index()
#4 /home/u668489569/domains/xyzcheats.com/public_html/vendor/codeigniter4/framework/system/CodeIgniter.php(410): CodeIgniter\CodeIgniter->runController(Object(App\Controllers\Connect))
#5 /home/u668489569/domains/xyzcheats.com/public_html/vendor/codeigniter4/framework/system/CodeIgniter.php(318): CodeIgniter\CodeIgniter->handleRequest(NULL, Object(Config\Cache), false)
#6 /home/u668489569/domains/xyzcheats.com/public_html/index.php(37): CodeIgniter\CodeIgniter->run()
#7 {main}
CRITICAL - 2026-01-23 07:18:00 --> file_get_contents(/home/u668489569/domains/xyzcheats.com/public_html/hwang/liblamdo.so): failed to open stream: No such file or directory
#0 [internal function]: CodeIgniter\Debug\Exceptions->errorHandler(2, 'file_get_conten...', '/home/u66848956...', 203, Array)
#1 /home/u668489569/domains/xyzcheats.com/public_html/app/Controllers/Connect.php(203): file_get_contents('/home/u66848956...')
#2 /home/u668489569/domains/xyzcheats.com/public_html/app/Controllers/Connect.php(61): App\Controllers\Connect->index_post()
#3 /home/u668489569/domains/xyzcheats.com/public_html/vendor/codeigniter4/framework/system/CodeIgniter.php(824): App\Controllers\Connect->index()
#4 /home/u668489569/domains/xyzcheats.com/public_html/vendor/codeigniter4/framework/system/CodeIgniter.php(410): CodeIgniter\CodeIgniter->runController(Object(App\Controllers\Connect))
#5 /home/u668489569/domains/xyzcheats.com/public_html/vendor/codeigniter4/framework/system/CodeIgniter.php(318): CodeIgniter\CodeIgniter->handleRequest(NULL, Object(Config\Cache), false)
#6 /home/u668489569/domains/xyzcheats.com/public_html/index.php(37): CodeIgniter\CodeIgniter->run()
#7 {main}
CRITICAL - 2026-01-23 07:18:05 --> file_get_contents(/home/u668489569/domains/xyzcheats.com/public_html/hwang/liblamdo.so): failed to open stream: No such file or directory
#0 [internal function]: CodeIgniter\Debug\Exceptions->errorHandler(2, 'file_get_conten...', '/home/u66848956...', 203, Array)
#1 /home/u668489569/domains/xyzcheats.com/public_html/app/Controllers/Connect.php(203): file_get_contents('/home/u66848956...')
#2 /home/u668489569/domains/xyzcheats.com/public_html/app/Controllers/Connect.php(61): App\Controllers\Connect->index_post()
#3 /home/u668489569/domains/xyzcheats.com/public_html/vendor/codeigniter4/framework/system/CodeIgniter.php(824): App\Controllers\Connect->index()
#4 /home/u668489569/domains/xyzcheats.com/public_html/vendor/codeigniter4/framework/system/CodeIgniter.php(410): CodeIgniter\CodeIgniter->runController(Object(App\Controllers\Connect))
#5 /home/u668489569/domains/xyzcheats.com/public_html/vendor/codeigniter4/framework/system/CodeIgniter.php(318): CodeIgniter\CodeIgniter->handleRequest(NULL, Object(Config\Cache), false)
#6 /home/u668489569/domains/xyzcheats.com/public_html/index.php(37): CodeIgniter\CodeIgniter->run()
#7 {main}
CRITICAL - 2026-01-23 07:18:10 --> file_get_contents(/home/u668489569/domains/xyzcheats.com/public_html/hwang/liblamdo.so): failed to open stream: No such file or directory
#0 [internal function]: CodeIgniter\Debug\Exceptions->errorHandler(2, 'file_get_conten...', '/home/u66848956...', 203, Array)
#1 /home/u668489569/domains/xyzcheats.com/public_html/app/Controllers/Connect.php(203): file_get_contents('/home/u66848956...')
#2 /home/u668489569/domains/xyzcheats.com/public_html/app/Controllers/Connect.php(61): App\Controllers\Connect->index_post()
#3 /home/u668489569/domains/xyzcheats.com/public_html/vendor/codeigniter4/framework/system/CodeIgniter.php(824): App\Controllers\Connect->index()
#4 /home/u668489569/domains/xyzcheats.com/public_html/vendor/codeigniter4/framework/system/CodeIgniter.php(410): CodeIgniter\CodeIgniter->runController(Object(App\Controllers\Connect))
#5 /home/u668489569/domains/xyzcheats.com/public_html/vendor/codeigniter4/framework/system/CodeIgniter.php(318): CodeIgniter\CodeIgniter->handleRequest(NULL, Object(Config\Cache), false)
#6 /home/u668489569/domains/xyzcheats.com/public_html/index.php(37): CodeIgniter\CodeIgniter->run()
#7 {main}
CRITICAL - 2026-01-23 07:18:15 --> file_get_contents(/home/u668489569/domains/xyzcheats.com/public_html/hwang/liblamdo.so): failed to open stream: No such file or directory
#0 [internal function]: CodeIgniter\Debug\Exceptions->errorHandler(2, 'file_get_conten...', '/home/u66848956...', 203, Array)
#1 /home/u668489569/domains/xyzcheats.com/public_html/app/Controllers/Connect.php(203): file_get_contents('/home/u66848956...')
#2 /home/u668489569/domains/xyzcheats.com/public_html/app/Controllers/Connect.php(61): App\Controllers\Connect->index_post()
#3 /home/u668489569/domains/xyzcheats.com/public_html/vendor/codeigniter4/framework/system/CodeIgniter.php(824): App\Controllers\Connect->index()
#4 /home/u668489569/domains/xyzcheats.com/public_html/vendor/codeigniter4/framework/system/CodeIgniter.php(410): CodeIgniter\CodeIgniter->runController(Object(App\Controllers\Connect))
#5 /home/u668489569/domains/xyzcheats.com/public_html/vendor/codeigniter4/framework/system/CodeIgniter.php(318): CodeIgniter\CodeIgniter->handleRequest(NULL, Object(Config\Cache), false)
#6 /home/u668489569/domains/xyzcheats.com/public_html/index.php(37): CodeIgniter\CodeIgniter->run()
#7 {main}
CRITICAL - 2026-01-23 07:20:12 --> file_get_contents(/home/u668489569/domains/xyzcheats.com/public_html/hwang/liblamdo.so): failed to open stream: No such file or directory
#0 [internal function]: CodeIgniter\Debug\Exceptions->errorHandler(2, 'file_get_conten...', '/home/u66848956...', 203, Array)
#1 /home/u668489569/domains/xyzcheats.com/public_html/app/Controllers/Connect.php(203): file_get_contents('/home/u66848956...')
#2 /home/u668489569/domains/xyzcheats.com/public_html/app/Controllers/Connect.php(61): App\Controllers\Connect->index_post()
#3 /home/u668489569/domains/xyzcheats.com/public_html/vendor/codeigniter4/framework/system/CodeIgniter.php(824): App\Controllers\Connect->index()
#4 /home/u668489569/domains/xyzcheats.com/public_html/vendor/codeigniter4/framework/system/CodeIgniter.php(410): CodeIgniter\CodeIgniter->runController(Object(App\Controllers\Connect))
#5 /home/u668489569/domains/xyzcheats.com/public_html/vendor/codeigniter4/framework/system/CodeIgniter.php(318): CodeIgniter\CodeIgniter->handleRequest(NULL, Object(Config\Cache), false)
#6 /home/u668489569/domains/xyzcheats.com/public_html/index.php(37): CodeIgniter\CodeIgniter->run()
#7 {main}
CRITICAL - 2026-01-23 07:20:38 --> file_get_contents(/home/u668489569/domains/xyzcheats.com/public_html/hwang/liblamdo.so): failed to open stream: No such file or directory
#0 [internal function]: CodeIgniter\Debug\Exceptions->errorHandler(2, 'file_get_conten...', '/home/u66848956...', 203, Array)
#1 /home/u668489569/domains/xyzcheats.com/public_html/app/Controllers/Connect.php(203): file_get_contents('/home/u66848956...')
#2 /home/u668489569/domains/xyzcheats.com/public_html/app/Controllers/Connect.php(61): App\Controllers\Connect->index_post()
#3 /home/u668489569/domains/xyzcheats.com/public_html/vendor/codeigniter4/framework/system/CodeIgniter.php(824): App\Controllers\Connect->index()
#4 /home/u668489569/domains/xyzcheats.com/public_html/vendor/codeigniter4/framework/system/CodeIgniter.php(410): CodeIgniter\CodeIgniter->runController(Object(App\Controllers\Connect))
#5 /home/u668489569/domains/xyzcheats.com/public_html/vendor/codeigniter4/framework/system/CodeIgniter.php(318): CodeIgniter\CodeIgniter->handleRequest(NULL, Object(Config\Cache), false)
#6 /home/u668489569/domains/xyzcheats.com/public_html/index.php(37): CodeIgniter\CodeIgniter->run()
#7 {main}
CRITICAL - 2026-01-23 07:45:41 --> file_get_contents(/home/u668489569/domains/xyzcheats.com/public_html/hwang/liblamdo.so): failed to open stream: No such file or directory
#0 [internal function]: CodeIgniter\Debug\Exceptions->errorHandler(2, 'file_get_conten...', '/home/u66848956...', 203, Array)
#1 /home/u668489569/domains/xyzcheats.com/public_html/app/Controllers/Connect.php(203): file_get_contents('/home/u66848956...')
#2 /home/u668489569/domains/xyzcheats.com/public_html/app/Controllers/Connect.php(61): App\Controllers\Connect->index_post()
#3 /home/u668489569/domains/xyzcheats.com/public_html/vendor/codeigniter4/framework/system/CodeIgniter.php(824): App\Controllers\Connect->index()
#4 /home/u668489569/domains/xyzcheats.com/public_html/vendor/codeigniter4/framework/system/CodeIgniter.php(410): CodeIgniter\CodeIgniter->runController(Object(App\Controllers\Connect))
#5 /home/u668489569/domains/xyzcheats.com/public_html/vendor/codeigniter4/framework/system/CodeIgniter.php(318): CodeIgniter\CodeIgniter->handleRequest(NULL, Object(Config\Cache), false)
#6 /home/u668489569/domains/xyzcheats.com/public_html/index.php(37): CodeIgniter\CodeIgniter->run()
#7 {main}
CRITICAL - 2026-01-23 07:45:46 --> file_get_contents(/home/u668489569/domains/xyzcheats.com/public_html/hwang/liblamdo.so): failed to open stream: No such file or directory
#0 [internal function]: CodeIgniter\Debug\Exceptions->errorHandler(2, 'file_get_conten...', '/home/u66848956...', 203, Array)
#1 /home/u668489569/domains/xyzcheats.com/public_html/app/Controllers/Connect.php(203): file_get_contents('/home/u66848956...')
#2 /home/u668489569/domains/xyzcheats.com/public_html/app/Controllers/Connect.php(61): App\Controllers\Connect->index_post()
#3 /home/u668489569/domains/xyzcheats.com/public_html/vendor/codeigniter4/framework/system/CodeIgniter.php(824): App\Controllers\Connect->index()
#4 /home/u668489569/domains/xyzcheats.com/public_html/vendor/codeigniter4/framework/system/CodeIgniter.php(410): CodeIgniter\CodeIgniter->runController(Object(App\Controllers\Connect))
#5 /home/u668489569/domains/xyzcheats.com/public_html/vendor/codeigniter4/framework/system/CodeIgniter.php(318): CodeIgniter\CodeIgniter->handleRequest(NULL, Object(Config\Cache), false)
#6 /home/u668489569/domains/xyzcheats.com/public_html/index.php(37): CodeIgniter\CodeIgniter->run()
#7 {main}
CRITICAL - 2026-01-23 07:45:50 --> file_get_contents(/home/u668489569/domains/xyzcheats.com/public_html/hwang/liblamdo.so): failed to open stream: No such file or directory
#0 [internal function]: CodeIgniter\Debug\Exceptions->errorHandler(2, 'file_get_conten...', '/home/u66848956...', 203, Array)
#1 /home/u668489569/domains/xyzcheats.com/public_html/app/Controllers/Connect.php(203): file_get_contents('/home/u66848956...')
#2 /home/u668489569/domains/xyzcheats.com/public_html/app/Controllers/Connect.php(61): App\Controllers\Connect->index_post()
#3 /home/u668489569/domains/xyzcheats.com/public_html/vendor/codeigniter4/framework/system/CodeIgniter.php(824): App\Controllers\Connect->index()
#4 /home/u668489569/domains/xyzcheats.com/public_html/vendor/codeigniter4/framework/system/CodeIgniter.php(410): CodeIgniter\CodeIgniter->runController(Object(App\Controllers\Connect))
#5 /home/u668489569/domains/xyzcheats.com/public_html/vendor/codeigniter4/framework/system/CodeIgniter.php(318): CodeIgniter\CodeIgniter->handleRequest(NULL, Object(Config\Cache), false)
#6 /home/u668489569/domains/xyzcheats.com/public_html/index.php(37): CodeIgniter\CodeIgniter->run()
#7 {main}
CRITICAL - 2026-01-23 07:46:51 --> file_get_contents(/home/u668489569/domains/xyzcheats.com/public_html/hwang/liblamdo.so): failed to open stream: No such file or directory
#0 [internal function]: CodeIgniter\Debug\Exceptions->errorHandler(2, 'file_get_conten...', '/home/u66848956...', 203, Array)
#1 /home/u668489569/domains/xyzcheats.com/public_html/app/Controllers/Connect.php(203): file_get_contents('/home/u66848956...')
#2 /home/u668489569/domains/xyzcheats.com/public_html/app/Controllers/Connect.php(61): App\Controllers\Connect->index_post()
#3 /home/u668489569/domains/xyzcheats.com/public_html/vendor/codeigniter4/framework/system/CodeIgniter.php(824): App\Controllers\Connect->index()
#4 /home/u668489569/domains/xyzcheats.com/public_html/vendor/codeigniter4/framework/system/CodeIgniter.php(410): CodeIgniter\CodeIgniter->runController(Object(App\Controllers\Connect))
#5 /home/u668489569/domains/xyzcheats.com/public_html/vendor/codeigniter4/framework/system/CodeIgniter.php(318): CodeIgniter\CodeIgniter->handleRequest(NULL, Object(Config\Cache), false)
#6 /home/u668489569/domains/xyzcheats.com/public_html/index.php(37): CodeIgniter\CodeIgniter->run()
#7 {main}
CRITICAL - 2026-01-23 07:46:56 --> file_get_contents(/home/u668489569/domains/xyzcheats.com/public_html/hwang/liblamdo.so): failed to open stream: No such file or directory
#0 [internal function]: CodeIgniter\Debug\Exceptions->errorHandler(2, 'file_get_conten...', '/home/u66848956...', 203, Array)
#1 /home/u668489569/domains/xyzcheats.com/public_html/app/Controllers/Connect.php(203): file_get_contents('/home/u66848956...')
#2 /home/u668489569/domains/xyzcheats.com/public_html/app/Controllers/Connect.php(61): App\Controllers\Connect->index_post()
#3 /home/u668489569/domains/xyzcheats.com/public_html/vendor/codeigniter4/framework/system/CodeIgniter.php(824): App\Controllers\Connect->index()
#4 /home/u668489569/domains/xyzcheats.com/public_html/vendor/codeigniter4/framework/system/CodeIgniter.php(410): CodeIgniter\CodeIgniter->runController(Object(App\Controllers\Connect))
#5 /home/u668489569/domains/xyzcheats.com/public_html/vendor/codeigniter4/framework/system/CodeIgniter.php(318): CodeIgniter\CodeIgniter->handleRequest(NULL, Object(Config\Cache), false)
#6 /home/u668489569/domains/xyzcheats.com/public_html/index.php(37): CodeIgniter\CodeIgniter->run()
#7 {main}
CRITICAL - 2026-01-23 07:47:04 --> file_get_contents(/home/u668489569/domains/xyzcheats.com/public_html/hwang/liblamdo.so): failed to open stream: No such file or directory
#0 [internal function]: CodeIgniter\Debug\Exceptions->errorHandler(2, 'file_get_conten...', '/home/u66848956...', 203, Array)
#1 /home/u668489569/domains/xyzcheats.com/public_html/app/Controllers/Connect.php(203): file_get_contents('/home/u66848956...')
#2 /home/u668489569/domains/xyzcheats.com/public_html/app/Controllers/Connect.php(61): App\Controllers\Connect->index_post()
#3 /home/u668489569/domains/xyzcheats.com/public_html/vendor/codeigniter4/framework/system/CodeIgniter.php(824): App\Controllers\Connect->index()
#4 /home/u668489569/domains/xyzcheats.com/public_html/vendor/codeigniter4/framework/system/CodeIgniter.php(410): CodeIgniter\CodeIgniter->runController(Object(App\Controllers\Connect))
#5 /home/u668489569/domains/xyzcheats.com/public_html/vendor/codeigniter4/framework/system/CodeIgniter.php(318): CodeIgniter\CodeIgniter->handleRequest(NULL, Object(Config\Cache), false)
#6 /home/u668489569/domains/xyzcheats.com/public_html/index.php(37): CodeIgniter\CodeIgniter->run()
#7 {main}
CRITICAL - 2026-01-23 07:47:07 --> file_get_contents(/home/u668489569/domains/xyzcheats.com/public_html/hwang/liblamdo.so): failed to open stream: No such file or directory
#0 [internal function]: CodeIgniter\Debug\Exceptions->errorHandler(2, 'file_get_conten...', '/home/u66848956...', 203, Array)
#1 /home/u668489569/domains/xyzcheats.com/public_html/app/Controllers/Connect.php(203): file_get_contents('/home/u66848956...')
#2 /home/u668489569/domains/xyzcheats.com/public_html/app/Controllers/Connect.php(61): App\Controllers\Connect->index_post()
#3 /home/u668489569/domains/xyzcheats.com/public_html/vendor/codeigniter4/framework/system/CodeIgniter.php(824): App\Controllers\Connect->index()
#4 /home/u668489569/domains/xyzcheats.com/public_html/vendor/codeigniter4/framework/system/CodeIgniter.php(410): CodeIgniter\CodeIgniter->runController(Object(App\Controllers\Connect))
#5 /home/u668489569/domains/xyzcheats.com/public_html/vendor/codeigniter4/framework/system/CodeIgniter.php(318): CodeIgniter\CodeIgniter->handleRequest(NULL, Object(Config\Cache), false)
#6 /home/u668489569/domains/xyzcheats.com/public_html/index.php(37): CodeIgniter\CodeIgniter->run()
#7 {main}
CRITICAL - 2026-01-23 08:10:18 --> file_get_contents(/home/u668489569/domains/xyzcheats.com/public_html/hwang/liblamdo.so): failed to open stream: No such file or directory
#0 [internal function]: CodeIgniter\Debug\Exceptions->errorHandler(2, 'file_get_conten...', '/home/u66848956...', 203, Array)
#1 /home/u668489569/domains/xyzcheats.com/public_html/app/Controllers/Connect.php(203): file_get_contents('/home/u66848956...')
#2 /home/u668489569/domains/xyzcheats.com/public_html/app/Controllers/Connect.php(61): App\Controllers\Connect->index_post()
#3 /home/u668489569/domains/xyzcheats.com/public_html/vendor/codeigniter4/framework/system/CodeIgniter.php(824): App\Controllers\Connect->index()
#4 /home/u668489569/domains/xyzcheats.com/public_html/vendor/codeigniter4/framework/system/CodeIgniter.php(410): CodeIgniter\CodeIgniter->runController(Object(App\Controllers\Connect))
#5 /home/u668489569/domains/xyzcheats.com/public_html/vendor/codeigniter4/framework/system/CodeIgniter.php(318): CodeIgniter\CodeIgniter->handleRequest(NULL, Object(Config\Cache), false)
#6 /home/u668489569/domains/xyzcheats.com/public_html/index.php(37): CodeIgniter\CodeIgniter->run()
#7 {main}
CRITICAL - 2026-01-23 08:10:22 --> file_get_contents(/home/u668489569/domains/xyzcheats.com/public_html/hwang/liblamdo.so): failed to open stream: No such file or directory
#0 [internal function]: CodeIgniter\Debug\Exceptions->errorHandler(2, 'file_get_conten...', '/home/u66848956...', 203, Array)
#1 /home/u668489569/domains/xyzcheats.com/public_html/app/Controllers/Connect.php(203): file_get_contents('/home/u66848956...')
#2 /home/u668489569/domains/xyzcheats.com/public_html/app/Controllers/Connect.php(61): App\Controllers\Connect->index_post()
#3 /home/u668489569/domains/xyzcheats.com/public_html/vendor/codeigniter4/framework/system/CodeIgniter.php(824): App\Controllers\Connect->index()
#4 /home/u668489569/domains/xyzcheats.com/public_html/vendor/codeigniter4/framework/system/CodeIgniter.php(410): CodeIgniter\CodeIgniter->runController(Object(App\Controllers\Connect))
#5 /home/u668489569/domains/xyzcheats.com/public_html/vendor/codeigniter4/framework/system/CodeIgniter.php(318): CodeIgniter\CodeIgniter->handleRequest(NULL, Object(Config\Cache), false)
#6 /home/u668489569/domains/xyzcheats.com/public_html/index.php(37): CodeIgniter\CodeIgniter->run()
#7 {main}
CRITICAL - 2026-01-23 08:10:27 --> file_get_contents(/home/u668489569/domains/xyzcheats.com/public_html/hwang/liblamdo.so): failed to open stream: No such file or directory
#0 [internal function]: CodeIgniter\Debug\Exceptions->errorHandler(2, 'file_get_conten...', '/home/u66848956...', 203, Array)
#1 /home/u668489569/domains/xyzcheats.com/public_html/app/Controllers/Connect.php(203): file_get_contents('/home/u66848956...')
#2 /home/u668489569/domains/xyzcheats.com/public_html/app/Controllers/Connect.php(61): App\Controllers\Connect->index_post()
#3 /home/u668489569/domains/xyzcheats.com/public_html/vendor/codeigniter4/framework/system/CodeIgniter.php(824): App\Controllers\Connect->index()
#4 /home/u668489569/domains/xyzcheats.com/public_html/vendor/codeigniter4/framework/system/CodeIgniter.php(410): CodeIgniter\CodeIgniter->runController(Object(App\Controllers\Connect))
#5 /home/u668489569/domains/xyzcheats.com/public_html/vendor/codeigniter4/framework/system/CodeIgniter.php(318): CodeIgniter\CodeIgniter->handleRequest(NULL, Object(Config\Cache), false)
#6 /home/u668489569/domains/xyzcheats.com/public_html/index.php(37): CodeIgniter\CodeIgniter->run()
#7 {main}
CRITICAL - 2026-01-23 08:10:51 --> file_get_contents(/home/u668489569/domains/xyzcheats.com/public_html/hwang/liblamdo.so): failed to open stream: No such file or directory
#0 [internal function]: CodeIgniter\Debug\Exceptions->errorHandler(2, 'file_get_conten...', '/home/u66848956...', 203, Array)
#1 /home/u668489569/domains/xyzcheats.com/public_html/app/Controllers/Connect.php(203): file_get_contents('/home/u66848956...')
#2 /home/u668489569/domains/xyzcheats.com/public_html/app/Controllers/Connect.php(61): App\Controllers\Connect->index_post()
#3 /home/u668489569/domains/xyzcheats.com/public_html/vendor/codeigniter4/framework/system/CodeIgniter.php(824): App\Controllers\Connect->index()
#4 /home/u668489569/domains/xyzcheats.com/public_html/vendor/codeigniter4/framework/system/CodeIgniter.php(410): CodeIgniter\CodeIgniter->runController(Object(App\Controllers\Connect))
#5 /home/u668489569/domains/xyzcheats.com/public_html/vendor/codeigniter4/framework/system/CodeIgniter.php(318): CodeIgniter\CodeIgniter->handleRequest(NULL, Object(Config\Cache), false)
#6 /home/u668489569/domains/xyzcheats.com/public_html/index.php(37): CodeIgniter\CodeIgniter->run()
#7 {main}
CRITICAL - 2026-01-23 08:11:49 --> file_get_contents(/home/u668489569/domains/xyzcheats.com/public_html/hwang/liblamdo.so): failed to open stream: No such file or directory
#0 [internal function]: CodeIgniter\Debug\Exceptions->errorHandler(2, 'file_get_conten...', '/home/u66848956...', 203, Array)
#1 /home/u668489569/domains/xyzcheats.com/public_html/app/Controllers/Connect.php(203): file_get_contents('/home/u66848956...')
#2 /home/u668489569/domains/xyzcheats.com/public_html/app/Controllers/Connect.php(61): App\Controllers\Connect->index_post()
#3 /home/u668489569/domains/xyzcheats.com/public_html/vendor/codeigniter4/framework/system/CodeIgniter.php(824): App\Controllers\Connect->index()
#4 /home/u668489569/domains/xyzcheats.com/public_html/vendor/codeigniter4/framework/system/CodeIgniter.php(410): CodeIgniter\CodeIgniter->runController(Object(App\Controllers\Connect))
#5 /home/u668489569/domains/xyzcheats.com/public_html/vendor/codeigniter4/framework/system/CodeIgniter.php(318): CodeIgniter\CodeIgniter->handleRequest(NULL, Object(Config\Cache), false)
#6 /home/u668489569/domains/xyzcheats.com/public_html/index.php(37): CodeIgniter\CodeIgniter->run()
#7 {main}
CRITICAL - 2026-01-23 08:27:46 --> file_get_contents(/home/u668489569/domains/xyzcheats.com/public_html/hwang/liblamdo.so): failed to open stream: No such file or directory
#0 [internal function]: CodeIgniter\Debug\Exceptions->errorHandler(2, 'file_get_conten...', '/home/u66848956...', 203, Array)
#1 /home/u668489569/domains/xyzcheats.com/public_html/app/Controllers/Connect.php(203): file_get_contents('/home/u66848956...')
#2 /home/u668489569/domains/xyzcheats.com/public_html/app/Controllers/Connect.php(61): App\Controllers\Connect->index_post()
#3 /home/u668489569/domains/xyzcheats.com/public_html/vendor/codeigniter4/framework/system/CodeIgniter.php(824): App\Controllers\Connect->index()
#4 /home/u668489569/domains/xyzcheats.com/public_html/vendor/codeigniter4/framework/system/CodeIgniter.php(410): CodeIgniter\CodeIgniter->runController(Object(App\Controllers\Connect))
#5 /home/u668489569/domains/xyzcheats.com/public_html/vendor/codeigniter4/framework/system/CodeIgniter.php(318): CodeIgniter\CodeIgniter->handleRequest(NULL, Object(Config\Cache), false)
#6 /home/u668489569/domains/xyzcheats.com/public_html/index.php(37): CodeIgniter\CodeIgniter->run()
#7 {main}
CRITICAL - 2026-01-23 08:27:54 --> file_get_contents(/home/u668489569/domains/xyzcheats.com/public_html/hwang/liblamdo.so): failed to open stream: No such file or directory
#0 [internal function]: CodeIgniter\Debug\Exceptions->errorHandler(2, 'file_get_conten...', '/home/u66848956...', 203, Array)
#1 /home/u668489569/domains/xyzcheats.com/public_html/app/Controllers/Connect.php(203): file_get_contents('/home/u66848956...')
#2 /home/u668489569/domains/xyzcheats.com/public_html/app/Controllers/Connect.php(61): App\Controllers\Connect->index_post()
#3 /home/u668489569/domains/xyzcheats.com/public_html/vendor/codeigniter4/framework/system/CodeIgniter.php(824): App\Controllers\Connect->index()
#4 /home/u668489569/domains/xyzcheats.com/public_html/vendor/codeigniter4/framework/system/CodeIgniter.php(410): CodeIgniter\CodeIgniter->runController(Object(App\Controllers\Connect))
#5 /home/u668489569/domains/xyzcheats.com/public_html/vendor/codeigniter4/framework/system/CodeIgniter.php(318): CodeIgniter\CodeIgniter->handleRequest(NULL, Object(Config\Cache), false)
#6 /home/u668489569/domains/xyzcheats.com/public_html/index.php(37): CodeIgniter\CodeIgniter->run()
#7 {main}
CRITICAL - 2026-01-23 08:28:44 --> file_get_contents(/home/u668489569/domains/xyzcheats.com/public_html/hwang/liblamdo.so): failed to open stream: No such file or directory
#0 [internal function]: CodeIgniter\Debug\Exceptions->errorHandler(2, 'file_get_conten...', '/home/u66848956...', 203, Array)
#1 /home/u668489569/domains/xyzcheats.com/public_html/app/Controllers/Connect.php(203): file_get_contents('/home/u66848956...')
#2 /home/u668489569/domains/xyzcheats.com/public_html/app/Controllers/Connect.php(61): App\Controllers\Connect->index_post()
#3 /home/u668489569/domains/xyzcheats.com/public_html/vendor/codeigniter4/framework/system/CodeIgniter.php(824): App\Controllers\Connect->index()
#4 /home/u668489569/domains/xyzcheats.com/public_html/vendor/codeigniter4/framework/system/CodeIgniter.php(410): CodeIgniter\CodeIgniter->runController(Object(App\Controllers\Connect))
#5 /home/u668489569/domains/xyzcheats.com/public_html/vendor/codeigniter4/framework/system/CodeIgniter.php(318): CodeIgniter\CodeIgniter->handleRequest(NULL, Object(Config\Cache), false)
#6 /home/u668489569/domains/xyzcheats.com/public_html/index.php(37): CodeIgniter\CodeIgniter->run()
#7 {main}
CRITICAL - 2026-01-23 08:28:55 --> file_get_contents(/home/u668489569/domains/xyzcheats.com/public_html/hwang/liblamdo.so): failed to open stream: No such file or directory
#0 [internal function]: CodeIgniter\Debug\Exceptions->errorHandler(2, 'file_get_conten...', '/home/u66848956...', 203, Array)
#1 /home/u668489569/domains/xyzcheats.com/public_html/app/Controllers/Connect.php(203): file_get_contents('/home/u66848956...')
#2 /home/u668489569/domains/xyzcheats.com/public_html/app/Controllers/Connect.php(61): App\Controllers\Connect->index_post()
#3 /home/u668489569/domains/xyzcheats.com/public_html/vendor/codeigniter4/framework/system/CodeIgniter.php(824): App\Controllers\Connect->index()
#4 /home/u668489569/domains/xyzcheats.com/public_html/vendor/codeigniter4/framework/system/CodeIgniter.php(410): CodeIgniter\CodeIgniter->runController(Object(App\Controllers\Connect))
#5 /home/u668489569/domains/xyzcheats.com/public_html/vendor/codeigniter4/framework/system/CodeIgniter.php(318): CodeIgniter\CodeIgniter->handleRequest(NULL, Object(Config\Cache), false)
#6 /home/u668489569/domains/xyzcheats.com/public_html/index.php(37): CodeIgniter\CodeIgniter->run()
#7 {main}
CRITICAL - 2026-01-23 08:29:20 --> file_get_contents(/home/u668489569/domains/xyzcheats.com/public_html/hwang/liblamdo.so): failed to open stream: No such file or directory
#0 [internal function]: CodeIgniter\Debug\Exceptions->errorHandler(2, 'file_get_conten...', '/home/u66848956...', 203, Array)
#1 /home/u668489569/domains/xyzcheats.com/public_html/app/Controllers/Connect.php(203): file_get_contents('/home/u66848956...')
#2 /home/u668489569/domains/xyzcheats.com/public_html/app/Controllers/Connect.php(61): App\Controllers\Connect->index_post()
#3 /home/u668489569/domains/xyzcheats.com/public_html/vendor/codeigniter4/framework/system/CodeIgniter.php(824): App\Controllers\Connect->index()
#4 /home/u668489569/domains/xyzcheats.com/public_html/vendor/codeigniter4/framework/system/CodeIgniter.php(410): CodeIgniter\CodeIgniter->runController(Object(App\Controllers\Connect))
#5 /home/u668489569/domains/xyzcheats.com/public_html/vendor/codeigniter4/framework/system/CodeIgniter.php(318): CodeIgniter\CodeIgniter->handleRequest(NULL, Object(Config\Cache), false)
#6 /home/u668489569/domains/xyzcheats.com/public_html/index.php(37): CodeIgniter\CodeIgniter->run()
#7 {main}
CRITICAL - 2026-01-23 08:29:23 --> file_get_contents(/home/u668489569/domains/xyzcheats.com/public_html/hwang/liblamdo.so): failed to open stream: No such file or directory
#0 [internal function]: CodeIgniter\Debug\Exceptions->errorHandler(2, 'file_get_conten...', '/home/u66848956...', 203, Array)
#1 /home/u668489569/domains/xyzcheats.com/public_html/app/Controllers/Connect.php(203): file_get_contents('/home/u66848956...')
#2 /home/u668489569/domains/xyzcheats.com/public_html/app/Controllers/Connect.php(61): App\Controllers\Connect->index_post()
#3 /home/u668489569/domains/xyzcheats.com/public_html/vendor/codeigniter4/framework/system/CodeIgniter.php(824): App\Controllers\Connect->index()
#4 /home/u668489569/domains/xyzcheats.com/public_html/vendor/codeigniter4/framework/system/CodeIgniter.php(410): CodeIgniter\CodeIgniter->runController(Object(App\Controllers\Connect))
#5 /home/u668489569/domains/xyzcheats.com/public_html/vendor/codeigniter4/framework/system/CodeIgniter.php(318): CodeIgniter\CodeIgniter->handleRequest(NULL, Object(Config\Cache), false)
#6 /home/u668489569/domains/xyzcheats.com/public_html/index.php(37): CodeIgniter\CodeIgniter->run()
#7 {main}
CRITICAL - 2026-01-23 08:29:24 --> file_get_contents(/home/u668489569/domains/xyzcheats.com/public_html/hwang/liblamdo.so): failed to open stream: No such file or directory
#0 [internal function]: CodeIgniter\Debug\Exceptions->errorHandler(2, 'file_get_conten...', '/home/u66848956...', 203, Array)
#1 /home/u668489569/domains/xyzcheats.com/public_html/app/Controllers/Connect.php(203): file_get_contents('/home/u66848956...')
#2 /home/u668489569/domains/xyzcheats.com/public_html/app/Controllers/Connect.php(61): App\Controllers\Connect->index_post()
#3 /home/u668489569/domains/xyzcheats.com/public_html/vendor/codeigniter4/framework/system/CodeIgniter.php(824): App\Controllers\Connect->index()
#4 /home/u668489569/domains/xyzcheats.com/public_html/vendor/codeigniter4/framework/system/CodeIgniter.php(410): CodeIgniter\CodeIgniter->runController(Object(App\Controllers\Connect))
#5 /home/u668489569/domains/xyzcheats.com/public_html/vendor/codeigniter4/framework/system/CodeIgniter.php(318): CodeIgniter\CodeIgniter->handleRequest(NULL, Object(Config\Cache), false)
#6 /home/u668489569/domains/xyzcheats.com/public_html/index.php(37): CodeIgniter\CodeIgniter->run()
#7 {main}
CRITICAL - 2026-01-23 08:29:24 --> file_get_contents(/home/u668489569/domains/xyzcheats.com/public_html/hwang/liblamdo.so): failed to open stream: No such file or directory
#0 [internal function]: CodeIgniter\Debug\Exceptions->errorHandler(2, 'file_get_conten...', '/home/u66848956...', 203, Array)
#1 /home/u668489569/domains/xyzcheats.com/public_html/app/Controllers/Connect.php(203): file_get_contents('/home/u66848956...')
#2 /home/u668489569/domains/xyzcheats.com/public_html/app/Controllers/Connect.php(61): App\Controllers\Connect->index_post()
#3 /home/u668489569/domains/xyzcheats.com/public_html/vendor/codeigniter4/framework/system/CodeIgniter.php(824): App\Controllers\Connect->index()
#4 /home/u668489569/domains/xyzcheats.com/public_html/vendor/codeigniter4/framework/system/CodeIgniter.php(410): CodeIgniter\CodeIgniter->runController(Object(App\Controllers\Connect))
#5 /home/u668489569/domains/xyzcheats.com/public_html/vendor/codeigniter4/framework/system/CodeIgniter.php(318): CodeIgniter\CodeIgniter->handleRequest(NULL, Object(Config\Cache), false)
#6 /home/u668489569/domains/xyzcheats.com/public_html/index.php(37): CodeIgniter\CodeIgniter->run()
#7 {main}
CRITICAL - 2026-01-23 08:31:09 --> file_get_contents(/home/u668489569/domains/xyzcheats.com/public_html/hwang/liblamdo.so): failed to open stream: No such file or directory
#0 [internal function]: CodeIgniter\Debug\Exceptions->errorHandler(2, 'file_get_conten...', '/home/u66848956...', 203, Array)
#1 /home/u668489569/domains/xyzcheats.com/public_html/app/Controllers/Connect.php(203): file_get_contents('/home/u66848956...')
#2 /home/u668489569/domains/xyzcheats.com/public_html/app/Controllers/Connect.php(61): App\Controllers\Connect->index_post()
#3 /home/u668489569/domains/xyzcheats.com/public_html/vendor/codeigniter4/framework/system/CodeIgniter.php(824): App\Controllers\Connect->index()
#4 /home/u668489569/domains/xyzcheats.com/public_html/vendor/codeigniter4/framework/system/CodeIgniter.php(410): CodeIgniter\CodeIgniter->runController(Object(App\Controllers\Connect))
#5 /home/u668489569/domains/xyzcheats.com/public_html/vendor/codeigniter4/framework/system/CodeIgniter.php(318): CodeIgniter\CodeIgniter->handleRequest(NULL, Object(Config\Cache), false)
#6 /home/u668489569/domains/xyzcheats.com/public_html/index.php(37): CodeIgniter\CodeIgniter->run()
#7 {main}
CRITICAL - 2026-01-23 08:31:14 --> file_get_contents(/home/u668489569/domains/xyzcheats.com/public_html/hwang/liblamdo.so): failed to open stream: No such file or directory
#0 [internal function]: CodeIgniter\Debug\Exceptions->errorHandler(2, 'file_get_conten...', '/home/u66848956...', 203, Array)
#1 /home/u668489569/domains/xyzcheats.com/public_html/app/Controllers/Connect.php(203): file_get_contents('/home/u66848956...')
#2 /home/u668489569/domains/xyzcheats.com/public_html/app/Controllers/Connect.php(61): App\Controllers\Connect->index_post()
#3 /home/u668489569/domains/xyzcheats.com/public_html/vendor/codeigniter4/framework/system/CodeIgniter.php(824): App\Controllers\Connect->index()
#4 /home/u668489569/domains/xyzcheats.com/public_html/vendor/codeigniter4/framework/system/CodeIgniter.php(410): CodeIgniter\CodeIgniter->runController(Object(App\Controllers\Connect))
#5 /home/u668489569/domains/xyzcheats.com/public_html/vendor/codeigniter4/framework/system/CodeIgniter.php(318): CodeIgniter\CodeIgniter->handleRequest(NULL, Object(Config\Cache), false)
#6 /home/u668489569/domains/xyzcheats.com/public_html/index.php(37): CodeIgniter\CodeIgniter->run()
#7 {main}
CRITICAL - 2026-01-23 08:31:17 --> file_get_contents(/home/u668489569/domains/xyzcheats.com/public_html/hwang/liblamdo.so): failed to open stream: No such file or directory
#0 [internal function]: CodeIgniter\Debug\Exceptions->errorHandler(2, 'file_get_conten...', '/home/u66848956...', 203, Array)
#1 /home/u668489569/domains/xyzcheats.com/public_html/app/Controllers/Connect.php(203): file_get_contents('/home/u66848956...')
#2 /home/u668489569/domains/xyzcheats.com/public_html/app/Controllers/Connect.php(61): App\Controllers\Connect->index_post()
#3 /home/u668489569/domains/xyzcheats.com/public_html/vendor/codeigniter4/framework/system/CodeIgniter.php(824): App\Controllers\Connect->index()
#4 /home/u668489569/domains/xyzcheats.com/public_html/vendor/codeigniter4/framework/system/CodeIgniter.php(410): CodeIgniter\CodeIgniter->runController(Object(App\Controllers\Connect))
#5 /home/u668489569/domains/xyzcheats.com/public_html/vendor/codeigniter4/framework/system/CodeIgniter.php(318): CodeIgniter\CodeIgniter->handleRequest(NULL, Object(Config\Cache), false)
#6 /home/u668489569/domains/xyzcheats.com/public_html/index.php(37): CodeIgniter\CodeIgniter->run()
#7 {main}
CRITICAL - 2026-01-23 08:48:25 --> file_get_contents(/home/u668489569/domains/xyzcheats.com/public_html/hwang/liblamdo.so): failed to open stream: No such file or directory
#0 [internal function]: CodeIgniter\Debug\Exceptions->errorHandler(2, 'file_get_conten...', '/home/u66848956...', 203, Array)
#1 /home/u668489569/domains/xyzcheats.com/public_html/app/Controllers/Connect.php(203): file_get_contents('/home/u66848956...')
#2 /home/u668489569/domains/xyzcheats.com/public_html/app/Controllers/Connect.php(61): App\Controllers\Connect->index_post()
#3 /home/u668489569/domains/xyzcheats.com/public_html/vendor/codeigniter4/framework/system/CodeIgniter.php(824): App\Controllers\Connect->index()
#4 /home/u668489569/domains/xyzcheats.com/public_html/vendor/codeigniter4/framework/system/CodeIgniter.php(410): CodeIgniter\CodeIgniter->runController(Object(App\Controllers\Connect))
#5 /home/u668489569/domains/xyzcheats.com/public_html/vendor/codeigniter4/framework/system/CodeIgniter.php(318): CodeIgniter\CodeIgniter->handleRequest(NULL, Object(Config\Cache), false)
#6 /home/u668489569/domains/xyzcheats.com/public_html/index.php(37): CodeIgniter\CodeIgniter->run()
#7 {main}
CRITICAL - 2026-01-23 08:59:32 --> file_get_contents(/home/u668489569/domains/xyzcheats.com/public_html/hwang/liblamdo.so): failed to open stream: No such file or directory
#0 [internal function]: CodeIgniter\Debug\Exceptions->errorHandler(2, 'file_get_conten...', '/home/u66848956...', 203, Array)
#1 /home/u668489569/domains/xyzcheats.com/public_html/app/Controllers/Connect.php(203): file_get_contents('/home/u66848956...')
#2 /home/u668489569/domains/xyzcheats.com/public_html/app/Controllers/Connect.php(61): App\Controllers\Connect->index_post()
#3 /home/u668489569/domains/xyzcheats.com/public_html/vendor/codeigniter4/framework/system/CodeIgniter.php(824): App\Controllers\Connect->index()
#4 /home/u668489569/domains/xyzcheats.com/public_html/vendor/codeigniter4/framework/system/CodeIgniter.php(410): CodeIgniter\CodeIgniter->runController(Object(App\Controllers\Connect))
#5 /home/u668489569/domains/xyzcheats.com/public_html/vendor/codeigniter4/framework/system/CodeIgniter.php(318): CodeIgniter\CodeIgniter->handleRequest(NULL, Object(Config\Cache), false)
#6 /home/u668489569/domains/xyzcheats.com/public_html/index.php(37): CodeIgniter\CodeIgniter->run()
#7 {main}
CRITICAL - 2026-01-23 08:59:43 --> file_get_contents(/home/u668489569/domains/xyzcheats.com/public_html/hwang/liblamdo.so): failed to open stream: No such file or directory
#0 [internal function]: CodeIgniter\Debug\Exceptions->errorHandler(2, 'file_get_conten...', '/home/u66848956...', 203, Array)
#1 /home/u668489569/domains/xyzcheats.com/public_html/app/Controllers/Connect.php(203): file_get_contents('/home/u66848956...')
#2 /home/u668489569/domains/xyzcheats.com/public_html/app/Controllers/Connect.php(61): App\Controllers\Connect->index_post()
#3 /home/u668489569/domains/xyzcheats.com/public_html/vendor/codeigniter4/framework/system/CodeIgniter.php(824): App\Controllers\Connect->index()
#4 /home/u668489569/domains/xyzcheats.com/public_html/vendor/codeigniter4/framework/system/CodeIgniter.php(410): CodeIgniter\CodeIgniter->runController(Object(App\Controllers\Connect))
#5 /home/u668489569/domains/xyzcheats.com/public_html/vendor/codeigniter4/framework/system/CodeIgniter.php(318): CodeIgniter\CodeIgniter->handleRequest(NULL, Object(Config\Cache), false)
#6 /home/u668489569/domains/xyzcheats.com/public_html/index.php(37): CodeIgniter\CodeIgniter->run()
#7 {main}
CRITICAL - 2026-01-23 08:59:59 --> file_get_contents(/home/u668489569/domains/xyzcheats.com/public_html/hwang/liblamdo.so): failed to open stream: No such file or directory
#0 [internal function]: CodeIgniter\Debug\Exceptions->errorHandler(2, 'file_get_conten...', '/home/u66848956...', 203, Array)
#1 /home/u668489569/domains/xyzcheats.com/public_html/app/Controllers/Connect.php(203): file_get_contents('/home/u66848956...')
#2 /home/u668489569/domains/xyzcheats.com/public_html/app/Controllers/Connect.php(61): App\Controllers\Connect->index_post()
#3 /home/u668489569/domains/xyzcheats.com/public_html/vendor/codeigniter4/framework/system/CodeIgniter.php(824): App\Controllers\Connect->index()
#4 /home/u668489569/domains/xyzcheats.com/public_html/vendor/codeigniter4/framework/system/CodeIgniter.php(410): CodeIgniter\CodeIgniter->runController(Object(App\Controllers\Connect))
#5 /home/u668489569/domains/xyzcheats.com/public_html/vendor/codeigniter4/framework/system/CodeIgniter.php(318): CodeIgniter\CodeIgniter->handleRequest(NULL, Object(Config\Cache), false)
#6 /home/u668489569/domains/xyzcheats.com/public_html/index.php(37): CodeIgniter\CodeIgniter->run()
#7 {main}
CRITICAL - 2026-01-23 08:59:59 --> file_get_contents(/home/u668489569/domains/xyzcheats.com/public_html/hwang/liblamdo.so): failed to open stream: No such file or directory
#0 [internal function]: CodeIgniter\Debug\Exceptions->errorHandler(2, 'file_get_conten...', '/home/u66848956...', 203, Array)
#1 /home/u668489569/domains/xyzcheats.com/public_html/app/Controllers/Connect.php(203): file_get_contents('/home/u66848956...')
#2 /home/u668489569/domains/xyzcheats.com/public_html/app/Controllers/Connect.php(61): App\Controllers\Connect->index_post()
#3 /home/u668489569/domains/xyzcheats.com/public_html/vendor/codeigniter4/framework/system/CodeIgniter.php(824): App\Controllers\Connect->index()
#4 /home/u668489569/domains/xyzcheats.com/public_html/vendor/codeigniter4/framework/system/CodeIgniter.php(410): CodeIgniter\CodeIgniter->runController(Object(App\Controllers\Connect))
#5 /home/u668489569/domains/xyzcheats.com/public_html/vendor/codeigniter4/framework/system/CodeIgniter.php(318): CodeIgniter\CodeIgniter->handleRequest(NULL, Object(Config\Cache), false)
#6 /home/u668489569/domains/xyzcheats.com/public_html/index.php(37): CodeIgniter\CodeIgniter->run()
#7 {main}
CRITICAL - 2026-01-23 09:00:08 --> file_get_contents(/home/u668489569/domains/xyzcheats.com/public_html/hwang/liblamdo.so): failed to open stream: No such file or directory
#0 [internal function]: CodeIgniter\Debug\Exceptions->errorHandler(2, 'file_get_conten...', '/home/u66848956...', 203, Array)
#1 /home/u668489569/domains/xyzcheats.com/public_html/app/Controllers/Connect.php(203): file_get_contents('/home/u66848956...')
#2 /home/u668489569/domains/xyzcheats.com/public_html/app/Controllers/Connect.php(61): App\Controllers\Connect->index_post()
#3 /home/u668489569/domains/xyzcheats.com/public_html/vendor/codeigniter4/framework/system/CodeIgniter.php(824): App\Controllers\Connect->index()
#4 /home/u668489569/domains/xyzcheats.com/public_html/vendor/codeigniter4/framework/system/CodeIgniter.php(410): CodeIgniter\CodeIgniter->runController(Object(App\Controllers\Connect))
#5 /home/u668489569/domains/xyzcheats.com/public_html/vendor/codeigniter4/framework/system/CodeIgniter.php(318): CodeIgniter\CodeIgniter->handleRequest(NULL, Object(Config\Cache), false)
#6 /home/u668489569/domains/xyzcheats.com/public_html/index.php(37): CodeIgniter\CodeIgniter->run()
#7 {main}
CRITICAL - 2026-01-23 09:00:11 --> file_get_contents(/home/u668489569/domains/xyzcheats.com/public_html/hwang/liblamdo.so): failed to open stream: No such file or directory
#0 [internal function]: CodeIgniter\Debug\Exceptions->errorHandler(2, 'file_get_conten...', '/home/u66848956...', 203, Array)
#1 /home/u668489569/domains/xyzcheats.com/public_html/app/Controllers/Connect.php(203): file_get_contents('/home/u66848956...')
#2 /home/u668489569/domains/xyzcheats.com/public_html/app/Controllers/Connect.php(61): App\Controllers\Connect->index_post()
#3 /home/u668489569/domains/xyzcheats.com/public_html/vendor/codeigniter4/framework/system/CodeIgniter.php(824): App\Controllers\Connect->index()
#4 /home/u668489569/domains/xyzcheats.com/public_html/vendor/codeigniter4/framework/system/CodeIgniter.php(410): CodeIgniter\CodeIgniter->runController(Object(App\Controllers\Connect))
#5 /home/u668489569/domains/xyzcheats.com/public_html/vendor/codeigniter4/framework/system/CodeIgniter.php(318): CodeIgniter\CodeIgniter->handleRequest(NULL, Object(Config\Cache), false)
#6 /home/u668489569/domains/xyzcheats.com/public_html/index.php(37): CodeIgniter\CodeIgniter->run()
#7 {main}
CRITICAL - 2026-01-23 09:01:10 --> file_get_contents(/home/u668489569/domains/xyzcheats.com/public_html/hwang/liblamdo.so): failed to open stream: No such file or directory
#0 [internal function]: CodeIgniter\Debug\Exceptions->errorHandler(2, 'file_get_conten...', '/home/u66848956...', 203, Array)
#1 /home/u668489569/domains/xyzcheats.com/public_html/app/Controllers/Connect.php(203): file_get_contents('/home/u66848956...')
#2 /home/u668489569/domains/xyzcheats.com/public_html/app/Controllers/Connect.php(61): App\Controllers\Connect->index_post()
#3 /home/u668489569/domains/xyzcheats.com/public_html/vendor/codeigniter4/framework/system/CodeIgniter.php(824): App\Controllers\Connect->index()
#4 /home/u668489569/domains/xyzcheats.com/public_html/vendor/codeigniter4/framework/system/CodeIgniter.php(410): CodeIgniter\CodeIgniter->runController(Object(App\Controllers\Connect))
#5 /home/u668489569/domains/xyzcheats.com/public_html/vendor/codeigniter4/framework/system/CodeIgniter.php(318): CodeIgniter\CodeIgniter->handleRequest(NULL, Object(Config\Cache), false)
#6 /home/u668489569/domains/xyzcheats.com/public_html/index.php(37): CodeIgniter\CodeIgniter->run()
#7 {main}
CRITICAL - 2026-01-23 09:13:23 --> file_get_contents(/home/u668489569/domains/xyzcheats.com/public_html/hwang/liblamdo.so): failed to open stream: No such file or directory
#0 [internal function]: CodeIgniter\Debug\Exceptions->errorHandler(2, 'file_get_conten...', '/home/u66848956...', 203, Array)
#1 /home/u668489569/domains/xyzcheats.com/public_html/app/Controllers/Connect.php(203): file_get_contents('/home/u66848956...')
#2 /home/u668489569/domains/xyzcheats.com/public_html/app/Controllers/Connect.php(61): App\Controllers\Connect->index_post()
#3 /home/u668489569/domains/xyzcheats.com/public_html/vendor/codeigniter4/framework/system/CodeIgniter.php(824): App\Controllers\Connect->index()
#4 /home/u668489569/domains/xyzcheats.com/public_html/vendor/codeigniter4/framework/system/CodeIgniter.php(410): CodeIgniter\CodeIgniter->runController(Object(App\Controllers\Connect))
#5 /home/u668489569/domains/xyzcheats.com/public_html/vendor/codeigniter4/framework/system/CodeIgniter.php(318): CodeIgniter\CodeIgniter->handleRequest(NULL, Object(Config\Cache), false)
#6 /home/u668489569/domains/xyzcheats.com/public_html/index.php(37): CodeIgniter\CodeIgniter->run()
#7 {main}
CRITICAL - 2026-01-23 09:13:26 --> file_get_contents(/home/u668489569/domains/xyzcheats.com/public_html/hwang/liblamdo.so): failed to open stream: No such file or directory
#0 [internal function]: CodeIgniter\Debug\Exceptions->errorHandler(2, 'file_get_conten...', '/home/u66848956...', 203, Array)
#1 /home/u668489569/domains/xyzcheats.com/public_html/app/Controllers/Connect.php(203): file_get_contents('/home/u66848956...')
#2 /home/u668489569/domains/xyzcheats.com/public_html/app/Controllers/Connect.php(61): App\Controllers\Connect->index_post()
#3 /home/u668489569/domains/xyzcheats.com/public_html/vendor/codeigniter4/framework/system/CodeIgniter.php(824): App\Controllers\Connect->index()
#4 /home/u668489569/domains/xyzcheats.com/public_html/vendor/codeigniter4/framework/system/CodeIgniter.php(410): CodeIgniter\CodeIgniter->runController(Object(App\Controllers\Connect))
#5 /home/u668489569/domains/xyzcheats.com/public_html/vendor/codeigniter4/framework/system/CodeIgniter.php(318): CodeIgniter\CodeIgniter->handleRequest(NULL, Object(Config\Cache), false)
#6 /home/u668489569/domains/xyzcheats.com/public_html/index.php(37): CodeIgniter\CodeIgniter->run()
#7 {main}
CRITICAL - 2026-01-23 09:14:02 --> file_get_contents(/home/u668489569/domains/xyzcheats.com/public_html/hwang/liblamdo.so): failed to open stream: No such file or directory
#0 [internal function]: CodeIgniter\Debug\Exceptions->errorHandler(2, 'file_get_conten...', '/home/u66848956...', 203, Array)
#1 /home/u668489569/domains/xyzcheats.com/public_html/app/Controllers/Connect.php(203): file_get_contents('/home/u66848956...')
#2 /home/u668489569/domains/xyzcheats.com/public_html/app/Controllers/Connect.php(61): App\Controllers\Connect->index_post()
#3 /home/u668489569/domains/xyzcheats.com/public_html/vendor/codeigniter4/framework/system/CodeIgniter.php(824): App\Controllers\Connect->index()
#4 /home/u668489569/domains/xyzcheats.com/public_html/vendor/codeigniter4/framework/system/CodeIgniter.php(410): CodeIgniter\CodeIgniter->runController(Object(App\Controllers\Connect))
#5 /home/u668489569/domains/xyzcheats.com/public_html/vendor/codeigniter4/framework/system/CodeIgniter.php(318): CodeIgniter\CodeIgniter->handleRequest(NULL, Object(Config\Cache), false)
#6 /home/u668489569/domains/xyzcheats.com/public_html/index.php(37): CodeIgniter\CodeIgniter->run()
#7 {main}
CRITICAL - 2026-01-23 09:15:09 --> file_get_contents(/home/u668489569/domains/xyzcheats.com/public_html/hwang/liblamdo.so): failed to open stream: No such file or directory
#0 [internal function]: CodeIgniter\Debug\Exceptions->errorHandler(2, 'file_get_conten...', '/home/u66848956...', 203, Array)
#1 /home/u668489569/domains/xyzcheats.com/public_html/app/Controllers/Connect.php(203): file_get_contents('/home/u66848956...')
#2 /home/u668489569/domains/xyzcheats.com/public_html/app/Controllers/Connect.php(61): App\Controllers\Connect->index_post()
#3 /home/u668489569/domains/xyzcheats.com/public_html/vendor/codeigniter4/framework/system/CodeIgniter.php(824): App\Controllers\Connect->index()
#4 /home/u668489569/domains/xyzcheats.com/public_html/vendor/codeigniter4/framework/system/CodeIgniter.php(410): CodeIgniter\CodeIgniter->runController(Object(App\Controllers\Connect))
#5 /home/u668489569/domains/xyzcheats.com/public_html/vendor/codeigniter4/framework/system/CodeIgniter.php(318): CodeIgniter\CodeIgniter->handleRequest(NULL, Object(Config\Cache), false)
#6 /home/u668489569/domains/xyzcheats.com/public_html/index.php(37): CodeIgniter\CodeIgniter->run()
#7 {main}
CRITICAL - 2026-01-23 09:20:07 --> file_get_contents(/home/u668489569/domains/xyzcheats.com/public_html/hwang/liblamdo.so): failed to open stream: No such file or directory
#0 [internal function]: CodeIgniter\Debug\Exceptions->errorHandler(2, 'file_get_conten...', '/home/u66848956...', 203, Array)
#1 /home/u668489569/domains/xyzcheats.com/public_html/app/Controllers/Connect.php(203): file_get_contents('/home/u66848956...')
#2 /home/u668489569/domains/xyzcheats.com/public_html/app/Controllers/Connect.php(61): App\Controllers\Connect->index_post()
#3 /home/u668489569/domains/xyzcheats.com/public_html/vendor/codeigniter4/framework/system/CodeIgniter.php(824): App\Controllers\Connect->index()
#4 /home/u668489569/domains/xyzcheats.com/public_html/vendor/codeigniter4/framework/system/CodeIgniter.php(410): CodeIgniter\CodeIgniter->runController(Object(App\Controllers\Connect))
#5 /home/u668489569/domains/xyzcheats.com/public_html/vendor/codeigniter4/framework/system/CodeIgniter.php(318): CodeIgniter\CodeIgniter->handleRequest(NULL, Object(Config\Cache), false)
#6 /home/u668489569/domains/xyzcheats.com/public_html/index.php(37): CodeIgniter\CodeIgniter->run()
#7 {main}
CRITICAL - 2026-01-23 09:20:12 --> file_get_contents(/home/u668489569/domains/xyzcheats.com/public_html/hwang/liblamdo.so): failed to open stream: No such file or directory
#0 [internal function]: CodeIgniter\Debug\Exceptions->errorHandler(2, 'file_get_conten...', '/home/u66848956...', 203, Array)
#1 /home/u668489569/domains/xyzcheats.com/public_html/app/Controllers/Connect.php(203): file_get_contents('/home/u66848956...')
#2 /home/u668489569/domains/xyzcheats.com/public_html/app/Controllers/Connect.php(61): App\Controllers\Connect->index_post()
#3 /home/u668489569/domains/xyzcheats.com/public_html/vendor/codeigniter4/framework/system/CodeIgniter.php(824): App\Controllers\Connect->index()
#4 /home/u668489569/domains/xyzcheats.com/public_html/vendor/codeigniter4/framework/system/CodeIgniter.php(410): CodeIgniter\CodeIgniter->runController(Object(App\Controllers\Connect))
#5 /home/u668489569/domains/xyzcheats.com/public_html/vendor/codeigniter4/framework/system/CodeIgniter.php(318): CodeIgniter\CodeIgniter->handleRequest(NULL, Object(Config\Cache), false)
#6 /home/u668489569/domains/xyzcheats.com/public_html/index.php(37): CodeIgniter\CodeIgniter->run()
#7 {main}
CRITICAL - 2026-01-23 09:27:06 --> file_get_contents(/home/u668489569/domains/xyzcheats.com/public_html/hwang/liblamdo.so): failed to open stream: No such file or directory
#0 [internal function]: CodeIgniter\Debug\Exceptions->errorHandler(2, 'file_get_conten...', '/home/u66848956...', 203, Array)
#1 /home/u668489569/domains/xyzcheats.com/public_html/app/Controllers/Connect.php(203): file_get_contents('/home/u66848956...')
#2 /home/u668489569/domains/xyzcheats.com/public_html/app/Controllers/Connect.php(61): App\Controllers\Connect->index_post()
#3 /home/u668489569/domains/xyzcheats.com/public_html/vendor/codeigniter4/framework/system/CodeIgniter.php(824): App\Controllers\Connect->index()
#4 /home/u668489569/domains/xyzcheats.com/public_html/vendor/codeigniter4/framework/system/CodeIgniter.php(410): CodeIgniter\CodeIgniter->runController(Object(App\Controllers\Connect))
#5 /home/u668489569/domains/xyzcheats.com/public_html/vendor/codeigniter4/framework/system/CodeIgniter.php(318): CodeIgniter\CodeIgniter->handleRequest(NULL, Object(Config\Cache), false)
#6 /home/u668489569/domains/xyzcheats.com/public_html/index.php(37): CodeIgniter\CodeIgniter->run()
#7 {main}
CRITICAL - 2026-01-23 09:29:13 --> file_get_contents(/home/u668489569/domains/xyzcheats.com/public_html/hwang/liblamdo.so): failed to open stream: No such file or directory
#0 [internal function]: CodeIgniter\Debug\Exceptions->errorHandler(2, 'file_get_conten...', '/home/u66848956...', 203, Array)
#1 /home/u668489569/domains/xyzcheats.com/public_html/app/Controllers/Connect.php(203): file_get_contents('/home/u66848956...')
#2 /home/u668489569/domains/xyzcheats.com/public_html/app/Controllers/Connect.php(61): App\Controllers\Connect->index_post()
#3 /home/u668489569/domains/xyzcheats.com/public_html/vendor/codeigniter4/framework/system/CodeIgniter.php(824): App\Controllers\Connect->index()
#4 /home/u668489569/domains/xyzcheats.com/public_html/vendor/codeigniter4/framework/system/CodeIgniter.php(410): CodeIgniter\CodeIgniter->runController(Object(App\Controllers\Connect))
#5 /home/u668489569/domains/xyzcheats.com/public_html/vendor/codeigniter4/framework/system/CodeIgniter.php(318): CodeIgniter\CodeIgniter->handleRequest(NULL, Object(Config\Cache), false)
#6 /home/u668489569/domains/xyzcheats.com/public_html/index.php(37): CodeIgniter\CodeIgniter->run()
#7 {main}
CRITICAL - 2026-01-23 09:29:48 --> file_get_contents(/home/u668489569/domains/xyzcheats.com/public_html/hwang/liblamdo.so): failed to open stream: No such file or directory
#0 [internal function]: CodeIgniter\Debug\Exceptions->errorHandler(2, 'file_get_conten...', '/home/u66848956...', 203, Array)
#1 /home/u668489569/domains/xyzcheats.com/public_html/app/Controllers/Connect.php(203): file_get_contents('/home/u66848956...')
#2 /home/u668489569/domains/xyzcheats.com/public_html/app/Controllers/Connect.php(61): App\Controllers\Connect->index_post()
#3 /home/u668489569/domains/xyzcheats.com/public_html/vendor/codeigniter4/framework/system/CodeIgniter.php(824): App\Controllers\Connect->index()
#4 /home/u668489569/domains/xyzcheats.com/public_html/vendor/codeigniter4/framework/system/CodeIgniter.php(410): CodeIgniter\CodeIgniter->runController(Object(App\Controllers\Connect))
#5 /home/u668489569/domains/xyzcheats.com/public_html/vendor/codeigniter4/framework/system/CodeIgniter.php(318): CodeIgniter\CodeIgniter->handleRequest(NULL, Object(Config\Cache), false)
#6 /home/u668489569/domains/xyzcheats.com/public_html/index.php(37): CodeIgniter\CodeIgniter->run()
#7 {main}
CRITICAL - 2026-01-23 09:33:18 --> file_get_contents(/home/u668489569/domains/xyzcheats.com/public_html/hwang/liblamdo.so): failed to open stream: No such file or directory
#0 [internal function]: CodeIgniter\Debug\Exceptions->errorHandler(2, 'file_get_conten...', '/home/u66848956...', 203, Array)
#1 /home/u668489569/domains/xyzcheats.com/public_html/app/Controllers/Connect.php(203): file_get_contents('/home/u66848956...')
#2 /home/u668489569/domains/xyzcheats.com/public_html/app/Controllers/Connect.php(61): App\Controllers\Connect->index_post()
#3 /home/u668489569/domains/xyzcheats.com/public_html/vendor/codeigniter4/framework/system/CodeIgniter.php(824): App\Controllers\Connect->index()
#4 /home/u668489569/domains/xyzcheats.com/public_html/vendor/codeigniter4/framework/system/CodeIgniter.php(410): CodeIgniter\CodeIgniter->runController(Object(App\Controllers\Connect))
#5 /home/u668489569/domains/xyzcheats.com/public_html/vendor/codeigniter4/framework/system/CodeIgniter.php(318): CodeIgniter\CodeIgniter->handleRequest(NULL, Object(Config\Cache), false)
#6 /home/u668489569/domains/xyzcheats.com/public_html/index.php(37): CodeIgniter\CodeIgniter->run()
#7 {main}
CRITICAL - 2026-01-23 09:33:24 --> file_get_contents(/home/u668489569/domains/xyzcheats.com/public_html/hwang/liblamdo.so): failed to open stream: No such file or directory
#0 [internal function]: CodeIgniter\Debug\Exceptions->errorHandler(2, 'file_get_conten...', '/home/u66848956...', 203, Array)
#1 /home/u668489569/domains/xyzcheats.com/public_html/app/Controllers/Connect.php(203): file_get_contents('/home/u66848956...')
#2 /home/u668489569/domains/xyzcheats.com/public_html/app/Controllers/Connect.php(61): App\Controllers\Connect->index_post()
#3 /home/u668489569/domains/xyzcheats.com/public_html/vendor/codeigniter4/framework/system/CodeIgniter.php(824): App\Controllers\Connect->index()
#4 /home/u668489569/domains/xyzcheats.com/public_html/vendor/codeigniter4/framework/system/CodeIgniter.php(410): CodeIgniter\CodeIgniter->runController(Object(App\Controllers\Connect))
#5 /home/u668489569/domains/xyzcheats.com/public_html/vendor/codeigniter4/framework/system/CodeIgniter.php(318): CodeIgniter\CodeIgniter->handleRequest(NULL, Object(Config\Cache), false)
#6 /home/u668489569/domains/xyzcheats.com/public_html/index.php(37): CodeIgniter\CodeIgniter->run()
#7 {main}
CRITICAL - 2026-01-23 09:33:33 --> file_get_contents(/home/u668489569/domains/xyzcheats.com/public_html/hwang/liblamdo.so): failed to open stream: No such file or directory
#0 [internal function]: CodeIgniter\Debug\Exceptions->errorHandler(2, 'file_get_conten...', '/home/u66848956...', 203, Array)
#1 /home/u668489569/domains/xyzcheats.com/public_html/app/Controllers/Connect.php(203): file_get_contents('/home/u66848956...')
#2 /home/u668489569/domains/xyzcheats.com/public_html/app/Controllers/Connect.php(61): App\Controllers\Connect->index_post()
#3 /home/u668489569/domains/xyzcheats.com/public_html/vendor/codeigniter4/framework/system/CodeIgniter.php(824): App\Controllers\Connect->index()
#4 /home/u668489569/domains/xyzcheats.com/public_html/vendor/codeigniter4/framework/system/CodeIgniter.php(410): CodeIgniter\CodeIgniter->runController(Object(App\Controllers\Connect))
#5 /home/u668489569/domains/xyzcheats.com/public_html/vendor/codeigniter4/framework/system/CodeIgniter.php(318): CodeIgniter\CodeIgniter->handleRequest(NULL, Object(Config\Cache), false)
#6 /home/u668489569/domains/xyzcheats.com/public_html/index.php(37): CodeIgniter\CodeIgniter->run()
#7 {main}
CRITICAL - 2026-01-23 09:34:06 --> file_get_contents(/home/u668489569/domains/xyzcheats.com/public_html/hwang/liblamdo.so): failed to open stream: No such file or directory
#0 [internal function]: CodeIgniter\Debug\Exceptions->errorHandler(2, 'file_get_conten...', '/home/u66848956...', 203, Array)
#1 /home/u668489569/domains/xyzcheats.com/public_html/app/Controllers/Connect.php(203): file_get_contents('/home/u66848956...')
#2 /home/u668489569/domains/xyzcheats.com/public_html/app/Controllers/Connect.php(61): App\Controllers\Connect->index_post()
#3 /home/u668489569/domains/xyzcheats.com/public_html/vendor/codeigniter4/framework/system/CodeIgniter.php(824): App\Controllers\Connect->index()
#4 /home/u668489569/domains/xyzcheats.com/public_html/vendor/codeigniter4/framework/system/CodeIgniter.php(410): CodeIgniter\CodeIgniter->runController(Object(App\Controllers\Connect))
#5 /home/u668489569/domains/xyzcheats.com/public_html/vendor/codeigniter4/framework/system/CodeIgniter.php(318): CodeIgniter\CodeIgniter->handleRequest(NULL, Object(Config\Cache), false)
#6 /home/u668489569/domains/xyzcheats.com/public_html/index.php(37): CodeIgniter\CodeIgniter->run()
#7 {main}
CRITICAL - 2026-01-23 09:34:17 --> file_get_contents(/home/u668489569/domains/xyzcheats.com/public_html/hwang/liblamdo.so): failed to open stream: No such file or directory
#0 [internal function]: CodeIgniter\Debug\Exceptions->errorHandler(2, 'file_get_conten...', '/home/u66848956...', 203, Array)
#1 /home/u668489569/domains/xyzcheats.com/public_html/app/Controllers/Connect.php(203): file_get_contents('/home/u66848956...')
#2 /home/u668489569/domains/xyzcheats.com/public_html/app/Controllers/Connect.php(61): App\Controllers\Connect->index_post()
#3 /home/u668489569/domains/xyzcheats.com/public_html/vendor/codeigniter4/framework/system/CodeIgniter.php(824): App\Controllers\Connect->index()
#4 /home/u668489569/domains/xyzcheats.com/public_html/vendor/codeigniter4/framework/system/CodeIgniter.php(410): CodeIgniter\CodeIgniter->runController(Object(App\Controllers\Connect))
#5 /home/u668489569/domains/xyzcheats.com/public_html/vendor/codeigniter4/framework/system/CodeIgniter.php(318): CodeIgniter\CodeIgniter->handleRequest(NULL, Object(Config\Cache), false)
#6 /home/u668489569/domains/xyzcheats.com/public_html/index.php(37): CodeIgniter\CodeIgniter->run()
#7 {main}
CRITICAL - 2026-01-23 09:35:58 --> file_get_contents(/home/u668489569/domains/xyzcheats.com/public_html/hwang/liblamdo.so): failed to open stream: No such file or directory
#0 [internal function]: CodeIgniter\Debug\Exceptions->errorHandler(2, 'file_get_conten...', '/home/u66848956...', 203, Array)
#1 /home/u668489569/domains/xyzcheats.com/public_html/app/Controllers/Connect.php(203): file_get_contents('/home/u66848956...')
#2 /home/u668489569/domains/xyzcheats.com/public_html/app/Controllers/Connect.php(61): App\Controllers\Connect->index_post()
#3 /home/u668489569/domains/xyzcheats.com/public_html/vendor/codeigniter4/framework/system/CodeIgniter.php(824): App\Controllers\Connect->index()
#4 /home/u668489569/domains/xyzcheats.com/public_html/vendor/codeigniter4/framework/system/CodeIgniter.php(410): CodeIgniter\CodeIgniter->runController(Object(App\Controllers\Connect))
#5 /home/u668489569/domains/xyzcheats.com/public_html/vendor/codeigniter4/framework/system/CodeIgniter.php(318): CodeIgniter\CodeIgniter->handleRequest(NULL, Object(Config\Cache), false)
#6 /home/u668489569/domains/xyzcheats.com/public_html/index.php(37): CodeIgniter\CodeIgniter->run()
#7 {main}
CRITICAL - 2026-01-23 09:36:08 --> file_get_contents(/home/u668489569/domains/xyzcheats.com/public_html/hwang/liblamdo.so): failed to open stream: No such file or directory
#0 [internal function]: CodeIgniter\Debug\Exceptions->errorHandler(2, 'file_get_conten...', '/home/u66848956...', 203, Array)
#1 /home/u668489569/domains/xyzcheats.com/public_html/app/Controllers/Connect.php(203): file_get_contents('/home/u66848956...')
#2 /home/u668489569/domains/xyzcheats.com/public_html/app/Controllers/Connect.php(61): App\Controllers\Connect->index_post()
#3 /home/u668489569/domains/xyzcheats.com/public_html/vendor/codeigniter4/framework/system/CodeIgniter.php(824): App\Controllers\Connect->index()
#4 /home/u668489569/domains/xyzcheats.com/public_html/vendor/codeigniter4/framework/system/CodeIgniter.php(410): CodeIgniter\CodeIgniter->runController(Object(App\Controllers\Connect))
#5 /home/u668489569/domains/xyzcheats.com/public_html/vendor/codeigniter4/framework/system/CodeIgniter.php(318): CodeIgniter\CodeIgniter->handleRequest(NULL, Object(Config\Cache), false)
#6 /home/u668489569/domains/xyzcheats.com/public_html/index.php(37): CodeIgniter\CodeIgniter->run()
#7 {main}
CRITICAL - 2026-01-23 09:58:00 --> file_get_contents(/home/u668489569/domains/xyzcheats.com/public_html/hwang/liblamdo.so): failed to open stream: No such file or directory
#0 [internal function]: CodeIgniter\Debug\Exceptions->errorHandler(2, 'file_get_conten...', '/home/u66848956...', 203, Array)
#1 /home/u668489569/domains/xyzcheats.com/public_html/app/Controllers/Connect.php(203): file_get_contents('/home/u66848956...')
#2 /home/u668489569/domains/xyzcheats.com/public_html/app/Controllers/Connect.php(61): App\Controllers\Connect->index_post()
#3 /home/u668489569/domains/xyzcheats.com/public_html/vendor/codeigniter4/framework/system/CodeIgniter.php(824): App\Controllers\Connect->index()
#4 /home/u668489569/domains/xyzcheats.com/public_html/vendor/codeigniter4/framework/system/CodeIgniter.php(410): CodeIgniter\CodeIgniter->runController(Object(App\Controllers\Connect))
#5 /home/u668489569/domains/xyzcheats.com/public_html/vendor/codeigniter4/framework/system/CodeIgniter.php(318): CodeIgniter\CodeIgniter->handleRequest(NULL, Object(Config\Cache), false)
#6 /home/u668489569/domains/xyzcheats.com/public_html/index.php(37): CodeIgniter\CodeIgniter->run()
#7 {main}
CRITICAL - 2026-01-23 09:58:13 --> file_get_contents(/home/u668489569/domains/xyzcheats.com/public_html/hwang/liblamdo.so): failed to open stream: No such file or directory
#0 [internal function]: CodeIgniter\Debug\Exceptions->errorHandler(2, 'file_get_conten...', '/home/u66848956...', 203, Array)
#1 /home/u668489569/domains/xyzcheats.com/public_html/app/Controllers/Connect.php(203): file_get_contents('/home/u66848956...')
#2 /home/u668489569/domains/xyzcheats.com/public_html/app/Controllers/Connect.php(61): App\Controllers\Connect->index_post()
#3 /home/u668489569/domains/xyzcheats.com/public_html/vendor/codeigniter4/framework/system/CodeIgniter.php(824): App\Controllers\Connect->index()
#4 /home/u668489569/domains/xyzcheats.com/public_html/vendor/codeigniter4/framework/system/CodeIgniter.php(410): CodeIgniter\CodeIgniter->runController(Object(App\Controllers\Connect))
#5 /home/u668489569/domains/xyzcheats.com/public_html/vendor/codeigniter4/framework/system/CodeIgniter.php(318): CodeIgniter\CodeIgniter->handleRequest(NULL, Object(Config\Cache), false)
#6 /home/u668489569/domains/xyzcheats.com/public_html/index.php(37): CodeIgniter\CodeIgniter->run()
#7 {main}
CRITICAL - 2026-01-23 09:58:47 --> file_get_contents(/home/u668489569/domains/xyzcheats.com/public_html/hwang/liblamdo.so): failed to open stream: No such file or directory
#0 [internal function]: CodeIgniter\Debug\Exceptions->errorHandler(2, 'file_get_conten...', '/home/u66848956...', 203, Array)
#1 /home/u668489569/domains/xyzcheats.com/public_html/app/Controllers/Connect.php(203): file_get_contents('/home/u66848956...')
#2 /home/u668489569/domains/xyzcheats.com/public_html/app/Controllers/Connect.php(61): App\Controllers\Connect->index_post()
#3 /home/u668489569/domains/xyzcheats.com/public_html/vendor/codeigniter4/framework/system/CodeIgniter.php(824): App\Controllers\Connect->index()
#4 /home/u668489569/domains/xyzcheats.com/public_html/vendor/codeigniter4/framework/system/CodeIgniter.php(410): CodeIgniter\CodeIgniter->runController(Object(App\Controllers\Connect))
#5 /home/u668489569/domains/xyzcheats.com/public_html/vendor/codeigniter4/framework/system/CodeIgniter.php(318): CodeIgniter\CodeIgniter->handleRequest(NULL, Object(Config\Cache), false)
#6 /home/u668489569/domains/xyzcheats.com/public_html/index.php(37): CodeIgniter\CodeIgniter->run()
#7 {main}
CRITICAL - 2026-01-23 10:15:18 --> Undefined offset: 3
#0 /home/u668489569/domains/xyzcheats.com/public_html/app/Views/User/dashboard.php(161): CodeIgniter\Debug\Exceptions->errorHandler(8, 'Undefined offse...', '/home/u66848956...', 161, Array)
#1 /home/u668489569/domains/xyzcheats.com/public_html/vendor/codeigniter4/framework/system/View/View.php(214): include('/home/u66848956...')
#2 /home/u668489569/domains/xyzcheats.com/public_html/vendor/codeigniter4/framework/system/View/View.php(217): CodeIgniter\View\View->CodeIgniter\View\{closure}()
#3 /home/u668489569/domains/xyzcheats.com/public_html/vendor/codeigniter4/framework/system/Common.php(1097): CodeIgniter\View\View->render('User/dashboard', Array, true)
#4 /home/u668489569/domains/xyzcheats.com/public_html/app/Controllers/User.php(51): view('User/dashboard', Array)
#5 /home/u668489569/domains/xyzcheats.com/public_html/vendor/codeigniter4/framework/system/CodeIgniter.php(824): App\Controllers\User->index()
#6 /home/u668489569/domains/xyzcheats.com/public_html/vendor/codeigniter4/framework/system/CodeIgniter.php(410): CodeIgniter\CodeIgniter->runController(Object(App\Controllers\User))
#7 /home/u668489569/domains/xyzcheats.com/public_html/vendor/codeigniter4/framework/system/CodeIgniter.php(318): CodeIgniter\CodeIgniter->handleRequest(NULL, Object(Config\Cache), false)
#8 /home/u668489569/domains/xyzcheats.com/public_html/index.php(37): CodeIgniter\CodeIgniter->run()
#9 {main}
CRITICAL - 2026-01-23 10:15:23 --> Undefined offset: 3
#0 /home/u668489569/domains/xyzcheats.com/public_html/app/Views/User/dashboard.php(161): CodeIgniter\Debug\Exceptions->errorHandler(8, 'Undefined offse...', '/home/u66848956...', 161, Array)
#1 /home/u668489569/domains/xyzcheats.com/public_html/vendor/codeigniter4/framework/system/View/View.php(214): include('/home/u66848956...')
#2 /home/u668489569/domains/xyzcheats.com/public_html/vendor/codeigniter4/framework/system/View/View.php(217): CodeIgniter\View\View->CodeIgniter\View\{closure}()
#3 /home/u668489569/domains/xyzcheats.com/public_html/vendor/codeigniter4/framework/system/Common.php(1097): CodeIgniter\View\View->render('User/dashboard', Array, true)
#4 /home/u668489569/domains/xyzcheats.com/public_html/app/Controllers/User.php(51): view('User/dashboard', Array)
#5 /home/u668489569/domains/xyzcheats.com/public_html/vendor/codeigniter4/framework/system/CodeIgniter.php(824): App\Controllers\User->index()
#6 /home/u668489569/domains/xyzcheats.com/public_html/vendor/codeigniter4/framework/system/CodeIgniter.php(410): CodeIgniter\CodeIgniter->runController(Object(App\Controllers\User))
#7 /home/u668489569/domains/xyzcheats.com/public_html/vendor/codeigniter4/framework/system/CodeIgniter.php(318): CodeIgniter\CodeIgniter->handleRequest(NULL, Object(Config\Cache), false)
#8 /home/u668489569/domains/xyzcheats.com/public_html/index.php(37): CodeIgniter\CodeIgniter->run()
#9 {main}
CRITICAL - 2026-01-23 10:19:58 --> file_get_contents(/home/u668489569/domains/xyzcheats.com/public_html/hwang/liblamdo.so): failed to open stream: No such file or directory
#0 [internal function]: CodeIgniter\Debug\Exceptions->errorHandler(2, 'file_get_conten...', '/home/u66848956...', 203, Array)
#1 /home/u668489569/domains/xyzcheats.com/public_html/app/Controllers/Connect.php(203): file_get_contents('/home/u66848956...')
#2 /home/u668489569/domains/xyzcheats.com/public_html/app/Controllers/Connect.php(61): App\Controllers\Connect->index_post()
#3 /home/u668489569/domains/xyzcheats.com/public_html/vendor/codeigniter4/framework/system/CodeIgniter.php(824): App\Controllers\Connect->index()
#4 /home/u668489569/domains/xyzcheats.com/public_html/vendor/codeigniter4/framework/system/CodeIgniter.php(410): CodeIgniter\CodeIgniter->runController(Object(App\Controllers\Connect))
#5 /home/u668489569/domains/xyzcheats.com/public_html/vendor/codeigniter4/framework/system/CodeIgniter.php(318): CodeIgniter\CodeIgniter->handleRequest(NULL, Object(Config\Cache), false)
#6 /home/u668489569/domains/xyzcheats.com/public_html/index.php(37): CodeIgniter\CodeIgniter->run()
#7 {main}
CRITICAL - 2026-01-23 10:20:00 --> file_get_contents(/home/u668489569/domains/xyzcheats.com/public_html/hwang/liblamdo.so): failed to open stream: No such file or directory
#0 [internal function]: CodeIgniter\Debug\Exceptions->errorHandler(2, 'file_get_conten...', '/home/u66848956...', 203, Array)
#1 /home/u668489569/domains/xyzcheats.com/public_html/app/Controllers/Connect.php(203): file_get_contents('/home/u66848956...')
#2 /home/u668489569/domains/xyzcheats.com/public_html/app/Controllers/Connect.php(61): App\Controllers\Connect->index_post()
#3 /home/u668489569/domains/xyzcheats.com/public_html/vendor/codeigniter4/framework/system/CodeIgniter.php(824): App\Controllers\Connect->index()
#4 /home/u668489569/domains/xyzcheats.com/public_html/vendor/codeigniter4/framework/system/CodeIgniter.php(410): CodeIgniter\CodeIgniter->runController(Object(App\Controllers\Connect))
#5 /home/u668489569/domains/xyzcheats.com/public_html/vendor/codeigniter4/framework/system/CodeIgniter.php(318): CodeIgniter\CodeIgniter->handleRequest(NULL, Object(Config\Cache), false)
#6 /home/u668489569/domains/xyzcheats.com/public_html/index.php(37): CodeIgniter\CodeIgniter->run()
#7 {main}
CRITICAL - 2026-01-23 10:20:03 --> file_get_contents(/home/u668489569/domains/xyzcheats.com/public_html/hwang/liblamdo.so): failed to open stream: No such file or directory
#0 [internal function]: CodeIgniter\Debug\Exceptions->errorHandler(2, 'file_get_conten...', '/home/u66848956...', 203, Array)
#1 /home/u668489569/domains/xyzcheats.com/public_html/app/Controllers/Connect.php(203): file_get_contents('/home/u66848956...')
#2 /home/u668489569/domains/xyzcheats.com/public_html/app/Controllers/Connect.php(61): App\Controllers\Connect->index_post()
#3 /home/u668489569/domains/xyzcheats.com/public_html/vendor/codeigniter4/framework/system/CodeIgniter.php(824): App\Controllers\Connect->index()
#4 /home/u668489569/domains/xyzcheats.com/public_html/vendor/codeigniter4/framework/system/CodeIgniter.php(410): CodeIgniter\CodeIgniter->runController(Object(App\Controllers\Connect))
#5 /home/u668489569/domains/xyzcheats.com/public_html/vendor/codeigniter4/framework/system/CodeIgniter.php(318): CodeIgniter\CodeIgniter->handleRequest(NULL, Object(Config\Cache), false)
#6 /home/u668489569/domains/xyzcheats.com/public_html/index.php(37): CodeIgniter\CodeIgniter->run()
#7 {main}
CRITICAL - 2026-01-23 10:20:04 --> file_get_contents(/home/u668489569/domains/xyzcheats.com/public_html/hwang/liblamdo.so): failed to open stream: No such file or directory
#0 [internal function]: CodeIgniter\Debug\Exceptions->errorHandler(2, 'file_get_conten...', '/home/u66848956...', 203, Array)
#1 /home/u668489569/domains/xyzcheats.com/public_html/app/Controllers/Connect.php(203): file_get_contents('/home/u66848956...')
#2 /home/u668489569/domains/xyzcheats.com/public_html/app/Controllers/Connect.php(61): App\Controllers\Connect->index_post()
#3 /home/u668489569/domains/xyzcheats.com/public_html/vendor/codeigniter4/framework/system/CodeIgniter.php(824): App\Controllers\Connect->index()
#4 /home/u668489569/domains/xyzcheats.com/public_html/vendor/codeigniter4/framework/system/CodeIgniter.php(410): CodeIgniter\CodeIgniter->runController(Object(App\Controllers\Connect))
#5 /home/u668489569/domains/xyzcheats.com/public_html/vendor/codeigniter4/framework/system/CodeIgniter.php(318): CodeIgniter\CodeIgniter->handleRequest(NULL, Object(Config\Cache), false)
#6 /home/u668489569/domains/xyzcheats.com/public_html/index.php(37): CodeIgniter\CodeIgniter->run()
#7 {main}
CRITICAL - 2026-01-23 10:20:11 --> file_get_contents(/home/u668489569/domains/xyzcheats.com/public_html/hwang/liblamdo.so): failed to open stream: No such file or directory
#0 [internal function]: CodeIgniter\Debug\Exceptions->errorHandler(2, 'file_get_conten...', '/home/u66848956...', 203, Array)
#1 /home/u668489569/domains/xyzcheats.com/public_html/app/Controllers/Connect.php(203): file_get_contents('/home/u66848956...')
#2 /home/u668489569/domains/xyzcheats.com/public_html/app/Controllers/Connect.php(61): App\Controllers\Connect->index_post()
#3 /home/u668489569/domains/xyzcheats.com/public_html/vendor/codeigniter4/framework/system/CodeIgniter.php(824): App\Controllers\Connect->index()
#4 /home/u668489569/domains/xyzcheats.com/public_html/vendor/codeigniter4/framework/system/CodeIgniter.php(410): CodeIgniter\CodeIgniter->runController(Object(App\Controllers\Connect))
#5 /home/u668489569/domains/xyzcheats.com/public_html/vendor/codeigniter4/framework/system/CodeIgniter.php(318): CodeIgniter\CodeIgniter->handleRequest(NULL, Object(Config\Cache), false)
#6 /home/u668489569/domains/xyzcheats.com/public_html/index.php(37): CodeIgniter\CodeIgniter->run()
#7 {main}
CRITICAL - 2026-01-23 10:20:26 --> file_get_contents(/home/u668489569/domains/xyzcheats.com/public_html/hwang/liblamdo.so): failed to open stream: No such file or directory
#0 [internal function]: CodeIgniter\Debug\Exceptions->errorHandler(2, 'file_get_conten...', '/home/u66848956...', 203, Array)
#1 /home/u668489569/domains/xyzcheats.com/public_html/app/Controllers/Connect.php(203): file_get_contents('/home/u66848956...')
#2 /home/u668489569/domains/xyzcheats.com/public_html/app/Controllers/Connect.php(61): App\Controllers\Connect->index_post()
#3 /home/u668489569/domains/xyzcheats.com/public_html/vendor/codeigniter4/framework/system/CodeIgniter.php(824): App\Controllers\Connect->index()
#4 /home/u668489569/domains/xyzcheats.com/public_html/vendor/codeigniter4/framework/system/CodeIgniter.php(410): CodeIgniter\CodeIgniter->runController(Object(App\Controllers\Connect))
#5 /home/u668489569/domains/xyzcheats.com/public_html/vendor/codeigniter4/framework/system/CodeIgniter.php(318): CodeIgniter\CodeIgniter->handleRequest(NULL, Object(Config\Cache), false)
#6 /home/u668489569/domains/xyzcheats.com/public_html/index.php(37): CodeIgniter\CodeIgniter->run()
#7 {main}
CRITICAL - 2026-01-23 10:20:28 --> file_get_contents(/home/u668489569/domains/xyzcheats.com/public_html/hwang/liblamdo.so): failed to open stream: No such file or directory
#0 [internal function]: CodeIgniter\Debug\Exceptions->errorHandler(2, 'file_get_conten...', '/home/u66848956...', 203, Array)
#1 /home/u668489569/domains/xyzcheats.com/public_html/app/Controllers/Connect.php(203): file_get_contents('/home/u66848956...')
#2 /home/u668489569/domains/xyzcheats.com/public_html/app/Controllers/Connect.php(61): App\Controllers\Connect->index_post()
#3 /home/u668489569/domains/xyzcheats.com/public_html/vendor/codeigniter4/framework/system/CodeIgniter.php(824): App\Controllers\Connect->index()
#4 /home/u668489569/domains/xyzcheats.com/public_html/vendor/codeigniter4/framework/system/CodeIgniter.php(410): CodeIgniter\CodeIgniter->runController(Object(App\Controllers\Connect))
#5 /home/u668489569/domains/xyzcheats.com/public_html/vendor/codeigniter4/framework/system/CodeIgniter.php(318): CodeIgniter\CodeIgniter->handleRequest(NULL, Object(Config\Cache), false)
#6 /home/u668489569/domains/xyzcheats.com/public_html/index.php(37): CodeIgniter\CodeIgniter->run()
#7 {main}
CRITICAL - 2026-01-23 10:20:29 --> file_get_contents(/home/u668489569/domains/xyzcheats.com/public_html/hwang/liblamdo.so): failed to open stream: No such file or directory
#0 [internal function]: CodeIgniter\Debug\Exceptions->errorHandler(2, 'file_get_conten...', '/home/u66848956...', 203, Array)
#1 /home/u668489569/domains/xyzcheats.com/public_html/app/Controllers/Connect.php(203): file_get_contents('/home/u66848956...')
#2 /home/u668489569/domains/xyzcheats.com/public_html/app/Controllers/Connect.php(61): App\Controllers\Connect->index_post()
#3 /home/u668489569/domains/xyzcheats.com/public_html/vendor/codeigniter4/framework/system/CodeIgniter.php(824): App\Controllers\Connect->index()
#4 /home/u668489569/domains/xyzcheats.com/public_html/vendor/codeigniter4/framework/system/CodeIgniter.php(410): CodeIgniter\CodeIgniter->runController(Object(App\Controllers\Connect))
#5 /home/u668489569/domains/xyzcheats.com/public_html/vendor/codeigniter4/framework/system/CodeIgniter.php(318): CodeIgniter\CodeIgniter->handleRequest(NULL, Object(Config\Cache), false)
#6 /home/u668489569/domains/xyzcheats.com/public_html/index.php(37): CodeIgniter\CodeIgniter->run()
#7 {main}
CRITICAL - 2026-01-23 10:20:30 --> file_get_contents(/home/u668489569/domains/xyzcheats.com/public_html/hwang/liblamdo.so): failed to open stream: No such file or directory
#0 [internal function]: CodeIgniter\Debug\Exceptions->errorHandler(2, 'file_get_conten...', '/home/u66848956...', 203, Array)
#1 /home/u668489569/domains/xyzcheats.com/public_html/app/Controllers/Connect.php(203): file_get_contents('/home/u66848956...')
#2 /home/u668489569/domains/xyzcheats.com/public_html/app/Controllers/Connect.php(61): App\Controllers\Connect->index_post()
#3 /home/u668489569/domains/xyzcheats.com/public_html/vendor/codeigniter4/framework/system/CodeIgniter.php(824): App\Controllers\Connect->index()
#4 /home/u668489569/domains/xyzcheats.com/public_html/vendor/codeigniter4/framework/system/CodeIgniter.php(410): CodeIgniter\CodeIgniter->runController(Object(App\Controllers\Connect))
#5 /home/u668489569/domains/xyzcheats.com/public_html/vendor/codeigniter4/framework/system/CodeIgniter.php(318): CodeIgniter\CodeIgniter->handleRequest(NULL, Object(Config\Cache), false)
#6 /home/u668489569/domains/xyzcheats.com/public_html/index.php(37): CodeIgniter\CodeIgniter->run()
#7 {main}
CRITICAL - 2026-01-23 10:20:31 --> file_get_contents(/home/u668489569/domains/xyzcheats.com/public_html/hwang/liblamdo.so): failed to open stream: No such file or directory
#0 [internal function]: CodeIgniter\Debug\Exceptions->errorHandler(2, 'file_get_conten...', '/home/u66848956...', 203, Array)
#1 /home/u668489569/domains/xyzcheats.com/public_html/app/Controllers/Connect.php(203): file_get_contents('/home/u66848956...')
#2 /home/u668489569/domains/xyzcheats.com/public_html/app/Controllers/Connect.php(61): App\Controllers\Connect->index_post()
#3 /home/u668489569/domains/xyzcheats.com/public_html/vendor/codeigniter4/framework/system/CodeIgniter.php(824): App\Controllers\Connect->index()
#4 /home/u668489569/domains/xyzcheats.com/public_html/vendor/codeigniter4/framework/system/CodeIgniter.php(410): CodeIgniter\CodeIgniter->runController(Object(App\Controllers\Connect))
#5 /home/u668489569/domains/xyzcheats.com/public_html/vendor/codeigniter4/framework/system/CodeIgniter.php(318): CodeIgniter\CodeIgniter->handleRequest(NULL, Object(Config\Cache), false)
#6 /home/u668489569/domains/xyzcheats.com/public_html/index.php(37): CodeIgniter\CodeIgniter->run()
#7 {main}
CRITICAL - 2026-01-23 10:20:32 --> file_get_contents(/home/u668489569/domains/xyzcheats.com/public_html/hwang/liblamdo.so): failed to open stream: No such file or directory
#0 [internal function]: CodeIgniter\Debug\Exceptions->errorHandler(2, 'file_get_conten...', '/home/u66848956...', 203, Array)
#1 /home/u668489569/domains/xyzcheats.com/public_html/app/Controllers/Connect.php(203): file_get_contents('/home/u66848956...')
#2 /home/u668489569/domains/xyzcheats.com/public_html/app/Controllers/Connect.php(61): App\Controllers\Connect->index_post()
#3 /home/u668489569/domains/xyzcheats.com/public_html/vendor/codeigniter4/framework/system/CodeIgniter.php(824): App\Controllers\Connect->index()
#4 /home/u668489569/domains/xyzcheats.com/public_html/vendor/codeigniter4/framework/system/CodeIgniter.php(410): CodeIgniter\CodeIgniter->runController(Object(App\Controllers\Connect))
#5 /home/u668489569/domains/xyzcheats.com/public_html/vendor/codeigniter4/framework/system/CodeIgniter.php(318): CodeIgniter\CodeIgniter->handleRequest(NULL, Object(Config\Cache), false)
#6 /home/u668489569/domains/xyzcheats.com/public_html/index.php(37): CodeIgniter\CodeIgniter->run()
#7 {main}
CRITICAL - 2026-01-23 10:21:50 --> file_get_contents(/home/u668489569/domains/xyzcheats.com/public_html/hwang/liblamdo.so): failed to open stream: No such file or directory
#0 [internal function]: CodeIgniter\Debug\Exceptions->errorHandler(2, 'file_get_conten...', '/home/u66848956...', 203, Array)
#1 /home/u668489569/domains/xyzcheats.com/public_html/app/Controllers/Connect.php(203): file_get_contents('/home/u66848956...')
#2 /home/u668489569/domains/xyzcheats.com/public_html/app/Controllers/Connect.php(61): App\Controllers\Connect->index_post()
#3 /home/u668489569/domains/xyzcheats.com/public_html/vendor/codeigniter4/framework/system/CodeIgniter.php(824): App\Controllers\Connect->index()
#4 /home/u668489569/domains/xyzcheats.com/public_html/vendor/codeigniter4/framework/system/CodeIgniter.php(410): CodeIgniter\CodeIgniter->runController(Object(App\Controllers\Connect))
#5 /home/u668489569/domains/xyzcheats.com/public_html/vendor/codeigniter4/framework/system/CodeIgniter.php(318): CodeIgniter\CodeIgniter->handleRequest(NULL, Object(Config\Cache), false)
#6 /home/u668489569/domains/xyzcheats.com/public_html/index.php(37): CodeIgniter\CodeIgniter->run()
#7 {main}
CRITICAL - 2026-01-23 10:21:51 --> file_get_contents(/home/u668489569/domains/xyzcheats.com/public_html/hwang/liblamdo.so): failed to open stream: No such file or directory
#0 [internal function]: CodeIgniter\Debug\Exceptions->errorHandler(2, 'file_get_conten...', '/home/u66848956...', 203, Array)
#1 /home/u668489569/domains/xyzcheats.com/public_html/app/Controllers/Connect.php(203): file_get_contents('/home/u66848956...')
#2 /home/u668489569/domains/xyzcheats.com/public_html/app/Controllers/Connect.php(61): App\Controllers\Connect->index_post()
#3 /home/u668489569/domains/xyzcheats.com/public_html/vendor/codeigniter4/framework/system/CodeIgniter.php(824): App\Controllers\Connect->index()
#4 /home/u668489569/domains/xyzcheats.com/public_html/vendor/codeigniter4/framework/system/CodeIgniter.php(410): CodeIgniter\CodeIgniter->runController(Object(App\Controllers\Connect))
#5 /home/u668489569/domains/xyzcheats.com/public_html/vendor/codeigniter4/framework/system/CodeIgniter.php(318): CodeIgniter\CodeIgniter->handleRequest(NULL, Object(Config\Cache), false)
#6 /home/u668489569/domains/xyzcheats.com/public_html/index.php(37): CodeIgniter\CodeIgniter->run()
#7 {main}
CRITICAL - 2026-01-23 10:30:04 --> file_get_contents(/home/u668489569/domains/xyzcheats.com/public_html/hwang/liblamdo.so): failed to open stream: No such file or directory
#0 [internal function]: CodeIgniter\Debug\Exceptions->errorHandler(2, 'file_get_conten...', '/home/u66848956...', 203, Array)
#1 /home/u668489569/domains/xyzcheats.com/public_html/app/Controllers/Connect.php(203): file_get_contents('/home/u66848956...')
#2 /home/u668489569/domains/xyzcheats.com/public_html/app/Controllers/Connect.php(61): App\Controllers\Connect->index_post()
#3 /home/u668489569/domains/xyzcheats.com/public_html/vendor/codeigniter4/framework/system/CodeIgniter.php(824): App\Controllers\Connect->index()
#4 /home/u668489569/domains/xyzcheats.com/public_html/vendor/codeigniter4/framework/system/CodeIgniter.php(410): CodeIgniter\CodeIgniter->runController(Object(App\Controllers\Connect))
#5 /home/u668489569/domains/xyzcheats.com/public_html/vendor/codeigniter4/framework/system/CodeIgniter.php(318): CodeIgniter\CodeIgniter->handleRequest(NULL, Object(Config\Cache), false)
#6 /home/u668489569/domains/xyzcheats.com/public_html/index.php(37): CodeIgniter\CodeIgniter->run()
#7 {main}
CRITICAL - 2026-01-23 10:30:11 --> file_get_contents(/home/u668489569/domains/xyzcheats.com/public_html/hwang/liblamdo.so): failed to open stream: No such file or directory
#0 [internal function]: CodeIgniter\Debug\Exceptions->errorHandler(2, 'file_get_conten...', '/home/u66848956...', 203, Array)
#1 /home/u668489569/domains/xyzcheats.com/public_html/app/Controllers/Connect.php(203): file_get_contents('/home/u66848956...')
#2 /home/u668489569/domains/xyzcheats.com/public_html/app/Controllers/Connect.php(61): App\Controllers\Connect->index_post()
#3 /home/u668489569/domains/xyzcheats.com/public_html/vendor/codeigniter4/framework/system/CodeIgniter.php(824): App\Controllers\Connect->index()
#4 /home/u668489569/domains/xyzcheats.com/public_html/vendor/codeigniter4/framework/system/CodeIgniter.php(410): CodeIgniter\CodeIgniter->runController(Object(App\Controllers\Connect))
#5 /home/u668489569/domains/xyzcheats.com/public_html/vendor/codeigniter4/framework/system/CodeIgniter.php(318): CodeIgniter\CodeIgniter->handleRequest(NULL, Object(Config\Cache), false)
#6 /home/u668489569/domains/xyzcheats.com/public_html/index.php(37): CodeIgniter\CodeIgniter->run()
#7 {main}
CRITICAL - 2026-01-23 10:30:16 --> file_get_contents(/home/u668489569/domains/xyzcheats.com/public_html/hwang/liblamdo.so): failed to open stream: No such file or directory
#0 [internal function]: CodeIgniter\Debug\Exceptions->errorHandler(2, 'file_get_conten...', '/home/u66848956...', 203, Array)
#1 /home/u668489569/domains/xyzcheats.com/public_html/app/Controllers/Connect.php(203): file_get_contents('/home/u66848956...')
#2 /home/u668489569/domains/xyzcheats.com/public_html/app/Controllers/Connect.php(61): App\Controllers\Connect->index_post()
#3 /home/u668489569/domains/xyzcheats.com/public_html/vendor/codeigniter4/framework/system/CodeIgniter.php(824): App\Controllers\Connect->index()
#4 /home/u668489569/domains/xyzcheats.com/public_html/vendor/codeigniter4/framework/system/CodeIgniter.php(410): CodeIgniter\CodeIgniter->runController(Object(App\Controllers\Connect))
#5 /home/u668489569/domains/xyzcheats.com/public_html/vendor/codeigniter4/framework/system/CodeIgniter.php(318): CodeIgniter\CodeIgniter->handleRequest(NULL, Object(Config\Cache), false)
#6 /home/u668489569/domains/xyzcheats.com/public_html/index.php(37): CodeIgniter\CodeIgniter->run()
#7 {main}
CRITICAL - 2026-01-23 10:31:30 --> file_get_contents(/home/u668489569/domains/xyzcheats.com/public_html/hwang/liblamdo.so): failed to open stream: No such file or directory
#0 [internal function]: CodeIgniter\Debug\Exceptions->errorHandler(2, 'file_get_conten...', '/home/u66848956...', 203, Array)
#1 /home/u668489569/domains/xyzcheats.com/public_html/app/Controllers/Connect.php(203): file_get_contents('/home/u66848956...')
#2 /home/u668489569/domains/xyzcheats.com/public_html/app/Controllers/Connect.php(61): App\Controllers\Connect->index_post()
#3 /home/u668489569/domains/xyzcheats.com/public_html/vendor/codeigniter4/framework/system/CodeIgniter.php(824): App\Controllers\Connect->index()
#4 /home/u668489569/domains/xyzcheats.com/public_html/vendor/codeigniter4/framework/system/CodeIgniter.php(410): CodeIgniter\CodeIgniter->runController(Object(App\Controllers\Connect))
#5 /home/u668489569/domains/xyzcheats.com/public_html/vendor/codeigniter4/framework/system/CodeIgniter.php(318): CodeIgniter\CodeIgniter->handleRequest(NULL, Object(Config\Cache), false)
#6 /home/u668489569/domains/xyzcheats.com/public_html/index.php(37): CodeIgniter\CodeIgniter->run()
#7 {main}
CRITICAL - 2026-01-23 10:31:35 --> file_get_contents(/home/u668489569/domains/xyzcheats.com/public_html/hwang/liblamdo.so): failed to open stream: No such file or directory
#0 [internal function]: CodeIgniter\Debug\Exceptions->errorHandler(2, 'file_get_conten...', '/home/u66848956...', 203, Array)
#1 /home/u668489569/domains/xyzcheats.com/public_html/app/Controllers/Connect.php(203): file_get_contents('/home/u66848956...')
#2 /home/u668489569/domains/xyzcheats.com/public_html/app/Controllers/Connect.php(61): App\Controllers\Connect->index_post()
#3 /home/u668489569/domains/xyzcheats.com/public_html/vendor/codeigniter4/framework/system/CodeIgniter.php(824): App\Controllers\Connect->index()
#4 /home/u668489569/domains/xyzcheats.com/public_html/vendor/codeigniter4/framework/system/CodeIgniter.php(410): CodeIgniter\CodeIgniter->runController(Object(App\Controllers\Connect))
#5 /home/u668489569/domains/xyzcheats.com/public_html/vendor/codeigniter4/framework/system/CodeIgniter.php(318): CodeIgniter\CodeIgniter->handleRequest(NULL, Object(Config\Cache), false)
#6 /home/u668489569/domains/xyzcheats.com/public_html/index.php(37): CodeIgniter\CodeIgniter->run()
#7 {main}
CRITICAL - 2026-01-23 10:31:56 --> file_get_contents(/home/u668489569/domains/xyzcheats.com/public_html/hwang/liblamdo.so): failed to open stream: No such file or directory
#0 [internal function]: CodeIgniter\Debug\Exceptions->errorHandler(2, 'file_get_conten...', '/home/u66848956...', 203, Array)
#1 /home/u668489569/domains/xyzcheats.com/public_html/app/Controllers/Connect.php(203): file_get_contents('/home/u66848956...')
#2 /home/u668489569/domains/xyzcheats.com/public_html/app/Controllers/Connect.php(61): App\Controllers\Connect->index_post()
#3 /home/u668489569/domains/xyzcheats.com/public_html/vendor/codeigniter4/framework/system/CodeIgniter.php(824): App\Controllers\Connect->index()
#4 /home/u668489569/domains/xyzcheats.com/public_html/vendor/codeigniter4/framework/system/CodeIgniter.php(410): CodeIgniter\CodeIgniter->runController(Object(App\Controllers\Connect))
#5 /home/u668489569/domains/xyzcheats.com/public_html/vendor/codeigniter4/framework/system/CodeIgniter.php(318): CodeIgniter\CodeIgniter->handleRequest(NULL, Object(Config\Cache), false)
#6 /home/u668489569/domains/xyzcheats.com/public_html/index.php(37): CodeIgniter\CodeIgniter->run()
#7 {main}
CRITICAL - 2026-01-23 10:32:00 --> file_get_contents(/home/u668489569/domains/xyzcheats.com/public_html/hwang/liblamdo.so): failed to open stream: No such file or directory
#0 [internal function]: CodeIgniter\Debug\Exceptions->errorHandler(2, 'file_get_conten...', '/home/u66848956...', 203, Array)
#1 /home/u668489569/domains/xyzcheats.com/public_html/app/Controllers/Connect.php(203): file_get_contents('/home/u66848956...')
#2 /home/u668489569/domains/xyzcheats.com/public_html/app/Controllers/Connect.php(61): App\Controllers\Connect->index_post()
#3 /home/u668489569/domains/xyzcheats.com/public_html/vendor/codeigniter4/framework/system/CodeIgniter.php(824): App\Controllers\Connect->index()
#4 /home/u668489569/domains/xyzcheats.com/public_html/vendor/codeigniter4/framework/system/CodeIgniter.php(410): CodeIgniter\CodeIgniter->runController(Object(App\Controllers\Connect))
#5 /home/u668489569/domains/xyzcheats.com/public_html/vendor/codeigniter4/framework/system/CodeIgniter.php(318): CodeIgniter\CodeIgniter->handleRequest(NULL, Object(Config\Cache), false)
#6 /home/u668489569/domains/xyzcheats.com/public_html/index.php(37): CodeIgniter\CodeIgniter->run()
#7 {main}
CRITICAL - 2026-01-23 10:32:02 --> file_get_contents(/home/u668489569/domains/xyzcheats.com/public_html/hwang/liblamdo.so): failed to open stream: No such file or directory
#0 [internal function]: CodeIgniter\Debug\Exceptions->errorHandler(2, 'file_get_conten...', '/home/u66848956...', 203, Array)
#1 /home/u668489569/domains/xyzcheats.com/public_html/app/Controllers/Connect.php(203): file_get_contents('/home/u66848956...')
#2 /home/u668489569/domains/xyzcheats.com/public_html/app/Controllers/Connect.php(61): App\Controllers\Connect->index_post()
#3 /home/u668489569/domains/xyzcheats.com/public_html/vendor/codeigniter4/framework/system/CodeIgniter.php(824): App\Controllers\Connect->index()
#4 /home/u668489569/domains/xyzcheats.com/public_html/vendor/codeigniter4/framework/system/CodeIgniter.php(410): CodeIgniter\CodeIgniter->runController(Object(App\Controllers\Connect))
#5 /home/u668489569/domains/xyzcheats.com/public_html/vendor/codeigniter4/framework/system/CodeIgniter.php(318): CodeIgniter\CodeIgniter->handleRequest(NULL, Object(Config\Cache), false)
#6 /home/u668489569/domains/xyzcheats.com/public_html/index.php(37): CodeIgniter\CodeIgniter->run()
#7 {main}
CRITICAL - 2026-01-23 10:32:03 --> file_get_contents(/home/u668489569/domains/xyzcheats.com/public_html/hwang/liblamdo.so): failed to open stream: No such file or directory
#0 [internal function]: CodeIgniter\Debug\Exceptions->errorHandler(2, 'file_get_conten...', '/home/u66848956...', 203, Array)
#1 /home/u668489569/domains/xyzcheats.com/public_html/app/Controllers/Connect.php(203): file_get_contents('/home/u66848956...')
#2 /home/u668489569/domains/xyzcheats.com/public_html/app/Controllers/Connect.php(61): App\Controllers\Connect->index_post()
#3 /home/u668489569/domains/xyzcheats.com/public_html/vendor/codeigniter4/framework/system/CodeIgniter.php(824): App\Controllers\Connect->index()
#4 /home/u668489569/domains/xyzcheats.com/public_html/vendor/codeigniter4/framework/system/CodeIgniter.php(410): CodeIgniter\CodeIgniter->runController(Object(App\Controllers\Connect))
#5 /home/u668489569/domains/xyzcheats.com/public_html/vendor/codeigniter4/framework/system/CodeIgniter.php(318): CodeIgniter\CodeIgniter->handleRequest(NULL, Object(Config\Cache), false)
#6 /home/u668489569/domains/xyzcheats.com/public_html/index.php(37): CodeIgniter\CodeIgniter->run()
#7 {main}
CRITICAL - 2026-01-23 10:32:03 --> file_get_contents(/home/u668489569/domains/xyzcheats.com/public_html/hwang/liblamdo.so): failed to open stream: No such file or directory
#0 [internal function]: CodeIgniter\Debug\Exceptions->errorHandler(2, 'file_get_conten...', '/home/u66848956...', 203, Array)
#1 /home/u668489569/domains/xyzcheats.com/public_html/app/Controllers/Connect.php(203): file_get_contents('/home/u66848956...')
#2 /home/u668489569/domains/xyzcheats.com/public_html/app/Controllers/Connect.php(61): App\Controllers\Connect->index_post()
#3 /home/u668489569/domains/xyzcheats.com/public_html/vendor/codeigniter4/framework/system/CodeIgniter.php(824): App\Controllers\Connect->index()
#4 /home/u668489569/domains/xyzcheats.com/public_html/vendor/codeigniter4/framework/system/CodeIgniter.php(410): CodeIgniter\CodeIgniter->runController(Object(App\Controllers\Connect))
#5 /home/u668489569/domains/xyzcheats.com/public_html/vendor/codeigniter4/framework/system/CodeIgniter.php(318): CodeIgniter\CodeIgniter->handleRequest(NULL, Object(Config\Cache), false)
#6 /home/u668489569/domains/xyzcheats.com/public_html/index.php(37): CodeIgniter\CodeIgniter->run()
#7 {main}
CRITICAL - 2026-01-23 10:32:04 --> file_get_contents(/home/u668489569/domains/xyzcheats.com/public_html/hwang/liblamdo.so): failed to open stream: No such file or directory
#0 [internal function]: CodeIgniter\Debug\Exceptions->errorHandler(2, 'file_get_conten...', '/home/u66848956...', 203, Array)
#1 /home/u668489569/domains/xyzcheats.com/public_html/app/Controllers/Connect.php(203): file_get_contents('/home/u66848956...')
#2 /home/u668489569/domains/xyzcheats.com/public_html/app/Controllers/Connect.php(61): App\Controllers\Connect->index_post()
#3 /home/u668489569/domains/xyzcheats.com/public_html/vendor/codeigniter4/framework/system/CodeIgniter.php(824): App\Controllers\Connect->index()
#4 /home/u668489569/domains/xyzcheats.com/public_html/vendor/codeigniter4/framework/system/CodeIgniter.php(410): CodeIgniter\CodeIgniter->runController(Object(App\Controllers\Connect))
#5 /home/u668489569/domains/xyzcheats.com/public_html/vendor/codeigniter4/framework/system/CodeIgniter.php(318): CodeIgniter\CodeIgniter->handleRequest(NULL, Object(Config\Cache), false)
#6 /home/u668489569/domains/xyzcheats.com/public_html/index.php(37): CodeIgniter\CodeIgniter->run()
#7 {main}
CRITICAL - 2026-01-23 10:32:10 --> file_get_contents(/home/u668489569/domains/xyzcheats.com/public_html/hwang/liblamdo.so): failed to open stream: No such file or directory
#0 [internal function]: CodeIgniter\Debug\Exceptions->errorHandler(2, 'file_get_conten...', '/home/u66848956...', 203, Array)
#1 /home/u668489569/domains/xyzcheats.com/public_html/app/Controllers/Connect.php(203): file_get_contents('/home/u66848956...')
#2 /home/u668489569/domains/xyzcheats.com/public_html/app/Controllers/Connect.php(61): App\Controllers\Connect->index_post()
#3 /home/u668489569/domains/xyzcheats.com/public_html/vendor/codeigniter4/framework/system/CodeIgniter.php(824): App\Controllers\Connect->index()
#4 /home/u668489569/domains/xyzcheats.com/public_html/vendor/codeigniter4/framework/system/CodeIgniter.php(410): CodeIgniter\CodeIgniter->runController(Object(App\Controllers\Connect))
#5 /home/u668489569/domains/xyzcheats.com/public_html/vendor/codeigniter4/framework/system/CodeIgniter.php(318): CodeIgniter\CodeIgniter->handleRequest(NULL, Object(Config\Cache), false)
#6 /home/u668489569/domains/xyzcheats.com/public_html/index.php(37): CodeIgniter\CodeIgniter->run()
#7 {main}
CRITICAL - 2026-01-23 10:36:22 --> file_get_contents(/home/u668489569/domains/xyzcheats.com/public_html/hwang/liblamdo.so): failed to open stream: No such file or directory
#0 [internal function]: CodeIgniter\Debug\Exceptions->errorHandler(2, 'file_get_conten...', '/home/u66848956...', 203, Array)
#1 /home/u668489569/domains/xyzcheats.com/public_html/app/Controllers/Connect.php(203): file_get_contents('/home/u66848956...')
#2 /home/u668489569/domains/xyzcheats.com/public_html/app/Controllers/Connect.php(61): App\Controllers\Connect->index_post()
#3 /home/u668489569/domains/xyzcheats.com/public_html/vendor/codeigniter4/framework/system/CodeIgniter.php(824): App\Controllers\Connect->index()
#4 /home/u668489569/domains/xyzcheats.com/public_html/vendor/codeigniter4/framework/system/CodeIgniter.php(410): CodeIgniter\CodeIgniter->runController(Object(App\Controllers\Connect))
#5 /home/u668489569/domains/xyzcheats.com/public_html/vendor/codeigniter4/framework/system/CodeIgniter.php(318): CodeIgniter\CodeIgniter->handleRequest(NULL, Object(Config\Cache), false)
#6 /home/u668489569/domains/xyzcheats.com/public_html/index.php(37): CodeIgniter\CodeIgniter->run()
#7 {main}
CRITICAL - 2026-01-23 10:36:27 --> file_get_contents(/home/u668489569/domains/xyzcheats.com/public_html/hwang/liblamdo.so): failed to open stream: No such file or directory
#0 [internal function]: CodeIgniter\Debug\Exceptions->errorHandler(2, 'file_get_conten...', '/home/u66848956...', 203, Array)
#1 /home/u668489569/domains/xyzcheats.com/public_html/app/Controllers/Connect.php(203): file_get_contents('/home/u66848956...')
#2 /home/u668489569/domains/xyzcheats.com/public_html/app/Controllers/Connect.php(61): App\Controllers\Connect->index_post()
#3 /home/u668489569/domains/xyzcheats.com/public_html/vendor/codeigniter4/framework/system/CodeIgniter.php(824): App\Controllers\Connect->index()
#4 /home/u668489569/domains/xyzcheats.com/public_html/vendor/codeigniter4/framework/system/CodeIgniter.php(410): CodeIgniter\CodeIgniter->runController(Object(App\Controllers\Connect))
#5 /home/u668489569/domains/xyzcheats.com/public_html/vendor/codeigniter4/framework/system/CodeIgniter.php(318): CodeIgniter\CodeIgniter->handleRequest(NULL, Object(Config\Cache), false)
#6 /home/u668489569/domains/xyzcheats.com/public_html/index.php(37): CodeIgniter\CodeIgniter->run()
#7 {main}
CRITICAL - 2026-01-23 10:42:40 --> file_get_contents(/home/u668489569/domains/xyzcheats.com/public_html/hwang/liblamdo.so): failed to open stream: No such file or directory
#0 [internal function]: CodeIgniter\Debug\Exceptions->errorHandler(2, 'file_get_conten...', '/home/u66848956...', 203, Array)
#1 /home/u668489569/domains/xyzcheats.com/public_html/app/Controllers/Connect.php(203): file_get_contents('/home/u66848956...')
#2 /home/u668489569/domains/xyzcheats.com/public_html/app/Controllers/Connect.php(61): App\Controllers\Connect->index_post()
#3 /home/u668489569/domains/xyzcheats.com/public_html/vendor/codeigniter4/framework/system/CodeIgniter.php(824): App\Controllers\Connect->index()
#4 /home/u668489569/domains/xyzcheats.com/public_html/vendor/codeigniter4/framework/system/CodeIgniter.php(410): CodeIgniter\CodeIgniter->runController(Object(App\Controllers\Connect))
#5 /home/u668489569/domains/xyzcheats.com/public_html/vendor/codeigniter4/framework/system/CodeIgniter.php(318): CodeIgniter\CodeIgniter->handleRequest(NULL, Object(Config\Cache), false)
#6 /home/u668489569/domains/xyzcheats.com/public_html/index.php(37): CodeIgniter\CodeIgniter->run()
#7 {main}
CRITICAL - 2026-01-23 10:42:50 --> file_get_contents(/home/u668489569/domains/xyzcheats.com/public_html/hwang/liblamdo.so): failed to open stream: No such file or directory
#0 [internal function]: CodeIgniter\Debug\Exceptions->errorHandler(2, 'file_get_conten...', '/home/u66848956...', 203, Array)
#1 /home/u668489569/domains/xyzcheats.com/public_html/app/Controllers/Connect.php(203): file_get_contents('/home/u66848956...')
#2 /home/u668489569/domains/xyzcheats.com/public_html/app/Controllers/Connect.php(61): App\Controllers\Connect->index_post()
#3 /home/u668489569/domains/xyzcheats.com/public_html/vendor/codeigniter4/framework/system/CodeIgniter.php(824): App\Controllers\Connect->index()
#4 /home/u668489569/domains/xyzcheats.com/public_html/vendor/codeigniter4/framework/system/CodeIgniter.php(410): CodeIgniter\CodeIgniter->runController(Object(App\Controllers\Connect))
#5 /home/u668489569/domains/xyzcheats.com/public_html/vendor/codeigniter4/framework/system/CodeIgniter.php(318): CodeIgniter\CodeIgniter->handleRequest(NULL, Object(Config\Cache), false)
#6 /home/u668489569/domains/xyzcheats.com/public_html/index.php(37): CodeIgniter\CodeIgniter->run()
#7 {main}
CRITICAL - 2026-01-23 10:43:11 --> file_get_contents(/home/u668489569/domains/xyzcheats.com/public_html/hwang/liblamdo.so): failed to open stream: No such file or directory
#0 [internal function]: CodeIgniter\Debug\Exceptions->errorHandler(2, 'file_get_conten...', '/home/u66848956...', 203, Array)
#1 /home/u668489569/domains/xyzcheats.com/public_html/app/Controllers/Connect.php(203): file_get_contents('/home/u66848956...')
#2 /home/u668489569/domains/xyzcheats.com/public_html/app/Controllers/Connect.php(61): App\Controllers\Connect->index_post()
#3 /home/u668489569/domains/xyzcheats.com/public_html/vendor/codeigniter4/framework/system/CodeIgniter.php(824): App\Controllers\Connect->index()
#4 /home/u668489569/domains/xyzcheats.com/public_html/vendor/codeigniter4/framework/system/CodeIgniter.php(410): CodeIgniter\CodeIgniter->runController(Object(App\Controllers\Connect))
#5 /home/u668489569/domains/xyzcheats.com/public_html/vendor/codeigniter4/framework/system/CodeIgniter.php(318): CodeIgniter\CodeIgniter->handleRequest(NULL, Object(Config\Cache), false)
#6 /home/u668489569/domains/xyzcheats.com/public_html/index.php(37): CodeIgniter\CodeIgniter->run()
#7 {main}
CRITICAL - 2026-01-23 10:43:22 --> file_get_contents(/home/u668489569/domains/xyzcheats.com/public_html/hwang/liblamdo.so): failed to open stream: No such file or directory
#0 [internal function]: CodeIgniter\Debug\Exceptions->errorHandler(2, 'file_get_conten...', '/home/u66848956...', 203, Array)
#1 /home/u668489569/domains/xyzcheats.com/public_html/app/Controllers/Connect.php(203): file_get_contents('/home/u66848956...')
#2 /home/u668489569/domains/xyzcheats.com/public_html/app/Controllers/Connect.php(61): App\Controllers\Connect->index_post()
#3 /home/u668489569/domains/xyzcheats.com/public_html/vendor/codeigniter4/framework/system/CodeIgniter.php(824): App\Controllers\Connect->index()
#4 /home/u668489569/domains/xyzcheats.com/public_html/vendor/codeigniter4/framework/system/CodeIgniter.php(410): CodeIgniter\CodeIgniter->runController(Object(App\Controllers\Connect))
#5 /home/u668489569/domains/xyzcheats.com/public_html/vendor/codeigniter4/framework/system/CodeIgniter.php(318): CodeIgniter\CodeIgniter->handleRequest(NULL, Object(Config\Cache), false)
#6 /home/u668489569/domains/xyzcheats.com/public_html/index.php(37): CodeIgniter\CodeIgniter->run()
#7 {main}
CRITICAL - 2026-01-23 10:43:26 --> file_get_contents(/home/u668489569/domains/xyzcheats.com/public_html/hwang/liblamdo.so): failed to open stream: No such file or directory
#0 [internal function]: CodeIgniter\Debug\Exceptions->errorHandler(2, 'file_get_conten...', '/home/u66848956...', 203, Array)
#1 /home/u668489569/domains/xyzcheats.com/public_html/app/Controllers/Connect.php(203): file_get_contents('/home/u66848956...')
#2 /home/u668489569/domains/xyzcheats.com/public_html/app/Controllers/Connect.php(61): App\Controllers\Connect->index_post()
#3 /home/u668489569/domains/xyzcheats.com/public_html/vendor/codeigniter4/framework/system/CodeIgniter.php(824): App\Controllers\Connect->index()
#4 /home/u668489569/domains/xyzcheats.com/public_html/vendor/codeigniter4/framework/system/CodeIgniter.php(410): CodeIgniter\CodeIgniter->runController(Object(App\Controllers\Connect))
#5 /home/u668489569/domains/xyzcheats.com/public_html/vendor/codeigniter4/framework/system/CodeIgniter.php(318): CodeIgniter\CodeIgniter->handleRequest(NULL, Object(Config\Cache), false)
#6 /home/u668489569/domains/xyzcheats.com/public_html/index.php(37): CodeIgniter\CodeIgniter->run()
#7 {main}
CRITICAL - 2026-01-23 10:43:52 --> Undefined offset: 3
#0 /home/u668489569/domains/xyzcheats.com/public_html/app/Views/User/dashboard.php(161): CodeIgniter\Debug\Exceptions->errorHandler(8, 'Undefined offse...', '/home/u66848956...', 161, Array)
#1 /home/u668489569/domains/xyzcheats.com/public_html/vendor/codeigniter4/framework/system/View/View.php(214): include('/home/u66848956...')
#2 /home/u668489569/domains/xyzcheats.com/public_html/vendor/codeigniter4/framework/system/View/View.php(217): CodeIgniter\View\View->CodeIgniter\View\{closure}()
#3 /home/u668489569/domains/xyzcheats.com/public_html/vendor/codeigniter4/framework/system/Common.php(1097): CodeIgniter\View\View->render('User/dashboard', Array, true)
#4 /home/u668489569/domains/xyzcheats.com/public_html/app/Controllers/User.php(51): view('User/dashboard', Array)
#5 /home/u668489569/domains/xyzcheats.com/public_html/vendor/codeigniter4/framework/system/CodeIgniter.php(824): App\Controllers\User->index()
#6 /home/u668489569/domains/xyzcheats.com/public_html/vendor/codeigniter4/framework/system/CodeIgniter.php(410): CodeIgniter\CodeIgniter->runController(Object(App\Controllers\User))
#7 /home/u668489569/domains/xyzcheats.com/public_html/vendor/codeigniter4/framework/system/CodeIgniter.php(318): CodeIgniter\CodeIgniter->handleRequest(NULL, Object(Config\Cache), false)
#8 /home/u668489569/domains/xyzcheats.com/public_html/index.php(37): CodeIgniter\CodeIgniter->run()
#9 {main}
CRITICAL - 2026-01-23 10:43:57 --> Undefined offset: 3
#0 /home/u668489569/domains/xyzcheats.com/public_html/app/Views/User/dashboard.php(161): CodeIgniter\Debug\Exceptions->errorHandler(8, 'Undefined offse...', '/home/u66848956...', 161, Array)
#1 /home/u668489569/domains/xyzcheats.com/public_html/vendor/codeigniter4/framework/system/View/View.php(214): include('/home/u66848956...')
#2 /home/u668489569/domains/xyzcheats.com/public_html/vendor/codeigniter4/framework/system/View/View.php(217): CodeIgniter\View\View->CodeIgniter\View\{closure}()
#3 /home/u668489569/domains/xyzcheats.com/public_html/vendor/codeigniter4/framework/system/Common.php(1097): CodeIgniter\View\View->render('User/dashboard', Array, true)
#4 /home/u668489569/domains/xyzcheats.com/public_html/app/Controllers/User.php(51): view('User/dashboard', Array)
#5 /home/u668489569/domains/xyzcheats.com/public_html/vendor/codeigniter4/framework/system/CodeIgniter.php(824): App\Controllers\User->index()
#6 /home/u668489569/domains/xyzcheats.com/public_html/vendor/codeigniter4/framework/system/CodeIgniter.php(410): CodeIgniter\CodeIgniter->runController(Object(App\Controllers\User))
#7 /home/u668489569/domains/xyzcheats.com/public_html/vendor/codeigniter4/framework/system/CodeIgniter.php(318): CodeIgniter\CodeIgniter->handleRequest(NULL, Object(Config\Cache), false)
#8 /home/u668489569/domains/xyzcheats.com/public_html/index.php(37): CodeIgniter\CodeIgniter->run()
#9 {main}
CRITICAL - 2026-01-23 10:44:36 --> Undefined offset: 3
#0 /home/u668489569/domains/xyzcheats.com/public_html/app/Views/User/dashboard.php(129): CodeIgniter\Debug\Exceptions->errorHandler(8, 'Undefined offse...', '/home/u66848956...', 129, Array)
#1 /home/u668489569/domains/xyzcheats.com/public_html/vendor/codeigniter4/framework/system/View/View.php(214): include('/home/u66848956...')
#2 /home/u668489569/domains/xyzcheats.com/public_html/vendor/codeigniter4/framework/system/View/View.php(217): CodeIgniter\View\View->CodeIgniter\View\{closure}()
#3 /home/u668489569/domains/xyzcheats.com/public_html/vendor/codeigniter4/framework/system/Common.php(1097): CodeIgniter\View\View->render('User/dashboard', Array, true)
#4 /home/u668489569/domains/xyzcheats.com/public_html/app/Controllers/User.php(51): view('User/dashboard', Array)
#5 /home/u668489569/domains/xyzcheats.com/public_html/vendor/codeigniter4/framework/system/CodeIgniter.php(824): App\Controllers\User->index()
#6 /home/u668489569/domains/xyzcheats.com/public_html/vendor/codeigniter4/framework/system/CodeIgniter.php(410): CodeIgniter\CodeIgniter->runController(Object(App\Controllers\User))
#7 /home/u668489569/domains/xyzcheats.com/public_html/vendor/codeigniter4/framework/system/CodeIgniter.php(318): CodeIgniter\CodeIgniter->handleRequest(NULL, Object(Config\Cache), false)
#8 /home/u668489569/domains/xyzcheats.com/public_html/index.php(37): CodeIgniter\CodeIgniter->run()
#9 {main}
CRITICAL - 2026-01-23 10:44:37 --> Undefined offset: 3
#0 /home/u668489569/domains/xyzcheats.com/public_html/app/Views/User/dashboard.php(129): CodeIgniter\Debug\Exceptions->errorHandler(8, 'Undefined offse...', '/home/u66848956...', 129, Array)
#1 /home/u668489569/domains/xyzcheats.com/public_html/vendor/codeigniter4/framework/system/View/View.php(214): include('/home/u66848956...')
#2 /home/u668489569/domains/xyzcheats.com/public_html/vendor/codeigniter4/framework/system/View/View.php(217): CodeIgniter\View\View->CodeIgniter\View\{closure}()
#3 /home/u668489569/domains/xyzcheats.com/public_html/vendor/codeigniter4/framework/system/Common.php(1097): CodeIgniter\View\View->render('User/dashboard', Array, true)
#4 /home/u668489569/domains/xyzcheats.com/public_html/app/Controllers/User.php(51): view('User/dashboard', Array)
#5 /home/u668489569/domains/xyzcheats.com/public_html/vendor/codeigniter4/framework/system/CodeIgniter.php(824): App\Controllers\User->index()
#6 /home/u668489569/domains/xyzcheats.com/public_html/vendor/codeigniter4/framework/system/CodeIgniter.php(410): CodeIgniter\CodeIgniter->runController(Object(App\Controllers\User))
#7 /home/u668489569/domains/xyzcheats.com/public_html/vendor/codeigniter4/framework/system/CodeIgniter.php(318): CodeIgniter\CodeIgniter->handleRequest(NULL, Object(Config\Cache), false)
#8 /home/u668489569/domains/xyzcheats.com/public_html/index.php(37): CodeIgniter\CodeIgniter->run()
#9 {main}
CRITICAL - 2026-01-23 10:44:41 --> Undefined offset: 3
#0 /home/u668489569/domains/xyzcheats.com/public_html/app/Views/User/dashboard.php(129): CodeIgniter\Debug\Exceptions->errorHandler(8, 'Undefined offse...', '/home/u66848956...', 129, Array)
#1 /home/u668489569/domains/xyzcheats.com/public_html/vendor/codeigniter4/framework/system/View/View.php(214): include('/home/u66848956...')
#2 /home/u668489569/domains/xyzcheats.com/public_html/vendor/codeigniter4/framework/system/View/View.php(217): CodeIgniter\View\View->CodeIgniter\View\{closure}()
#3 /home/u668489569/domains/xyzcheats.com/public_html/vendor/codeigniter4/framework/system/Common.php(1097): CodeIgniter\View\View->render('User/dashboard', Array, true)
#4 /home/u668489569/domains/xyzcheats.com/public_html/app/Controllers/User.php(51): view('User/dashboard', Array)
#5 /home/u668489569/domains/xyzcheats.com/public_html/vendor/codeigniter4/framework/system/CodeIgniter.php(824): App\Controllers\User->index()
#6 /home/u668489569/domains/xyzcheats.com/public_html/vendor/codeigniter4/framework/system/CodeIgniter.php(410): CodeIgniter\CodeIgniter->runController(Object(App\Controllers\User))
#7 /home/u668489569/domains/xyzcheats.com/public_html/vendor/codeigniter4/framework/system/CodeIgniter.php(318): CodeIgniter\CodeIgniter->handleRequest(NULL, Object(Config\Cache), false)
#8 /home/u668489569/domains/xyzcheats.com/public_html/index.php(37): CodeIgniter\CodeIgniter->run()
#9 {main}
CRITICAL - 2026-01-23 10:45:43 --> Undefined offset: 3
#0 /home/u668489569/domains/xyzcheats.com/public_html/app/Views/User/dashboard.php(129): CodeIgniter\Debug\Exceptions->errorHandler(8, 'Undefined offse...', '/home/u66848956...', 129, Array)
#1 /home/u668489569/domains/xyzcheats.com/public_html/vendor/codeigniter4/framework/system/View/View.php(214): include('/home/u66848956...')
#2 /home/u668489569/domains/xyzcheats.com/public_html/vendor/codeigniter4/framework/system/View/View.php(217): CodeIgniter\View\View->CodeIgniter\View\{closure}()
#3 /home/u668489569/domains/xyzcheats.com/public_html/vendor/codeigniter4/framework/system/Common.php(1097): CodeIgniter\View\View->render('User/dashboard', Array, true)
#4 /home/u668489569/domains/xyzcheats.com/public_html/app/Controllers/User.php(51): view('User/dashboard', Array)
#5 /home/u668489569/domains/xyzcheats.com/public_html/vendor/codeigniter4/framework/system/CodeIgniter.php(824): App\Controllers\User->index()
#6 /home/u668489569/domains/xyzcheats.com/public_html/vendor/codeigniter4/framework/system/CodeIgniter.php(410): CodeIgniter\CodeIgniter->runController(Object(App\Controllers\User))
#7 /home/u668489569/domains/xyzcheats.com/public_html/vendor/codeigniter4/framework/system/CodeIgniter.php(318): CodeIgniter\CodeIgniter->handleRequest(NULL, Object(Config\Cache), false)
#8 /home/u668489569/domains/xyzcheats.com/public_html/index.php(37): CodeIgniter\CodeIgniter->run()
#9 {main}
CRITICAL - 2026-01-23 10:45:44 --> Undefined offset: 3
#0 /home/u668489569/domains/xyzcheats.com/public_html/app/Views/User/dashboard.php(129): CodeIgniter\Debug\Exceptions->errorHandler(8, 'Undefined offse...', '/home/u66848956...', 129, Array)
#1 /home/u668489569/domains/xyzcheats.com/public_html/vendor/codeigniter4/framework/system/View/View.php(214): include('/home/u66848956...')
#2 /home/u668489569/domains/xyzcheats.com/public_html/vendor/codeigniter4/framework/system/View/View.php(217): CodeIgniter\View\View->CodeIgniter\View\{closure}()
#3 /home/u668489569/domains/xyzcheats.com/public_html/vendor/codeigniter4/framework/system/Common.php(1097): CodeIgniter\View\View->render('User/dashboard', Array, true)
#4 /home/u668489569/domains/xyzcheats.com/public_html/app/Controllers/User.php(51): view('User/dashboard', Array)
#5 /home/u668489569/domains/xyzcheats.com/public_html/vendor/codeigniter4/framework/system/CodeIgniter.php(824): App\Controllers\User->index()
#6 /home/u668489569/domains/xyzcheats.com/public_html/vendor/codeigniter4/framework/system/CodeIgniter.php(410): CodeIgniter\CodeIgniter->runController(Object(App\Controllers\User))
#7 /home/u668489569/domains/xyzcheats.com/public_html/vendor/codeigniter4/framework/system/CodeIgniter.php(318): CodeIgniter\CodeIgniter->handleRequest(NULL, Object(Config\Cache), false)
#8 /home/u668489569/domains/xyzcheats.com/public_html/index.php(37): CodeIgniter\CodeIgniter->run()
#9 {main}
CRITICAL - 2026-01-23 10:45:47 --> Undefined offset: 3
#0 /home/u668489569/domains/xyzcheats.com/public_html/app/Views/User/dashboard.php(129): CodeIgniter\Debug\Exceptions->errorHandler(8, 'Undefined offse...', '/home/u66848956...', 129, Array)
#1 /home/u668489569/domains/xyzcheats.com/public_html/vendor/codeigniter4/framework/system/View/View.php(214): include('/home/u66848956...')
#2 /home/u668489569/domains/xyzcheats.com/public_html/vendor/codeigniter4/framework/system/View/View.php(217): CodeIgniter\View\View->CodeIgniter\View\{closure}()
#3 /home/u668489569/domains/xyzcheats.com/public_html/vendor/codeigniter4/framework/system/Common.php(1097): CodeIgniter\View\View->render('User/dashboard', Array, true)
#4 /home/u668489569/domains/xyzcheats.com/public_html/app/Controllers/User.php(51): view('User/dashboard', Array)
#5 /home/u668489569/domains/xyzcheats.com/public_html/vendor/codeigniter4/framework/system/CodeIgniter.php(824): App\Controllers\User->index()
#6 /home/u668489569/domains/xyzcheats.com/public_html/vendor/codeigniter4/framework/system/CodeIgniter.php(410): CodeIgniter\CodeIgniter->runController(Object(App\Controllers\User))
#7 /home/u668489569/domains/xyzcheats.com/public_html/vendor/codeigniter4/framework/system/CodeIgniter.php(318): CodeIgniter\CodeIgniter->handleRequest(NULL, Object(Config\Cache), false)
#8 /home/u668489569/domains/xyzcheats.com/public_html/index.php(37): CodeIgniter\CodeIgniter->run()
#9 {main}
CRITICAL - 2026-01-23 10:45:48 --> Undefined offset: 3
#0 /home/u668489569/domains/xyzcheats.com/public_html/app/Views/User/dashboard.php(129): CodeIgniter\Debug\Exceptions->errorHandler(8, 'Undefined offse...', '/home/u66848956...', 129, Array)
#1 /home/u668489569/domains/xyzcheats.com/public_html/vendor/codeigniter4/framework/system/View/View.php(214): include('/home/u66848956...')
#2 /home/u668489569/domains/xyzcheats.com/public_html/vendor/codeigniter4/framework/system/View/View.php(217): CodeIgniter\View\View->CodeIgniter\View\{closure}()
#3 /home/u668489569/domains/xyzcheats.com/public_html/vendor/codeigniter4/framework/system/Common.php(1097): CodeIgniter\View\View->render('User/dashboard', Array, true)
#4 /home/u668489569/domains/xyzcheats.com/public_html/app/Controllers/User.php(51): view('User/dashboard', Array)
#5 /home/u668489569/domains/xyzcheats.com/public_html/vendor/codeigniter4/framework/system/CodeIgniter.php(824): App\Controllers\User->index()
#6 /home/u668489569/domains/xyzcheats.com/public_html/vendor/codeigniter4/framework/system/CodeIgniter.php(410): CodeIgniter\CodeIgniter->runController(Object(App\Controllers\User))
#7 /home/u668489569/domains/xyzcheats.com/public_html/vendor/codeigniter4/framework/system/CodeIgniter.php(318): CodeIgniter\CodeIgniter->handleRequest(NULL, Object(Config\Cache), false)
#8 /home/u668489569/domains/xyzcheats.com/public_html/index.php(37): CodeIgniter\CodeIgniter->run()
#9 {main}
CRITICAL - 2026-01-23 10:45:49 --> Undefined offset: 3
#0 /home/u668489569/domains/xyzcheats.com/public_html/app/Views/User/dashboard.php(129): CodeIgniter\Debug\Exceptions->errorHandler(8, 'Undefined offse...', '/home/u66848956...', 129, Array)
#1 /home/u668489569/domains/xyzcheats.com/public_html/vendor/codeigniter4/framework/system/View/View.php(214): include('/home/u66848956...')
#2 /home/u668489569/domains/xyzcheats.com/public_html/vendor/codeigniter4/framework/system/View/View.php(217): CodeIgniter\View\View->CodeIgniter\View\{closure}()
#3 /home/u668489569/domains/xyzcheats.com/public_html/vendor/codeigniter4/framework/system/Common.php(1097): CodeIgniter\View\View->render('User/dashboard', Array, true)
#4 /home/u668489569/domains/xyzcheats.com/public_html/app/Controllers/User.php(51): view('User/dashboard', Array)
#5 /home/u668489569/domains/xyzcheats.com/public_html/vendor/codeigniter4/framework/system/CodeIgniter.php(824): App\Controllers\User->index()
#6 /home/u668489569/domains/xyzcheats.com/public_html/vendor/codeigniter4/framework/system/CodeIgniter.php(410): CodeIgniter\CodeIgniter->runController(Object(App\Controllers\User))
#7 /home/u668489569/domains/xyzcheats.com/public_html/vendor/codeigniter4/framework/system/CodeIgniter.php(318): CodeIgniter\CodeIgniter->handleRequest(NULL, Object(Config\Cache), false)
#8 /home/u668489569/domains/xyzcheats.com/public_html/index.php(37): CodeIgniter\CodeIgniter->run()
#9 {main}
CRITICAL - 2026-01-23 10:45:50 --> Undefined offset: 3
#0 /home/u668489569/domains/xyzcheats.com/public_html/app/Views/User/dashboard.php(129): CodeIgniter\Debug\Exceptions->errorHandler(8, 'Undefined offse...', '/home/u66848956...', 129, Array)
#1 /home/u668489569/domains/xyzcheats.com/public_html/vendor/codeigniter4/framework/system/View/View.php(214): include('/home/u66848956...')
#2 /home/u668489569/domains/xyzcheats.com/public_html/vendor/codeigniter4/framework/system/View/View.php(217): CodeIgniter\View\View->CodeIgniter\View\{closure}()
#3 /home/u668489569/domains/xyzcheats.com/public_html/vendor/codeigniter4/framework/system/Common.php(1097): CodeIgniter\View\View->render('User/dashboard', Array, true)
#4 /home/u668489569/domains/xyzcheats.com/public_html/app/Controllers/User.php(51): view('User/dashboard', Array)
#5 /home/u668489569/domains/xyzcheats.com/public_html/vendor/codeigniter4/framework/system/CodeIgniter.php(824): App\Controllers\User->index()
#6 /home/u668489569/domains/xyzcheats.com/public_html/vendor/codeigniter4/framework/system/CodeIgniter.php(410): CodeIgniter\CodeIgniter->runController(Object(App\Controllers\User))
#7 /home/u668489569/domains/xyzcheats.com/public_html/vendor/codeigniter4/framework/system/CodeIgniter.php(318): CodeIgniter\CodeIgniter->handleRequest(NULL, Object(Config\Cache), false)
#8 /home/u668489569/domains/xyzcheats.com/public_html/index.php(37): CodeIgniter\CodeIgniter->run()
#9 {main}
CRITICAL - 2026-01-23 10:46:05 --> Undefined offset: 3
#0 /home/u668489569/domains/xyzcheats.com/public_html/app/Views/User/dashboard.php(129): CodeIgniter\Debug\Exceptions->errorHandler(8, 'Undefined offse...', '/home/u66848956...', 129, Array)
#1 /home/u668489569/domains/xyzcheats.com/public_html/vendor/codeigniter4/framework/system/View/View.php(214): include('/home/u66848956...')
#2 /home/u668489569/domains/xyzcheats.com/public_html/vendor/codeigniter4/framework/system/View/View.php(217): CodeIgniter\View\View->CodeIgniter\View\{closure}()
#3 /home/u668489569/domains/xyzcheats.com/public_html/vendor/codeigniter4/framework/system/Common.php(1097): CodeIgniter\View\View->render('User/dashboard', Array, true)
#4 /home/u668489569/domains/xyzcheats.com/public_html/app/Controllers/User.php(51): view('User/dashboard', Array)
#5 /home/u668489569/domains/xyzcheats.com/public_html/vendor/codeigniter4/framework/system/CodeIgniter.php(824): App\Controllers\User->index()
#6 /home/u668489569/domains/xyzcheats.com/public_html/vendor/codeigniter4/framework/system/CodeIgniter.php(410): CodeIgniter\CodeIgniter->runController(Object(App\Controllers\User))
#7 /home/u668489569/domains/xyzcheats.com/public_html/vendor/codeigniter4/framework/system/CodeIgniter.php(318): CodeIgniter\CodeIgniter->handleRequest(NULL, Object(Config\Cache), false)
#8 /home/u668489569/domains/xyzcheats.com/public_html/index.php(37): CodeIgniter\CodeIgniter->run()
#9 {main}
CRITICAL - 2026-01-23 11:02:30 --> A non-numeric value encountered
#0 /home/u668489569/domains/xyzcheats.com/public_html/app/Views/User/dashboard.php(26): CodeIgniter\Debug\Exceptions->errorHandler(2, 'A non-numeric v...', '/home/u66848956...', 26, Array)
#1 /home/u668489569/domains/xyzcheats.com/public_html/app/Views/User/dashboard.php(80): HoursToDays(' Qty: 1')
#2 /home/u668489569/domains/xyzcheats.com/public_html/vendor/codeigniter4/framework/system/View/View.php(214): include('/home/u66848956...')
#3 /home/u668489569/domains/xyzcheats.com/public_html/vendor/codeigniter4/framework/system/View/View.php(217): CodeIgniter\View\View->CodeIgniter\View\{closure}()
#4 /home/u668489569/domains/xyzcheats.com/public_html/vendor/codeigniter4/framework/system/Common.php(1097): CodeIgniter\View\View->render('User/dashboard', Array, true)
#5 /home/u668489569/domains/xyzcheats.com/public_html/app/Controllers/User.php(51): view('User/dashboard', Array)
#6 /home/u668489569/domains/xyzcheats.com/public_html/vendor/codeigniter4/framework/system/CodeIgniter.php(824): App\Controllers\User->index()
#7 /home/u668489569/domains/xyzcheats.com/public_html/vendor/codeigniter4/framework/system/CodeIgniter.php(410): CodeIgniter\CodeIgniter->runController(Object(App\Controllers\User))
#8 /home/u668489569/domains/xyzcheats.com/public_html/vendor/codeigniter4/framework/system/CodeIgniter.php(318): CodeIgniter\CodeIgniter->handleRequest(NULL, Object(Config\Cache), false)
#9 /home/u668489569/domains/xyzcheats.com/public_html/index.php(37): CodeIgniter\CodeIgniter->run()
#10 {main}
CRITICAL - 2026-01-23 11:08:18 --> file_get_contents(/home/u668489569/domains/xyzcheats.com/public_html/hwang/liblamdo.so): failed to open stream: No such file or directory
#0 [internal function]: CodeIgniter\Debug\Exceptions->errorHandler(2, 'file_get_conten...', '/home/u66848956...', 203, Array)
#1 /home/u668489569/domains/xyzcheats.com/public_html/app/Controllers/Connect.php(203): file_get_contents('/home/u66848956...')
#2 /home/u668489569/domains/xyzcheats.com/public_html/app/Controllers/Connect.php(61): App\Controllers\Connect->index_post()
#3 /home/u668489569/domains/xyzcheats.com/public_html/vendor/codeigniter4/framework/system/CodeIgniter.php(824): App\Controllers\Connect->index()
#4 /home/u668489569/domains/xyzcheats.com/public_html/vendor/codeigniter4/framework/system/CodeIgniter.php(410): CodeIgniter\CodeIgniter->runController(Object(App\Controllers\Connect))
#5 /home/u668489569/domains/xyzcheats.com/public_html/vendor/codeigniter4/framework/system/CodeIgniter.php(318): CodeIgniter\CodeIgniter->handleRequest(NULL, Object(Config\Cache), false)
#6 /home/u668489569/domains/xyzcheats.com/public_html/index.php(37): CodeIgniter\CodeIgniter->run()
#7 {main}
CRITICAL - 2026-01-23 11:08:24 --> file_get_contents(/home/u668489569/domains/xyzcheats.com/public_html/hwang/liblamdo.so): failed to open stream: No such file or directory
#0 [internal function]: CodeIgniter\Debug\Exceptions->errorHandler(2, 'file_get_conten...', '/home/u66848956...', 203, Array)
#1 /home/u668489569/domains/xyzcheats.com/public_html/app/Controllers/Connect.php(203): file_get_contents('/home/u66848956...')
#2 /home/u668489569/domains/xyzcheats.com/public_html/app/Controllers/Connect.php(61): App\Controllers\Connect->index_post()
#3 /home/u668489569/domains/xyzcheats.com/public_html/vendor/codeigniter4/framework/system/CodeIgniter.php(824): App\Controllers\Connect->index()
#4 /home/u668489569/domains/xyzcheats.com/public_html/vendor/codeigniter4/framework/system/CodeIgniter.php(410): CodeIgniter\CodeIgniter->runController(Object(App\Controllers\Connect))
#5 /home/u668489569/domains/xyzcheats.com/public_html/vendor/codeigniter4/framework/system/CodeIgniter.php(318): CodeIgniter\CodeIgniter->handleRequest(NULL, Object(Config\Cache), false)
#6 /home/u668489569/domains/xyzcheats.com/public_html/index.php(37): CodeIgniter\CodeIgniter->run()
#7 {main}
CRITICAL - 2026-01-23 11:08:29 --> file_get_contents(/home/u668489569/domains/xyzcheats.com/public_html/hwang/liblamdo.so): failed to open stream: No such file or directory
#0 [internal function]: CodeIgniter\Debug\Exceptions->errorHandler(2, 'file_get_conten...', '/home/u66848956...', 203, Array)
#1 /home/u668489569/domains/xyzcheats.com/public_html/app/Controllers/Connect.php(203): file_get_contents('/home/u66848956...')
#2 /home/u668489569/domains/xyzcheats.com/public_html/app/Controllers/Connect.php(61): App\Controllers\Connect->index_post()
#3 /home/u668489569/domains/xyzcheats.com/public_html/vendor/codeigniter4/framework/system/CodeIgniter.php(824): App\Controllers\Connect->index()
#4 /home/u668489569/domains/xyzcheats.com/public_html/vendor/codeigniter4/framework/system/CodeIgniter.php(410): CodeIgniter\CodeIgniter->runController(Object(App\Controllers\Connect))
#5 /home/u668489569/domains/xyzcheats.com/public_html/vendor/codeigniter4/framework/system/CodeIgniter.php(318): CodeIgniter\CodeIgniter->handleRequest(NULL, Object(Config\Cache), false)
#6 /home/u668489569/domains/xyzcheats.com/public_html/index.php(37): CodeIgniter\CodeIgniter->run()
#7 {main}
CRITICAL - 2026-01-23 11:09:01 --> file_get_contents(/home/u668489569/domains/xyzcheats.com/public_html/hwang/liblamdo.so): failed to open stream: No such file or directory
#0 [internal function]: CodeIgniter\Debug\Exceptions->errorHandler(2, 'file_get_conten...', '/home/u66848956...', 203, Array)
#1 /home/u668489569/domains/xyzcheats.com/public_html/app/Controllers/Connect.php(203): file_get_contents('/home/u66848956...')
#2 /home/u668489569/domains/xyzcheats.com/public_html/app/Controllers/Connect.php(61): App\Controllers\Connect->index_post()
#3 /home/u668489569/domains/xyzcheats.com/public_html/vendor/codeigniter4/framework/system/CodeIgniter.php(824): App\Controllers\Connect->index()
#4 /home/u668489569/domains/xyzcheats.com/public_html/vendor/codeigniter4/framework/system/CodeIgniter.php(410): CodeIgniter\CodeIgniter->runController(Object(App\Controllers\Connect))
#5 /home/u668489569/domains/xyzcheats.com/public_html/vendor/codeigniter4/framework/system/CodeIgniter.php(318): CodeIgniter\CodeIgniter->handleRequest(NULL, Object(Config\Cache), false)
#6 /home/u668489569/domains/xyzcheats.com/public_html/index.php(37): CodeIgniter\CodeIgniter->run()
#7 {main}
CRITICAL - 2026-01-23 11:09:07 --> file_get_contents(/home/u668489569/domains/xyzcheats.com/public_html/hwang/liblamdo.so): failed to open stream: No such file or directory
#0 [internal function]: CodeIgniter\Debug\Exceptions->errorHandler(2, 'file_get_conten...', '/home/u66848956...', 203, Array)
#1 /home/u668489569/domains/xyzcheats.com/public_html/app/Controllers/Connect.php(203): file_get_contents('/home/u66848956...')
#2 /home/u668489569/domains/xyzcheats.com/public_html/app/Controllers/Connect.php(61): App\Controllers\Connect->index_post()
#3 /home/u668489569/domains/xyzcheats.com/public_html/vendor/codeigniter4/framework/system/CodeIgniter.php(824): App\Controllers\Connect->index()
#4 /home/u668489569/domains/xyzcheats.com/public_html/vendor/codeigniter4/framework/system/CodeIgniter.php(410): CodeIgniter\CodeIgniter->runController(Object(App\Controllers\Connect))
#5 /home/u668489569/domains/xyzcheats.com/public_html/vendor/codeigniter4/framework/system/CodeIgniter.php(318): CodeIgniter\CodeIgniter->handleRequest(NULL, Object(Config\Cache), false)
#6 /home/u668489569/domains/xyzcheats.com/public_html/index.php(37): CodeIgniter\CodeIgniter->run()
#7 {main}
CRITICAL - 2026-01-23 12:00:32 --> The action you requested is not allowed.
#0 /home/u668489569/domains/xyzcheats.com/public_html/vendor/codeigniter4/framework/system/Security/Security.php(277): CodeIgniter\Security\Exceptions\SecurityException::forDisallowedAction()
#1 /home/u668489569/domains/xyzcheats.com/public_html/vendor/codeigniter4/framework/system/Filters/CSRF.php(53): CodeIgniter\Security\Security->verify(Object(CodeIgniter\HTTP\IncomingRequest))
#2 /home/u668489569/domains/xyzcheats.com/public_html/vendor/codeigniter4/framework/system/Filters/Filters.php(173): CodeIgniter\Filters\CSRF->before(Object(CodeIgniter\HTTP\IncomingRequest), NULL)
#3 /home/u668489569/domains/xyzcheats.com/public_html/vendor/codeigniter4/framework/system/CodeIgniter.php(384): CodeIgniter\Filters\Filters->run('keys/edit', 'before')
#4 /home/u668489569/domains/xyzcheats.com/public_html/vendor/codeigniter4/framework/system/CodeIgniter.php(318): CodeIgniter\CodeIgniter->handleRequest(NULL, Object(Config\Cache), false)
#5 /home/u668489569/domains/xyzcheats.com/public_html/index.php(37): CodeIgniter\CodeIgniter->run()
#6 {main}
CRITICAL - 2026-01-23 12:00:33 --> The action you requested is not allowed.
#0 /home/u668489569/domains/xyzcheats.com/public_html/vendor/codeigniter4/framework/system/Security/Security.php(277): CodeIgniter\Security\Exceptions\SecurityException::forDisallowedAction()
#1 /home/u668489569/domains/xyzcheats.com/public_html/vendor/codeigniter4/framework/system/Filters/CSRF.php(53): CodeIgniter\Security\Security->verify(Object(CodeIgniter\HTTP\IncomingRequest))
#2 /home/u668489569/domains/xyzcheats.com/public_html/vendor/codeigniter4/framework/system/Filters/Filters.php(173): CodeIgniter\Filters\CSRF->before(Object(CodeIgniter\HTTP\IncomingRequest), NULL)
#3 /home/u668489569/domains/xyzcheats.com/public_html/vendor/codeigniter4/framework/system/CodeIgniter.php(384): CodeIgniter\Filters\Filters->run('keys/edit', 'before')
#4 /home/u668489569/domains/xyzcheats.com/public_html/vendor/codeigniter4/framework/system/CodeIgniter.php(318): CodeIgniter\CodeIgniter->handleRequest(NULL, Object(Config\Cache), false)
#5 /home/u668489569/domains/xyzcheats.com/public_html/index.php(37): CodeIgniter\CodeIgniter->run()
#6 {main}
ERROR - 2026-01-23 13:10:35 --> Duplicate entry 'XYZCHEATSV1' for key 'user_key'
CRITICAL - 2026-01-23 13:10:35 --> Duplicate entry 'XYZCHEATSV1' for key 'user_key'
#0 /home/u668489569/domains/xyzcheats.com/public_html/vendor/codeigniter4/framework/system/Database/MySQLi/Connection.php(292): mysqli->query('INSERT INTO `ke...', 0)
#1 /home/u668489569/domains/xyzcheats.com/public_html/vendor/codeigniter4/framework/system/Database/BaseConnection.php(670): CodeIgniter\Database\MySQLi\Connection->execute('INSERT INTO `ke...')
#2 /home/u668489569/domains/xyzcheats.com/public_html/vendor/codeigniter4/framework/system/Database/BaseConnection.php(598): CodeIgniter\Database\BaseConnection->simpleQuery('INSERT INTO `ke...')
#3 /home/u668489569/domains/xyzcheats.com/public_html/vendor/codeigniter4/framework/system/Database/BaseBuilder.php(1759): CodeIgniter\Database\BaseConnection->query('INSERT INTO `ke...', Array, false)
#4 /home/u668489569/domains/xyzcheats.com/public_html/vendor/codeigniter4/framework/system/Model.php(239): CodeIgniter\Database\BaseBuilder->insert()
#5 /home/u668489569/domains/xyzcheats.com/public_html/vendor/codeigniter4/framework/system/BaseModel.php(738): CodeIgniter\Model->doInsert(Array)
#6 /home/u668489569/domains/xyzcheats.com/public_html/vendor/codeigniter4/framework/system/Model.php(620): CodeIgniter\BaseModel->insert(Array, true)
#7 /home/u668489569/domains/xyzcheats.com/public_html/app/Controllers/Keys.php(168): CodeIgniter\Model->insert(Array)
#8 /home/u668489569/domains/xyzcheats.com/public_html/app/Controllers/Keys.php(126): App\Controllers\Keys->generate_action()
#9 /home/u668489569/domains/xyzcheats.com/public_html/vendor/codeigniter4/framework/system/CodeIgniter.php(824): App\Controllers\Keys->generate()
#10 /home/u668489569/domains/xyzcheats.com/public_html/vendor/codeigniter4/framework/system/CodeIgniter.php(410): CodeIgniter\CodeIgniter->runController(Object(App\Controllers\Keys))
#11 /home/u668489569/domains/xyzcheats.com/public_html/vendor/codeigniter4/framework/system/CodeIgniter.php(318): CodeIgniter\CodeIgniter->handleRequest(NULL, Object(Config\Cache), false)
#12 /home/u668489569/domains/xyzcheats.com/public_html/index.php(37): CodeIgniter\CodeIgniter->run()
#13 {main}
ERROR - 2026-01-23 13:12:15 --> Duplicate entry 'XYZCHEATSV1' for key 'user_key'
CRITICAL - 2026-01-23 13:12:15 --> Duplicate entry 'XYZCHEATSV1' for key 'user_key'
#0 /home/u668489569/domains/xyzcheats.com/public_html/vendor/codeigniter4/framework/system/Database/MySQLi/Connection.php(292): mysqli->query('INSERT INTO `ke...', 0)
#1 /home/u668489569/domains/xyzcheats.com/public_html/vendor/codeigniter4/framework/system/Database/BaseConnection.php(670): CodeIgniter\Database\MySQLi\Connection->execute('INSERT INTO `ke...')
#2 /home/u668489569/domains/xyzcheats.com/public_html/vendor/codeigniter4/framework/system/Database/BaseConnection.php(598): CodeIgniter\Database\BaseConnection->simpleQuery('INSERT INTO `ke...')
#3 /home/u668489569/domains/xyzcheats.com/public_html/vendor/codeigniter4/framework/system/Database/BaseBuilder.php(1759): CodeIgniter\Database\BaseConnection->query('INSERT INTO `ke...', Array, false)
#4 /home/u668489569/domains/xyzcheats.com/public_html/vendor/codeigniter4/framework/system/Model.php(239): CodeIgniter\Database\BaseBuilder->insert()
#5 /home/u668489569/domains/xyzcheats.com/public_html/vendor/codeigniter4/framework/system/BaseModel.php(738): CodeIgniter\Model->doInsert(Array)
#6 /home/u668489569/domains/xyzcheats.com/public_html/vendor/codeigniter4/framework/system/Model.php(620): CodeIgniter\BaseModel->insert(Array, true)
#7 /home/u668489569/domains/xyzcheats.com/public_html/app/Controllers/Keys.php(168): CodeIgniter\Model->insert(Array)
#8 /home/u668489569/domains/xyzcheats.com/public_html/app/Controllers/Keys.php(126): App\Controllers\Keys->generate_action()
#9 /home/u668489569/domains/xyzcheats.com/public_html/vendor/codeigniter4/framework/system/CodeIgniter.php(824): App\Controllers\Keys->generate()
#10 /home/u668489569/domains/xyzcheats.com/public_html/vendor/codeigniter4/framework/system/CodeIgniter.php(410): CodeIgniter\CodeIgniter->runController(Object(App\Controllers\Keys))
#11 /home/u668489569/domains/xyzcheats.com/public_html/vendor/codeigniter4/framework/system/CodeIgniter.php(318): CodeIgniter\CodeIgniter->handleRequest(NULL, Object(Config\Cache), false)
#12 /home/u668489569/domains/xyzcheats.com/public_html/index.php(37): CodeIgniter\CodeIgniter->run()
#13 {main}
ERROR - 2026-01-23 13:14:34 --> Duplicate entry 'XYZCHEATSV1' for key 'user_key'
CRITICAL - 2026-01-23 13:14:34 --> Duplicate entry 'XYZCHEATSV1' for key 'user_key'
#0 /home/u668489569/domains/xyzcheats.com/public_html/vendor/codeigniter4/framework/system/Database/MySQLi/Connection.php(292): mysqli->query('INSERT INTO `ke...', 0)
#1 /home/u668489569/domains/xyzcheats.com/public_html/vendor/codeigniter4/framework/system/Database/BaseConnection.php(670): CodeIgniter\Database\MySQLi\Connection->execute('INSERT INTO `ke...')
#2 /home/u668489569/domains/xyzcheats.com/public_html/vendor/codeigniter4/framework/system/Database/BaseConnection.php(598): CodeIgniter\Database\BaseConnection->simpleQuery('INSERT INTO `ke...')
#3 /home/u668489569/domains/xyzcheats.com/public_html/vendor/codeigniter4/framework/system/Database/BaseBuilder.php(1759): CodeIgniter\Database\BaseConnection->query('INSERT INTO `ke...', Array, false)
#4 /home/u668489569/domains/xyzcheats.com/public_html/vendor/codeigniter4/framework/system/Model.php(239): CodeIgniter\Database\BaseBuilder->insert()
#5 /home/u668489569/domains/xyzcheats.com/public_html/vendor/codeigniter4/framework/system/BaseModel.php(738): CodeIgniter\Model->doInsert(Array)
#6 /home/u668489569/domains/xyzcheats.com/public_html/vendor/codeigniter4/framework/system/Model.php(620): CodeIgniter\BaseModel->insert(Array, true)
#7 /home/u668489569/domains/xyzcheats.com/public_html/app/Controllers/Keys.php(168): CodeIgniter\Model->insert(Array)
#8 /home/u668489569/domains/xyzcheats.com/public_html/app/Controllers/Keys.php(126): App\Controllers\Keys->generate_action()
#9 /home/u668489569/domains/xyzcheats.com/public_html/vendor/codeigniter4/framework/system/CodeIgniter.php(824): App\Controllers\Keys->generate()
#10 /home/u668489569/domains/xyzcheats.com/public_html/vendor/codeigniter4/framework/system/CodeIgniter.php(410): CodeIgniter\CodeIgniter->runController(Object(App\Controllers\Keys))
#11 /home/u668489569/domains/xyzcheats.com/public_html/vendor/codeigniter4/framework/system/CodeIgniter.php(318): CodeIgniter\CodeIgniter->handleRequest(NULL, Object(Config\Cache), false)
#12 /home/u668489569/domains/xyzcheats.com/public_html/index.php(37): CodeIgniter\CodeIgniter->run()
#13 {main}
ERROR - 2026-01-23 13:14:44 --> Duplicate entry 'XYZCHEATSV1' for key 'user_key'
CRITICAL - 2026-01-23 13:14:44 --> Duplicate entry 'XYZCHEATSV1' for key 'user_key'
#0 /home/u668489569/domains/xyzcheats.com/public_html/vendor/codeigniter4/framework/system/Database/MySQLi/Connection.php(292): mysqli->query('INSERT INTO `ke...', 0)
#1 /home/u668489569/domains/xyzcheats.com/public_html/vendor/codeigniter4/framework/system/Database/BaseConnection.php(670): CodeIgniter\Database\MySQLi\Connection->execute('INSERT INTO `ke...')
#2 /home/u668489569/domains/xyzcheats.com/public_html/vendor/codeigniter4/framework/system/Database/BaseConnection.php(598): CodeIgniter\Database\BaseConnection->simpleQuery('INSERT INTO `ke...')
#3 /home/u668489569/domains/xyzcheats.com/public_html/vendor/codeigniter4/framework/system/Database/BaseBuilder.php(1759): CodeIgniter\Database\BaseConnection->query('INSERT INTO `ke...', Array, false)
#4 /home/u668489569/domains/xyzcheats.com/public_html/vendor/codeigniter4/framework/system/Model.php(239): CodeIgniter\Database\BaseBuilder->insert()
#5 /home/u668489569/domains/xyzcheats.com/public_html/vendor/codeigniter4/framework/system/BaseModel.php(738): CodeIgniter\Model->doInsert(Array)
#6 /home/u668489569/domains/xyzcheats.com/public_html/vendor/codeigniter4/framework/system/Model.php(620): CodeIgniter\BaseModel->insert(Array, true)
#7 /home/u668489569/domains/xyzcheats.com/public_html/app/Controllers/Keys.php(168): CodeIgniter\Model->insert(Array)
#8 /home/u668489569/domains/xyzcheats.com/public_html/app/Controllers/Keys.php(126): App\Controllers\Keys->generate_action()
#9 /home/u668489569/domains/xyzcheats.com/public_html/vendor/codeigniter4/framework/system/CodeIgniter.php(824): App\Controllers\Keys->generate()
#10 /home/u668489569/domains/xyzcheats.com/public_html/vendor/codeigniter4/framework/system/CodeIgniter.php(410): CodeIgniter\CodeIgniter->runController(Object(App\Controllers\Keys))
#11 /home/u668489569/domains/xyzcheats.com/public_html/vendor/codeigniter4/framework/system/CodeIgniter.php(318): CodeIgniter\CodeIgniter->handleRequest(NULL, Object(Config\Cache), false)
#12 /home/u668489569/domains/xyzcheats.com/public_html/index.php(37): CodeIgniter\CodeIgniter->run()
#13 {main}
ERROR - 2026-01-23 13:16:52 --> Duplicate entry 'XYZCHEATSV1' for key 'user_key'
CRITICAL - 2026-01-23 13:16:52 --> Duplicate entry 'XYZCHEATSV1' for key 'user_key'
#0 /home/u668489569/domains/xyzcheats.com/public_html/vendor/codeigniter4/framework/system/Database/MySQLi/Connection.php(292): mysqli->query('INSERT INTO `ke...', 0)
#1 /home/u668489569/domains/xyzcheats.com/public_html/vendor/codeigniter4/framework/system/Database/BaseConnection.php(670): CodeIgniter\Database\MySQLi\Connection->execute('INSERT INTO `ke...')
#2 /home/u668489569/domains/xyzcheats.com/public_html/vendor/codeigniter4/framework/system/Database/BaseConnection.php(598): CodeIgniter\Database\BaseConnection->simpleQuery('INSERT INTO `ke...')
#3 /home/u668489569/domains/xyzcheats.com/public_html/vendor/codeigniter4/framework/system/Database/BaseBuilder.php(1759): CodeIgniter\Database\BaseConnection->query('INSERT INTO `ke...', Array, false)
#4 /home/u668489569/domains/xyzcheats.com/public_html/vendor/codeigniter4/framework/system/Model.php(239): CodeIgniter\Database\BaseBuilder->insert()
#5 /home/u668489569/domains/xyzcheats.com/public_html/vendor/codeigniter4/framework/system/BaseModel.php(738): CodeIgniter\Model->doInsert(Array)
#6 /home/u668489569/domains/xyzcheats.com/public_html/vendor/codeigniter4/framework/system/Model.php(620): CodeIgniter\BaseModel->insert(Array, true)
#7 /home/u668489569/domains/xyzcheats.com/public_html/app/Controllers/Keys.php(168): CodeIgniter\Model->insert(Array)
#8 /home/u668489569/domains/xyzcheats.com/public_html/app/Controllers/Keys.php(126): App\Controllers\Keys->generate_action()
#9 /home/u668489569/domains/xyzcheats.com/public_html/vendor/codeigniter4/framework/system/CodeIgniter.php(824): App\Controllers\Keys->generate()
#10 /home/u668489569/domains/xyzcheats.com/public_html/vendor/codeigniter4/framework/system/CodeIgniter.php(410): CodeIgniter\CodeIgniter->runController(Object(App\Controllers\Keys))
#11 /home/u668489569/domains/xyzcheats.com/public_html/vendor/codeigniter4/framework/system/CodeIgniter.php(318): CodeIgniter\CodeIgniter->handleRequest(NULL, Object(Config\Cache), false)
#12 /home/u668489569/domains/xyzcheats.com/public_html/index.php(37): CodeIgniter\CodeIgniter->run()
#13 {main}
ERROR - 2026-01-23 13:20:20 --> Duplicate entry 'XYZCHEATSV1' for key 'user_key'
CRITICAL - 2026-01-23 13:20:20 --> Duplicate entry 'XYZCHEATSV1' for key 'user_key'
#0 /home/u668489569/domains/xyzcheats.com/public_html/vendor/codeigniter4/framework/system/Database/MySQLi/Connection.php(292): mysqli->query('INSERT INTO `ke...', 0)
#1 /home/u668489569/domains/xyzcheats.com/public_html/vendor/codeigniter4/framework/system/Database/BaseConnection.php(670): CodeIgniter\Database\MySQLi\Connection->execute('INSERT INTO `ke...')
#2 /home/u668489569/domains/xyzcheats.com/public_html/vendor/codeigniter4/framework/system/Database/BaseConnection.php(598): CodeIgniter\Database\BaseConnection->simpleQuery('INSERT INTO `ke...')
#3 /home/u668489569/domains/xyzcheats.com/public_html/vendor/codeigniter4/framework/system/Database/BaseBuilder.php(1759): CodeIgniter\Database\BaseConnection->query('INSERT INTO `ke...', Array, false)
#4 /home/u668489569/domains/xyzcheats.com/public_html/vendor/codeigniter4/framework/system/Model.php(239): CodeIgniter\Database\BaseBuilder->insert()
#5 /home/u668489569/domains/xyzcheats.com/public_html/vendor/codeigniter4/framework/system/BaseModel.php(738): CodeIgniter\Model->doInsert(Array)
#6 /home/u668489569/domains/xyzcheats.com/public_html/vendor/codeigniter4/framework/system/Model.php(620): CodeIgniter\BaseModel->insert(Array, true)
#7 /home/u668489569/domains/xyzcheats.com/public_html/app/Controllers/Keys.php(168): CodeIgniter\Model->insert(Array)
#8 /home/u668489569/domains/xyzcheats.com/public_html/app/Controllers/Keys.php(126): App\Controllers\Keys->generate_action()
#9 /home/u668489569/domains/xyzcheats.com/public_html/vendor/codeigniter4/framework/system/CodeIgniter.php(824): App\Controllers\Keys->generate()
#10 /home/u668489569/domains/xyzcheats.com/public_html/vendor/codeigniter4/framework/system/CodeIgniter.php(410): CodeIgniter\CodeIgniter->runController(Object(App\Controllers\Keys))
#11 /home/u668489569/domains/xyzcheats.com/public_html/vendor/codeigniter4/framework/system/CodeIgniter.php(318): CodeIgniter\CodeIgniter->handleRequest(NULL, Object(Config\Cache), false)
#12 /home/u668489569/domains/xyzcheats.com/public_html/index.php(37): CodeIgniter\CodeIgniter->run()
#13 {main}
ERROR - 2026-01-23 13:22:27 --> Duplicate entry 'XYZCHEATSV1' for key 'user_key'
CRITICAL - 2026-01-23 13:22:27 --> Duplicate entry 'XYZCHEATSV1' for key 'user_key'
#0 /home/u668489569/domains/xyzcheats.com/public_html/vendor/codeigniter4/framework/system/Database/MySQLi/Connection.php(292): mysqli->query('INSERT INTO `ke...', 0)
#1 /home/u668489569/domains/xyzcheats.com/public_html/vendor/codeigniter4/framework/system/Database/BaseConnection.php(670): CodeIgniter\Database\MySQLi\Connection->execute('INSERT INTO `ke...')
#2 /home/u668489569/domains/xyzcheats.com/public_html/vendor/codeigniter4/framework/system/Database/BaseConnection.php(598): CodeIgniter\Database\BaseConnection->simpleQuery('INSERT INTO `ke...')
#3 /home/u668489569/domains/xyzcheats.com/public_html/vendor/codeigniter4/framework/system/Database/BaseBuilder.php(1759): CodeIgniter\Database\BaseConnection->query('INSERT INTO `ke...', Array, false)
#4 /home/u668489569/domains/xyzcheats.com/public_html/vendor/codeigniter4/framework/system/Model.php(239): CodeIgniter\Database\BaseBuilder->insert()
#5 /home/u668489569/domains/xyzcheats.com/public_html/vendor/codeigniter4/framework/system/BaseModel.php(738): CodeIgniter\Model->doInsert(Array)
#6 /home/u668489569/domains/xyzcheats.com/public_html/vendor/codeigniter4/framework/system/Model.php(620): CodeIgniter\BaseModel->insert(Array, true)
#7 /home/u668489569/domains/xyzcheats.com/public_html/app/Controllers/Keys.php(168): CodeIgniter\Model->insert(Array)
#8 /home/u668489569/domains/xyzcheats.com/public_html/app/Controllers/Keys.php(126): App\Controllers\Keys->generate_action()
#9 /home/u668489569/domains/xyzcheats.com/public_html/vendor/codeigniter4/framework/system/CodeIgniter.php(824): App\Controllers\Keys->generate()
#10 /home/u668489569/domains/xyzcheats.com/public_html/vendor/codeigniter4/framework/system/CodeIgniter.php(410): CodeIgniter\CodeIgniter->runController(Object(App\Controllers\Keys))
#11 /home/u668489569/domains/xyzcheats.com/public_html/vendor/codeigniter4/framework/system/CodeIgniter.php(318): CodeIgniter\CodeIgniter->handleRequest(NULL, Object(Config\Cache), false)
#12 /home/u668489569/domains/xyzcheats.com/public_html/index.php(37): CodeIgniter\CodeIgniter->run()
#13 {main}
