ERROR - 2026-07-26 00:25:26 --> Telegram controller called
ERROR - 2026-07-26 00:25:26 --> Telegram Bot Token not set in .env
ERROR - 2026-07-26 00:25:34 --> Telegram controller called
ERROR - 2026-07-26 00:25:34 --> Telegram Bot Token not set in .env
ERROR - 2026-07-26 00:59:50 --> Telegram controller called
ERROR - 2026-07-26 00:59:50 --> Telegram Bot Token not set in .env
ERROR - 2026-07-26 01:00:16 --> Telegram controller called
ERROR - 2026-07-26 01:00:16 --> Telegram Bot Token not set in .env
ERROR - 2026-07-26 02:38:14 --> Telegram controller called
ERROR - 2026-07-26 02:38:14 --> Telegram Bot Token not set in .env
ERROR - 2026-07-26 04:07:50 --> Telegram controller called
ERROR - 2026-07-26 04:07:50 --> Telegram Bot Token not set in .env
ERROR - 2026-07-26 05:37:28 --> Telegram controller called
ERROR - 2026-07-26 05:37:28 --> Telegram Bot Token not set in .env
ERROR - 2026-07-26 05:38:09 --> Telegram controller called
ERROR - 2026-07-26 05:38:09 --> Telegram Bot Token not set in .env
ERROR - 2026-07-26 05:54:52 --> Telegram controller called
ERROR - 2026-07-26 05:54:52 --> Telegram Bot Token not set in .env
ERROR - 2026-07-26 07:43:58 --> Telegram controller called
ERROR - 2026-07-26 07:43:58 --> Telegram Bot Token not set in .env
ERROR - 2026-07-26 09:12:00 --> Telegram controller called
ERROR - 2026-07-26 09:12:00 --> Telegram Bot Token not set in .env
ERROR - 2026-07-26 09:12:05 --> Telegram controller called
ERROR - 2026-07-26 09:12:06 --> Telegram Bot Token not set in .env
ERROR - 2026-07-26 09:12:07 --> Telegram controller called
ERROR - 2026-07-26 09:12:07 --> Telegram Bot Token not set in .env
ERROR - 2026-07-26 09:36:15 --> Telegram controller called
ERROR - 2026-07-26 09:36:15 --> Telegram Bot Token not set in .env
ERROR - 2026-07-26 10:32:06 --> Telegram controller called
ERROR - 2026-07-26 10:32:06 --> Telegram Bot Token not set in .env
ERROR - 2026-07-26 10:32:17 --> Telegram controller called
ERROR - 2026-07-26 10:32:17 --> Telegram Bot Token not set in .env
CRITICAL - 2026-07-26 10:34:18 --> A non-numeric value encountered
#0 /home/xkynpbah/public_html/app/Helpers/nata_helper.php(88): CodeIgniter\Debug\Exceptions->errorHandler(2, 'A non-numeric v...', '/home/xkynpbah/...', 88, Array)
#1 /home/xkynpbah/public_html/app/Controllers/Keys.php(483): getPrice(Array, '720', '')
#2 /home/xkynpbah/public_html/app/Controllers/Keys.php(446): App\Controllers\Keys->generate_action()
#3 /home/xkynpbah/public_html/vendor/codeigniter4/framework/system/CodeIgniter.php(824): App\Controllers\Keys->generate()
#4 /home/xkynpbah/public_html/vendor/codeigniter4/framework/system/CodeIgniter.php(410): CodeIgniter\CodeIgniter->runController(Object(App\Controllers\Keys))
#5 /home/xkynpbah/public_html/vendor/codeigniter4/framework/system/CodeIgniter.php(318): CodeIgniter\CodeIgniter->handleRequest(NULL, Object(Config\Cache), false)
#6 /home/xkynpbah/public_html/index.php(37): CodeIgniter\CodeIgniter->run()
#7 {main}
ERROR - 2026-07-26 11:16:22 --> Telegram controller called
ERROR - 2026-07-26 11:16:22 --> Telegram Bot Token not set in .env
ERROR - 2026-07-26 11:17:36 --> Telegram controller called
ERROR - 2026-07-26 11:17:36 --> Telegram Bot Token not set in .env
ERROR - 2026-07-26 11:19:28 --> Telegram controller called
ERROR - 2026-07-26 11:19:28 --> Telegram Bot Token not set in .env
ERROR - 2026-07-26 11:19:46 --> Telegram controller called
ERROR - 2026-07-26 11:19:46 --> Table 'xkynpbah_titoo.telegram_premium' doesn't exist
CRITICAL - 2026-07-26 11:19:46 --> Table 'xkynpbah_titoo.telegram_premium' doesn't exist
#0 /home/xkynpbah/public_html/vendor/codeigniter4/framework/system/Database/MySQLi/Connection.php(292): mysqli->query('SELECT COUNT(*)...', 0)
#1 /home/xkynpbah/public_html/vendor/codeigniter4/framework/system/Database/BaseConnection.php(670): CodeIgniter\Database\MySQLi\Connection->execute('SELECT COUNT(*)...')
#2 /home/xkynpbah/public_html/vendor/codeigniter4/framework/system/Database/BaseConnection.php(598): CodeIgniter\Database\BaseConnection->simpleQuery('SELECT COUNT(*)...')
#3 /home/xkynpbah/public_html/vendor/codeigniter4/framework/system/Database/BaseBuilder.php(1527): CodeIgniter\Database\BaseConnection->query('SELECT COUNT(*)...', Array, false)
#4 /home/xkynpbah/public_html/app/Controllers/Telegram.php(165): CodeIgniter\Database\BaseBuilder->countAllResults()
#5 /home/xkynpbah/public_html/app/Controllers/Telegram.php(124): App\Controllers\Telegram->askForResetConfirmation(6719727245, 6719727245, Object(stdClass), 'akashbabu', Object(stdClass))
#6 /home/xkynpbah/public_html/vendor/codeigniter4/framework/system/CodeIgniter.php(824): App\Controllers\Telegram->index()
#7 /home/xkynpbah/public_html/vendor/codeigniter4/framework/system/CodeIgniter.php(410): CodeIgniter\CodeIgniter->runController(Object(App\Controllers\Telegram))
#8 /home/xkynpbah/public_html/vendor/codeigniter4/framework/system/CodeIgniter.php(318): CodeIgniter\CodeIgniter->handleRequest(NULL, Object(Config\Cache), false)
#9 /home/xkynpbah/public_html/index.php(37): CodeIgniter\CodeIgniter->run()
#10 {main}
ERROR - 2026-07-26 11:19:46 --> Telegram controller called
ERROR - 2026-07-26 11:19:46 --> Table 'xkynpbah_titoo.telegram_premium' doesn't exist
CRITICAL - 2026-07-26 11:19:46 --> Table 'xkynpbah_titoo.telegram_premium' doesn't exist
#0 /home/xkynpbah/public_html/vendor/codeigniter4/framework/system/Database/MySQLi/Connection.php(292): mysqli->query('SELECT COUNT(*)...', 0)
#1 /home/xkynpbah/public_html/vendor/codeigniter4/framework/system/Database/BaseConnection.php(670): CodeIgniter\Database\MySQLi\Connection->execute('SELECT COUNT(*)...')
#2 /home/xkynpbah/public_html/vendor/codeigniter4/framework/system/Database/BaseConnection.php(598): CodeIgniter\Database\BaseConnection->simpleQuery('SELECT COUNT(*)...')
#3 /home/xkynpbah/public_html/vendor/codeigniter4/framework/system/Database/BaseBuilder.php(1527): CodeIgniter\Database\BaseConnection->query('SELECT COUNT(*)...', Array, false)
#4 /home/xkynpbah/public_html/app/Controllers/Telegram.php(165): CodeIgniter\Database\BaseBuilder->countAllResults()
#5 /home/xkynpbah/public_html/app/Controllers/Telegram.php(124): App\Controllers\Telegram->askForResetConfirmation(6719727245, 6719727245, Object(stdClass), 'akashbabu', Object(stdClass))
#6 /home/xkynpbah/public_html/vendor/codeigniter4/framework/system/CodeIgniter.php(824): App\Controllers\Telegram->index()
#7 /home/xkynpbah/public_html/vendor/codeigniter4/framework/system/CodeIgniter.php(410): CodeIgniter\CodeIgniter->runController(Object(App\Controllers\Telegram))
#8 /home/xkynpbah/public_html/vendor/codeigniter4/framework/system/CodeIgniter.php(318): CodeIgniter\CodeIgniter->handleRequest(NULL, Object(Config\Cache), false)
#9 /home/xkynpbah/public_html/index.php(37): CodeIgniter\CodeIgniter->run()
#10 {main}
ERROR - 2026-07-26 11:19:48 --> Telegram controller called
ERROR - 2026-07-26 11:19:48 --> Table 'xkynpbah_titoo.telegram_premium' doesn't exist
CRITICAL - 2026-07-26 11:19:48 --> Table 'xkynpbah_titoo.telegram_premium' doesn't exist
#0 /home/xkynpbah/public_html/vendor/codeigniter4/framework/system/Database/MySQLi/Connection.php(292): mysqli->query('SELECT COUNT(*)...', 0)
#1 /home/xkynpbah/public_html/vendor/codeigniter4/framework/system/Database/BaseConnection.php(670): CodeIgniter\Database\MySQLi\Connection->execute('SELECT COUNT(*)...')
#2 /home/xkynpbah/public_html/vendor/codeigniter4/framework/system/Database/BaseConnection.php(598): CodeIgniter\Database\BaseConnection->simpleQuery('SELECT COUNT(*)...')
#3 /home/xkynpbah/public_html/vendor/codeigniter4/framework/system/Database/BaseBuilder.php(1527): CodeIgniter\Database\BaseConnection->query('SELECT COUNT(*)...', Array, false)
#4 /home/xkynpbah/public_html/app/Controllers/Telegram.php(165): CodeIgniter\Database\BaseBuilder->countAllResults()
#5 /home/xkynpbah/public_html/app/Controllers/Telegram.php(124): App\Controllers\Telegram->askForResetConfirmation(6719727245, 6719727245, Object(stdClass), 'akashbabu', Object(stdClass))
#6 /home/xkynpbah/public_html/vendor/codeigniter4/framework/system/CodeIgniter.php(824): App\Controllers\Telegram->index()
#7 /home/xkynpbah/public_html/vendor/codeigniter4/framework/system/CodeIgniter.php(410): CodeIgniter\CodeIgniter->runController(Object(App\Controllers\Telegram))
#8 /home/xkynpbah/public_html/vendor/codeigniter4/framework/system/CodeIgniter.php(318): CodeIgniter\CodeIgniter->handleRequest(NULL, Object(Config\Cache), false)
#9 /home/xkynpbah/public_html/index.php(37): CodeIgniter\CodeIgniter->run()
#10 {main}
ERROR - 2026-07-26 11:19:52 --> Telegram controller called
ERROR - 2026-07-26 11:19:52 --> Table 'xkynpbah_titoo.telegram_premium' doesn't exist
CRITICAL - 2026-07-26 11:19:52 --> Table 'xkynpbah_titoo.telegram_premium' doesn't exist
#0 /home/xkynpbah/public_html/vendor/codeigniter4/framework/system/Database/MySQLi/Connection.php(292): mysqli->query('SELECT COUNT(*)...', 0)
#1 /home/xkynpbah/public_html/vendor/codeigniter4/framework/system/Database/BaseConnection.php(670): CodeIgniter\Database\MySQLi\Connection->execute('SELECT COUNT(*)...')
#2 /home/xkynpbah/public_html/vendor/codeigniter4/framework/system/Database/BaseConnection.php(598): CodeIgniter\Database\BaseConnection->simpleQuery('SELECT COUNT(*)...')
#3 /home/xkynpbah/public_html/vendor/codeigniter4/framework/system/Database/BaseBuilder.php(1527): CodeIgniter\Database\BaseConnection->query('SELECT COUNT(*)...', Array, false)
#4 /home/xkynpbah/public_html/app/Controllers/Telegram.php(165): CodeIgniter\Database\BaseBuilder->countAllResults()
#5 /home/xkynpbah/public_html/app/Controllers/Telegram.php(124): App\Controllers\Telegram->askForResetConfirmation(6719727245, 6719727245, Object(stdClass), 'akashbabu', Object(stdClass))
#6 /home/xkynpbah/public_html/vendor/codeigniter4/framework/system/CodeIgniter.php(824): App\Controllers\Telegram->index()
#7 /home/xkynpbah/public_html/vendor/codeigniter4/framework/system/CodeIgniter.php(410): CodeIgniter\CodeIgniter->runController(Object(App\Controllers\Telegram))
#8 /home/xkynpbah/public_html/vendor/codeigniter4/framework/system/CodeIgniter.php(318): CodeIgniter\CodeIgniter->handleRequest(NULL, Object(Config\Cache), false)
#9 /home/xkynpbah/public_html/index.php(37): CodeIgniter\CodeIgniter->run()
#10 {main}
ERROR - 2026-07-26 11:20:00 --> Telegram controller called
ERROR - 2026-07-26 11:20:00 --> Table 'xkynpbah_titoo.telegram_premium' doesn't exist
CRITICAL - 2026-07-26 11:20:00 --> Table 'xkynpbah_titoo.telegram_premium' doesn't exist
#0 /home/xkynpbah/public_html/vendor/codeigniter4/framework/system/Database/MySQLi/Connection.php(292): mysqli->query('SELECT COUNT(*)...', 0)
#1 /home/xkynpbah/public_html/vendor/codeigniter4/framework/system/Database/BaseConnection.php(670): CodeIgniter\Database\MySQLi\Connection->execute('SELECT COUNT(*)...')
#2 /home/xkynpbah/public_html/vendor/codeigniter4/framework/system/Database/BaseConnection.php(598): CodeIgniter\Database\BaseConnection->simpleQuery('SELECT COUNT(*)...')
#3 /home/xkynpbah/public_html/vendor/codeigniter4/framework/system/Database/BaseBuilder.php(1527): CodeIgniter\Database\BaseConnection->query('SELECT COUNT(*)...', Array, false)
#4 /home/xkynpbah/public_html/app/Controllers/Telegram.php(165): CodeIgniter\Database\BaseBuilder->countAllResults()
#5 /home/xkynpbah/public_html/app/Controllers/Telegram.php(124): App\Controllers\Telegram->askForResetConfirmation(6719727245, 6719727245, Object(stdClass), 'akashbabu', Object(stdClass))
#6 /home/xkynpbah/public_html/vendor/codeigniter4/framework/system/CodeIgniter.php(824): App\Controllers\Telegram->index()
#7 /home/xkynpbah/public_html/vendor/codeigniter4/framework/system/CodeIgniter.php(410): CodeIgniter\CodeIgniter->runController(Object(App\Controllers\Telegram))
#8 /home/xkynpbah/public_html/vendor/codeigniter4/framework/system/CodeIgniter.php(318): CodeIgniter\CodeIgniter->handleRequest(NULL, Object(Config\Cache), false)
#9 /home/xkynpbah/public_html/index.php(37): CodeIgniter\CodeIgniter->run()
#10 {main}
ERROR - 2026-07-26 11:20:17 --> Telegram controller called
ERROR - 2026-07-26 11:20:17 --> Table 'xkynpbah_titoo.telegram_premium' doesn't exist
CRITICAL - 2026-07-26 11:20:17 --> Table 'xkynpbah_titoo.telegram_premium' doesn't exist
#0 /home/xkynpbah/public_html/vendor/codeigniter4/framework/system/Database/MySQLi/Connection.php(292): mysqli->query('SELECT COUNT(*)...', 0)
#1 /home/xkynpbah/public_html/vendor/codeigniter4/framework/system/Database/BaseConnection.php(670): CodeIgniter\Database\MySQLi\Connection->execute('SELECT COUNT(*)...')
#2 /home/xkynpbah/public_html/vendor/codeigniter4/framework/system/Database/BaseConnection.php(598): CodeIgniter\Database\BaseConnection->simpleQuery('SELECT COUNT(*)...')
#3 /home/xkynpbah/public_html/vendor/codeigniter4/framework/system/Database/BaseBuilder.php(1527): CodeIgniter\Database\BaseConnection->query('SELECT COUNT(*)...', Array, false)
#4 /home/xkynpbah/public_html/app/Controllers/Telegram.php(165): CodeIgniter\Database\BaseBuilder->countAllResults()
#5 /home/xkynpbah/public_html/app/Controllers/Telegram.php(124): App\Controllers\Telegram->askForResetConfirmation(6719727245, 6719727245, Object(stdClass), 'akashbabu', Object(stdClass))
#6 /home/xkynpbah/public_html/vendor/codeigniter4/framework/system/CodeIgniter.php(824): App\Controllers\Telegram->index()
#7 /home/xkynpbah/public_html/vendor/codeigniter4/framework/system/CodeIgniter.php(410): CodeIgniter\CodeIgniter->runController(Object(App\Controllers\Telegram))
#8 /home/xkynpbah/public_html/vendor/codeigniter4/framework/system/CodeIgniter.php(318): CodeIgniter\CodeIgniter->handleRequest(NULL, Object(Config\Cache), false)
#9 /home/xkynpbah/public_html/index.php(37): CodeIgniter\CodeIgniter->run()
#10 {main}
ERROR - 2026-07-26 11:20:49 --> Telegram controller called
ERROR - 2026-07-26 11:20:49 --> Table 'xkynpbah_titoo.telegram_premium' doesn't exist
CRITICAL - 2026-07-26 11:20:49 --> Table 'xkynpbah_titoo.telegram_premium' doesn't exist
#0 /home/xkynpbah/public_html/vendor/codeigniter4/framework/system/Database/MySQLi/Connection.php(292): mysqli->query('SELECT COUNT(*)...', 0)
#1 /home/xkynpbah/public_html/vendor/codeigniter4/framework/system/Database/BaseConnection.php(670): CodeIgniter\Database\MySQLi\Connection->execute('SELECT COUNT(*)...')
#2 /home/xkynpbah/public_html/vendor/codeigniter4/framework/system/Database/BaseConnection.php(598): CodeIgniter\Database\BaseConnection->simpleQuery('SELECT COUNT(*)...')
#3 /home/xkynpbah/public_html/vendor/codeigniter4/framework/system/Database/BaseBuilder.php(1527): CodeIgniter\Database\BaseConnection->query('SELECT COUNT(*)...', Array, false)
#4 /home/xkynpbah/public_html/app/Controllers/Telegram.php(165): CodeIgniter\Database\BaseBuilder->countAllResults()
#5 /home/xkynpbah/public_html/app/Controllers/Telegram.php(124): App\Controllers\Telegram->askForResetConfirmation(6719727245, 6719727245, Object(stdClass), 'akashbabu', Object(stdClass))
#6 /home/xkynpbah/public_html/vendor/codeigniter4/framework/system/CodeIgniter.php(824): App\Controllers\Telegram->index()
#7 /home/xkynpbah/public_html/vendor/codeigniter4/framework/system/CodeIgniter.php(410): CodeIgniter\CodeIgniter->runController(Object(App\Controllers\Telegram))
#8 /home/xkynpbah/public_html/vendor/codeigniter4/framework/system/CodeIgniter.php(318): CodeIgniter\CodeIgniter->handleRequest(NULL, Object(Config\Cache), false)
#9 /home/xkynpbah/public_html/index.php(37): CodeIgniter\CodeIgniter->run()
#10 {main}
ERROR - 2026-07-26 11:21:53 --> Telegram controller called
ERROR - 2026-07-26 11:21:53 --> Table 'xkynpbah_titoo.telegram_premium' doesn't exist
CRITICAL - 2026-07-26 11:21:53 --> Table 'xkynpbah_titoo.telegram_premium' doesn't exist
#0 /home/xkynpbah/public_html/vendor/codeigniter4/framework/system/Database/MySQLi/Connection.php(292): mysqli->query('SELECT COUNT(*)...', 0)
#1 /home/xkynpbah/public_html/vendor/codeigniter4/framework/system/Database/BaseConnection.php(670): CodeIgniter\Database\MySQLi\Connection->execute('SELECT COUNT(*)...')
#2 /home/xkynpbah/public_html/vendor/codeigniter4/framework/system/Database/BaseConnection.php(598): CodeIgniter\Database\BaseConnection->simpleQuery('SELECT COUNT(*)...')
#3 /home/xkynpbah/public_html/vendor/codeigniter4/framework/system/Database/BaseBuilder.php(1527): CodeIgniter\Database\BaseConnection->query('SELECT COUNT(*)...', Array, false)
#4 /home/xkynpbah/public_html/app/Controllers/Telegram.php(165): CodeIgniter\Database\BaseBuilder->countAllResults()
#5 /home/xkynpbah/public_html/app/Controllers/Telegram.php(124): App\Controllers\Telegram->askForResetConfirmation(6719727245, 6719727245, Object(stdClass), 'akashbabu', Object(stdClass))
#6 /home/xkynpbah/public_html/vendor/codeigniter4/framework/system/CodeIgniter.php(824): App\Controllers\Telegram->index()
#7 /home/xkynpbah/public_html/vendor/codeigniter4/framework/system/CodeIgniter.php(410): CodeIgniter\CodeIgniter->runController(Object(App\Controllers\Telegram))
#8 /home/xkynpbah/public_html/vendor/codeigniter4/framework/system/CodeIgniter.php(318): CodeIgniter\CodeIgniter->handleRequest(NULL, Object(Config\Cache), false)
#9 /home/xkynpbah/public_html/index.php(37): CodeIgniter\CodeIgniter->run()
#10 {main}
ERROR - 2026-07-26 11:22:55 --> Telegram controller called
ERROR - 2026-07-26 11:22:55 --> Table 'xkynpbah_titoo.telegram_premium' doesn't exist
CRITICAL - 2026-07-26 11:22:55 --> Table 'xkynpbah_titoo.telegram_premium' doesn't exist
#0 /home/xkynpbah/public_html/vendor/codeigniter4/framework/system/Database/MySQLi/Connection.php(292): mysqli->query('SELECT COUNT(*)...', 0)
#1 /home/xkynpbah/public_html/vendor/codeigniter4/framework/system/Database/BaseConnection.php(670): CodeIgniter\Database\MySQLi\Connection->execute('SELECT COUNT(*)...')
#2 /home/xkynpbah/public_html/vendor/codeigniter4/framework/system/Database/BaseConnection.php(598): CodeIgniter\Database\BaseConnection->simpleQuery('SELECT COUNT(*)...')
#3 /home/xkynpbah/public_html/vendor/codeigniter4/framework/system/Database/BaseBuilder.php(1527): CodeIgniter\Database\BaseConnection->query('SELECT COUNT(*)...', Array, false)
#4 /home/xkynpbah/public_html/app/Controllers/Telegram.php(165): CodeIgniter\Database\BaseBuilder->countAllResults()
#5 /home/xkynpbah/public_html/app/Controllers/Telegram.php(124): App\Controllers\Telegram->askForResetConfirmation(6719727245, 6719727245, Object(stdClass), 'akashbabu', Object(stdClass))
#6 /home/xkynpbah/public_html/vendor/codeigniter4/framework/system/CodeIgniter.php(824): App\Controllers\Telegram->index()
#7 /home/xkynpbah/public_html/vendor/codeigniter4/framework/system/CodeIgniter.php(410): CodeIgniter\CodeIgniter->runController(Object(App\Controllers\Telegram))
#8 /home/xkynpbah/public_html/vendor/codeigniter4/framework/system/CodeIgniter.php(318): CodeIgniter\CodeIgniter->handleRequest(NULL, Object(Config\Cache), false)
#9 /home/xkynpbah/public_html/index.php(37): CodeIgniter\CodeIgniter->run()
#10 {main}
ERROR - 2026-07-26 11:24:46 --> Telegram controller called
ERROR - 2026-07-26 11:24:46 --> Table 'xkynpbah_titoo.telegram_premium' doesn't exist
CRITICAL - 2026-07-26 11:24:46 --> Table 'xkynpbah_titoo.telegram_premium' doesn't exist
#0 /home/xkynpbah/public_html/vendor/codeigniter4/framework/system/Database/MySQLi/Connection.php(292): mysqli->query('SELECT COUNT(*)...', 0)
#1 /home/xkynpbah/public_html/vendor/codeigniter4/framework/system/Database/BaseConnection.php(670): CodeIgniter\Database\MySQLi\Connection->execute('SELECT COUNT(*)...')
#2 /home/xkynpbah/public_html/vendor/codeigniter4/framework/system/Database/BaseConnection.php(598): CodeIgniter\Database\BaseConnection->simpleQuery('SELECT COUNT(*)...')
#3 /home/xkynpbah/public_html/vendor/codeigniter4/framework/system/Database/BaseBuilder.php(1527): CodeIgniter\Database\BaseConnection->query('SELECT COUNT(*)...', Array, false)
#4 /home/xkynpbah/public_html/app/Controllers/Telegram.php(165): CodeIgniter\Database\BaseBuilder->countAllResults()
#5 /home/xkynpbah/public_html/app/Controllers/Telegram.php(124): App\Controllers\Telegram->askForResetConfirmation(6719727245, 6719727245, Object(stdClass), 'akashbabu', Object(stdClass))
#6 /home/xkynpbah/public_html/vendor/codeigniter4/framework/system/CodeIgniter.php(824): App\Controllers\Telegram->index()
#7 /home/xkynpbah/public_html/vendor/codeigniter4/framework/system/CodeIgniter.php(410): CodeIgniter\CodeIgniter->runController(Object(App\Controllers\Telegram))
#8 /home/xkynpbah/public_html/vendor/codeigniter4/framework/system/CodeIgniter.php(318): CodeIgniter\CodeIgniter->handleRequest(NULL, Object(Config\Cache), false)
#9 /home/xkynpbah/public_html/index.php(37): CodeIgniter\CodeIgniter->run()
#10 {main}
ERROR - 2026-07-26 11:26:10 --> Telegram controller called
ERROR - 2026-07-26 11:26:10 --> Table 'xkynpbah_titoo.telegram_premium' doesn't exist
CRITICAL - 2026-07-26 11:26:10 --> Table 'xkynpbah_titoo.telegram_premium' doesn't exist
#0 /home/xkynpbah/public_html/vendor/codeigniter4/framework/system/Database/MySQLi/Connection.php(292): mysqli->query('SELECT COUNT(*)...', 0)
#1 /home/xkynpbah/public_html/vendor/codeigniter4/framework/system/Database/BaseConnection.php(670): CodeIgniter\Database\MySQLi\Connection->execute('SELECT COUNT(*)...')
#2 /home/xkynpbah/public_html/vendor/codeigniter4/framework/system/Database/BaseConnection.php(598): CodeIgniter\Database\BaseConnection->simpleQuery('SELECT COUNT(*)...')
#3 /home/xkynpbah/public_html/vendor/codeigniter4/framework/system/Database/BaseBuilder.php(1527): CodeIgniter\Database\BaseConnection->query('SELECT COUNT(*)...', Array, false)
#4 /home/xkynpbah/public_html/app/Controllers/Telegram.php(165): CodeIgniter\Database\BaseBuilder->countAllResults()
#5 /home/xkynpbah/public_html/app/Controllers/Telegram.php(124): App\Controllers\Telegram->askForResetConfirmation(6719727245, 6719727245, Object(stdClass), 'akashbabu', Object(stdClass))
#6 /home/xkynpbah/public_html/vendor/codeigniter4/framework/system/CodeIgniter.php(824): App\Controllers\Telegram->index()
#7 /home/xkynpbah/public_html/vendor/codeigniter4/framework/system/CodeIgniter.php(410): CodeIgniter\CodeIgniter->runController(Object(App\Controllers\Telegram))
#8 /home/xkynpbah/public_html/vendor/codeigniter4/framework/system/CodeIgniter.php(318): CodeIgniter\CodeIgniter->handleRequest(NULL, Object(Config\Cache), false)
#9 /home/xkynpbah/public_html/index.php(37): CodeIgniter\CodeIgniter->run()
#10 {main}
ERROR - 2026-07-26 11:27:11 --> Telegram controller called
ERROR - 2026-07-26 11:27:11 --> Table 'xkynpbah_titoo.telegram_premium' doesn't exist
CRITICAL - 2026-07-26 11:27:11 --> Table 'xkynpbah_titoo.telegram_premium' doesn't exist
#0 /home/xkynpbah/public_html/vendor/codeigniter4/framework/system/Database/MySQLi/Connection.php(292): mysqli->query('SELECT COUNT(*)...', 0)
#1 /home/xkynpbah/public_html/vendor/codeigniter4/framework/system/Database/BaseConnection.php(670): CodeIgniter\Database\MySQLi\Connection->execute('SELECT COUNT(*)...')
#2 /home/xkynpbah/public_html/vendor/codeigniter4/framework/system/Database/BaseConnection.php(598): CodeIgniter\Database\BaseConnection->simpleQuery('SELECT COUNT(*)...')
#3 /home/xkynpbah/public_html/vendor/codeigniter4/framework/system/Database/BaseBuilder.php(1527): CodeIgniter\Database\BaseConnection->query('SELECT COUNT(*)...', Array, false)
#4 /home/xkynpbah/public_html/app/Controllers/Telegram.php(165): CodeIgniter\Database\BaseBuilder->countAllResults()
#5 /home/xkynpbah/public_html/app/Controllers/Telegram.php(124): App\Controllers\Telegram->askForResetConfirmation(6719727245, 6719727245, Object(stdClass), 'akashbabu', Object(stdClass))
#6 /home/xkynpbah/public_html/vendor/codeigniter4/framework/system/CodeIgniter.php(824): App\Controllers\Telegram->index()
#7 /home/xkynpbah/public_html/vendor/codeigniter4/framework/system/CodeIgniter.php(410): CodeIgniter\CodeIgniter->runController(Object(App\Controllers\Telegram))
#8 /home/xkynpbah/public_html/vendor/codeigniter4/framework/system/CodeIgniter.php(318): CodeIgniter\CodeIgniter->handleRequest(NULL, Object(Config\Cache), false)
#9 /home/xkynpbah/public_html/index.php(37): CodeIgniter\CodeIgniter->run()
#10 {main}
ERROR - 2026-07-26 11:28:46 --> Telegram controller called
ERROR - 2026-07-26 11:28:46 --> Table 'xkynpbah_titoo.telegram_premium' doesn't exist
CRITICAL - 2026-07-26 11:28:46 --> Table 'xkynpbah_titoo.telegram_premium' doesn't exist
#0 /home/xkynpbah/public_html/vendor/codeigniter4/framework/system/Database/MySQLi/Connection.php(292): mysqli->query('SELECT COUNT(*)...', 0)
#1 /home/xkynpbah/public_html/vendor/codeigniter4/framework/system/Database/BaseConnection.php(670): CodeIgniter\Database\MySQLi\Connection->execute('SELECT COUNT(*)...')
#2 /home/xkynpbah/public_html/vendor/codeigniter4/framework/system/Database/BaseConnection.php(598): CodeIgniter\Database\BaseConnection->simpleQuery('SELECT COUNT(*)...')
#3 /home/xkynpbah/public_html/vendor/codeigniter4/framework/system/Database/BaseBuilder.php(1527): CodeIgniter\Database\BaseConnection->query('SELECT COUNT(*)...', Array, false)
#4 /home/xkynpbah/public_html/app/Controllers/Telegram.php(165): CodeIgniter\Database\BaseBuilder->countAllResults()
#5 /home/xkynpbah/public_html/app/Controllers/Telegram.php(124): App\Controllers\Telegram->askForResetConfirmation(6719727245, 6719727245, Object(stdClass), 'akashbabu', Object(stdClass))
#6 /home/xkynpbah/public_html/vendor/codeigniter4/framework/system/CodeIgniter.php(824): App\Controllers\Telegram->index()
#7 /home/xkynpbah/public_html/vendor/codeigniter4/framework/system/CodeIgniter.php(410): CodeIgniter\CodeIgniter->runController(Object(App\Controllers\Telegram))
#8 /home/xkynpbah/public_html/vendor/codeigniter4/framework/system/CodeIgniter.php(318): CodeIgniter\CodeIgniter->handleRequest(NULL, Object(Config\Cache), false)
#9 /home/xkynpbah/public_html/index.php(37): CodeIgniter\CodeIgniter->run()
#10 {main}
ERROR - 2026-07-26 11:30:46 --> Telegram controller called
ERROR - 2026-07-26 11:30:46 --> Table 'xkynpbah_titoo.telegram_premium' doesn't exist
CRITICAL - 2026-07-26 11:30:46 --> Table 'xkynpbah_titoo.telegram_premium' doesn't exist
#0 /home/xkynpbah/public_html/vendor/codeigniter4/framework/system/Database/MySQLi/Connection.php(292): mysqli->query('SELECT COUNT(*)...', 0)
#1 /home/xkynpbah/public_html/vendor/codeigniter4/framework/system/Database/BaseConnection.php(670): CodeIgniter\Database\MySQLi\Connection->execute('SELECT COUNT(*)...')
#2 /home/xkynpbah/public_html/vendor/codeigniter4/framework/system/Database/BaseConnection.php(598): CodeIgniter\Database\BaseConnection->simpleQuery('SELECT COUNT(*)...')
#3 /home/xkynpbah/public_html/vendor/codeigniter4/framework/system/Database/BaseBuilder.php(1527): CodeIgniter\Database\BaseConnection->query('SELECT COUNT(*)...', Array, false)
#4 /home/xkynpbah/public_html/app/Controllers/Telegram.php(165): CodeIgniter\Database\BaseBuilder->countAllResults()
#5 /home/xkynpbah/public_html/app/Controllers/Telegram.php(124): App\Controllers\Telegram->askForResetConfirmation(6719727245, 6719727245, Object(stdClass), 'akashbabu', Object(stdClass))
#6 /home/xkynpbah/public_html/vendor/codeigniter4/framework/system/CodeIgniter.php(824): App\Controllers\Telegram->index()
#7 /home/xkynpbah/public_html/vendor/codeigniter4/framework/system/CodeIgniter.php(410): CodeIgniter\CodeIgniter->runController(Object(App\Controllers\Telegram))
#8 /home/xkynpbah/public_html/vendor/codeigniter4/framework/system/CodeIgniter.php(318): CodeIgniter\CodeIgniter->handleRequest(NULL, Object(Config\Cache), false)
#9 /home/xkynpbah/public_html/index.php(37): CodeIgniter\CodeIgniter->run()
#10 {main}
ERROR - 2026-07-26 11:31:53 --> Telegram controller called
ERROR - 2026-07-26 11:31:53 --> Table 'xkynpbah_titoo.telegram_premium' doesn't exist
CRITICAL - 2026-07-26 11:31:53 --> Table 'xkynpbah_titoo.telegram_premium' doesn't exist
#0 /home/xkynpbah/public_html/vendor/codeigniter4/framework/system/Database/MySQLi/Connection.php(292): mysqli->query('SELECT COUNT(*)...', 0)
#1 /home/xkynpbah/public_html/vendor/codeigniter4/framework/system/Database/BaseConnection.php(670): CodeIgniter\Database\MySQLi\Connection->execute('SELECT COUNT(*)...')
#2 /home/xkynpbah/public_html/vendor/codeigniter4/framework/system/Database/BaseConnection.php(598): CodeIgniter\Database\BaseConnection->simpleQuery('SELECT COUNT(*)...')
#3 /home/xkynpbah/public_html/vendor/codeigniter4/framework/system/Database/BaseBuilder.php(1527): CodeIgniter\Database\BaseConnection->query('SELECT COUNT(*)...', Array, false)
#4 /home/xkynpbah/public_html/app/Controllers/Telegram.php(165): CodeIgniter\Database\BaseBuilder->countAllResults()
#5 /home/xkynpbah/public_html/app/Controllers/Telegram.php(124): App\Controllers\Telegram->askForResetConfirmation(6719727245, 6719727245, Object(stdClass), 'akashbabu', Object(stdClass))
#6 /home/xkynpbah/public_html/vendor/codeigniter4/framework/system/CodeIgniter.php(824): App\Controllers\Telegram->index()
#7 /home/xkynpbah/public_html/vendor/codeigniter4/framework/system/CodeIgniter.php(410): CodeIgniter\CodeIgniter->runController(Object(App\Controllers\Telegram))
#8 /home/xkynpbah/public_html/vendor/codeigniter4/framework/system/CodeIgniter.php(318): CodeIgniter\CodeIgniter->handleRequest(NULL, Object(Config\Cache), false)
#9 /home/xkynpbah/public_html/index.php(37): CodeIgniter\CodeIgniter->run()
#10 {main}
ERROR - 2026-07-26 11:33:44 --> Telegram controller called
ERROR - 2026-07-26 11:33:44 --> Table 'xkynpbah_titoo.telegram_premium' doesn't exist
CRITICAL - 2026-07-26 11:33:44 --> Table 'xkynpbah_titoo.telegram_premium' doesn't exist
#0 /home/xkynpbah/public_html/vendor/codeigniter4/framework/system/Database/MySQLi/Connection.php(292): mysqli->query('SELECT COUNT(*)...', 0)
#1 /home/xkynpbah/public_html/vendor/codeigniter4/framework/system/Database/BaseConnection.php(670): CodeIgniter\Database\MySQLi\Connection->execute('SELECT COUNT(*)...')
#2 /home/xkynpbah/public_html/vendor/codeigniter4/framework/system/Database/BaseConnection.php(598): CodeIgniter\Database\BaseConnection->simpleQuery('SELECT COUNT(*)...')
#3 /home/xkynpbah/public_html/vendor/codeigniter4/framework/system/Database/BaseBuilder.php(1527): CodeIgniter\Database\BaseConnection->query('SELECT COUNT(*)...', Array, false)
#4 /home/xkynpbah/public_html/app/Controllers/Telegram.php(165): CodeIgniter\Database\BaseBuilder->countAllResults()
#5 /home/xkynpbah/public_html/app/Controllers/Telegram.php(124): App\Controllers\Telegram->askForResetConfirmation(6719727245, 6719727245, Object(stdClass), 'akashbabu', Object(stdClass))
#6 /home/xkynpbah/public_html/vendor/codeigniter4/framework/system/CodeIgniter.php(824): App\Controllers\Telegram->index()
#7 /home/xkynpbah/public_html/vendor/codeigniter4/framework/system/CodeIgniter.php(410): CodeIgniter\CodeIgniter->runController(Object(App\Controllers\Telegram))
#8 /home/xkynpbah/public_html/vendor/codeigniter4/framework/system/CodeIgniter.php(318): CodeIgniter\CodeIgniter->handleRequest(NULL, Object(Config\Cache), false)
#9 /home/xkynpbah/public_html/index.php(37): CodeIgniter\CodeIgniter->run()
#10 {main}
ERROR - 2026-07-26 11:35:09 --> Telegram controller called
ERROR - 2026-07-26 11:35:09 --> Table 'xkynpbah_titoo.telegram_premium' doesn't exist
CRITICAL - 2026-07-26 11:35:09 --> Table 'xkynpbah_titoo.telegram_premium' doesn't exist
#0 /home/xkynpbah/public_html/vendor/codeigniter4/framework/system/Database/MySQLi/Connection.php(292): mysqli->query('SELECT COUNT(*)...', 0)
#1 /home/xkynpbah/public_html/vendor/codeigniter4/framework/system/Database/BaseConnection.php(670): CodeIgniter\Database\MySQLi\Connection->execute('SELECT COUNT(*)...')
#2 /home/xkynpbah/public_html/vendor/codeigniter4/framework/system/Database/BaseConnection.php(598): CodeIgniter\Database\BaseConnection->simpleQuery('SELECT COUNT(*)...')
#3 /home/xkynpbah/public_html/vendor/codeigniter4/framework/system/Database/BaseBuilder.php(1527): CodeIgniter\Database\BaseConnection->query('SELECT COUNT(*)...', Array, false)
#4 /home/xkynpbah/public_html/app/Controllers/Telegram.php(165): CodeIgniter\Database\BaseBuilder->countAllResults()
#5 /home/xkynpbah/public_html/app/Controllers/Telegram.php(124): App\Controllers\Telegram->askForResetConfirmation(6719727245, 6719727245, Object(stdClass), 'akashbabu', Object(stdClass))
#6 /home/xkynpbah/public_html/vendor/codeigniter4/framework/system/CodeIgniter.php(824): App\Controllers\Telegram->index()
#7 /home/xkynpbah/public_html/vendor/codeigniter4/framework/system/CodeIgniter.php(410): CodeIgniter\CodeIgniter->runController(Object(App\Controllers\Telegram))
#8 /home/xkynpbah/public_html/vendor/codeigniter4/framework/system/CodeIgniter.php(318): CodeIgniter\CodeIgniter->handleRequest(NULL, Object(Config\Cache), false)
#9 /home/xkynpbah/public_html/index.php(37): CodeIgniter\CodeIgniter->run()
#10 {main}
ERROR - 2026-07-26 11:36:31 --> Telegram controller called
ERROR - 2026-07-26 11:36:31 --> Table 'xkynpbah_titoo.telegram_premium' doesn't exist
CRITICAL - 2026-07-26 11:36:31 --> Table 'xkynpbah_titoo.telegram_premium' doesn't exist
#0 /home/xkynpbah/public_html/vendor/codeigniter4/framework/system/Database/MySQLi/Connection.php(292): mysqli->query('SELECT COUNT(*)...', 0)
#1 /home/xkynpbah/public_html/vendor/codeigniter4/framework/system/Database/BaseConnection.php(670): CodeIgniter\Database\MySQLi\Connection->execute('SELECT COUNT(*)...')
#2 /home/xkynpbah/public_html/vendor/codeigniter4/framework/system/Database/BaseConnection.php(598): CodeIgniter\Database\BaseConnection->simpleQuery('SELECT COUNT(*)...')
#3 /home/xkynpbah/public_html/vendor/codeigniter4/framework/system/Database/BaseBuilder.php(1527): CodeIgniter\Database\BaseConnection->query('SELECT COUNT(*)...', Array, false)
#4 /home/xkynpbah/public_html/app/Controllers/Telegram.php(165): CodeIgniter\Database\BaseBuilder->countAllResults()
#5 /home/xkynpbah/public_html/app/Controllers/Telegram.php(124): App\Controllers\Telegram->askForResetConfirmation(6719727245, 6719727245, Object(stdClass), 'akashbabu', Object(stdClass))
#6 /home/xkynpbah/public_html/vendor/codeigniter4/framework/system/CodeIgniter.php(824): App\Controllers\Telegram->index()
#7 /home/xkynpbah/public_html/vendor/codeigniter4/framework/system/CodeIgniter.php(410): CodeIgniter\CodeIgniter->runController(Object(App\Controllers\Telegram))
#8 /home/xkynpbah/public_html/vendor/codeigniter4/framework/system/CodeIgniter.php(318): CodeIgniter\CodeIgniter->handleRequest(NULL, Object(Config\Cache), false)
#9 /home/xkynpbah/public_html/index.php(37): CodeIgniter\CodeIgniter->run()
#10 {main}
ERROR - 2026-07-26 11:38:29 --> Telegram controller called
ERROR - 2026-07-26 11:38:29 --> Table 'xkynpbah_titoo.telegram_premium' doesn't exist
CRITICAL - 2026-07-26 11:38:29 --> Table 'xkynpbah_titoo.telegram_premium' doesn't exist
#0 /home/xkynpbah/public_html/vendor/codeigniter4/framework/system/Database/MySQLi/Connection.php(292): mysqli->query('SELECT COUNT(*)...', 0)
#1 /home/xkynpbah/public_html/vendor/codeigniter4/framework/system/Database/BaseConnection.php(670): CodeIgniter\Database\MySQLi\Connection->execute('SELECT COUNT(*)...')
#2 /home/xkynpbah/public_html/vendor/codeigniter4/framework/system/Database/BaseConnection.php(598): CodeIgniter\Database\BaseConnection->simpleQuery('SELECT COUNT(*)...')
#3 /home/xkynpbah/public_html/vendor/codeigniter4/framework/system/Database/BaseBuilder.php(1527): CodeIgniter\Database\BaseConnection->query('SELECT COUNT(*)...', Array, false)
#4 /home/xkynpbah/public_html/app/Controllers/Telegram.php(165): CodeIgniter\Database\BaseBuilder->countAllResults()
#5 /home/xkynpbah/public_html/app/Controllers/Telegram.php(124): App\Controllers\Telegram->askForResetConfirmation(6719727245, 6719727245, Object(stdClass), 'akashbabu', Object(stdClass))
#6 /home/xkynpbah/public_html/vendor/codeigniter4/framework/system/CodeIgniter.php(824): App\Controllers\Telegram->index()
#7 /home/xkynpbah/public_html/vendor/codeigniter4/framework/system/CodeIgniter.php(410): CodeIgniter\CodeIgniter->runController(Object(App\Controllers\Telegram))
#8 /home/xkynpbah/public_html/vendor/codeigniter4/framework/system/CodeIgniter.php(318): CodeIgniter\CodeIgniter->handleRequest(NULL, Object(Config\Cache), false)
#9 /home/xkynpbah/public_html/index.php(37): CodeIgniter\CodeIgniter->run()
#10 {main}
ERROR - 2026-07-26 11:39:40 --> Telegram controller called
ERROR - 2026-07-26 11:39:40 --> Table 'xkynpbah_titoo.telegram_premium' doesn't exist
CRITICAL - 2026-07-26 11:39:40 --> Table 'xkynpbah_titoo.telegram_premium' doesn't exist
#0 /home/xkynpbah/public_html/vendor/codeigniter4/framework/system/Database/MySQLi/Connection.php(292): mysqli->query('SELECT COUNT(*)...', 0)
#1 /home/xkynpbah/public_html/vendor/codeigniter4/framework/system/Database/BaseConnection.php(670): CodeIgniter\Database\MySQLi\Connection->execute('SELECT COUNT(*)...')
#2 /home/xkynpbah/public_html/vendor/codeigniter4/framework/system/Database/BaseConnection.php(598): CodeIgniter\Database\BaseConnection->simpleQuery('SELECT COUNT(*)...')
#3 /home/xkynpbah/public_html/vendor/codeigniter4/framework/system/Database/BaseBuilder.php(1527): CodeIgniter\Database\BaseConnection->query('SELECT COUNT(*)...', Array, false)
#4 /home/xkynpbah/public_html/app/Controllers/Telegram.php(165): CodeIgniter\Database\BaseBuilder->countAllResults()
#5 /home/xkynpbah/public_html/app/Controllers/Telegram.php(124): App\Controllers\Telegram->askForResetConfirmation(6719727245, 6719727245, Object(stdClass), 'akashbabu', Object(stdClass))
#6 /home/xkynpbah/public_html/vendor/codeigniter4/framework/system/CodeIgniter.php(824): App\Controllers\Telegram->index()
#7 /home/xkynpbah/public_html/vendor/codeigniter4/framework/system/CodeIgniter.php(410): CodeIgniter\CodeIgniter->runController(Object(App\Controllers\Telegram))
#8 /home/xkynpbah/public_html/vendor/codeigniter4/framework/system/CodeIgniter.php(318): CodeIgniter\CodeIgniter->handleRequest(NULL, Object(Config\Cache), false)
#9 /home/xkynpbah/public_html/index.php(37): CodeIgniter\CodeIgniter->run()
#10 {main}
ERROR - 2026-07-26 11:41:07 --> Telegram controller called
ERROR - 2026-07-26 11:41:07 --> Table 'xkynpbah_titoo.telegram_premium' doesn't exist
CRITICAL - 2026-07-26 11:41:07 --> Table 'xkynpbah_titoo.telegram_premium' doesn't exist
#0 /home/xkynpbah/public_html/vendor/codeigniter4/framework/system/Database/MySQLi/Connection.php(292): mysqli->query('SELECT COUNT(*)...', 0)
#1 /home/xkynpbah/public_html/vendor/codeigniter4/framework/system/Database/BaseConnection.php(670): CodeIgniter\Database\MySQLi\Connection->execute('SELECT COUNT(*)...')
#2 /home/xkynpbah/public_html/vendor/codeigniter4/framework/system/Database/BaseConnection.php(598): CodeIgniter\Database\BaseConnection->simpleQuery('SELECT COUNT(*)...')
#3 /home/xkynpbah/public_html/vendor/codeigniter4/framework/system/Database/BaseBuilder.php(1527): CodeIgniter\Database\BaseConnection->query('SELECT COUNT(*)...', Array, false)
#4 /home/xkynpbah/public_html/app/Controllers/Telegram.php(165): CodeIgniter\Database\BaseBuilder->countAllResults()
#5 /home/xkynpbah/public_html/app/Controllers/Telegram.php(124): App\Controllers\Telegram->askForResetConfirmation(6719727245, 6719727245, Object(stdClass), 'akashbabu', Object(stdClass))
#6 /home/xkynpbah/public_html/vendor/codeigniter4/framework/system/CodeIgniter.php(824): App\Controllers\Telegram->index()
#7 /home/xkynpbah/public_html/vendor/codeigniter4/framework/system/CodeIgniter.php(410): CodeIgniter\CodeIgniter->runController(Object(App\Controllers\Telegram))
#8 /home/xkynpbah/public_html/vendor/codeigniter4/framework/system/CodeIgniter.php(318): CodeIgniter\CodeIgniter->handleRequest(NULL, Object(Config\Cache), false)
#9 /home/xkynpbah/public_html/index.php(37): CodeIgniter\CodeIgniter->run()
#10 {main}
ERROR - 2026-07-26 11:42:17 --> Telegram controller called
ERROR - 2026-07-26 11:42:17 --> Table 'xkynpbah_titoo.telegram_premium' doesn't exist
CRITICAL - 2026-07-26 11:42:17 --> Table 'xkynpbah_titoo.telegram_premium' doesn't exist
#0 /home/xkynpbah/public_html/vendor/codeigniter4/framework/system/Database/MySQLi/Connection.php(292): mysqli->query('SELECT COUNT(*)...', 0)
#1 /home/xkynpbah/public_html/vendor/codeigniter4/framework/system/Database/BaseConnection.php(670): CodeIgniter\Database\MySQLi\Connection->execute('SELECT COUNT(*)...')
#2 /home/xkynpbah/public_html/vendor/codeigniter4/framework/system/Database/BaseConnection.php(598): CodeIgniter\Database\BaseConnection->simpleQuery('SELECT COUNT(*)...')
#3 /home/xkynpbah/public_html/vendor/codeigniter4/framework/system/Database/BaseBuilder.php(1527): CodeIgniter\Database\BaseConnection->query('SELECT COUNT(*)...', Array, false)
#4 /home/xkynpbah/public_html/app/Controllers/Telegram.php(165): CodeIgniter\Database\BaseBuilder->countAllResults()
#5 /home/xkynpbah/public_html/app/Controllers/Telegram.php(124): App\Controllers\Telegram->askForResetConfirmation(6719727245, 6719727245, Object(stdClass), 'akashbabu', Object(stdClass))
#6 /home/xkynpbah/public_html/vendor/codeigniter4/framework/system/CodeIgniter.php(824): App\Controllers\Telegram->index()
#7 /home/xkynpbah/public_html/vendor/codeigniter4/framework/system/CodeIgniter.php(410): CodeIgniter\CodeIgniter->runController(Object(App\Controllers\Telegram))
#8 /home/xkynpbah/public_html/vendor/codeigniter4/framework/system/CodeIgniter.php(318): CodeIgniter\CodeIgniter->handleRequest(NULL, Object(Config\Cache), false)
#9 /home/xkynpbah/public_html/index.php(37): CodeIgniter\CodeIgniter->run()
#10 {main}
ERROR - 2026-07-26 11:43:18 --> Telegram controller called
ERROR - 2026-07-26 11:43:18 --> Table 'xkynpbah_titoo.telegram_premium' doesn't exist
CRITICAL - 2026-07-26 11:43:18 --> Table 'xkynpbah_titoo.telegram_premium' doesn't exist
#0 /home/xkynpbah/public_html/vendor/codeigniter4/framework/system/Database/MySQLi/Connection.php(292): mysqli->query('SELECT COUNT(*)...', 0)
#1 /home/xkynpbah/public_html/vendor/codeigniter4/framework/system/Database/BaseConnection.php(670): CodeIgniter\Database\MySQLi\Connection->execute('SELECT COUNT(*)...')
#2 /home/xkynpbah/public_html/vendor/codeigniter4/framework/system/Database/BaseConnection.php(598): CodeIgniter\Database\BaseConnection->simpleQuery('SELECT COUNT(*)...')
#3 /home/xkynpbah/public_html/vendor/codeigniter4/framework/system/Database/BaseBuilder.php(1527): CodeIgniter\Database\BaseConnection->query('SELECT COUNT(*)...', Array, false)
#4 /home/xkynpbah/public_html/app/Controllers/Telegram.php(165): CodeIgniter\Database\BaseBuilder->countAllResults()
#5 /home/xkynpbah/public_html/app/Controllers/Telegram.php(124): App\Controllers\Telegram->askForResetConfirmation(6719727245, 6719727245, Object(stdClass), 'akashbabu', Object(stdClass))
#6 /home/xkynpbah/public_html/vendor/codeigniter4/framework/system/CodeIgniter.php(824): App\Controllers\Telegram->index()
#7 /home/xkynpbah/public_html/vendor/codeigniter4/framework/system/CodeIgniter.php(410): CodeIgniter\CodeIgniter->runController(Object(App\Controllers\Telegram))
#8 /home/xkynpbah/public_html/vendor/codeigniter4/framework/system/CodeIgniter.php(318): CodeIgniter\CodeIgniter->handleRequest(NULL, Object(Config\Cache), false)
#9 /home/xkynpbah/public_html/index.php(37): CodeIgniter\CodeIgniter->run()
#10 {main}
ERROR - 2026-07-26 11:44:50 --> Telegram controller called
ERROR - 2026-07-26 11:44:50 --> Table 'xkynpbah_titoo.telegram_premium' doesn't exist
CRITICAL - 2026-07-26 11:44:50 --> Table 'xkynpbah_titoo.telegram_premium' doesn't exist
#0 /home/xkynpbah/public_html/vendor/codeigniter4/framework/system/Database/MySQLi/Connection.php(292): mysqli->query('SELECT COUNT(*)...', 0)
#1 /home/xkynpbah/public_html/vendor/codeigniter4/framework/system/Database/BaseConnection.php(670): CodeIgniter\Database\MySQLi\Connection->execute('SELECT COUNT(*)...')
#2 /home/xkynpbah/public_html/vendor/codeigniter4/framework/system/Database/BaseConnection.php(598): CodeIgniter\Database\BaseConnection->simpleQuery('SELECT COUNT(*)...')
#3 /home/xkynpbah/public_html/vendor/codeigniter4/framework/system/Database/BaseBuilder.php(1527): CodeIgniter\Database\BaseConnection->query('SELECT COUNT(*)...', Array, false)
#4 /home/xkynpbah/public_html/app/Controllers/Telegram.php(165): CodeIgniter\Database\BaseBuilder->countAllResults()
#5 /home/xkynpbah/public_html/app/Controllers/Telegram.php(124): App\Controllers\Telegram->askForResetConfirmation(6719727245, 6719727245, Object(stdClass), 'akashbabu', Object(stdClass))
#6 /home/xkynpbah/public_html/vendor/codeigniter4/framework/system/CodeIgniter.php(824): App\Controllers\Telegram->index()
#7 /home/xkynpbah/public_html/vendor/codeigniter4/framework/system/CodeIgniter.php(410): CodeIgniter\CodeIgniter->runController(Object(App\Controllers\Telegram))
#8 /home/xkynpbah/public_html/vendor/codeigniter4/framework/system/CodeIgniter.php(318): CodeIgniter\CodeIgniter->handleRequest(NULL, Object(Config\Cache), false)
#9 /home/xkynpbah/public_html/index.php(37): CodeIgniter\CodeIgniter->run()
#10 {main}
ERROR - 2026-07-26 11:46:42 --> Telegram controller called
ERROR - 2026-07-26 11:46:42 --> Table 'xkynpbah_titoo.telegram_premium' doesn't exist
CRITICAL - 2026-07-26 11:46:42 --> Table 'xkynpbah_titoo.telegram_premium' doesn't exist
#0 /home/xkynpbah/public_html/vendor/codeigniter4/framework/system/Database/MySQLi/Connection.php(292): mysqli->query('SELECT COUNT(*)...', 0)
#1 /home/xkynpbah/public_html/vendor/codeigniter4/framework/system/Database/BaseConnection.php(670): CodeIgniter\Database\MySQLi\Connection->execute('SELECT COUNT(*)...')
#2 /home/xkynpbah/public_html/vendor/codeigniter4/framework/system/Database/BaseConnection.php(598): CodeIgniter\Database\BaseConnection->simpleQuery('SELECT COUNT(*)...')
#3 /home/xkynpbah/public_html/vendor/codeigniter4/framework/system/Database/BaseBuilder.php(1527): CodeIgniter\Database\BaseConnection->query('SELECT COUNT(*)...', Array, false)
#4 /home/xkynpbah/public_html/app/Controllers/Telegram.php(165): CodeIgniter\Database\BaseBuilder->countAllResults()
#5 /home/xkynpbah/public_html/app/Controllers/Telegram.php(124): App\Controllers\Telegram->askForResetConfirmation(6719727245, 6719727245, Object(stdClass), 'akashbabu', Object(stdClass))
#6 /home/xkynpbah/public_html/vendor/codeigniter4/framework/system/CodeIgniter.php(824): App\Controllers\Telegram->index()
#7 /home/xkynpbah/public_html/vendor/codeigniter4/framework/system/CodeIgniter.php(410): CodeIgniter\CodeIgniter->runController(Object(App\Controllers\Telegram))
#8 /home/xkynpbah/public_html/vendor/codeigniter4/framework/system/CodeIgniter.php(318): CodeIgniter\CodeIgniter->handleRequest(NULL, Object(Config\Cache), false)
#9 /home/xkynpbah/public_html/index.php(37): CodeIgniter\CodeIgniter->run()
#10 {main}
ERROR - 2026-07-26 11:48:41 --> Telegram controller called
ERROR - 2026-07-26 11:48:41 --> Table 'xkynpbah_titoo.telegram_premium' doesn't exist
CRITICAL - 2026-07-26 11:48:41 --> Table 'xkynpbah_titoo.telegram_premium' doesn't exist
#0 /home/xkynpbah/public_html/vendor/codeigniter4/framework/system/Database/MySQLi/Connection.php(292): mysqli->query('SELECT COUNT(*)...', 0)
#1 /home/xkynpbah/public_html/vendor/codeigniter4/framework/system/Database/BaseConnection.php(670): CodeIgniter\Database\MySQLi\Connection->execute('SELECT COUNT(*)...')
#2 /home/xkynpbah/public_html/vendor/codeigniter4/framework/system/Database/BaseConnection.php(598): CodeIgniter\Database\BaseConnection->simpleQuery('SELECT COUNT(*)...')
#3 /home/xkynpbah/public_html/vendor/codeigniter4/framework/system/Database/BaseBuilder.php(1527): CodeIgniter\Database\BaseConnection->query('SELECT COUNT(*)...', Array, false)
#4 /home/xkynpbah/public_html/app/Controllers/Telegram.php(165): CodeIgniter\Database\BaseBuilder->countAllResults()
#5 /home/xkynpbah/public_html/app/Controllers/Telegram.php(124): App\Controllers\Telegram->askForResetConfirmation(6719727245, 6719727245, Object(stdClass), 'akashbabu', Object(stdClass))
#6 /home/xkynpbah/public_html/vendor/codeigniter4/framework/system/CodeIgniter.php(824): App\Controllers\Telegram->index()
#7 /home/xkynpbah/public_html/vendor/codeigniter4/framework/system/CodeIgniter.php(410): CodeIgniter\CodeIgniter->runController(Object(App\Controllers\Telegram))
#8 /home/xkynpbah/public_html/vendor/codeigniter4/framework/system/CodeIgniter.php(318): CodeIgniter\CodeIgniter->handleRequest(NULL, Object(Config\Cache), false)
#9 /home/xkynpbah/public_html/index.php(37): CodeIgniter\CodeIgniter->run()
#10 {main}
ERROR - 2026-07-26 11:50:38 --> Telegram controller called
ERROR - 2026-07-26 11:50:38 --> Table 'xkynpbah_titoo.telegram_premium' doesn't exist
CRITICAL - 2026-07-26 11:50:38 --> Table 'xkynpbah_titoo.telegram_premium' doesn't exist
#0 /home/xkynpbah/public_html/vendor/codeigniter4/framework/system/Database/MySQLi/Connection.php(292): mysqli->query('SELECT COUNT(*)...', 0)
#1 /home/xkynpbah/public_html/vendor/codeigniter4/framework/system/Database/BaseConnection.php(670): CodeIgniter\Database\MySQLi\Connection->execute('SELECT COUNT(*)...')
#2 /home/xkynpbah/public_html/vendor/codeigniter4/framework/system/Database/BaseConnection.php(598): CodeIgniter\Database\BaseConnection->simpleQuery('SELECT COUNT(*)...')
#3 /home/xkynpbah/public_html/vendor/codeigniter4/framework/system/Database/BaseBuilder.php(1527): CodeIgniter\Database\BaseConnection->query('SELECT COUNT(*)...', Array, false)
#4 /home/xkynpbah/public_html/app/Controllers/Telegram.php(165): CodeIgniter\Database\BaseBuilder->countAllResults()
#5 /home/xkynpbah/public_html/app/Controllers/Telegram.php(124): App\Controllers\Telegram->askForResetConfirmation(6719727245, 6719727245, Object(stdClass), 'akashbabu', Object(stdClass))
#6 /home/xkynpbah/public_html/vendor/codeigniter4/framework/system/CodeIgniter.php(824): App\Controllers\Telegram->index()
#7 /home/xkynpbah/public_html/vendor/codeigniter4/framework/system/CodeIgniter.php(410): CodeIgniter\CodeIgniter->runController(Object(App\Controllers\Telegram))
#8 /home/xkynpbah/public_html/vendor/codeigniter4/framework/system/CodeIgniter.php(318): CodeIgniter\CodeIgniter->handleRequest(NULL, Object(Config\Cache), false)
#9 /home/xkynpbah/public_html/index.php(37): CodeIgniter\CodeIgniter->run()
#10 {main}
ERROR - 2026-07-26 11:52:16 --> Telegram controller called
ERROR - 2026-07-26 11:52:16 --> Table 'xkynpbah_titoo.telegram_premium' doesn't exist
CRITICAL - 2026-07-26 11:52:16 --> Table 'xkynpbah_titoo.telegram_premium' doesn't exist
#0 /home/xkynpbah/public_html/vendor/codeigniter4/framework/system/Database/MySQLi/Connection.php(292): mysqli->query('SELECT COUNT(*)...', 0)
#1 /home/xkynpbah/public_html/vendor/codeigniter4/framework/system/Database/BaseConnection.php(670): CodeIgniter\Database\MySQLi\Connection->execute('SELECT COUNT(*)...')
#2 /home/xkynpbah/public_html/vendor/codeigniter4/framework/system/Database/BaseConnection.php(598): CodeIgniter\Database\BaseConnection->simpleQuery('SELECT COUNT(*)...')
#3 /home/xkynpbah/public_html/vendor/codeigniter4/framework/system/Database/BaseBuilder.php(1527): CodeIgniter\Database\BaseConnection->query('SELECT COUNT(*)...', Array, false)
#4 /home/xkynpbah/public_html/app/Controllers/Telegram.php(165): CodeIgniter\Database\BaseBuilder->countAllResults()
#5 /home/xkynpbah/public_html/app/Controllers/Telegram.php(124): App\Controllers\Telegram->askForResetConfirmation(6719727245, 6719727245, Object(stdClass), 'akashbabu', Object(stdClass))
#6 /home/xkynpbah/public_html/vendor/codeigniter4/framework/system/CodeIgniter.php(824): App\Controllers\Telegram->index()
#7 /home/xkynpbah/public_html/vendor/codeigniter4/framework/system/CodeIgniter.php(410): CodeIgniter\CodeIgniter->runController(Object(App\Controllers\Telegram))
#8 /home/xkynpbah/public_html/vendor/codeigniter4/framework/system/CodeIgniter.php(318): CodeIgniter\CodeIgniter->handleRequest(NULL, Object(Config\Cache), false)
#9 /home/xkynpbah/public_html/index.php(37): CodeIgniter\CodeIgniter->run()
#10 {main}
ERROR - 2026-07-26 11:53:33 --> Telegram controller called
ERROR - 2026-07-26 11:53:33 --> Table 'xkynpbah_titoo.telegram_premium' doesn't exist
CRITICAL - 2026-07-26 11:53:33 --> Table 'xkynpbah_titoo.telegram_premium' doesn't exist
#0 /home/xkynpbah/public_html/vendor/codeigniter4/framework/system/Database/MySQLi/Connection.php(292): mysqli->query('SELECT COUNT(*)...', 0)
#1 /home/xkynpbah/public_html/vendor/codeigniter4/framework/system/Database/BaseConnection.php(670): CodeIgniter\Database\MySQLi\Connection->execute('SELECT COUNT(*)...')
#2 /home/xkynpbah/public_html/vendor/codeigniter4/framework/system/Database/BaseConnection.php(598): CodeIgniter\Database\BaseConnection->simpleQuery('SELECT COUNT(*)...')
#3 /home/xkynpbah/public_html/vendor/codeigniter4/framework/system/Database/BaseBuilder.php(1527): CodeIgniter\Database\BaseConnection->query('SELECT COUNT(*)...', Array, false)
#4 /home/xkynpbah/public_html/app/Controllers/Telegram.php(165): CodeIgniter\Database\BaseBuilder->countAllResults()
#5 /home/xkynpbah/public_html/app/Controllers/Telegram.php(124): App\Controllers\Telegram->askForResetConfirmation(6719727245, 6719727245, Object(stdClass), 'akashbabu', Object(stdClass))
#6 /home/xkynpbah/public_html/vendor/codeigniter4/framework/system/CodeIgniter.php(824): App\Controllers\Telegram->index()
#7 /home/xkynpbah/public_html/vendor/codeigniter4/framework/system/CodeIgniter.php(410): CodeIgniter\CodeIgniter->runController(Object(App\Controllers\Telegram))
#8 /home/xkynpbah/public_html/vendor/codeigniter4/framework/system/CodeIgniter.php(318): CodeIgniter\CodeIgniter->handleRequest(NULL, Object(Config\Cache), false)
#9 /home/xkynpbah/public_html/index.php(37): CodeIgniter\CodeIgniter->run()
#10 {main}
ERROR - 2026-07-26 11:55:04 --> Telegram controller called
ERROR - 2026-07-26 11:55:04 --> Table 'xkynpbah_titoo.telegram_premium' doesn't exist
CRITICAL - 2026-07-26 11:55:04 --> Table 'xkynpbah_titoo.telegram_premium' doesn't exist
#0 /home/xkynpbah/public_html/vendor/codeigniter4/framework/system/Database/MySQLi/Connection.php(292): mysqli->query('SELECT COUNT(*)...', 0)
#1 /home/xkynpbah/public_html/vendor/codeigniter4/framework/system/Database/BaseConnection.php(670): CodeIgniter\Database\MySQLi\Connection->execute('SELECT COUNT(*)...')
#2 /home/xkynpbah/public_html/vendor/codeigniter4/framework/system/Database/BaseConnection.php(598): CodeIgniter\Database\BaseConnection->simpleQuery('SELECT COUNT(*)...')
#3 /home/xkynpbah/public_html/vendor/codeigniter4/framework/system/Database/BaseBuilder.php(1527): CodeIgniter\Database\BaseConnection->query('SELECT COUNT(*)...', Array, false)
#4 /home/xkynpbah/public_html/app/Controllers/Telegram.php(165): CodeIgniter\Database\BaseBuilder->countAllResults()
#5 /home/xkynpbah/public_html/app/Controllers/Telegram.php(124): App\Controllers\Telegram->askForResetConfirmation(6719727245, 6719727245, Object(stdClass), 'akashbabu', Object(stdClass))
#6 /home/xkynpbah/public_html/vendor/codeigniter4/framework/system/CodeIgniter.php(824): App\Controllers\Telegram->index()
#7 /home/xkynpbah/public_html/vendor/codeigniter4/framework/system/CodeIgniter.php(410): CodeIgniter\CodeIgniter->runController(Object(App\Controllers\Telegram))
#8 /home/xkynpbah/public_html/vendor/codeigniter4/framework/system/CodeIgniter.php(318): CodeIgniter\CodeIgniter->handleRequest(NULL, Object(Config\Cache), false)
#9 /home/xkynpbah/public_html/index.php(37): CodeIgniter\CodeIgniter->run()
#10 {main}
ERROR - 2026-07-26 11:56:48 --> Telegram controller called
ERROR - 2026-07-26 11:56:48 --> Table 'xkynpbah_titoo.telegram_premium' doesn't exist
CRITICAL - 2026-07-26 11:56:48 --> Table 'xkynpbah_titoo.telegram_premium' doesn't exist
#0 /home/xkynpbah/public_html/vendor/codeigniter4/framework/system/Database/MySQLi/Connection.php(292): mysqli->query('SELECT COUNT(*)...', 0)
#1 /home/xkynpbah/public_html/vendor/codeigniter4/framework/system/Database/BaseConnection.php(670): CodeIgniter\Database\MySQLi\Connection->execute('SELECT COUNT(*)...')
#2 /home/xkynpbah/public_html/vendor/codeigniter4/framework/system/Database/BaseConnection.php(598): CodeIgniter\Database\BaseConnection->simpleQuery('SELECT COUNT(*)...')
#3 /home/xkynpbah/public_html/vendor/codeigniter4/framework/system/Database/BaseBuilder.php(1527): CodeIgniter\Database\BaseConnection->query('SELECT COUNT(*)...', Array, false)
#4 /home/xkynpbah/public_html/app/Controllers/Telegram.php(165): CodeIgniter\Database\BaseBuilder->countAllResults()
#5 /home/xkynpbah/public_html/app/Controllers/Telegram.php(124): App\Controllers\Telegram->askForResetConfirmation(6719727245, 6719727245, Object(stdClass), 'akashbabu', Object(stdClass))
#6 /home/xkynpbah/public_html/vendor/codeigniter4/framework/system/CodeIgniter.php(824): App\Controllers\Telegram->index()
#7 /home/xkynpbah/public_html/vendor/codeigniter4/framework/system/CodeIgniter.php(410): CodeIgniter\CodeIgniter->runController(Object(App\Controllers\Telegram))
#8 /home/xkynpbah/public_html/vendor/codeigniter4/framework/system/CodeIgniter.php(318): CodeIgniter\CodeIgniter->handleRequest(NULL, Object(Config\Cache), false)
#9 /home/xkynpbah/public_html/index.php(37): CodeIgniter\CodeIgniter->run()
#10 {main}
ERROR - 2026-07-26 11:57:53 --> Telegram controller called
ERROR - 2026-07-26 11:57:53 --> Table 'xkynpbah_titoo.telegram_premium' doesn't exist
CRITICAL - 2026-07-26 11:57:53 --> Table 'xkynpbah_titoo.telegram_premium' doesn't exist
#0 /home/xkynpbah/public_html/vendor/codeigniter4/framework/system/Database/MySQLi/Connection.php(292): mysqli->query('SELECT COUNT(*)...', 0)
#1 /home/xkynpbah/public_html/vendor/codeigniter4/framework/system/Database/BaseConnection.php(670): CodeIgniter\Database\MySQLi\Connection->execute('SELECT COUNT(*)...')
#2 /home/xkynpbah/public_html/vendor/codeigniter4/framework/system/Database/BaseConnection.php(598): CodeIgniter\Database\BaseConnection->simpleQuery('SELECT COUNT(*)...')
#3 /home/xkynpbah/public_html/vendor/codeigniter4/framework/system/Database/BaseBuilder.php(1527): CodeIgniter\Database\BaseConnection->query('SELECT COUNT(*)...', Array, false)
#4 /home/xkynpbah/public_html/app/Controllers/Telegram.php(165): CodeIgniter\Database\BaseBuilder->countAllResults()
#5 /home/xkynpbah/public_html/app/Controllers/Telegram.php(124): App\Controllers\Telegram->askForResetConfirmation(6719727245, 6719727245, Object(stdClass), 'akashbabu', Object(stdClass))
#6 /home/xkynpbah/public_html/vendor/codeigniter4/framework/system/CodeIgniter.php(824): App\Controllers\Telegram->index()
#7 /home/xkynpbah/public_html/vendor/codeigniter4/framework/system/CodeIgniter.php(410): CodeIgniter\CodeIgniter->runController(Object(App\Controllers\Telegram))
#8 /home/xkynpbah/public_html/vendor/codeigniter4/framework/system/CodeIgniter.php(318): CodeIgniter\CodeIgniter->handleRequest(NULL, Object(Config\Cache), false)
#9 /home/xkynpbah/public_html/index.php(37): CodeIgniter\CodeIgniter->run()
#10 {main}
ERROR - 2026-07-26 11:59:03 --> Telegram controller called
ERROR - 2026-07-26 11:59:03 --> Table 'xkynpbah_titoo.telegram_premium' doesn't exist
CRITICAL - 2026-07-26 11:59:03 --> Table 'xkynpbah_titoo.telegram_premium' doesn't exist
#0 /home/xkynpbah/public_html/vendor/codeigniter4/framework/system/Database/MySQLi/Connection.php(292): mysqli->query('SELECT COUNT(*)...', 0)
#1 /home/xkynpbah/public_html/vendor/codeigniter4/framework/system/Database/BaseConnection.php(670): CodeIgniter\Database\MySQLi\Connection->execute('SELECT COUNT(*)...')
#2 /home/xkynpbah/public_html/vendor/codeigniter4/framework/system/Database/BaseConnection.php(598): CodeIgniter\Database\BaseConnection->simpleQuery('SELECT COUNT(*)...')
#3 /home/xkynpbah/public_html/vendor/codeigniter4/framework/system/Database/BaseBuilder.php(1527): CodeIgniter\Database\BaseConnection->query('SELECT COUNT(*)...', Array, false)
#4 /home/xkynpbah/public_html/app/Controllers/Telegram.php(165): CodeIgniter\Database\BaseBuilder->countAllResults()
#5 /home/xkynpbah/public_html/app/Controllers/Telegram.php(124): App\Controllers\Telegram->askForResetConfirmation(6719727245, 6719727245, Object(stdClass), 'akashbabu', Object(stdClass))
#6 /home/xkynpbah/public_html/vendor/codeigniter4/framework/system/CodeIgniter.php(824): App\Controllers\Telegram->index()
#7 /home/xkynpbah/public_html/vendor/codeigniter4/framework/system/CodeIgniter.php(410): CodeIgniter\CodeIgniter->runController(Object(App\Controllers\Telegram))
#8 /home/xkynpbah/public_html/vendor/codeigniter4/framework/system/CodeIgniter.php(318): CodeIgniter\CodeIgniter->handleRequest(NULL, Object(Config\Cache), false)
#9 /home/xkynpbah/public_html/index.php(37): CodeIgniter\CodeIgniter->run()
#10 {main}
ERROR - 2026-07-26 12:00:44 --> Telegram controller called
ERROR - 2026-07-26 12:00:44 --> Table 'xkynpbah_titoo.telegram_premium' doesn't exist
CRITICAL - 2026-07-26 12:00:44 --> Table 'xkynpbah_titoo.telegram_premium' doesn't exist
#0 /home/xkynpbah/public_html/vendor/codeigniter4/framework/system/Database/MySQLi/Connection.php(292): mysqli->query('SELECT COUNT(*)...', 0)
#1 /home/xkynpbah/public_html/vendor/codeigniter4/framework/system/Database/BaseConnection.php(670): CodeIgniter\Database\MySQLi\Connection->execute('SELECT COUNT(*)...')
#2 /home/xkynpbah/public_html/vendor/codeigniter4/framework/system/Database/BaseConnection.php(598): CodeIgniter\Database\BaseConnection->simpleQuery('SELECT COUNT(*)...')
#3 /home/xkynpbah/public_html/vendor/codeigniter4/framework/system/Database/BaseBuilder.php(1527): CodeIgniter\Database\BaseConnection->query('SELECT COUNT(*)...', Array, false)
#4 /home/xkynpbah/public_html/app/Controllers/Telegram.php(165): CodeIgniter\Database\BaseBuilder->countAllResults()
#5 /home/xkynpbah/public_html/app/Controllers/Telegram.php(124): App\Controllers\Telegram->askForResetConfirmation(6719727245, 6719727245, Object(stdClass), 'akashbabu', Object(stdClass))
#6 /home/xkynpbah/public_html/vendor/codeigniter4/framework/system/CodeIgniter.php(824): App\Controllers\Telegram->index()
#7 /home/xkynpbah/public_html/vendor/codeigniter4/framework/system/CodeIgniter.php(410): CodeIgniter\CodeIgniter->runController(Object(App\Controllers\Telegram))
#8 /home/xkynpbah/public_html/vendor/codeigniter4/framework/system/CodeIgniter.php(318): CodeIgniter\CodeIgniter->handleRequest(NULL, Object(Config\Cache), false)
#9 /home/xkynpbah/public_html/index.php(37): CodeIgniter\CodeIgniter->run()
#10 {main}
ERROR - 2026-07-26 12:01:53 --> Telegram controller called
ERROR - 2026-07-26 12:01:53 --> Table 'xkynpbah_titoo.telegram_premium' doesn't exist
CRITICAL - 2026-07-26 12:01:53 --> Table 'xkynpbah_titoo.telegram_premium' doesn't exist
#0 /home/xkynpbah/public_html/vendor/codeigniter4/framework/system/Database/MySQLi/Connection.php(292): mysqli->query('SELECT COUNT(*)...', 0)
#1 /home/xkynpbah/public_html/vendor/codeigniter4/framework/system/Database/BaseConnection.php(670): CodeIgniter\Database\MySQLi\Connection->execute('SELECT COUNT(*)...')
#2 /home/xkynpbah/public_html/vendor/codeigniter4/framework/system/Database/BaseConnection.php(598): CodeIgniter\Database\BaseConnection->simpleQuery('SELECT COUNT(*)...')
#3 /home/xkynpbah/public_html/vendor/codeigniter4/framework/system/Database/BaseBuilder.php(1527): CodeIgniter\Database\BaseConnection->query('SELECT COUNT(*)...', Array, false)
#4 /home/xkynpbah/public_html/app/Controllers/Telegram.php(165): CodeIgniter\Database\BaseBuilder->countAllResults()
#5 /home/xkynpbah/public_html/app/Controllers/Telegram.php(124): App\Controllers\Telegram->askForResetConfirmation(6719727245, 6719727245, Object(stdClass), 'akashbabu', Object(stdClass))
#6 /home/xkynpbah/public_html/vendor/codeigniter4/framework/system/CodeIgniter.php(824): App\Controllers\Telegram->index()
#7 /home/xkynpbah/public_html/vendor/codeigniter4/framework/system/CodeIgniter.php(410): CodeIgniter\CodeIgniter->runController(Object(App\Controllers\Telegram))
#8 /home/xkynpbah/public_html/vendor/codeigniter4/framework/system/CodeIgniter.php(318): CodeIgniter\CodeIgniter->handleRequest(NULL, Object(Config\Cache), false)
#9 /home/xkynpbah/public_html/index.php(37): CodeIgniter\CodeIgniter->run()
#10 {main}
ERROR - 2026-07-26 12:03:24 --> Telegram controller called
ERROR - 2026-07-26 12:03:24 --> Table 'xkynpbah_titoo.telegram_premium' doesn't exist
CRITICAL - 2026-07-26 12:03:24 --> Table 'xkynpbah_titoo.telegram_premium' doesn't exist
#0 /home/xkynpbah/public_html/vendor/codeigniter4/framework/system/Database/MySQLi/Connection.php(292): mysqli->query('SELECT COUNT(*)...', 0)
#1 /home/xkynpbah/public_html/vendor/codeigniter4/framework/system/Database/BaseConnection.php(670): CodeIgniter\Database\MySQLi\Connection->execute('SELECT COUNT(*)...')
#2 /home/xkynpbah/public_html/vendor/codeigniter4/framework/system/Database/BaseConnection.php(598): CodeIgniter\Database\BaseConnection->simpleQuery('SELECT COUNT(*)...')
#3 /home/xkynpbah/public_html/vendor/codeigniter4/framework/system/Database/BaseBuilder.php(1527): CodeIgniter\Database\BaseConnection->query('SELECT COUNT(*)...', Array, false)
#4 /home/xkynpbah/public_html/app/Controllers/Telegram.php(165): CodeIgniter\Database\BaseBuilder->countAllResults()
#5 /home/xkynpbah/public_html/app/Controllers/Telegram.php(124): App\Controllers\Telegram->askForResetConfirmation(6719727245, 6719727245, Object(stdClass), 'akashbabu', Object(stdClass))
#6 /home/xkynpbah/public_html/vendor/codeigniter4/framework/system/CodeIgniter.php(824): App\Controllers\Telegram->index()
#7 /home/xkynpbah/public_html/vendor/codeigniter4/framework/system/CodeIgniter.php(410): CodeIgniter\CodeIgniter->runController(Object(App\Controllers\Telegram))
#8 /home/xkynpbah/public_html/vendor/codeigniter4/framework/system/CodeIgniter.php(318): CodeIgniter\CodeIgniter->handleRequest(NULL, Object(Config\Cache), false)
#9 /home/xkynpbah/public_html/index.php(37): CodeIgniter\CodeIgniter->run()
#10 {main}
ERROR - 2026-07-26 12:05:21 --> Telegram controller called
ERROR - 2026-07-26 12:05:21 --> Table 'xkynpbah_titoo.telegram_premium' doesn't exist
CRITICAL - 2026-07-26 12:05:21 --> Table 'xkynpbah_titoo.telegram_premium' doesn't exist
#0 /home/xkynpbah/public_html/vendor/codeigniter4/framework/system/Database/MySQLi/Connection.php(292): mysqli->query('SELECT COUNT(*)...', 0)
#1 /home/xkynpbah/public_html/vendor/codeigniter4/framework/system/Database/BaseConnection.php(670): CodeIgniter\Database\MySQLi\Connection->execute('SELECT COUNT(*)...')
#2 /home/xkynpbah/public_html/vendor/codeigniter4/framework/system/Database/BaseConnection.php(598): CodeIgniter\Database\BaseConnection->simpleQuery('SELECT COUNT(*)...')
#3 /home/xkynpbah/public_html/vendor/codeigniter4/framework/system/Database/BaseBuilder.php(1527): CodeIgniter\Database\BaseConnection->query('SELECT COUNT(*)...', Array, false)
#4 /home/xkynpbah/public_html/app/Controllers/Telegram.php(165): CodeIgniter\Database\BaseBuilder->countAllResults()
#5 /home/xkynpbah/public_html/app/Controllers/Telegram.php(124): App\Controllers\Telegram->askForResetConfirmation(6719727245, 6719727245, Object(stdClass), 'akashbabu', Object(stdClass))
#6 /home/xkynpbah/public_html/vendor/codeigniter4/framework/system/CodeIgniter.php(824): App\Controllers\Telegram->index()
#7 /home/xkynpbah/public_html/vendor/codeigniter4/framework/system/CodeIgniter.php(410): CodeIgniter\CodeIgniter->runController(Object(App\Controllers\Telegram))
#8 /home/xkynpbah/public_html/vendor/codeigniter4/framework/system/CodeIgniter.php(318): CodeIgniter\CodeIgniter->handleRequest(NULL, Object(Config\Cache), false)
#9 /home/xkynpbah/public_html/index.php(37): CodeIgniter\CodeIgniter->run()
#10 {main}
ERROR - 2026-07-26 12:06:39 --> Telegram controller called
ERROR - 2026-07-26 12:06:39 --> Table 'xkynpbah_titoo.telegram_premium' doesn't exist
CRITICAL - 2026-07-26 12:06:39 --> Table 'xkynpbah_titoo.telegram_premium' doesn't exist
#0 /home/xkynpbah/public_html/vendor/codeigniter4/framework/system/Database/MySQLi/Connection.php(292): mysqli->query('SELECT COUNT(*)...', 0)
#1 /home/xkynpbah/public_html/vendor/codeigniter4/framework/system/Database/BaseConnection.php(670): CodeIgniter\Database\MySQLi\Connection->execute('SELECT COUNT(*)...')
#2 /home/xkynpbah/public_html/vendor/codeigniter4/framework/system/Database/BaseConnection.php(598): CodeIgniter\Database\BaseConnection->simpleQuery('SELECT COUNT(*)...')
#3 /home/xkynpbah/public_html/vendor/codeigniter4/framework/system/Database/BaseBuilder.php(1527): CodeIgniter\Database\BaseConnection->query('SELECT COUNT(*)...', Array, false)
#4 /home/xkynpbah/public_html/app/Controllers/Telegram.php(165): CodeIgniter\Database\BaseBuilder->countAllResults()
#5 /home/xkynpbah/public_html/app/Controllers/Telegram.php(124): App\Controllers\Telegram->askForResetConfirmation(6719727245, 6719727245, Object(stdClass), 'akashbabu', Object(stdClass))
#6 /home/xkynpbah/public_html/vendor/codeigniter4/framework/system/CodeIgniter.php(824): App\Controllers\Telegram->index()
#7 /home/xkynpbah/public_html/vendor/codeigniter4/framework/system/CodeIgniter.php(410): CodeIgniter\CodeIgniter->runController(Object(App\Controllers\Telegram))
#8 /home/xkynpbah/public_html/vendor/codeigniter4/framework/system/CodeIgniter.php(318): CodeIgniter\CodeIgniter->handleRequest(NULL, Object(Config\Cache), false)
#9 /home/xkynpbah/public_html/index.php(37): CodeIgniter\CodeIgniter->run()
#10 {main}
ERROR - 2026-07-26 12:08:00 --> Telegram controller called
ERROR - 2026-07-26 12:08:00 --> Table 'xkynpbah_titoo.telegram_premium' doesn't exist
CRITICAL - 2026-07-26 12:08:00 --> Table 'xkynpbah_titoo.telegram_premium' doesn't exist
#0 /home/xkynpbah/public_html/vendor/codeigniter4/framework/system/Database/MySQLi/Connection.php(292): mysqli->query('SELECT COUNT(*)...', 0)
#1 /home/xkynpbah/public_html/vendor/codeigniter4/framework/system/Database/BaseConnection.php(670): CodeIgniter\Database\MySQLi\Connection->execute('SELECT COUNT(*)...')
#2 /home/xkynpbah/public_html/vendor/codeigniter4/framework/system/Database/BaseConnection.php(598): CodeIgniter\Database\BaseConnection->simpleQuery('SELECT COUNT(*)...')
#3 /home/xkynpbah/public_html/vendor/codeigniter4/framework/system/Database/BaseBuilder.php(1527): CodeIgniter\Database\BaseConnection->query('SELECT COUNT(*)...', Array, false)
#4 /home/xkynpbah/public_html/app/Controllers/Telegram.php(165): CodeIgniter\Database\BaseBuilder->countAllResults()
#5 /home/xkynpbah/public_html/app/Controllers/Telegram.php(124): App\Controllers\Telegram->askForResetConfirmation(6719727245, 6719727245, Object(stdClass), 'akashbabu', Object(stdClass))
#6 /home/xkynpbah/public_html/vendor/codeigniter4/framework/system/CodeIgniter.php(824): App\Controllers\Telegram->index()
#7 /home/xkynpbah/public_html/vendor/codeigniter4/framework/system/CodeIgniter.php(410): CodeIgniter\CodeIgniter->runController(Object(App\Controllers\Telegram))
#8 /home/xkynpbah/public_html/vendor/codeigniter4/framework/system/CodeIgniter.php(318): CodeIgniter\CodeIgniter->handleRequest(NULL, Object(Config\Cache), false)
#9 /home/xkynpbah/public_html/index.php(37): CodeIgniter\CodeIgniter->run()
#10 {main}
ERROR - 2026-07-26 12:08:18 --> Telegram controller called
ERROR - 2026-07-26 12:08:18 --> Telegram Bot Token not set in .env
ERROR - 2026-07-26 12:09:24 --> Telegram controller called
ERROR - 2026-07-26 12:09:24 --> Table 'xkynpbah_titoo.telegram_premium' doesn't exist
CRITICAL - 2026-07-26 12:09:24 --> Table 'xkynpbah_titoo.telegram_premium' doesn't exist
#0 /home/xkynpbah/public_html/vendor/codeigniter4/framework/system/Database/MySQLi/Connection.php(292): mysqli->query('SELECT COUNT(*)...', 0)
#1 /home/xkynpbah/public_html/vendor/codeigniter4/framework/system/Database/BaseConnection.php(670): CodeIgniter\Database\MySQLi\Connection->execute('SELECT COUNT(*)...')
#2 /home/xkynpbah/public_html/vendor/codeigniter4/framework/system/Database/BaseConnection.php(598): CodeIgniter\Database\BaseConnection->simpleQuery('SELECT COUNT(*)...')
#3 /home/xkynpbah/public_html/vendor/codeigniter4/framework/system/Database/BaseBuilder.php(1527): CodeIgniter\Database\BaseConnection->query('SELECT COUNT(*)...', Array, false)
#4 /home/xkynpbah/public_html/app/Controllers/Telegram.php(165): CodeIgniter\Database\BaseBuilder->countAllResults()
#5 /home/xkynpbah/public_html/app/Controllers/Telegram.php(124): App\Controllers\Telegram->askForResetConfirmation(6719727245, 6719727245, Object(stdClass), 'akashbabu', Object(stdClass))
#6 /home/xkynpbah/public_html/vendor/codeigniter4/framework/system/CodeIgniter.php(824): App\Controllers\Telegram->index()
#7 /home/xkynpbah/public_html/vendor/codeigniter4/framework/system/CodeIgniter.php(410): CodeIgniter\CodeIgniter->runController(Object(App\Controllers\Telegram))
#8 /home/xkynpbah/public_html/vendor/codeigniter4/framework/system/CodeIgniter.php(318): CodeIgniter\CodeIgniter->handleRequest(NULL, Object(Config\Cache), false)
#9 /home/xkynpbah/public_html/index.php(37): CodeIgniter\CodeIgniter->run()
#10 {main}
ERROR - 2026-07-26 12:10:51 --> Telegram controller called
ERROR - 2026-07-26 12:10:51 --> Table 'xkynpbah_titoo.telegram_premium' doesn't exist
CRITICAL - 2026-07-26 12:10:51 --> Table 'xkynpbah_titoo.telegram_premium' doesn't exist
#0 /home/xkynpbah/public_html/vendor/codeigniter4/framework/system/Database/MySQLi/Connection.php(292): mysqli->query('SELECT COUNT(*)...', 0)
#1 /home/xkynpbah/public_html/vendor/codeigniter4/framework/system/Database/BaseConnection.php(670): CodeIgniter\Database\MySQLi\Connection->execute('SELECT COUNT(*)...')
#2 /home/xkynpbah/public_html/vendor/codeigniter4/framework/system/Database/BaseConnection.php(598): CodeIgniter\Database\BaseConnection->simpleQuery('SELECT COUNT(*)...')
#3 /home/xkynpbah/public_html/vendor/codeigniter4/framework/system/Database/BaseBuilder.php(1527): CodeIgniter\Database\BaseConnection->query('SELECT COUNT(*)...', Array, false)
#4 /home/xkynpbah/public_html/app/Controllers/Telegram.php(165): CodeIgniter\Database\BaseBuilder->countAllResults()
#5 /home/xkynpbah/public_html/app/Controllers/Telegram.php(124): App\Controllers\Telegram->askForResetConfirmation(6719727245, 6719727245, Object(stdClass), 'akashbabu', Object(stdClass))
#6 /home/xkynpbah/public_html/vendor/codeigniter4/framework/system/CodeIgniter.php(824): App\Controllers\Telegram->index()
#7 /home/xkynpbah/public_html/vendor/codeigniter4/framework/system/CodeIgniter.php(410): CodeIgniter\CodeIgniter->runController(Object(App\Controllers\Telegram))
#8 /home/xkynpbah/public_html/vendor/codeigniter4/framework/system/CodeIgniter.php(318): CodeIgniter\CodeIgniter->handleRequest(NULL, Object(Config\Cache), false)
#9 /home/xkynpbah/public_html/index.php(37): CodeIgniter\CodeIgniter->run()
#10 {main}
ERROR - 2026-07-26 12:11:55 --> Telegram controller called
ERROR - 2026-07-26 12:11:55 --> Table 'xkynpbah_titoo.telegram_premium' doesn't exist
CRITICAL - 2026-07-26 12:11:55 --> Table 'xkynpbah_titoo.telegram_premium' doesn't exist
#0 /home/xkynpbah/public_html/vendor/codeigniter4/framework/system/Database/MySQLi/Connection.php(292): mysqli->query('SELECT COUNT(*)...', 0)
#1 /home/xkynpbah/public_html/vendor/codeigniter4/framework/system/Database/BaseConnection.php(670): CodeIgniter\Database\MySQLi\Connection->execute('SELECT COUNT(*)...')
#2 /home/xkynpbah/public_html/vendor/codeigniter4/framework/system/Database/BaseConnection.php(598): CodeIgniter\Database\BaseConnection->simpleQuery('SELECT COUNT(*)...')
#3 /home/xkynpbah/public_html/vendor/codeigniter4/framework/system/Database/BaseBuilder.php(1527): CodeIgniter\Database\BaseConnection->query('SELECT COUNT(*)...', Array, false)
#4 /home/xkynpbah/public_html/app/Controllers/Telegram.php(165): CodeIgniter\Database\BaseBuilder->countAllResults()
#5 /home/xkynpbah/public_html/app/Controllers/Telegram.php(124): App\Controllers\Telegram->askForResetConfirmation(6719727245, 6719727245, Object(stdClass), 'akashbabu', Object(stdClass))
#6 /home/xkynpbah/public_html/vendor/codeigniter4/framework/system/CodeIgniter.php(824): App\Controllers\Telegram->index()
#7 /home/xkynpbah/public_html/vendor/codeigniter4/framework/system/CodeIgniter.php(410): CodeIgniter\CodeIgniter->runController(Object(App\Controllers\Telegram))
#8 /home/xkynpbah/public_html/vendor/codeigniter4/framework/system/CodeIgniter.php(318): CodeIgniter\CodeIgniter->handleRequest(NULL, Object(Config\Cache), false)
#9 /home/xkynpbah/public_html/index.php(37): CodeIgniter\CodeIgniter->run()
#10 {main}
ERROR - 2026-07-26 12:13:29 --> Telegram controller called
ERROR - 2026-07-26 12:13:29 --> Table 'xkynpbah_titoo.telegram_premium' doesn't exist
CRITICAL - 2026-07-26 12:13:29 --> Table 'xkynpbah_titoo.telegram_premium' doesn't exist
#0 /home/xkynpbah/public_html/vendor/codeigniter4/framework/system/Database/MySQLi/Connection.php(292): mysqli->query('SELECT COUNT(*)...', 0)
#1 /home/xkynpbah/public_html/vendor/codeigniter4/framework/system/Database/BaseConnection.php(670): CodeIgniter\Database\MySQLi\Connection->execute('SELECT COUNT(*)...')
#2 /home/xkynpbah/public_html/vendor/codeigniter4/framework/system/Database/BaseConnection.php(598): CodeIgniter\Database\BaseConnection->simpleQuery('SELECT COUNT(*)...')
#3 /home/xkynpbah/public_html/vendor/codeigniter4/framework/system/Database/BaseBuilder.php(1527): CodeIgniter\Database\BaseConnection->query('SELECT COUNT(*)...', Array, false)
#4 /home/xkynpbah/public_html/app/Controllers/Telegram.php(165): CodeIgniter\Database\BaseBuilder->countAllResults()
#5 /home/xkynpbah/public_html/app/Controllers/Telegram.php(124): App\Controllers\Telegram->askForResetConfirmation(6719727245, 6719727245, Object(stdClass), 'akashbabu', Object(stdClass))
#6 /home/xkynpbah/public_html/vendor/codeigniter4/framework/system/CodeIgniter.php(824): App\Controllers\Telegram->index()
#7 /home/xkynpbah/public_html/vendor/codeigniter4/framework/system/CodeIgniter.php(410): CodeIgniter\CodeIgniter->runController(Object(App\Controllers\Telegram))
#8 /home/xkynpbah/public_html/vendor/codeigniter4/framework/system/CodeIgniter.php(318): CodeIgniter\CodeIgniter->handleRequest(NULL, Object(Config\Cache), false)
#9 /home/xkynpbah/public_html/index.php(37): CodeIgniter\CodeIgniter->run()
#10 {main}
ERROR - 2026-07-26 12:14:57 --> Telegram controller called
ERROR - 2026-07-26 12:14:57 --> Table 'xkynpbah_titoo.telegram_premium' doesn't exist
CRITICAL - 2026-07-26 12:14:57 --> Table 'xkynpbah_titoo.telegram_premium' doesn't exist
#0 /home/xkynpbah/public_html/vendor/codeigniter4/framework/system/Database/MySQLi/Connection.php(292): mysqli->query('SELECT COUNT(*)...', 0)
#1 /home/xkynpbah/public_html/vendor/codeigniter4/framework/system/Database/BaseConnection.php(670): CodeIgniter\Database\MySQLi\Connection->execute('SELECT COUNT(*)...')
#2 /home/xkynpbah/public_html/vendor/codeigniter4/framework/system/Database/BaseConnection.php(598): CodeIgniter\Database\BaseConnection->simpleQuery('SELECT COUNT(*)...')
#3 /home/xkynpbah/public_html/vendor/codeigniter4/framework/system/Database/BaseBuilder.php(1527): CodeIgniter\Database\BaseConnection->query('SELECT COUNT(*)...', Array, false)
#4 /home/xkynpbah/public_html/app/Controllers/Telegram.php(165): CodeIgniter\Database\BaseBuilder->countAllResults()
#5 /home/xkynpbah/public_html/app/Controllers/Telegram.php(124): App\Controllers\Telegram->askForResetConfirmation(6719727245, 6719727245, Object(stdClass), 'akashbabu', Object(stdClass))
#6 /home/xkynpbah/public_html/vendor/codeigniter4/framework/system/CodeIgniter.php(824): App\Controllers\Telegram->index()
#7 /home/xkynpbah/public_html/vendor/codeigniter4/framework/system/CodeIgniter.php(410): CodeIgniter\CodeIgniter->runController(Object(App\Controllers\Telegram))
#8 /home/xkynpbah/public_html/vendor/codeigniter4/framework/system/CodeIgniter.php(318): CodeIgniter\CodeIgniter->handleRequest(NULL, Object(Config\Cache), false)
#9 /home/xkynpbah/public_html/index.php(37): CodeIgniter\CodeIgniter->run()
#10 {main}
ERROR - 2026-07-26 12:16:43 --> Telegram controller called
ERROR - 2026-07-26 12:16:43 --> Table 'xkynpbah_titoo.telegram_premium' doesn't exist
CRITICAL - 2026-07-26 12:16:43 --> Table 'xkynpbah_titoo.telegram_premium' doesn't exist
#0 /home/xkynpbah/public_html/vendor/codeigniter4/framework/system/Database/MySQLi/Connection.php(292): mysqli->query('SELECT COUNT(*)...', 0)
#1 /home/xkynpbah/public_html/vendor/codeigniter4/framework/system/Database/BaseConnection.php(670): CodeIgniter\Database\MySQLi\Connection->execute('SELECT COUNT(*)...')
#2 /home/xkynpbah/public_html/vendor/codeigniter4/framework/system/Database/BaseConnection.php(598): CodeIgniter\Database\BaseConnection->simpleQuery('SELECT COUNT(*)...')
#3 /home/xkynpbah/public_html/vendor/codeigniter4/framework/system/Database/BaseBuilder.php(1527): CodeIgniter\Database\BaseConnection->query('SELECT COUNT(*)...', Array, false)
#4 /home/xkynpbah/public_html/app/Controllers/Telegram.php(165): CodeIgniter\Database\BaseBuilder->countAllResults()
#5 /home/xkynpbah/public_html/app/Controllers/Telegram.php(124): App\Controllers\Telegram->askForResetConfirmation(6719727245, 6719727245, Object(stdClass), 'akashbabu', Object(stdClass))
#6 /home/xkynpbah/public_html/vendor/codeigniter4/framework/system/CodeIgniter.php(824): App\Controllers\Telegram->index()
#7 /home/xkynpbah/public_html/vendor/codeigniter4/framework/system/CodeIgniter.php(410): CodeIgniter\CodeIgniter->runController(Object(App\Controllers\Telegram))
#8 /home/xkynpbah/public_html/vendor/codeigniter4/framework/system/CodeIgniter.php(318): CodeIgniter\CodeIgniter->handleRequest(NULL, Object(Config\Cache), false)
#9 /home/xkynpbah/public_html/index.php(37): CodeIgniter\CodeIgniter->run()
#10 {main}
ERROR - 2026-07-26 12:18:23 --> Telegram controller called
ERROR - 2026-07-26 12:18:23 --> Table 'xkynpbah_titoo.telegram_premium' doesn't exist
CRITICAL - 2026-07-26 12:18:23 --> Table 'xkynpbah_titoo.telegram_premium' doesn't exist
#0 /home/xkynpbah/public_html/vendor/codeigniter4/framework/system/Database/MySQLi/Connection.php(292): mysqli->query('SELECT COUNT(*)...', 0)
#1 /home/xkynpbah/public_html/vendor/codeigniter4/framework/system/Database/BaseConnection.php(670): CodeIgniter\Database\MySQLi\Connection->execute('SELECT COUNT(*)...')
#2 /home/xkynpbah/public_html/vendor/codeigniter4/framework/system/Database/BaseConnection.php(598): CodeIgniter\Database\BaseConnection->simpleQuery('SELECT COUNT(*)...')
#3 /home/xkynpbah/public_html/vendor/codeigniter4/framework/system/Database/BaseBuilder.php(1527): CodeIgniter\Database\BaseConnection->query('SELECT COUNT(*)...', Array, false)
#4 /home/xkynpbah/public_html/app/Controllers/Telegram.php(165): CodeIgniter\Database\BaseBuilder->countAllResults()
#5 /home/xkynpbah/public_html/app/Controllers/Telegram.php(124): App\Controllers\Telegram->askForResetConfirmation(6719727245, 6719727245, Object(stdClass), 'akashbabu', Object(stdClass))
#6 /home/xkynpbah/public_html/vendor/codeigniter4/framework/system/CodeIgniter.php(824): App\Controllers\Telegram->index()
#7 /home/xkynpbah/public_html/vendor/codeigniter4/framework/system/CodeIgniter.php(410): CodeIgniter\CodeIgniter->runController(Object(App\Controllers\Telegram))
#8 /home/xkynpbah/public_html/vendor/codeigniter4/framework/system/CodeIgniter.php(318): CodeIgniter\CodeIgniter->handleRequest(NULL, Object(Config\Cache), false)
#9 /home/xkynpbah/public_html/index.php(37): CodeIgniter\CodeIgniter->run()
#10 {main}
ERROR - 2026-07-26 12:19:41 --> Telegram controller called
ERROR - 2026-07-26 12:19:41 --> Table 'xkynpbah_titoo.telegram_premium' doesn't exist
CRITICAL - 2026-07-26 12:19:41 --> Table 'xkynpbah_titoo.telegram_premium' doesn't exist
#0 /home/xkynpbah/public_html/vendor/codeigniter4/framework/system/Database/MySQLi/Connection.php(292): mysqli->query('SELECT COUNT(*)...', 0)
#1 /home/xkynpbah/public_html/vendor/codeigniter4/framework/system/Database/BaseConnection.php(670): CodeIgniter\Database\MySQLi\Connection->execute('SELECT COUNT(*)...')
#2 /home/xkynpbah/public_html/vendor/codeigniter4/framework/system/Database/BaseConnection.php(598): CodeIgniter\Database\BaseConnection->simpleQuery('SELECT COUNT(*)...')
#3 /home/xkynpbah/public_html/vendor/codeigniter4/framework/system/Database/BaseBuilder.php(1527): CodeIgniter\Database\BaseConnection->query('SELECT COUNT(*)...', Array, false)
#4 /home/xkynpbah/public_html/app/Controllers/Telegram.php(165): CodeIgniter\Database\BaseBuilder->countAllResults()
#5 /home/xkynpbah/public_html/app/Controllers/Telegram.php(124): App\Controllers\Telegram->askForResetConfirmation(6719727245, 6719727245, Object(stdClass), 'akashbabu', Object(stdClass))
#6 /home/xkynpbah/public_html/vendor/codeigniter4/framework/system/CodeIgniter.php(824): App\Controllers\Telegram->index()
#7 /home/xkynpbah/public_html/vendor/codeigniter4/framework/system/CodeIgniter.php(410): CodeIgniter\CodeIgniter->runController(Object(App\Controllers\Telegram))
#8 /home/xkynpbah/public_html/vendor/codeigniter4/framework/system/CodeIgniter.php(318): CodeIgniter\CodeIgniter->handleRequest(NULL, Object(Config\Cache), false)
#9 /home/xkynpbah/public_html/index.php(37): CodeIgniter\CodeIgniter->run()
#10 {main}
ERROR - 2026-07-26 12:20:42 --> Telegram controller called
ERROR - 2026-07-26 12:20:42 --> Table 'xkynpbah_titoo.telegram_premium' doesn't exist
CRITICAL - 2026-07-26 12:20:42 --> Table 'xkynpbah_titoo.telegram_premium' doesn't exist
#0 /home/xkynpbah/public_html/vendor/codeigniter4/framework/system/Database/MySQLi/Connection.php(292): mysqli->query('SELECT COUNT(*)...', 0)
#1 /home/xkynpbah/public_html/vendor/codeigniter4/framework/system/Database/BaseConnection.php(670): CodeIgniter\Database\MySQLi\Connection->execute('SELECT COUNT(*)...')
#2 /home/xkynpbah/public_html/vendor/codeigniter4/framework/system/Database/BaseConnection.php(598): CodeIgniter\Database\BaseConnection->simpleQuery('SELECT COUNT(*)...')
#3 /home/xkynpbah/public_html/vendor/codeigniter4/framework/system/Database/BaseBuilder.php(1527): CodeIgniter\Database\BaseConnection->query('SELECT COUNT(*)...', Array, false)
#4 /home/xkynpbah/public_html/app/Controllers/Telegram.php(165): CodeIgniter\Database\BaseBuilder->countAllResults()
#5 /home/xkynpbah/public_html/app/Controllers/Telegram.php(124): App\Controllers\Telegram->askForResetConfirmation(6719727245, 6719727245, Object(stdClass), 'akashbabu', Object(stdClass))
#6 /home/xkynpbah/public_html/vendor/codeigniter4/framework/system/CodeIgniter.php(824): App\Controllers\Telegram->index()
#7 /home/xkynpbah/public_html/vendor/codeigniter4/framework/system/CodeIgniter.php(410): CodeIgniter\CodeIgniter->runController(Object(App\Controllers\Telegram))
#8 /home/xkynpbah/public_html/vendor/codeigniter4/framework/system/CodeIgniter.php(318): CodeIgniter\CodeIgniter->handleRequest(NULL, Object(Config\Cache), false)
#9 /home/xkynpbah/public_html/index.php(37): CodeIgniter\CodeIgniter->run()
#10 {main}
ERROR - 2026-07-26 12:22:08 --> Telegram controller called
ERROR - 2026-07-26 12:22:08 --> Table 'xkynpbah_titoo.telegram_premium' doesn't exist
CRITICAL - 2026-07-26 12:22:08 --> Table 'xkynpbah_titoo.telegram_premium' doesn't exist
#0 /home/xkynpbah/public_html/vendor/codeigniter4/framework/system/Database/MySQLi/Connection.php(292): mysqli->query('SELECT COUNT(*)...', 0)
#1 /home/xkynpbah/public_html/vendor/codeigniter4/framework/system/Database/BaseConnection.php(670): CodeIgniter\Database\MySQLi\Connection->execute('SELECT COUNT(*)...')
#2 /home/xkynpbah/public_html/vendor/codeigniter4/framework/system/Database/BaseConnection.php(598): CodeIgniter\Database\BaseConnection->simpleQuery('SELECT COUNT(*)...')
#3 /home/xkynpbah/public_html/vendor/codeigniter4/framework/system/Database/BaseBuilder.php(1527): CodeIgniter\Database\BaseConnection->query('SELECT COUNT(*)...', Array, false)
#4 /home/xkynpbah/public_html/app/Controllers/Telegram.php(165): CodeIgniter\Database\BaseBuilder->countAllResults()
#5 /home/xkynpbah/public_html/app/Controllers/Telegram.php(124): App\Controllers\Telegram->askForResetConfirmation(6719727245, 6719727245, Object(stdClass), 'akashbabu', Object(stdClass))
#6 /home/xkynpbah/public_html/vendor/codeigniter4/framework/system/CodeIgniter.php(824): App\Controllers\Telegram->index()
#7 /home/xkynpbah/public_html/vendor/codeigniter4/framework/system/CodeIgniter.php(410): CodeIgniter\CodeIgniter->runController(Object(App\Controllers\Telegram))
#8 /home/xkynpbah/public_html/vendor/codeigniter4/framework/system/CodeIgniter.php(318): CodeIgniter\CodeIgniter->handleRequest(NULL, Object(Config\Cache), false)
#9 /home/xkynpbah/public_html/index.php(37): CodeIgniter\CodeIgniter->run()
#10 {main}
ERROR - 2026-07-26 12:23:49 --> Telegram controller called
ERROR - 2026-07-26 12:23:49 --> Table 'xkynpbah_titoo.telegram_premium' doesn't exist
CRITICAL - 2026-07-26 12:23:49 --> Table 'xkynpbah_titoo.telegram_premium' doesn't exist
#0 /home/xkynpbah/public_html/vendor/codeigniter4/framework/system/Database/MySQLi/Connection.php(292): mysqli->query('SELECT COUNT(*)...', 0)
#1 /home/xkynpbah/public_html/vendor/codeigniter4/framework/system/Database/BaseConnection.php(670): CodeIgniter\Database\MySQLi\Connection->execute('SELECT COUNT(*)...')
#2 /home/xkynpbah/public_html/vendor/codeigniter4/framework/system/Database/BaseConnection.php(598): CodeIgniter\Database\BaseConnection->simpleQuery('SELECT COUNT(*)...')
#3 /home/xkynpbah/public_html/vendor/codeigniter4/framework/system/Database/BaseBuilder.php(1527): CodeIgniter\Database\BaseConnection->query('SELECT COUNT(*)...', Array, false)
#4 /home/xkynpbah/public_html/app/Controllers/Telegram.php(165): CodeIgniter\Database\BaseBuilder->countAllResults()
#5 /home/xkynpbah/public_html/app/Controllers/Telegram.php(124): App\Controllers\Telegram->askForResetConfirmation(6719727245, 6719727245, Object(stdClass), 'akashbabu', Object(stdClass))
#6 /home/xkynpbah/public_html/vendor/codeigniter4/framework/system/CodeIgniter.php(824): App\Controllers\Telegram->index()
#7 /home/xkynpbah/public_html/vendor/codeigniter4/framework/system/CodeIgniter.php(410): CodeIgniter\CodeIgniter->runController(Object(App\Controllers\Telegram))
#8 /home/xkynpbah/public_html/vendor/codeigniter4/framework/system/CodeIgniter.php(318): CodeIgniter\CodeIgniter->handleRequest(NULL, Object(Config\Cache), false)
#9 /home/xkynpbah/public_html/index.php(37): CodeIgniter\CodeIgniter->run()
#10 {main}
ERROR - 2026-07-26 12:25:08 --> Telegram controller called
ERROR - 2026-07-26 12:25:08 --> Table 'xkynpbah_titoo.telegram_premium' doesn't exist
CRITICAL - 2026-07-26 12:25:08 --> Table 'xkynpbah_titoo.telegram_premium' doesn't exist
#0 /home/xkynpbah/public_html/vendor/codeigniter4/framework/system/Database/MySQLi/Connection.php(292): mysqli->query('SELECT COUNT(*)...', 0)
#1 /home/xkynpbah/public_html/vendor/codeigniter4/framework/system/Database/BaseConnection.php(670): CodeIgniter\Database\MySQLi\Connection->execute('SELECT COUNT(*)...')
#2 /home/xkynpbah/public_html/vendor/codeigniter4/framework/system/Database/BaseConnection.php(598): CodeIgniter\Database\BaseConnection->simpleQuery('SELECT COUNT(*)...')
#3 /home/xkynpbah/public_html/vendor/codeigniter4/framework/system/Database/BaseBuilder.php(1527): CodeIgniter\Database\BaseConnection->query('SELECT COUNT(*)...', Array, false)
#4 /home/xkynpbah/public_html/app/Controllers/Telegram.php(165): CodeIgniter\Database\BaseBuilder->countAllResults()
#5 /home/xkynpbah/public_html/app/Controllers/Telegram.php(124): App\Controllers\Telegram->askForResetConfirmation(6719727245, 6719727245, Object(stdClass), 'akashbabu', Object(stdClass))
#6 /home/xkynpbah/public_html/vendor/codeigniter4/framework/system/CodeIgniter.php(824): App\Controllers\Telegram->index()
#7 /home/xkynpbah/public_html/vendor/codeigniter4/framework/system/CodeIgniter.php(410): CodeIgniter\CodeIgniter->runController(Object(App\Controllers\Telegram))
#8 /home/xkynpbah/public_html/vendor/codeigniter4/framework/system/CodeIgniter.php(318): CodeIgniter\CodeIgniter->handleRequest(NULL, Object(Config\Cache), false)
#9 /home/xkynpbah/public_html/index.php(37): CodeIgniter\CodeIgniter->run()
#10 {main}
ERROR - 2026-07-26 12:27:03 --> Telegram controller called
ERROR - 2026-07-26 12:27:03 --> Table 'xkynpbah_titoo.telegram_premium' doesn't exist
CRITICAL - 2026-07-26 12:27:03 --> Table 'xkynpbah_titoo.telegram_premium' doesn't exist
#0 /home/xkynpbah/public_html/vendor/codeigniter4/framework/system/Database/MySQLi/Connection.php(292): mysqli->query('SELECT COUNT(*)...', 0)
#1 /home/xkynpbah/public_html/vendor/codeigniter4/framework/system/Database/BaseConnection.php(670): CodeIgniter\Database\MySQLi\Connection->execute('SELECT COUNT(*)...')
#2 /home/xkynpbah/public_html/vendor/codeigniter4/framework/system/Database/BaseConnection.php(598): CodeIgniter\Database\BaseConnection->simpleQuery('SELECT COUNT(*)...')
#3 /home/xkynpbah/public_html/vendor/codeigniter4/framework/system/Database/BaseBuilder.php(1527): CodeIgniter\Database\BaseConnection->query('SELECT COUNT(*)...', Array, false)
#4 /home/xkynpbah/public_html/app/Controllers/Telegram.php(165): CodeIgniter\Database\BaseBuilder->countAllResults()
#5 /home/xkynpbah/public_html/app/Controllers/Telegram.php(124): App\Controllers\Telegram->askForResetConfirmation(6719727245, 6719727245, Object(stdClass), 'akashbabu', Object(stdClass))
#6 /home/xkynpbah/public_html/vendor/codeigniter4/framework/system/CodeIgniter.php(824): App\Controllers\Telegram->index()
#7 /home/xkynpbah/public_html/vendor/codeigniter4/framework/system/CodeIgniter.php(410): CodeIgniter\CodeIgniter->runController(Object(App\Controllers\Telegram))
#8 /home/xkynpbah/public_html/vendor/codeigniter4/framework/system/CodeIgniter.php(318): CodeIgniter\CodeIgniter->handleRequest(NULL, Object(Config\Cache), false)
#9 /home/xkynpbah/public_html/index.php(37): CodeIgniter\CodeIgniter->run()
#10 {main}
ERROR - 2026-07-26 12:28:10 --> Telegram controller called
ERROR - 2026-07-26 12:28:10 --> Table 'xkynpbah_titoo.telegram_premium' doesn't exist
CRITICAL - 2026-07-26 12:28:10 --> Table 'xkynpbah_titoo.telegram_premium' doesn't exist
#0 /home/xkynpbah/public_html/vendor/codeigniter4/framework/system/Database/MySQLi/Connection.php(292): mysqli->query('SELECT COUNT(*)...', 0)
#1 /home/xkynpbah/public_html/vendor/codeigniter4/framework/system/Database/BaseConnection.php(670): CodeIgniter\Database\MySQLi\Connection->execute('SELECT COUNT(*)...')
#2 /home/xkynpbah/public_html/vendor/codeigniter4/framework/system/Database/BaseConnection.php(598): CodeIgniter\Database\BaseConnection->simpleQuery('SELECT COUNT(*)...')
#3 /home/xkynpbah/public_html/vendor/codeigniter4/framework/system/Database/BaseBuilder.php(1527): CodeIgniter\Database\BaseConnection->query('SELECT COUNT(*)...', Array, false)
#4 /home/xkynpbah/public_html/app/Controllers/Telegram.php(165): CodeIgniter\Database\BaseBuilder->countAllResults()
#5 /home/xkynpbah/public_html/app/Controllers/Telegram.php(124): App\Controllers\Telegram->askForResetConfirmation(6719727245, 6719727245, Object(stdClass), 'akashbabu', Object(stdClass))
#6 /home/xkynpbah/public_html/vendor/codeigniter4/framework/system/CodeIgniter.php(824): App\Controllers\Telegram->index()
#7 /home/xkynpbah/public_html/vendor/codeigniter4/framework/system/CodeIgniter.php(410): CodeIgniter\CodeIgniter->runController(Object(App\Controllers\Telegram))
#8 /home/xkynpbah/public_html/vendor/codeigniter4/framework/system/CodeIgniter.php(318): CodeIgniter\CodeIgniter->handleRequest(NULL, Object(Config\Cache), false)
#9 /home/xkynpbah/public_html/index.php(37): CodeIgniter\CodeIgniter->run()
#10 {main}
ERROR - 2026-07-26 12:29:27 --> Telegram controller called
ERROR - 2026-07-26 12:29:27 --> Table 'xkynpbah_titoo.telegram_premium' doesn't exist
CRITICAL - 2026-07-26 12:29:27 --> Table 'xkynpbah_titoo.telegram_premium' doesn't exist
#0 /home/xkynpbah/public_html/vendor/codeigniter4/framework/system/Database/MySQLi/Connection.php(292): mysqli->query('SELECT COUNT(*)...', 0)
#1 /home/xkynpbah/public_html/vendor/codeigniter4/framework/system/Database/BaseConnection.php(670): CodeIgniter\Database\MySQLi\Connection->execute('SELECT COUNT(*)...')
#2 /home/xkynpbah/public_html/vendor/codeigniter4/framework/system/Database/BaseConnection.php(598): CodeIgniter\Database\BaseConnection->simpleQuery('SELECT COUNT(*)...')
#3 /home/xkynpbah/public_html/vendor/codeigniter4/framework/system/Database/BaseBuilder.php(1527): CodeIgniter\Database\BaseConnection->query('SELECT COUNT(*)...', Array, false)
#4 /home/xkynpbah/public_html/app/Controllers/Telegram.php(165): CodeIgniter\Database\BaseBuilder->countAllResults()
#5 /home/xkynpbah/public_html/app/Controllers/Telegram.php(124): App\Controllers\Telegram->askForResetConfirmation(6719727245, 6719727245, Object(stdClass), 'akashbabu', Object(stdClass))
#6 /home/xkynpbah/public_html/vendor/codeigniter4/framework/system/CodeIgniter.php(824): App\Controllers\Telegram->index()
#7 /home/xkynpbah/public_html/vendor/codeigniter4/framework/system/CodeIgniter.php(410): CodeIgniter\CodeIgniter->runController(Object(App\Controllers\Telegram))
#8 /home/xkynpbah/public_html/vendor/codeigniter4/framework/system/CodeIgniter.php(318): CodeIgniter\CodeIgniter->handleRequest(NULL, Object(Config\Cache), false)
#9 /home/xkynpbah/public_html/index.php(37): CodeIgniter\CodeIgniter->run()
#10 {main}
ERROR - 2026-07-26 12:30:28 --> Telegram controller called
ERROR - 2026-07-26 12:30:28 --> Table 'xkynpbah_titoo.telegram_premium' doesn't exist
CRITICAL - 2026-07-26 12:30:28 --> Table 'xkynpbah_titoo.telegram_premium' doesn't exist
#0 /home/xkynpbah/public_html/vendor/codeigniter4/framework/system/Database/MySQLi/Connection.php(292): mysqli->query('SELECT COUNT(*)...', 0)
#1 /home/xkynpbah/public_html/vendor/codeigniter4/framework/system/Database/BaseConnection.php(670): CodeIgniter\Database\MySQLi\Connection->execute('SELECT COUNT(*)...')
#2 /home/xkynpbah/public_html/vendor/codeigniter4/framework/system/Database/BaseConnection.php(598): CodeIgniter\Database\BaseConnection->simpleQuery('SELECT COUNT(*)...')
#3 /home/xkynpbah/public_html/vendor/codeigniter4/framework/system/Database/BaseBuilder.php(1527): CodeIgniter\Database\BaseConnection->query('SELECT COUNT(*)...', Array, false)
#4 /home/xkynpbah/public_html/app/Controllers/Telegram.php(165): CodeIgniter\Database\BaseBuilder->countAllResults()
#5 /home/xkynpbah/public_html/app/Controllers/Telegram.php(124): App\Controllers\Telegram->askForResetConfirmation(6719727245, 6719727245, Object(stdClass), 'akashbabu', Object(stdClass))
#6 /home/xkynpbah/public_html/vendor/codeigniter4/framework/system/CodeIgniter.php(824): App\Controllers\Telegram->index()
#7 /home/xkynpbah/public_html/vendor/codeigniter4/framework/system/CodeIgniter.php(410): CodeIgniter\CodeIgniter->runController(Object(App\Controllers\Telegram))
#8 /home/xkynpbah/public_html/vendor/codeigniter4/framework/system/CodeIgniter.php(318): CodeIgniter\CodeIgniter->handleRequest(NULL, Object(Config\Cache), false)
#9 /home/xkynpbah/public_html/index.php(37): CodeIgniter\CodeIgniter->run()
#10 {main}
ERROR - 2026-07-26 12:31:52 --> Telegram controller called
ERROR - 2026-07-26 12:31:52 --> Table 'xkynpbah_titoo.telegram_premium' doesn't exist
CRITICAL - 2026-07-26 12:31:52 --> Table 'xkynpbah_titoo.telegram_premium' doesn't exist
#0 /home/xkynpbah/public_html/vendor/codeigniter4/framework/system/Database/MySQLi/Connection.php(292): mysqli->query('SELECT COUNT(*)...', 0)
#1 /home/xkynpbah/public_html/vendor/codeigniter4/framework/system/Database/BaseConnection.php(670): CodeIgniter\Database\MySQLi\Connection->execute('SELECT COUNT(*)...')
#2 /home/xkynpbah/public_html/vendor/codeigniter4/framework/system/Database/BaseConnection.php(598): CodeIgniter\Database\BaseConnection->simpleQuery('SELECT COUNT(*)...')
#3 /home/xkynpbah/public_html/vendor/codeigniter4/framework/system/Database/BaseBuilder.php(1527): CodeIgniter\Database\BaseConnection->query('SELECT COUNT(*)...', Array, false)
#4 /home/xkynpbah/public_html/app/Controllers/Telegram.php(165): CodeIgniter\Database\BaseBuilder->countAllResults()
#5 /home/xkynpbah/public_html/app/Controllers/Telegram.php(124): App\Controllers\Telegram->askForResetConfirmation(6719727245, 6719727245, Object(stdClass), 'akashbabu', Object(stdClass))
#6 /home/xkynpbah/public_html/vendor/codeigniter4/framework/system/CodeIgniter.php(824): App\Controllers\Telegram->index()
#7 /home/xkynpbah/public_html/vendor/codeigniter4/framework/system/CodeIgniter.php(410): CodeIgniter\CodeIgniter->runController(Object(App\Controllers\Telegram))
#8 /home/xkynpbah/public_html/vendor/codeigniter4/framework/system/CodeIgniter.php(318): CodeIgniter\CodeIgniter->handleRequest(NULL, Object(Config\Cache), false)
#9 /home/xkynpbah/public_html/index.php(37): CodeIgniter\CodeIgniter->run()
#10 {main}
ERROR - 2026-07-26 12:33:41 --> Telegram controller called
ERROR - 2026-07-26 12:33:41 --> Table 'xkynpbah_titoo.telegram_premium' doesn't exist
CRITICAL - 2026-07-26 12:33:41 --> Table 'xkynpbah_titoo.telegram_premium' doesn't exist
#0 /home/xkynpbah/public_html/vendor/codeigniter4/framework/system/Database/MySQLi/Connection.php(292): mysqli->query('SELECT COUNT(*)...', 0)
#1 /home/xkynpbah/public_html/vendor/codeigniter4/framework/system/Database/BaseConnection.php(670): CodeIgniter\Database\MySQLi\Connection->execute('SELECT COUNT(*)...')
#2 /home/xkynpbah/public_html/vendor/codeigniter4/framework/system/Database/BaseConnection.php(598): CodeIgniter\Database\BaseConnection->simpleQuery('SELECT COUNT(*)...')
#3 /home/xkynpbah/public_html/vendor/codeigniter4/framework/system/Database/BaseBuilder.php(1527): CodeIgniter\Database\BaseConnection->query('SELECT COUNT(*)...', Array, false)
#4 /home/xkynpbah/public_html/app/Controllers/Telegram.php(165): CodeIgniter\Database\BaseBuilder->countAllResults()
#5 /home/xkynpbah/public_html/app/Controllers/Telegram.php(124): App\Controllers\Telegram->askForResetConfirmation(6719727245, 6719727245, Object(stdClass), 'akashbabu', Object(stdClass))
#6 /home/xkynpbah/public_html/vendor/codeigniter4/framework/system/CodeIgniter.php(824): App\Controllers\Telegram->index()
#7 /home/xkynpbah/public_html/vendor/codeigniter4/framework/system/CodeIgniter.php(410): CodeIgniter\CodeIgniter->runController(Object(App\Controllers\Telegram))
#8 /home/xkynpbah/public_html/vendor/codeigniter4/framework/system/CodeIgniter.php(318): CodeIgniter\CodeIgniter->handleRequest(NULL, Object(Config\Cache), false)
#9 /home/xkynpbah/public_html/index.php(37): CodeIgniter\CodeIgniter->run()
#10 {main}
ERROR - 2026-07-26 12:35:27 --> Telegram controller called
ERROR - 2026-07-26 12:35:27 --> Table 'xkynpbah_titoo.telegram_premium' doesn't exist
CRITICAL - 2026-07-26 12:35:27 --> Table 'xkynpbah_titoo.telegram_premium' doesn't exist
#0 /home/xkynpbah/public_html/vendor/codeigniter4/framework/system/Database/MySQLi/Connection.php(292): mysqli->query('SELECT COUNT(*)...', 0)
#1 /home/xkynpbah/public_html/vendor/codeigniter4/framework/system/Database/BaseConnection.php(670): CodeIgniter\Database\MySQLi\Connection->execute('SELECT COUNT(*)...')
#2 /home/xkynpbah/public_html/vendor/codeigniter4/framework/system/Database/BaseConnection.php(598): CodeIgniter\Database\BaseConnection->simpleQuery('SELECT COUNT(*)...')
#3 /home/xkynpbah/public_html/vendor/codeigniter4/framework/system/Database/BaseBuilder.php(1527): CodeIgniter\Database\BaseConnection->query('SELECT COUNT(*)...', Array, false)
#4 /home/xkynpbah/public_html/app/Controllers/Telegram.php(165): CodeIgniter\Database\BaseBuilder->countAllResults()
#5 /home/xkynpbah/public_html/app/Controllers/Telegram.php(124): App\Controllers\Telegram->askForResetConfirmation(6719727245, 6719727245, Object(stdClass), 'akashbabu', Object(stdClass))
#6 /home/xkynpbah/public_html/vendor/codeigniter4/framework/system/CodeIgniter.php(824): App\Controllers\Telegram->index()
#7 /home/xkynpbah/public_html/vendor/codeigniter4/framework/system/CodeIgniter.php(410): CodeIgniter\CodeIgniter->runController(Object(App\Controllers\Telegram))
#8 /home/xkynpbah/public_html/vendor/codeigniter4/framework/system/CodeIgniter.php(318): CodeIgniter\CodeIgniter->handleRequest(NULL, Object(Config\Cache), false)
#9 /home/xkynpbah/public_html/index.php(37): CodeIgniter\CodeIgniter->run()
#10 {main}
ERROR - 2026-07-26 12:37:16 --> Telegram controller called
ERROR - 2026-07-26 12:37:16 --> Table 'xkynpbah_titoo.telegram_premium' doesn't exist
CRITICAL - 2026-07-26 12:37:16 --> Table 'xkynpbah_titoo.telegram_premium' doesn't exist
#0 /home/xkynpbah/public_html/vendor/codeigniter4/framework/system/Database/MySQLi/Connection.php(292): mysqli->query('SELECT COUNT(*)...', 0)
#1 /home/xkynpbah/public_html/vendor/codeigniter4/framework/system/Database/BaseConnection.php(670): CodeIgniter\Database\MySQLi\Connection->execute('SELECT COUNT(*)...')
#2 /home/xkynpbah/public_html/vendor/codeigniter4/framework/system/Database/BaseConnection.php(598): CodeIgniter\Database\BaseConnection->simpleQuery('SELECT COUNT(*)...')
#3 /home/xkynpbah/public_html/vendor/codeigniter4/framework/system/Database/BaseBuilder.php(1527): CodeIgniter\Database\BaseConnection->query('SELECT COUNT(*)...', Array, false)
#4 /home/xkynpbah/public_html/app/Controllers/Telegram.php(165): CodeIgniter\Database\BaseBuilder->countAllResults()
#5 /home/xkynpbah/public_html/app/Controllers/Telegram.php(124): App\Controllers\Telegram->askForResetConfirmation(6719727245, 6719727245, Object(stdClass), 'akashbabu', Object(stdClass))
#6 /home/xkynpbah/public_html/vendor/codeigniter4/framework/system/CodeIgniter.php(824): App\Controllers\Telegram->index()
#7 /home/xkynpbah/public_html/vendor/codeigniter4/framework/system/CodeIgniter.php(410): CodeIgniter\CodeIgniter->runController(Object(App\Controllers\Telegram))
#8 /home/xkynpbah/public_html/vendor/codeigniter4/framework/system/CodeIgniter.php(318): CodeIgniter\CodeIgniter->handleRequest(NULL, Object(Config\Cache), false)
#9 /home/xkynpbah/public_html/index.php(37): CodeIgniter\CodeIgniter->run()
#10 {main}
ERROR - 2026-07-26 12:39:03 --> Telegram controller called
ERROR - 2026-07-26 12:39:03 --> Table 'xkynpbah_titoo.telegram_premium' doesn't exist
CRITICAL - 2026-07-26 12:39:03 --> Table 'xkynpbah_titoo.telegram_premium' doesn't exist
#0 /home/xkynpbah/public_html/vendor/codeigniter4/framework/system/Database/MySQLi/Connection.php(292): mysqli->query('SELECT COUNT(*)...', 0)
#1 /home/xkynpbah/public_html/vendor/codeigniter4/framework/system/Database/BaseConnection.php(670): CodeIgniter\Database\MySQLi\Connection->execute('SELECT COUNT(*)...')
#2 /home/xkynpbah/public_html/vendor/codeigniter4/framework/system/Database/BaseConnection.php(598): CodeIgniter\Database\BaseConnection->simpleQuery('SELECT COUNT(*)...')
#3 /home/xkynpbah/public_html/vendor/codeigniter4/framework/system/Database/BaseBuilder.php(1527): CodeIgniter\Database\BaseConnection->query('SELECT COUNT(*)...', Array, false)
#4 /home/xkynpbah/public_html/app/Controllers/Telegram.php(165): CodeIgniter\Database\BaseBuilder->countAllResults()
#5 /home/xkynpbah/public_html/app/Controllers/Telegram.php(124): App\Controllers\Telegram->askForResetConfirmation(6719727245, 6719727245, Object(stdClass), 'akashbabu', Object(stdClass))
#6 /home/xkynpbah/public_html/vendor/codeigniter4/framework/system/CodeIgniter.php(824): App\Controllers\Telegram->index()
#7 /home/xkynpbah/public_html/vendor/codeigniter4/framework/system/CodeIgniter.php(410): CodeIgniter\CodeIgniter->runController(Object(App\Controllers\Telegram))
#8 /home/xkynpbah/public_html/vendor/codeigniter4/framework/system/CodeIgniter.php(318): CodeIgniter\CodeIgniter->handleRequest(NULL, Object(Config\Cache), false)
#9 /home/xkynpbah/public_html/index.php(37): CodeIgniter\CodeIgniter->run()
#10 {main}
ERROR - 2026-07-26 12:40:54 --> Telegram controller called
ERROR - 2026-07-26 12:40:54 --> Table 'xkynpbah_titoo.telegram_premium' doesn't exist
CRITICAL - 2026-07-26 12:40:54 --> Table 'xkynpbah_titoo.telegram_premium' doesn't exist
#0 /home/xkynpbah/public_html/vendor/codeigniter4/framework/system/Database/MySQLi/Connection.php(292): mysqli->query('SELECT COUNT(*)...', 0)
#1 /home/xkynpbah/public_html/vendor/codeigniter4/framework/system/Database/BaseConnection.php(670): CodeIgniter\Database\MySQLi\Connection->execute('SELECT COUNT(*)...')
#2 /home/xkynpbah/public_html/vendor/codeigniter4/framework/system/Database/BaseConnection.php(598): CodeIgniter\Database\BaseConnection->simpleQuery('SELECT COUNT(*)...')
#3 /home/xkynpbah/public_html/vendor/codeigniter4/framework/system/Database/BaseBuilder.php(1527): CodeIgniter\Database\BaseConnection->query('SELECT COUNT(*)...', Array, false)
#4 /home/xkynpbah/public_html/app/Controllers/Telegram.php(165): CodeIgniter\Database\BaseBuilder->countAllResults()
#5 /home/xkynpbah/public_html/app/Controllers/Telegram.php(124): App\Controllers\Telegram->askForResetConfirmation(6719727245, 6719727245, Object(stdClass), 'akashbabu', Object(stdClass))
#6 /home/xkynpbah/public_html/vendor/codeigniter4/framework/system/CodeIgniter.php(824): App\Controllers\Telegram->index()
#7 /home/xkynpbah/public_html/vendor/codeigniter4/framework/system/CodeIgniter.php(410): CodeIgniter\CodeIgniter->runController(Object(App\Controllers\Telegram))
#8 /home/xkynpbah/public_html/vendor/codeigniter4/framework/system/CodeIgniter.php(318): CodeIgniter\CodeIgniter->handleRequest(NULL, Object(Config\Cache), false)
#9 /home/xkynpbah/public_html/index.php(37): CodeIgniter\CodeIgniter->run()
#10 {main}
ERROR - 2026-07-26 12:42:33 --> Telegram controller called
ERROR - 2026-07-26 12:42:33 --> Table 'xkynpbah_titoo.telegram_premium' doesn't exist
CRITICAL - 2026-07-26 12:42:33 --> Table 'xkynpbah_titoo.telegram_premium' doesn't exist
#0 /home/xkynpbah/public_html/vendor/codeigniter4/framework/system/Database/MySQLi/Connection.php(292): mysqli->query('SELECT COUNT(*)...', 0)
#1 /home/xkynpbah/public_html/vendor/codeigniter4/framework/system/Database/BaseConnection.php(670): CodeIgniter\Database\MySQLi\Connection->execute('SELECT COUNT(*)...')
#2 /home/xkynpbah/public_html/vendor/codeigniter4/framework/system/Database/BaseConnection.php(598): CodeIgniter\Database\BaseConnection->simpleQuery('SELECT COUNT(*)...')
#3 /home/xkynpbah/public_html/vendor/codeigniter4/framework/system/Database/BaseBuilder.php(1527): CodeIgniter\Database\BaseConnection->query('SELECT COUNT(*)...', Array, false)
#4 /home/xkynpbah/public_html/app/Controllers/Telegram.php(165): CodeIgniter\Database\BaseBuilder->countAllResults()
#5 /home/xkynpbah/public_html/app/Controllers/Telegram.php(124): App\Controllers\Telegram->askForResetConfirmation(6719727245, 6719727245, Object(stdClass), 'akashbabu', Object(stdClass))
#6 /home/xkynpbah/public_html/vendor/codeigniter4/framework/system/CodeIgniter.php(824): App\Controllers\Telegram->index()
#7 /home/xkynpbah/public_html/vendor/codeigniter4/framework/system/CodeIgniter.php(410): CodeIgniter\CodeIgniter->runController(Object(App\Controllers\Telegram))
#8 /home/xkynpbah/public_html/vendor/codeigniter4/framework/system/CodeIgniter.php(318): CodeIgniter\CodeIgniter->handleRequest(NULL, Object(Config\Cache), false)
#9 /home/xkynpbah/public_html/index.php(37): CodeIgniter\CodeIgniter->run()
#10 {main}
ERROR - 2026-07-26 12:43:33 --> Telegram controller called
ERROR - 2026-07-26 12:43:33 --> Table 'xkynpbah_titoo.telegram_premium' doesn't exist
CRITICAL - 2026-07-26 12:43:33 --> Table 'xkynpbah_titoo.telegram_premium' doesn't exist
#0 /home/xkynpbah/public_html/vendor/codeigniter4/framework/system/Database/MySQLi/Connection.php(292): mysqli->query('SELECT COUNT(*)...', 0)
#1 /home/xkynpbah/public_html/vendor/codeigniter4/framework/system/Database/BaseConnection.php(670): CodeIgniter\Database\MySQLi\Connection->execute('SELECT COUNT(*)...')
#2 /home/xkynpbah/public_html/vendor/codeigniter4/framework/system/Database/BaseConnection.php(598): CodeIgniter\Database\BaseConnection->simpleQuery('SELECT COUNT(*)...')
#3 /home/xkynpbah/public_html/vendor/codeigniter4/framework/system/Database/BaseBuilder.php(1527): CodeIgniter\Database\BaseConnection->query('SELECT COUNT(*)...', Array, false)
#4 /home/xkynpbah/public_html/app/Controllers/Telegram.php(165): CodeIgniter\Database\BaseBuilder->countAllResults()
#5 /home/xkynpbah/public_html/app/Controllers/Telegram.php(124): App\Controllers\Telegram->askForResetConfirmation(6719727245, 6719727245, Object(stdClass), 'akashbabu', Object(stdClass))
#6 /home/xkynpbah/public_html/vendor/codeigniter4/framework/system/CodeIgniter.php(824): App\Controllers\Telegram->index()
#7 /home/xkynpbah/public_html/vendor/codeigniter4/framework/system/CodeIgniter.php(410): CodeIgniter\CodeIgniter->runController(Object(App\Controllers\Telegram))
#8 /home/xkynpbah/public_html/vendor/codeigniter4/framework/system/CodeIgniter.php(318): CodeIgniter\CodeIgniter->handleRequest(NULL, Object(Config\Cache), false)
#9 /home/xkynpbah/public_html/index.php(37): CodeIgniter\CodeIgniter->run()
#10 {main}
ERROR - 2026-07-26 12:44:50 --> Telegram controller called
ERROR - 2026-07-26 12:44:50 --> Table 'xkynpbah_titoo.telegram_premium' doesn't exist
CRITICAL - 2026-07-26 12:44:50 --> Table 'xkynpbah_titoo.telegram_premium' doesn't exist
#0 /home/xkynpbah/public_html/vendor/codeigniter4/framework/system/Database/MySQLi/Connection.php(292): mysqli->query('SELECT COUNT(*)...', 0)
#1 /home/xkynpbah/public_html/vendor/codeigniter4/framework/system/Database/BaseConnection.php(670): CodeIgniter\Database\MySQLi\Connection->execute('SELECT COUNT(*)...')
#2 /home/xkynpbah/public_html/vendor/codeigniter4/framework/system/Database/BaseConnection.php(598): CodeIgniter\Database\BaseConnection->simpleQuery('SELECT COUNT(*)...')
#3 /home/xkynpbah/public_html/vendor/codeigniter4/framework/system/Database/BaseBuilder.php(1527): CodeIgniter\Database\BaseConnection->query('SELECT COUNT(*)...', Array, false)
#4 /home/xkynpbah/public_html/app/Controllers/Telegram.php(165): CodeIgniter\Database\BaseBuilder->countAllResults()
#5 /home/xkynpbah/public_html/app/Controllers/Telegram.php(124): App\Controllers\Telegram->askForResetConfirmation(6719727245, 6719727245, Object(stdClass), 'akashbabu', Object(stdClass))
#6 /home/xkynpbah/public_html/vendor/codeigniter4/framework/system/CodeIgniter.php(824): App\Controllers\Telegram->index()
#7 /home/xkynpbah/public_html/vendor/codeigniter4/framework/system/CodeIgniter.php(410): CodeIgniter\CodeIgniter->runController(Object(App\Controllers\Telegram))
#8 /home/xkynpbah/public_html/vendor/codeigniter4/framework/system/CodeIgniter.php(318): CodeIgniter\CodeIgniter->handleRequest(NULL, Object(Config\Cache), false)
#9 /home/xkynpbah/public_html/index.php(37): CodeIgniter\CodeIgniter->run()
#10 {main}
ERROR - 2026-07-26 12:46:21 --> Telegram controller called
ERROR - 2026-07-26 12:46:21 --> Table 'xkynpbah_titoo.telegram_premium' doesn't exist
CRITICAL - 2026-07-26 12:46:21 --> Table 'xkynpbah_titoo.telegram_premium' doesn't exist
#0 /home/xkynpbah/public_html/vendor/codeigniter4/framework/system/Database/MySQLi/Connection.php(292): mysqli->query('SELECT COUNT(*)...', 0)
#1 /home/xkynpbah/public_html/vendor/codeigniter4/framework/system/Database/BaseConnection.php(670): CodeIgniter\Database\MySQLi\Connection->execute('SELECT COUNT(*)...')
#2 /home/xkynpbah/public_html/vendor/codeigniter4/framework/system/Database/BaseConnection.php(598): CodeIgniter\Database\BaseConnection->simpleQuery('SELECT COUNT(*)...')
#3 /home/xkynpbah/public_html/vendor/codeigniter4/framework/system/Database/BaseBuilder.php(1527): CodeIgniter\Database\BaseConnection->query('SELECT COUNT(*)...', Array, false)
#4 /home/xkynpbah/public_html/app/Controllers/Telegram.php(165): CodeIgniter\Database\BaseBuilder->countAllResults()
#5 /home/xkynpbah/public_html/app/Controllers/Telegram.php(124): App\Controllers\Telegram->askForResetConfirmation(6719727245, 6719727245, Object(stdClass), 'akashbabu', Object(stdClass))
#6 /home/xkynpbah/public_html/vendor/codeigniter4/framework/system/CodeIgniter.php(824): App\Controllers\Telegram->index()
#7 /home/xkynpbah/public_html/vendor/codeigniter4/framework/system/CodeIgniter.php(410): CodeIgniter\CodeIgniter->runController(Object(App\Controllers\Telegram))
#8 /home/xkynpbah/public_html/vendor/codeigniter4/framework/system/CodeIgniter.php(318): CodeIgniter\CodeIgniter->handleRequest(NULL, Object(Config\Cache), false)
#9 /home/xkynpbah/public_html/index.php(37): CodeIgniter\CodeIgniter->run()
#10 {main}
ERROR - 2026-07-26 12:48:10 --> Telegram controller called
ERROR - 2026-07-26 12:48:10 --> Table 'xkynpbah_titoo.telegram_premium' doesn't exist
CRITICAL - 2026-07-26 12:48:10 --> Table 'xkynpbah_titoo.telegram_premium' doesn't exist
#0 /home/xkynpbah/public_html/vendor/codeigniter4/framework/system/Database/MySQLi/Connection.php(292): mysqli->query('SELECT COUNT(*)...', 0)
#1 /home/xkynpbah/public_html/vendor/codeigniter4/framework/system/Database/BaseConnection.php(670): CodeIgniter\Database\MySQLi\Connection->execute('SELECT COUNT(*)...')
#2 /home/xkynpbah/public_html/vendor/codeigniter4/framework/system/Database/BaseConnection.php(598): CodeIgniter\Database\BaseConnection->simpleQuery('SELECT COUNT(*)...')
#3 /home/xkynpbah/public_html/vendor/codeigniter4/framework/system/Database/BaseBuilder.php(1527): CodeIgniter\Database\BaseConnection->query('SELECT COUNT(*)...', Array, false)
#4 /home/xkynpbah/public_html/app/Controllers/Telegram.php(165): CodeIgniter\Database\BaseBuilder->countAllResults()
#5 /home/xkynpbah/public_html/app/Controllers/Telegram.php(124): App\Controllers\Telegram->askForResetConfirmation(6719727245, 6719727245, Object(stdClass), 'akashbabu', Object(stdClass))
#6 /home/xkynpbah/public_html/vendor/codeigniter4/framework/system/CodeIgniter.php(824): App\Controllers\Telegram->index()
#7 /home/xkynpbah/public_html/vendor/codeigniter4/framework/system/CodeIgniter.php(410): CodeIgniter\CodeIgniter->runController(Object(App\Controllers\Telegram))
#8 /home/xkynpbah/public_html/vendor/codeigniter4/framework/system/CodeIgniter.php(318): CodeIgniter\CodeIgniter->handleRequest(NULL, Object(Config\Cache), false)
#9 /home/xkynpbah/public_html/index.php(37): CodeIgniter\CodeIgniter->run()
#10 {main}
ERROR - 2026-07-26 12:49:22 --> Telegram controller called
ERROR - 2026-07-26 12:49:22 --> Table 'xkynpbah_titoo.telegram_premium' doesn't exist
CRITICAL - 2026-07-26 12:49:22 --> Table 'xkynpbah_titoo.telegram_premium' doesn't exist
#0 /home/xkynpbah/public_html/vendor/codeigniter4/framework/system/Database/MySQLi/Connection.php(292): mysqli->query('SELECT COUNT(*)...', 0)
#1 /home/xkynpbah/public_html/vendor/codeigniter4/framework/system/Database/BaseConnection.php(670): CodeIgniter\Database\MySQLi\Connection->execute('SELECT COUNT(*)...')
#2 /home/xkynpbah/public_html/vendor/codeigniter4/framework/system/Database/BaseConnection.php(598): CodeIgniter\Database\BaseConnection->simpleQuery('SELECT COUNT(*)...')
#3 /home/xkynpbah/public_html/vendor/codeigniter4/framework/system/Database/BaseBuilder.php(1527): CodeIgniter\Database\BaseConnection->query('SELECT COUNT(*)...', Array, false)
#4 /home/xkynpbah/public_html/app/Controllers/Telegram.php(165): CodeIgniter\Database\BaseBuilder->countAllResults()
#5 /home/xkynpbah/public_html/app/Controllers/Telegram.php(124): App\Controllers\Telegram->askForResetConfirmation(6719727245, 6719727245, Object(stdClass), 'akashbabu', Object(stdClass))
#6 /home/xkynpbah/public_html/vendor/codeigniter4/framework/system/CodeIgniter.php(824): App\Controllers\Telegram->index()
#7 /home/xkynpbah/public_html/vendor/codeigniter4/framework/system/CodeIgniter.php(410): CodeIgniter\CodeIgniter->runController(Object(App\Controllers\Telegram))
#8 /home/xkynpbah/public_html/vendor/codeigniter4/framework/system/CodeIgniter.php(318): CodeIgniter\CodeIgniter->handleRequest(NULL, Object(Config\Cache), false)
#9 /home/xkynpbah/public_html/index.php(37): CodeIgniter\CodeIgniter->run()
#10 {main}
ERROR - 2026-07-26 12:50:35 --> Telegram controller called
ERROR - 2026-07-26 12:50:35 --> Table 'xkynpbah_titoo.telegram_premium' doesn't exist
CRITICAL - 2026-07-26 12:50:35 --> Table 'xkynpbah_titoo.telegram_premium' doesn't exist
#0 /home/xkynpbah/public_html/vendor/codeigniter4/framework/system/Database/MySQLi/Connection.php(292): mysqli->query('SELECT COUNT(*)...', 0)
#1 /home/xkynpbah/public_html/vendor/codeigniter4/framework/system/Database/BaseConnection.php(670): CodeIgniter\Database\MySQLi\Connection->execute('SELECT COUNT(*)...')
#2 /home/xkynpbah/public_html/vendor/codeigniter4/framework/system/Database/BaseConnection.php(598): CodeIgniter\Database\BaseConnection->simpleQuery('SELECT COUNT(*)...')
#3 /home/xkynpbah/public_html/vendor/codeigniter4/framework/system/Database/BaseBuilder.php(1527): CodeIgniter\Database\BaseConnection->query('SELECT COUNT(*)...', Array, false)
#4 /home/xkynpbah/public_html/app/Controllers/Telegram.php(165): CodeIgniter\Database\BaseBuilder->countAllResults()
#5 /home/xkynpbah/public_html/app/Controllers/Telegram.php(124): App\Controllers\Telegram->askForResetConfirmation(6719727245, 6719727245, Object(stdClass), 'akashbabu', Object(stdClass))
#6 /home/xkynpbah/public_html/vendor/codeigniter4/framework/system/CodeIgniter.php(824): App\Controllers\Telegram->index()
#7 /home/xkynpbah/public_html/vendor/codeigniter4/framework/system/CodeIgniter.php(410): CodeIgniter\CodeIgniter->runController(Object(App\Controllers\Telegram))
#8 /home/xkynpbah/public_html/vendor/codeigniter4/framework/system/CodeIgniter.php(318): CodeIgniter\CodeIgniter->handleRequest(NULL, Object(Config\Cache), false)
#9 /home/xkynpbah/public_html/index.php(37): CodeIgniter\CodeIgniter->run()
#10 {main}
ERROR - 2026-07-26 12:51:42 --> Telegram controller called
ERROR - 2026-07-26 12:51:42 --> Table 'xkynpbah_titoo.telegram_premium' doesn't exist
CRITICAL - 2026-07-26 12:51:42 --> Table 'xkynpbah_titoo.telegram_premium' doesn't exist
#0 /home/xkynpbah/public_html/vendor/codeigniter4/framework/system/Database/MySQLi/Connection.php(292): mysqli->query('SELECT COUNT(*)...', 0)
#1 /home/xkynpbah/public_html/vendor/codeigniter4/framework/system/Database/BaseConnection.php(670): CodeIgniter\Database\MySQLi\Connection->execute('SELECT COUNT(*)...')
#2 /home/xkynpbah/public_html/vendor/codeigniter4/framework/system/Database/BaseConnection.php(598): CodeIgniter\Database\BaseConnection->simpleQuery('SELECT COUNT(*)...')
#3 /home/xkynpbah/public_html/vendor/codeigniter4/framework/system/Database/BaseBuilder.php(1527): CodeIgniter\Database\BaseConnection->query('SELECT COUNT(*)...', Array, false)
#4 /home/xkynpbah/public_html/app/Controllers/Telegram.php(165): CodeIgniter\Database\BaseBuilder->countAllResults()
#5 /home/xkynpbah/public_html/app/Controllers/Telegram.php(124): App\Controllers\Telegram->askForResetConfirmation(6719727245, 6719727245, Object(stdClass), 'akashbabu', Object(stdClass))
#6 /home/xkynpbah/public_html/vendor/codeigniter4/framework/system/CodeIgniter.php(824): App\Controllers\Telegram->index()
#7 /home/xkynpbah/public_html/vendor/codeigniter4/framework/system/CodeIgniter.php(410): CodeIgniter\CodeIgniter->runController(Object(App\Controllers\Telegram))
#8 /home/xkynpbah/public_html/vendor/codeigniter4/framework/system/CodeIgniter.php(318): CodeIgniter\CodeIgniter->handleRequest(NULL, Object(Config\Cache), false)
#9 /home/xkynpbah/public_html/index.php(37): CodeIgniter\CodeIgniter->run()
#10 {main}
ERROR - 2026-07-26 12:52:48 --> Telegram controller called
ERROR - 2026-07-26 12:52:48 --> Table 'xkynpbah_titoo.telegram_premium' doesn't exist
CRITICAL - 2026-07-26 12:52:48 --> Table 'xkynpbah_titoo.telegram_premium' doesn't exist
#0 /home/xkynpbah/public_html/vendor/codeigniter4/framework/system/Database/MySQLi/Connection.php(292): mysqli->query('SELECT COUNT(*)...', 0)
#1 /home/xkynpbah/public_html/vendor/codeigniter4/framework/system/Database/BaseConnection.php(670): CodeIgniter\Database\MySQLi\Connection->execute('SELECT COUNT(*)...')
#2 /home/xkynpbah/public_html/vendor/codeigniter4/framework/system/Database/BaseConnection.php(598): CodeIgniter\Database\BaseConnection->simpleQuery('SELECT COUNT(*)...')
#3 /home/xkynpbah/public_html/vendor/codeigniter4/framework/system/Database/BaseBuilder.php(1527): CodeIgniter\Database\BaseConnection->query('SELECT COUNT(*)...', Array, false)
#4 /home/xkynpbah/public_html/app/Controllers/Telegram.php(165): CodeIgniter\Database\BaseBuilder->countAllResults()
#5 /home/xkynpbah/public_html/app/Controllers/Telegram.php(124): App\Controllers\Telegram->askForResetConfirmation(6719727245, 6719727245, Object(stdClass), 'akashbabu', Object(stdClass))
#6 /home/xkynpbah/public_html/vendor/codeigniter4/framework/system/CodeIgniter.php(824): App\Controllers\Telegram->index()
#7 /home/xkynpbah/public_html/vendor/codeigniter4/framework/system/CodeIgniter.php(410): CodeIgniter\CodeIgniter->runController(Object(App\Controllers\Telegram))
#8 /home/xkynpbah/public_html/vendor/codeigniter4/framework/system/CodeIgniter.php(318): CodeIgniter\CodeIgniter->handleRequest(NULL, Object(Config\Cache), false)
#9 /home/xkynpbah/public_html/index.php(37): CodeIgniter\CodeIgniter->run()
#10 {main}
ERROR - 2026-07-26 12:54:31 --> Telegram controller called
ERROR - 2026-07-26 12:54:31 --> Table 'xkynpbah_titoo.telegram_premium' doesn't exist
CRITICAL - 2026-07-26 12:54:31 --> Table 'xkynpbah_titoo.telegram_premium' doesn't exist
#0 /home/xkynpbah/public_html/vendor/codeigniter4/framework/system/Database/MySQLi/Connection.php(292): mysqli->query('SELECT COUNT(*)...', 0)
#1 /home/xkynpbah/public_html/vendor/codeigniter4/framework/system/Database/BaseConnection.php(670): CodeIgniter\Database\MySQLi\Connection->execute('SELECT COUNT(*)...')
#2 /home/xkynpbah/public_html/vendor/codeigniter4/framework/system/Database/BaseConnection.php(598): CodeIgniter\Database\BaseConnection->simpleQuery('SELECT COUNT(*)...')
#3 /home/xkynpbah/public_html/vendor/codeigniter4/framework/system/Database/BaseBuilder.php(1527): CodeIgniter\Database\BaseConnection->query('SELECT COUNT(*)...', Array, false)
#4 /home/xkynpbah/public_html/app/Controllers/Telegram.php(165): CodeIgniter\Database\BaseBuilder->countAllResults()
#5 /home/xkynpbah/public_html/app/Controllers/Telegram.php(124): App\Controllers\Telegram->askForResetConfirmation(6719727245, 6719727245, Object(stdClass), 'akashbabu', Object(stdClass))
#6 /home/xkynpbah/public_html/vendor/codeigniter4/framework/system/CodeIgniter.php(824): App\Controllers\Telegram->index()
#7 /home/xkynpbah/public_html/vendor/codeigniter4/framework/system/CodeIgniter.php(410): CodeIgniter\CodeIgniter->runController(Object(App\Controllers\Telegram))
#8 /home/xkynpbah/public_html/vendor/codeigniter4/framework/system/CodeIgniter.php(318): CodeIgniter\CodeIgniter->handleRequest(NULL, Object(Config\Cache), false)
#9 /home/xkynpbah/public_html/index.php(37): CodeIgniter\CodeIgniter->run()
#10 {main}
ERROR - 2026-07-26 12:56:24 --> Telegram controller called
ERROR - 2026-07-26 12:56:24 --> Telegram Bot Token not set in .env
ERROR - 2026-07-26 12:56:25 --> Telegram controller called
ERROR - 2026-07-26 12:56:25 --> Table 'xkynpbah_titoo.telegram_premium' doesn't exist
CRITICAL - 2026-07-26 12:56:25 --> Table 'xkynpbah_titoo.telegram_premium' doesn't exist
#0 /home/xkynpbah/public_html/vendor/codeigniter4/framework/system/Database/MySQLi/Connection.php(292): mysqli->query('SELECT COUNT(*)...', 0)
#1 /home/xkynpbah/public_html/vendor/codeigniter4/framework/system/Database/BaseConnection.php(670): CodeIgniter\Database\MySQLi\Connection->execute('SELECT COUNT(*)...')
#2 /home/xkynpbah/public_html/vendor/codeigniter4/framework/system/Database/BaseConnection.php(598): CodeIgniter\Database\BaseConnection->simpleQuery('SELECT COUNT(*)...')
#3 /home/xkynpbah/public_html/vendor/codeigniter4/framework/system/Database/BaseBuilder.php(1527): CodeIgniter\Database\BaseConnection->query('SELECT COUNT(*)...', Array, false)
#4 /home/xkynpbah/public_html/app/Controllers/Telegram.php(165): CodeIgniter\Database\BaseBuilder->countAllResults()
#5 /home/xkynpbah/public_html/app/Controllers/Telegram.php(124): App\Controllers\Telegram->askForResetConfirmation(6719727245, 6719727245, Object(stdClass), 'akashbabu', Object(stdClass))
#6 /home/xkynpbah/public_html/vendor/codeigniter4/framework/system/CodeIgniter.php(824): App\Controllers\Telegram->index()
#7 /home/xkynpbah/public_html/vendor/codeigniter4/framework/system/CodeIgniter.php(410): CodeIgniter\CodeIgniter->runController(Object(App\Controllers\Telegram))
#8 /home/xkynpbah/public_html/vendor/codeigniter4/framework/system/CodeIgniter.php(318): CodeIgniter\CodeIgniter->handleRequest(NULL, Object(Config\Cache), false)
#9 /home/xkynpbah/public_html/index.php(37): CodeIgniter\CodeIgniter->run()
#10 {main}
ERROR - 2026-07-26 12:56:28 --> Telegram controller called
ERROR - 2026-07-26 12:56:28 --> Telegram Bot Token not set in .env
ERROR - 2026-07-26 12:58:01 --> Telegram controller called
ERROR - 2026-07-26 12:58:01 --> Table 'xkynpbah_titoo.telegram_premium' doesn't exist
CRITICAL - 2026-07-26 12:58:01 --> Table 'xkynpbah_titoo.telegram_premium' doesn't exist
#0 /home/xkynpbah/public_html/vendor/codeigniter4/framework/system/Database/MySQLi/Connection.php(292): mysqli->query('SELECT COUNT(*)...', 0)
#1 /home/xkynpbah/public_html/vendor/codeigniter4/framework/system/Database/BaseConnection.php(670): CodeIgniter\Database\MySQLi\Connection->execute('SELECT COUNT(*)...')
#2 /home/xkynpbah/public_html/vendor/codeigniter4/framework/system/Database/BaseConnection.php(598): CodeIgniter\Database\BaseConnection->simpleQuery('SELECT COUNT(*)...')
#3 /home/xkynpbah/public_html/vendor/codeigniter4/framework/system/Database/BaseBuilder.php(1527): CodeIgniter\Database\BaseConnection->query('SELECT COUNT(*)...', Array, false)
#4 /home/xkynpbah/public_html/app/Controllers/Telegram.php(165): CodeIgniter\Database\BaseBuilder->countAllResults()
#5 /home/xkynpbah/public_html/app/Controllers/Telegram.php(124): App\Controllers\Telegram->askForResetConfirmation(6719727245, 6719727245, Object(stdClass), 'akashbabu', Object(stdClass))
#6 /home/xkynpbah/public_html/vendor/codeigniter4/framework/system/CodeIgniter.php(824): App\Controllers\Telegram->index()
#7 /home/xkynpbah/public_html/vendor/codeigniter4/framework/system/CodeIgniter.php(410): CodeIgniter\CodeIgniter->runController(Object(App\Controllers\Telegram))
#8 /home/xkynpbah/public_html/vendor/codeigniter4/framework/system/CodeIgniter.php(318): CodeIgniter\CodeIgniter->handleRequest(NULL, Object(Config\Cache), false)
#9 /home/xkynpbah/public_html/index.php(37): CodeIgniter\CodeIgniter->run()
#10 {main}
ERROR - 2026-07-26 12:59:25 --> Telegram controller called
ERROR - 2026-07-26 12:59:25 --> Table 'xkynpbah_titoo.telegram_premium' doesn't exist
CRITICAL - 2026-07-26 12:59:25 --> Table 'xkynpbah_titoo.telegram_premium' doesn't exist
#0 /home/xkynpbah/public_html/vendor/codeigniter4/framework/system/Database/MySQLi/Connection.php(292): mysqli->query('SELECT COUNT(*)...', 0)
#1 /home/xkynpbah/public_html/vendor/codeigniter4/framework/system/Database/BaseConnection.php(670): CodeIgniter\Database\MySQLi\Connection->execute('SELECT COUNT(*)...')
#2 /home/xkynpbah/public_html/vendor/codeigniter4/framework/system/Database/BaseConnection.php(598): CodeIgniter\Database\BaseConnection->simpleQuery('SELECT COUNT(*)...')
#3 /home/xkynpbah/public_html/vendor/codeigniter4/framework/system/Database/BaseBuilder.php(1527): CodeIgniter\Database\BaseConnection->query('SELECT COUNT(*)...', Array, false)
#4 /home/xkynpbah/public_html/app/Controllers/Telegram.php(165): CodeIgniter\Database\BaseBuilder->countAllResults()
#5 /home/xkynpbah/public_html/app/Controllers/Telegram.php(124): App\Controllers\Telegram->askForResetConfirmation(6719727245, 6719727245, Object(stdClass), 'akashbabu', Object(stdClass))
#6 /home/xkynpbah/public_html/vendor/codeigniter4/framework/system/CodeIgniter.php(824): App\Controllers\Telegram->index()
#7 /home/xkynpbah/public_html/vendor/codeigniter4/framework/system/CodeIgniter.php(410): CodeIgniter\CodeIgniter->runController(Object(App\Controllers\Telegram))
#8 /home/xkynpbah/public_html/vendor/codeigniter4/framework/system/CodeIgniter.php(318): CodeIgniter\CodeIgniter->handleRequest(NULL, Object(Config\Cache), false)
#9 /home/xkynpbah/public_html/index.php(37): CodeIgniter\CodeIgniter->run()
#10 {main}
ERROR - 2026-07-26 13:00:29 --> Telegram controller called
ERROR - 2026-07-26 13:00:29 --> Table 'xkynpbah_titoo.telegram_premium' doesn't exist
CRITICAL - 2026-07-26 13:00:29 --> Table 'xkynpbah_titoo.telegram_premium' doesn't exist
#0 /home/xkynpbah/public_html/vendor/codeigniter4/framework/system/Database/MySQLi/Connection.php(292): mysqli->query('SELECT COUNT(*)...', 0)
#1 /home/xkynpbah/public_html/vendor/codeigniter4/framework/system/Database/BaseConnection.php(670): CodeIgniter\Database\MySQLi\Connection->execute('SELECT COUNT(*)...')
#2 /home/xkynpbah/public_html/vendor/codeigniter4/framework/system/Database/BaseConnection.php(598): CodeIgniter\Database\BaseConnection->simpleQuery('SELECT COUNT(*)...')
#3 /home/xkynpbah/public_html/vendor/codeigniter4/framework/system/Database/BaseBuilder.php(1527): CodeIgniter\Database\BaseConnection->query('SELECT COUNT(*)...', Array, false)
#4 /home/xkynpbah/public_html/app/Controllers/Telegram.php(165): CodeIgniter\Database\BaseBuilder->countAllResults()
#5 /home/xkynpbah/public_html/app/Controllers/Telegram.php(124): App\Controllers\Telegram->askForResetConfirmation(6719727245, 6719727245, Object(stdClass), 'akashbabu', Object(stdClass))
#6 /home/xkynpbah/public_html/vendor/codeigniter4/framework/system/CodeIgniter.php(824): App\Controllers\Telegram->index()
#7 /home/xkynpbah/public_html/vendor/codeigniter4/framework/system/CodeIgniter.php(410): CodeIgniter\CodeIgniter->runController(Object(App\Controllers\Telegram))
#8 /home/xkynpbah/public_html/vendor/codeigniter4/framework/system/CodeIgniter.php(318): CodeIgniter\CodeIgniter->handleRequest(NULL, Object(Config\Cache), false)
#9 /home/xkynpbah/public_html/index.php(37): CodeIgniter\CodeIgniter->run()
#10 {main}
ERROR - 2026-07-26 13:02:21 --> Telegram controller called
ERROR - 2026-07-26 13:02:21 --> Table 'xkynpbah_titoo.telegram_premium' doesn't exist
CRITICAL - 2026-07-26 13:02:21 --> Table 'xkynpbah_titoo.telegram_premium' doesn't exist
#0 /home/xkynpbah/public_html/vendor/codeigniter4/framework/system/Database/MySQLi/Connection.php(292): mysqli->query('SELECT COUNT(*)...', 0)
#1 /home/xkynpbah/public_html/vendor/codeigniter4/framework/system/Database/BaseConnection.php(670): CodeIgniter\Database\MySQLi\Connection->execute('SELECT COUNT(*)...')
#2 /home/xkynpbah/public_html/vendor/codeigniter4/framework/system/Database/BaseConnection.php(598): CodeIgniter\Database\BaseConnection->simpleQuery('SELECT COUNT(*)...')
#3 /home/xkynpbah/public_html/vendor/codeigniter4/framework/system/Database/BaseBuilder.php(1527): CodeIgniter\Database\BaseConnection->query('SELECT COUNT(*)...', Array, false)
#4 /home/xkynpbah/public_html/app/Controllers/Telegram.php(165): CodeIgniter\Database\BaseBuilder->countAllResults()
#5 /home/xkynpbah/public_html/app/Controllers/Telegram.php(124): App\Controllers\Telegram->askForResetConfirmation(6719727245, 6719727245, Object(stdClass), 'akashbabu', Object(stdClass))
#6 /home/xkynpbah/public_html/vendor/codeigniter4/framework/system/CodeIgniter.php(824): App\Controllers\Telegram->index()
#7 /home/xkynpbah/public_html/vendor/codeigniter4/framework/system/CodeIgniter.php(410): CodeIgniter\CodeIgniter->runController(Object(App\Controllers\Telegram))
#8 /home/xkynpbah/public_html/vendor/codeigniter4/framework/system/CodeIgniter.php(318): CodeIgniter\CodeIgniter->handleRequest(NULL, Object(Config\Cache), false)
#9 /home/xkynpbah/public_html/index.php(37): CodeIgniter\CodeIgniter->run()
#10 {main}
ERROR - 2026-07-26 13:03:54 --> Telegram controller called
ERROR - 2026-07-26 13:03:54 --> Table 'xkynpbah_titoo.telegram_premium' doesn't exist
CRITICAL - 2026-07-26 13:03:54 --> Table 'xkynpbah_titoo.telegram_premium' doesn't exist
#0 /home/xkynpbah/public_html/vendor/codeigniter4/framework/system/Database/MySQLi/Connection.php(292): mysqli->query('SELECT COUNT(*)...', 0)
#1 /home/xkynpbah/public_html/vendor/codeigniter4/framework/system/Database/BaseConnection.php(670): CodeIgniter\Database\MySQLi\Connection->execute('SELECT COUNT(*)...')
#2 /home/xkynpbah/public_html/vendor/codeigniter4/framework/system/Database/BaseConnection.php(598): CodeIgniter\Database\BaseConnection->simpleQuery('SELECT COUNT(*)...')
#3 /home/xkynpbah/public_html/vendor/codeigniter4/framework/system/Database/BaseBuilder.php(1527): CodeIgniter\Database\BaseConnection->query('SELECT COUNT(*)...', Array, false)
#4 /home/xkynpbah/public_html/app/Controllers/Telegram.php(165): CodeIgniter\Database\BaseBuilder->countAllResults()
#5 /home/xkynpbah/public_html/app/Controllers/Telegram.php(124): App\Controllers\Telegram->askForResetConfirmation(6719727245, 6719727245, Object(stdClass), 'akashbabu', Object(stdClass))
#6 /home/xkynpbah/public_html/vendor/codeigniter4/framework/system/CodeIgniter.php(824): App\Controllers\Telegram->index()
#7 /home/xkynpbah/public_html/vendor/codeigniter4/framework/system/CodeIgniter.php(410): CodeIgniter\CodeIgniter->runController(Object(App\Controllers\Telegram))
#8 /home/xkynpbah/public_html/vendor/codeigniter4/framework/system/CodeIgniter.php(318): CodeIgniter\CodeIgniter->handleRequest(NULL, Object(Config\Cache), false)
#9 /home/xkynpbah/public_html/index.php(37): CodeIgniter\CodeIgniter->run()
#10 {main}
ERROR - 2026-07-26 13:05:21 --> Telegram controller called
ERROR - 2026-07-26 13:05:21 --> Table 'xkynpbah_titoo.telegram_premium' doesn't exist
CRITICAL - 2026-07-26 13:05:21 --> Table 'xkynpbah_titoo.telegram_premium' doesn't exist
#0 /home/xkynpbah/public_html/vendor/codeigniter4/framework/system/Database/MySQLi/Connection.php(292): mysqli->query('SELECT COUNT(*)...', 0)
#1 /home/xkynpbah/public_html/vendor/codeigniter4/framework/system/Database/BaseConnection.php(670): CodeIgniter\Database\MySQLi\Connection->execute('SELECT COUNT(*)...')
#2 /home/xkynpbah/public_html/vendor/codeigniter4/framework/system/Database/BaseConnection.php(598): CodeIgniter\Database\BaseConnection->simpleQuery('SELECT COUNT(*)...')
#3 /home/xkynpbah/public_html/vendor/codeigniter4/framework/system/Database/BaseBuilder.php(1527): CodeIgniter\Database\BaseConnection->query('SELECT COUNT(*)...', Array, false)
#4 /home/xkynpbah/public_html/app/Controllers/Telegram.php(165): CodeIgniter\Database\BaseBuilder->countAllResults()
#5 /home/xkynpbah/public_html/app/Controllers/Telegram.php(124): App\Controllers\Telegram->askForResetConfirmation(6719727245, 6719727245, Object(stdClass), 'akashbabu', Object(stdClass))
#6 /home/xkynpbah/public_html/vendor/codeigniter4/framework/system/CodeIgniter.php(824): App\Controllers\Telegram->index()
#7 /home/xkynpbah/public_html/vendor/codeigniter4/framework/system/CodeIgniter.php(410): CodeIgniter\CodeIgniter->runController(Object(App\Controllers\Telegram))
#8 /home/xkynpbah/public_html/vendor/codeigniter4/framework/system/CodeIgniter.php(318): CodeIgniter\CodeIgniter->handleRequest(NULL, Object(Config\Cache), false)
#9 /home/xkynpbah/public_html/index.php(37): CodeIgniter\CodeIgniter->run()
#10 {main}
ERROR - 2026-07-26 13:07:20 --> Telegram controller called
ERROR - 2026-07-26 13:07:20 --> Table 'xkynpbah_titoo.telegram_premium' doesn't exist
CRITICAL - 2026-07-26 13:07:20 --> Table 'xkynpbah_titoo.telegram_premium' doesn't exist
#0 /home/xkynpbah/public_html/vendor/codeigniter4/framework/system/Database/MySQLi/Connection.php(292): mysqli->query('SELECT COUNT(*)...', 0)
#1 /home/xkynpbah/public_html/vendor/codeigniter4/framework/system/Database/BaseConnection.php(670): CodeIgniter\Database\MySQLi\Connection->execute('SELECT COUNT(*)...')
#2 /home/xkynpbah/public_html/vendor/codeigniter4/framework/system/Database/BaseConnection.php(598): CodeIgniter\Database\BaseConnection->simpleQuery('SELECT COUNT(*)...')
#3 /home/xkynpbah/public_html/vendor/codeigniter4/framework/system/Database/BaseBuilder.php(1527): CodeIgniter\Database\BaseConnection->query('SELECT COUNT(*)...', Array, false)
#4 /home/xkynpbah/public_html/app/Controllers/Telegram.php(165): CodeIgniter\Database\BaseBuilder->countAllResults()
#5 /home/xkynpbah/public_html/app/Controllers/Telegram.php(124): App\Controllers\Telegram->askForResetConfirmation(6719727245, 6719727245, Object(stdClass), 'akashbabu', Object(stdClass))
#6 /home/xkynpbah/public_html/vendor/codeigniter4/framework/system/CodeIgniter.php(824): App\Controllers\Telegram->index()
#7 /home/xkynpbah/public_html/vendor/codeigniter4/framework/system/CodeIgniter.php(410): CodeIgniter\CodeIgniter->runController(Object(App\Controllers\Telegram))
#8 /home/xkynpbah/public_html/vendor/codeigniter4/framework/system/CodeIgniter.php(318): CodeIgniter\CodeIgniter->handleRequest(NULL, Object(Config\Cache), false)
#9 /home/xkynpbah/public_html/index.php(37): CodeIgniter\CodeIgniter->run()
#10 {main}
ERROR - 2026-07-26 13:09:21 --> Telegram controller called
ERROR - 2026-07-26 13:09:21 --> Table 'xkynpbah_titoo.telegram_premium' doesn't exist
CRITICAL - 2026-07-26 13:09:21 --> Table 'xkynpbah_titoo.telegram_premium' doesn't exist
#0 /home/xkynpbah/public_html/vendor/codeigniter4/framework/system/Database/MySQLi/Connection.php(292): mysqli->query('SELECT COUNT(*)...', 0)
#1 /home/xkynpbah/public_html/vendor/codeigniter4/framework/system/Database/BaseConnection.php(670): CodeIgniter\Database\MySQLi\Connection->execute('SELECT COUNT(*)...')
#2 /home/xkynpbah/public_html/vendor/codeigniter4/framework/system/Database/BaseConnection.php(598): CodeIgniter\Database\BaseConnection->simpleQuery('SELECT COUNT(*)...')
#3 /home/xkynpbah/public_html/vendor/codeigniter4/framework/system/Database/BaseBuilder.php(1527): CodeIgniter\Database\BaseConnection->query('SELECT COUNT(*)...', Array, false)
#4 /home/xkynpbah/public_html/app/Controllers/Telegram.php(165): CodeIgniter\Database\BaseBuilder->countAllResults()
#5 /home/xkynpbah/public_html/app/Controllers/Telegram.php(124): App\Controllers\Telegram->askForResetConfirmation(6719727245, 6719727245, Object(stdClass), 'akashbabu', Object(stdClass))
#6 /home/xkynpbah/public_html/vendor/codeigniter4/framework/system/CodeIgniter.php(824): App\Controllers\Telegram->index()
#7 /home/xkynpbah/public_html/vendor/codeigniter4/framework/system/CodeIgniter.php(410): CodeIgniter\CodeIgniter->runController(Object(App\Controllers\Telegram))
#8 /home/xkynpbah/public_html/vendor/codeigniter4/framework/system/CodeIgniter.php(318): CodeIgniter\CodeIgniter->handleRequest(NULL, Object(Config\Cache), false)
#9 /home/xkynpbah/public_html/index.php(37): CodeIgniter\CodeIgniter->run()
#10 {main}
ERROR - 2026-07-26 13:11:20 --> Telegram controller called
ERROR - 2026-07-26 13:11:20 --> Table 'xkynpbah_titoo.telegram_premium' doesn't exist
CRITICAL - 2026-07-26 13:11:20 --> Table 'xkynpbah_titoo.telegram_premium' doesn't exist
#0 /home/xkynpbah/public_html/vendor/codeigniter4/framework/system/Database/MySQLi/Connection.php(292): mysqli->query('SELECT COUNT(*)...', 0)
#1 /home/xkynpbah/public_html/vendor/codeigniter4/framework/system/Database/BaseConnection.php(670): CodeIgniter\Database\MySQLi\Connection->execute('SELECT COUNT(*)...')
#2 /home/xkynpbah/public_html/vendor/codeigniter4/framework/system/Database/BaseConnection.php(598): CodeIgniter\Database\BaseConnection->simpleQuery('SELECT COUNT(*)...')
#3 /home/xkynpbah/public_html/vendor/codeigniter4/framework/system/Database/BaseBuilder.php(1527): CodeIgniter\Database\BaseConnection->query('SELECT COUNT(*)...', Array, false)
#4 /home/xkynpbah/public_html/app/Controllers/Telegram.php(165): CodeIgniter\Database\BaseBuilder->countAllResults()
#5 /home/xkynpbah/public_html/app/Controllers/Telegram.php(124): App\Controllers\Telegram->askForResetConfirmation(6719727245, 6719727245, Object(stdClass), 'akashbabu', Object(stdClass))
#6 /home/xkynpbah/public_html/vendor/codeigniter4/framework/system/CodeIgniter.php(824): App\Controllers\Telegram->index()
#7 /home/xkynpbah/public_html/vendor/codeigniter4/framework/system/CodeIgniter.php(410): CodeIgniter\CodeIgniter->runController(Object(App\Controllers\Telegram))
#8 /home/xkynpbah/public_html/vendor/codeigniter4/framework/system/CodeIgniter.php(318): CodeIgniter\CodeIgniter->handleRequest(NULL, Object(Config\Cache), false)
#9 /home/xkynpbah/public_html/index.php(37): CodeIgniter\CodeIgniter->run()
#10 {main}
ERROR - 2026-07-26 13:12:26 --> Telegram controller called
ERROR - 2026-07-26 13:12:26 --> Table 'xkynpbah_titoo.telegram_premium' doesn't exist
CRITICAL - 2026-07-26 13:12:26 --> Table 'xkynpbah_titoo.telegram_premium' doesn't exist
#0 /home/xkynpbah/public_html/vendor/codeigniter4/framework/system/Database/MySQLi/Connection.php(292): mysqli->query('SELECT COUNT(*)...', 0)
#1 /home/xkynpbah/public_html/vendor/codeigniter4/framework/system/Database/BaseConnection.php(670): CodeIgniter\Database\MySQLi\Connection->execute('SELECT COUNT(*)...')
#2 /home/xkynpbah/public_html/vendor/codeigniter4/framework/system/Database/BaseConnection.php(598): CodeIgniter\Database\BaseConnection->simpleQuery('SELECT COUNT(*)...')
#3 /home/xkynpbah/public_html/vendor/codeigniter4/framework/system/Database/BaseBuilder.php(1527): CodeIgniter\Database\BaseConnection->query('SELECT COUNT(*)...', Array, false)
#4 /home/xkynpbah/public_html/app/Controllers/Telegram.php(165): CodeIgniter\Database\BaseBuilder->countAllResults()
#5 /home/xkynpbah/public_html/app/Controllers/Telegram.php(124): App\Controllers\Telegram->askForResetConfirmation(6719727245, 6719727245, Object(stdClass), 'akashbabu', Object(stdClass))
#6 /home/xkynpbah/public_html/vendor/codeigniter4/framework/system/CodeIgniter.php(824): App\Controllers\Telegram->index()
#7 /home/xkynpbah/public_html/vendor/codeigniter4/framework/system/CodeIgniter.php(410): CodeIgniter\CodeIgniter->runController(Object(App\Controllers\Telegram))
#8 /home/xkynpbah/public_html/vendor/codeigniter4/framework/system/CodeIgniter.php(318): CodeIgniter\CodeIgniter->handleRequest(NULL, Object(Config\Cache), false)
#9 /home/xkynpbah/public_html/index.php(37): CodeIgniter\CodeIgniter->run()
#10 {main}
ERROR - 2026-07-26 13:14:03 --> Telegram controller called
ERROR - 2026-07-26 13:14:03 --> Table 'xkynpbah_titoo.telegram_premium' doesn't exist
CRITICAL - 2026-07-26 13:14:03 --> Table 'xkynpbah_titoo.telegram_premium' doesn't exist
#0 /home/xkynpbah/public_html/vendor/codeigniter4/framework/system/Database/MySQLi/Connection.php(292): mysqli->query('SELECT COUNT(*)...', 0)
#1 /home/xkynpbah/public_html/vendor/codeigniter4/framework/system/Database/BaseConnection.php(670): CodeIgniter\Database\MySQLi\Connection->execute('SELECT COUNT(*)...')
#2 /home/xkynpbah/public_html/vendor/codeigniter4/framework/system/Database/BaseConnection.php(598): CodeIgniter\Database\BaseConnection->simpleQuery('SELECT COUNT(*)...')
#3 /home/xkynpbah/public_html/vendor/codeigniter4/framework/system/Database/BaseBuilder.php(1527): CodeIgniter\Database\BaseConnection->query('SELECT COUNT(*)...', Array, false)
#4 /home/xkynpbah/public_html/app/Controllers/Telegram.php(165): CodeIgniter\Database\BaseBuilder->countAllResults()
#5 /home/xkynpbah/public_html/app/Controllers/Telegram.php(124): App\Controllers\Telegram->askForResetConfirmation(6719727245, 6719727245, Object(stdClass), 'akashbabu', Object(stdClass))
#6 /home/xkynpbah/public_html/vendor/codeigniter4/framework/system/CodeIgniter.php(824): App\Controllers\Telegram->index()
#7 /home/xkynpbah/public_html/vendor/codeigniter4/framework/system/CodeIgniter.php(410): CodeIgniter\CodeIgniter->runController(Object(App\Controllers\Telegram))
#8 /home/xkynpbah/public_html/vendor/codeigniter4/framework/system/CodeIgniter.php(318): CodeIgniter\CodeIgniter->handleRequest(NULL, Object(Config\Cache), false)
#9 /home/xkynpbah/public_html/index.php(37): CodeIgniter\CodeIgniter->run()
#10 {main}
ERROR - 2026-07-26 13:16:00 --> Telegram controller called
ERROR - 2026-07-26 13:16:00 --> Table 'xkynpbah_titoo.telegram_premium' doesn't exist
CRITICAL - 2026-07-26 13:16:00 --> Table 'xkynpbah_titoo.telegram_premium' doesn't exist
#0 /home/xkynpbah/public_html/vendor/codeigniter4/framework/system/Database/MySQLi/Connection.php(292): mysqli->query('SELECT COUNT(*)...', 0)
#1 /home/xkynpbah/public_html/vendor/codeigniter4/framework/system/Database/BaseConnection.php(670): CodeIgniter\Database\MySQLi\Connection->execute('SELECT COUNT(*)...')
#2 /home/xkynpbah/public_html/vendor/codeigniter4/framework/system/Database/BaseConnection.php(598): CodeIgniter\Database\BaseConnection->simpleQuery('SELECT COUNT(*)...')
#3 /home/xkynpbah/public_html/vendor/codeigniter4/framework/system/Database/BaseBuilder.php(1527): CodeIgniter\Database\BaseConnection->query('SELECT COUNT(*)...', Array, false)
#4 /home/xkynpbah/public_html/app/Controllers/Telegram.php(165): CodeIgniter\Database\BaseBuilder->countAllResults()
#5 /home/xkynpbah/public_html/app/Controllers/Telegram.php(124): App\Controllers\Telegram->askForResetConfirmation(6719727245, 6719727245, Object(stdClass), 'akashbabu', Object(stdClass))
#6 /home/xkynpbah/public_html/vendor/codeigniter4/framework/system/CodeIgniter.php(824): App\Controllers\Telegram->index()
#7 /home/xkynpbah/public_html/vendor/codeigniter4/framework/system/CodeIgniter.php(410): CodeIgniter\CodeIgniter->runController(Object(App\Controllers\Telegram))
#8 /home/xkynpbah/public_html/vendor/codeigniter4/framework/system/CodeIgniter.php(318): CodeIgniter\CodeIgniter->handleRequest(NULL, Object(Config\Cache), false)
#9 /home/xkynpbah/public_html/index.php(37): CodeIgniter\CodeIgniter->run()
#10 {main}
ERROR - 2026-07-26 13:17:13 --> Telegram controller called
ERROR - 2026-07-26 13:17:13 --> Table 'xkynpbah_titoo.telegram_premium' doesn't exist
CRITICAL - 2026-07-26 13:17:13 --> Table 'xkynpbah_titoo.telegram_premium' doesn't exist
#0 /home/xkynpbah/public_html/vendor/codeigniter4/framework/system/Database/MySQLi/Connection.php(292): mysqli->query('SELECT COUNT(*)...', 0)
#1 /home/xkynpbah/public_html/vendor/codeigniter4/framework/system/Database/BaseConnection.php(670): CodeIgniter\Database\MySQLi\Connection->execute('SELECT COUNT(*)...')
#2 /home/xkynpbah/public_html/vendor/codeigniter4/framework/system/Database/BaseConnection.php(598): CodeIgniter\Database\BaseConnection->simpleQuery('SELECT COUNT(*)...')
#3 /home/xkynpbah/public_html/vendor/codeigniter4/framework/system/Database/BaseBuilder.php(1527): CodeIgniter\Database\BaseConnection->query('SELECT COUNT(*)...', Array, false)
#4 /home/xkynpbah/public_html/app/Controllers/Telegram.php(165): CodeIgniter\Database\BaseBuilder->countAllResults()
#5 /home/xkynpbah/public_html/app/Controllers/Telegram.php(124): App\Controllers\Telegram->askForResetConfirmation(6719727245, 6719727245, Object(stdClass), 'akashbabu', Object(stdClass))
#6 /home/xkynpbah/public_html/vendor/codeigniter4/framework/system/CodeIgniter.php(824): App\Controllers\Telegram->index()
#7 /home/xkynpbah/public_html/vendor/codeigniter4/framework/system/CodeIgniter.php(410): CodeIgniter\CodeIgniter->runController(Object(App\Controllers\Telegram))
#8 /home/xkynpbah/public_html/vendor/codeigniter4/framework/system/CodeIgniter.php(318): CodeIgniter\CodeIgniter->handleRequest(NULL, Object(Config\Cache), false)
#9 /home/xkynpbah/public_html/index.php(37): CodeIgniter\CodeIgniter->run()
#10 {main}
ERROR - 2026-07-26 13:18:49 --> Telegram controller called
ERROR - 2026-07-26 13:18:49 --> Table 'xkynpbah_titoo.telegram_premium' doesn't exist
CRITICAL - 2026-07-26 13:18:49 --> Table 'xkynpbah_titoo.telegram_premium' doesn't exist
#0 /home/xkynpbah/public_html/vendor/codeigniter4/framework/system/Database/MySQLi/Connection.php(292): mysqli->query('SELECT COUNT(*)...', 0)
#1 /home/xkynpbah/public_html/vendor/codeigniter4/framework/system/Database/BaseConnection.php(670): CodeIgniter\Database\MySQLi\Connection->execute('SELECT COUNT(*)...')
#2 /home/xkynpbah/public_html/vendor/codeigniter4/framework/system/Database/BaseConnection.php(598): CodeIgniter\Database\BaseConnection->simpleQuery('SELECT COUNT(*)...')
#3 /home/xkynpbah/public_html/vendor/codeigniter4/framework/system/Database/BaseBuilder.php(1527): CodeIgniter\Database\BaseConnection->query('SELECT COUNT(*)...', Array, false)
#4 /home/xkynpbah/public_html/app/Controllers/Telegram.php(165): CodeIgniter\Database\BaseBuilder->countAllResults()
#5 /home/xkynpbah/public_html/app/Controllers/Telegram.php(124): App\Controllers\Telegram->askForResetConfirmation(6719727245, 6719727245, Object(stdClass), 'akashbabu', Object(stdClass))
#6 /home/xkynpbah/public_html/vendor/codeigniter4/framework/system/CodeIgniter.php(824): App\Controllers\Telegram->index()
#7 /home/xkynpbah/public_html/vendor/codeigniter4/framework/system/CodeIgniter.php(410): CodeIgniter\CodeIgniter->runController(Object(App\Controllers\Telegram))
#8 /home/xkynpbah/public_html/vendor/codeigniter4/framework/system/CodeIgniter.php(318): CodeIgniter\CodeIgniter->handleRequest(NULL, Object(Config\Cache), false)
#9 /home/xkynpbah/public_html/index.php(37): CodeIgniter\CodeIgniter->run()
#10 {main}
ERROR - 2026-07-26 13:20:21 --> Telegram controller called
ERROR - 2026-07-26 13:20:21 --> Table 'xkynpbah_titoo.telegram_premium' doesn't exist
CRITICAL - 2026-07-26 13:20:21 --> Table 'xkynpbah_titoo.telegram_premium' doesn't exist
#0 /home/xkynpbah/public_html/vendor/codeigniter4/framework/system/Database/MySQLi/Connection.php(292): mysqli->query('SELECT COUNT(*)...', 0)
#1 /home/xkynpbah/public_html/vendor/codeigniter4/framework/system/Database/BaseConnection.php(670): CodeIgniter\Database\MySQLi\Connection->execute('SELECT COUNT(*)...')
#2 /home/xkynpbah/public_html/vendor/codeigniter4/framework/system/Database/BaseConnection.php(598): CodeIgniter\Database\BaseConnection->simpleQuery('SELECT COUNT(*)...')
#3 /home/xkynpbah/public_html/vendor/codeigniter4/framework/system/Database/BaseBuilder.php(1527): CodeIgniter\Database\BaseConnection->query('SELECT COUNT(*)...', Array, false)
#4 /home/xkynpbah/public_html/app/Controllers/Telegram.php(165): CodeIgniter\Database\BaseBuilder->countAllResults()
#5 /home/xkynpbah/public_html/app/Controllers/Telegram.php(124): App\Controllers\Telegram->askForResetConfirmation(6719727245, 6719727245, Object(stdClass), 'akashbabu', Object(stdClass))
#6 /home/xkynpbah/public_html/vendor/codeigniter4/framework/system/CodeIgniter.php(824): App\Controllers\Telegram->index()
#7 /home/xkynpbah/public_html/vendor/codeigniter4/framework/system/CodeIgniter.php(410): CodeIgniter\CodeIgniter->runController(Object(App\Controllers\Telegram))
#8 /home/xkynpbah/public_html/vendor/codeigniter4/framework/system/CodeIgniter.php(318): CodeIgniter\CodeIgniter->handleRequest(NULL, Object(Config\Cache), false)
#9 /home/xkynpbah/public_html/index.php(37): CodeIgniter\CodeIgniter->run()
#10 {main}
ERROR - 2026-07-26 13:22:00 --> Telegram controller called
ERROR - 2026-07-26 13:22:00 --> Table 'xkynpbah_titoo.telegram_premium' doesn't exist
CRITICAL - 2026-07-26 13:22:00 --> Table 'xkynpbah_titoo.telegram_premium' doesn't exist
#0 /home/xkynpbah/public_html/vendor/codeigniter4/framework/system/Database/MySQLi/Connection.php(292): mysqli->query('SELECT COUNT(*)...', 0)
#1 /home/xkynpbah/public_html/vendor/codeigniter4/framework/system/Database/BaseConnection.php(670): CodeIgniter\Database\MySQLi\Connection->execute('SELECT COUNT(*)...')
#2 /home/xkynpbah/public_html/vendor/codeigniter4/framework/system/Database/BaseConnection.php(598): CodeIgniter\Database\BaseConnection->simpleQuery('SELECT COUNT(*)...')
#3 /home/xkynpbah/public_html/vendor/codeigniter4/framework/system/Database/BaseBuilder.php(1527): CodeIgniter\Database\BaseConnection->query('SELECT COUNT(*)...', Array, false)
#4 /home/xkynpbah/public_html/app/Controllers/Telegram.php(165): CodeIgniter\Database\BaseBuilder->countAllResults()
#5 /home/xkynpbah/public_html/app/Controllers/Telegram.php(124): App\Controllers\Telegram->askForResetConfirmation(6719727245, 6719727245, Object(stdClass), 'akashbabu', Object(stdClass))
#6 /home/xkynpbah/public_html/vendor/codeigniter4/framework/system/CodeIgniter.php(824): App\Controllers\Telegram->index()
#7 /home/xkynpbah/public_html/vendor/codeigniter4/framework/system/CodeIgniter.php(410): CodeIgniter\CodeIgniter->runController(Object(App\Controllers\Telegram))
#8 /home/xkynpbah/public_html/vendor/codeigniter4/framework/system/CodeIgniter.php(318): CodeIgniter\CodeIgniter->handleRequest(NULL, Object(Config\Cache), false)
#9 /home/xkynpbah/public_html/index.php(37): CodeIgniter\CodeIgniter->run()
#10 {main}
ERROR - 2026-07-26 13:23:45 --> Telegram controller called
ERROR - 2026-07-26 13:23:45 --> Table 'xkynpbah_titoo.telegram_premium' doesn't exist
CRITICAL - 2026-07-26 13:23:45 --> Table 'xkynpbah_titoo.telegram_premium' doesn't exist
#0 /home/xkynpbah/public_html/vendor/codeigniter4/framework/system/Database/MySQLi/Connection.php(292): mysqli->query('SELECT COUNT(*)...', 0)
#1 /home/xkynpbah/public_html/vendor/codeigniter4/framework/system/Database/BaseConnection.php(670): CodeIgniter\Database\MySQLi\Connection->execute('SELECT COUNT(*)...')
#2 /home/xkynpbah/public_html/vendor/codeigniter4/framework/system/Database/BaseConnection.php(598): CodeIgniter\Database\BaseConnection->simpleQuery('SELECT COUNT(*)...')
#3 /home/xkynpbah/public_html/vendor/codeigniter4/framework/system/Database/BaseBuilder.php(1527): CodeIgniter\Database\BaseConnection->query('SELECT COUNT(*)...', Array, false)
#4 /home/xkynpbah/public_html/app/Controllers/Telegram.php(165): CodeIgniter\Database\BaseBuilder->countAllResults()
#5 /home/xkynpbah/public_html/app/Controllers/Telegram.php(124): App\Controllers\Telegram->askForResetConfirmation(6719727245, 6719727245, Object(stdClass), 'akashbabu', Object(stdClass))
#6 /home/xkynpbah/public_html/vendor/codeigniter4/framework/system/CodeIgniter.php(824): App\Controllers\Telegram->index()
#7 /home/xkynpbah/public_html/vendor/codeigniter4/framework/system/CodeIgniter.php(410): CodeIgniter\CodeIgniter->runController(Object(App\Controllers\Telegram))
#8 /home/xkynpbah/public_html/vendor/codeigniter4/framework/system/CodeIgniter.php(318): CodeIgniter\CodeIgniter->handleRequest(NULL, Object(Config\Cache), false)
#9 /home/xkynpbah/public_html/index.php(37): CodeIgniter\CodeIgniter->run()
#10 {main}
ERROR - 2026-07-26 13:25:20 --> Telegram controller called
ERROR - 2026-07-26 13:25:20 --> Table 'xkynpbah_titoo.telegram_premium' doesn't exist
CRITICAL - 2026-07-26 13:25:20 --> Table 'xkynpbah_titoo.telegram_premium' doesn't exist
#0 /home/xkynpbah/public_html/vendor/codeigniter4/framework/system/Database/MySQLi/Connection.php(292): mysqli->query('SELECT COUNT(*)...', 0)
#1 /home/xkynpbah/public_html/vendor/codeigniter4/framework/system/Database/BaseConnection.php(670): CodeIgniter\Database\MySQLi\Connection->execute('SELECT COUNT(*)...')
#2 /home/xkynpbah/public_html/vendor/codeigniter4/framework/system/Database/BaseConnection.php(598): CodeIgniter\Database\BaseConnection->simpleQuery('SELECT COUNT(*)...')
#3 /home/xkynpbah/public_html/vendor/codeigniter4/framework/system/Database/BaseBuilder.php(1527): CodeIgniter\Database\BaseConnection->query('SELECT COUNT(*)...', Array, false)
#4 /home/xkynpbah/public_html/app/Controllers/Telegram.php(165): CodeIgniter\Database\BaseBuilder->countAllResults()
#5 /home/xkynpbah/public_html/app/Controllers/Telegram.php(124): App\Controllers\Telegram->askForResetConfirmation(6719727245, 6719727245, Object(stdClass), 'akashbabu', Object(stdClass))
#6 /home/xkynpbah/public_html/vendor/codeigniter4/framework/system/CodeIgniter.php(824): App\Controllers\Telegram->index()
#7 /home/xkynpbah/public_html/vendor/codeigniter4/framework/system/CodeIgniter.php(410): CodeIgniter\CodeIgniter->runController(Object(App\Controllers\Telegram))
#8 /home/xkynpbah/public_html/vendor/codeigniter4/framework/system/CodeIgniter.php(318): CodeIgniter\CodeIgniter->handleRequest(NULL, Object(Config\Cache), false)
#9 /home/xkynpbah/public_html/index.php(37): CodeIgniter\CodeIgniter->run()
#10 {main}
ERROR - 2026-07-26 13:26:23 --> Telegram controller called
ERROR - 2026-07-26 13:26:23 --> Table 'xkynpbah_titoo.telegram_premium' doesn't exist
CRITICAL - 2026-07-26 13:26:23 --> Table 'xkynpbah_titoo.telegram_premium' doesn't exist
#0 /home/xkynpbah/public_html/vendor/codeigniter4/framework/system/Database/MySQLi/Connection.php(292): mysqli->query('SELECT COUNT(*)...', 0)
#1 /home/xkynpbah/public_html/vendor/codeigniter4/framework/system/Database/BaseConnection.php(670): CodeIgniter\Database\MySQLi\Connection->execute('SELECT COUNT(*)...')
#2 /home/xkynpbah/public_html/vendor/codeigniter4/framework/system/Database/BaseConnection.php(598): CodeIgniter\Database\BaseConnection->simpleQuery('SELECT COUNT(*)...')
#3 /home/xkynpbah/public_html/vendor/codeigniter4/framework/system/Database/BaseBuilder.php(1527): CodeIgniter\Database\BaseConnection->query('SELECT COUNT(*)...', Array, false)
#4 /home/xkynpbah/public_html/app/Controllers/Telegram.php(165): CodeIgniter\Database\BaseBuilder->countAllResults()
#5 /home/xkynpbah/public_html/app/Controllers/Telegram.php(124): App\Controllers\Telegram->askForResetConfirmation(6719727245, 6719727245, Object(stdClass), 'akashbabu', Object(stdClass))
#6 /home/xkynpbah/public_html/vendor/codeigniter4/framework/system/CodeIgniter.php(824): App\Controllers\Telegram->index()
#7 /home/xkynpbah/public_html/vendor/codeigniter4/framework/system/CodeIgniter.php(410): CodeIgniter\CodeIgniter->runController(Object(App\Controllers\Telegram))
#8 /home/xkynpbah/public_html/vendor/codeigniter4/framework/system/CodeIgniter.php(318): CodeIgniter\CodeIgniter->handleRequest(NULL, Object(Config\Cache), false)
#9 /home/xkynpbah/public_html/index.php(37): CodeIgniter\CodeIgniter->run()
#10 {main}
ERROR - 2026-07-26 13:27:49 --> Telegram controller called
ERROR - 2026-07-26 13:27:49 --> Table 'xkynpbah_titoo.telegram_premium' doesn't exist
CRITICAL - 2026-07-26 13:27:49 --> Table 'xkynpbah_titoo.telegram_premium' doesn't exist
#0 /home/xkynpbah/public_html/vendor/codeigniter4/framework/system/Database/MySQLi/Connection.php(292): mysqli->query('SELECT COUNT(*)...', 0)
#1 /home/xkynpbah/public_html/vendor/codeigniter4/framework/system/Database/BaseConnection.php(670): CodeIgniter\Database\MySQLi\Connection->execute('SELECT COUNT(*)...')
#2 /home/xkynpbah/public_html/vendor/codeigniter4/framework/system/Database/BaseConnection.php(598): CodeIgniter\Database\BaseConnection->simpleQuery('SELECT COUNT(*)...')
#3 /home/xkynpbah/public_html/vendor/codeigniter4/framework/system/Database/BaseBuilder.php(1527): CodeIgniter\Database\BaseConnection->query('SELECT COUNT(*)...', Array, false)
#4 /home/xkynpbah/public_html/app/Controllers/Telegram.php(165): CodeIgniter\Database\BaseBuilder->countAllResults()
#5 /home/xkynpbah/public_html/app/Controllers/Telegram.php(124): App\Controllers\Telegram->askForResetConfirmation(6719727245, 6719727245, Object(stdClass), 'akashbabu', Object(stdClass))
#6 /home/xkynpbah/public_html/vendor/codeigniter4/framework/system/CodeIgniter.php(824): App\Controllers\Telegram->index()
#7 /home/xkynpbah/public_html/vendor/codeigniter4/framework/system/CodeIgniter.php(410): CodeIgniter\CodeIgniter->runController(Object(App\Controllers\Telegram))
#8 /home/xkynpbah/public_html/vendor/codeigniter4/framework/system/CodeIgniter.php(318): CodeIgniter\CodeIgniter->handleRequest(NULL, Object(Config\Cache), false)
#9 /home/xkynpbah/public_html/index.php(37): CodeIgniter\CodeIgniter->run()
#10 {main}
ERROR - 2026-07-26 13:29:36 --> Telegram controller called
ERROR - 2026-07-26 13:29:36 --> Table 'xkynpbah_titoo.telegram_premium' doesn't exist
CRITICAL - 2026-07-26 13:29:36 --> Table 'xkynpbah_titoo.telegram_premium' doesn't exist
#0 /home/xkynpbah/public_html/vendor/codeigniter4/framework/system/Database/MySQLi/Connection.php(292): mysqli->query('SELECT COUNT(*)...', 0)
#1 /home/xkynpbah/public_html/vendor/codeigniter4/framework/system/Database/BaseConnection.php(670): CodeIgniter\Database\MySQLi\Connection->execute('SELECT COUNT(*)...')
#2 /home/xkynpbah/public_html/vendor/codeigniter4/framework/system/Database/BaseConnection.php(598): CodeIgniter\Database\BaseConnection->simpleQuery('SELECT COUNT(*)...')
#3 /home/xkynpbah/public_html/vendor/codeigniter4/framework/system/Database/BaseBuilder.php(1527): CodeIgniter\Database\BaseConnection->query('SELECT COUNT(*)...', Array, false)
#4 /home/xkynpbah/public_html/app/Controllers/Telegram.php(165): CodeIgniter\Database\BaseBuilder->countAllResults()
#5 /home/xkynpbah/public_html/app/Controllers/Telegram.php(124): App\Controllers\Telegram->askForResetConfirmation(6719727245, 6719727245, Object(stdClass), 'akashbabu', Object(stdClass))
#6 /home/xkynpbah/public_html/vendor/codeigniter4/framework/system/CodeIgniter.php(824): App\Controllers\Telegram->index()
#7 /home/xkynpbah/public_html/vendor/codeigniter4/framework/system/CodeIgniter.php(410): CodeIgniter\CodeIgniter->runController(Object(App\Controllers\Telegram))
#8 /home/xkynpbah/public_html/vendor/codeigniter4/framework/system/CodeIgniter.php(318): CodeIgniter\CodeIgniter->handleRequest(NULL, Object(Config\Cache), false)
#9 /home/xkynpbah/public_html/index.php(37): CodeIgniter\CodeIgniter->run()
#10 {main}
ERROR - 2026-07-26 13:31:28 --> Telegram controller called
ERROR - 2026-07-26 13:31:28 --> Table 'xkynpbah_titoo.telegram_premium' doesn't exist
CRITICAL - 2026-07-26 13:31:28 --> Table 'xkynpbah_titoo.telegram_premium' doesn't exist
#0 /home/xkynpbah/public_html/vendor/codeigniter4/framework/system/Database/MySQLi/Connection.php(292): mysqli->query('SELECT COUNT(*)...', 0)
#1 /home/xkynpbah/public_html/vendor/codeigniter4/framework/system/Database/BaseConnection.php(670): CodeIgniter\Database\MySQLi\Connection->execute('SELECT COUNT(*)...')
#2 /home/xkynpbah/public_html/vendor/codeigniter4/framework/system/Database/BaseConnection.php(598): CodeIgniter\Database\BaseConnection->simpleQuery('SELECT COUNT(*)...')
#3 /home/xkynpbah/public_html/vendor/codeigniter4/framework/system/Database/BaseBuilder.php(1527): CodeIgniter\Database\BaseConnection->query('SELECT COUNT(*)...', Array, false)
#4 /home/xkynpbah/public_html/app/Controllers/Telegram.php(165): CodeIgniter\Database\BaseBuilder->countAllResults()
#5 /home/xkynpbah/public_html/app/Controllers/Telegram.php(124): App\Controllers\Telegram->askForResetConfirmation(6719727245, 6719727245, Object(stdClass), 'akashbabu', Object(stdClass))
#6 /home/xkynpbah/public_html/vendor/codeigniter4/framework/system/CodeIgniter.php(824): App\Controllers\Telegram->index()
#7 /home/xkynpbah/public_html/vendor/codeigniter4/framework/system/CodeIgniter.php(410): CodeIgniter\CodeIgniter->runController(Object(App\Controllers\Telegram))
#8 /home/xkynpbah/public_html/vendor/codeigniter4/framework/system/CodeIgniter.php(318): CodeIgniter\CodeIgniter->handleRequest(NULL, Object(Config\Cache), false)
#9 /home/xkynpbah/public_html/index.php(37): CodeIgniter\CodeIgniter->run()
#10 {main}
ERROR - 2026-07-26 13:33:26 --> Telegram controller called
ERROR - 2026-07-26 13:33:26 --> Table 'xkynpbah_titoo.telegram_premium' doesn't exist
CRITICAL - 2026-07-26 13:33:26 --> Table 'xkynpbah_titoo.telegram_premium' doesn't exist
#0 /home/xkynpbah/public_html/vendor/codeigniter4/framework/system/Database/MySQLi/Connection.php(292): mysqli->query('SELECT COUNT(*)...', 0)
#1 /home/xkynpbah/public_html/vendor/codeigniter4/framework/system/Database/BaseConnection.php(670): CodeIgniter\Database\MySQLi\Connection->execute('SELECT COUNT(*)...')
#2 /home/xkynpbah/public_html/vendor/codeigniter4/framework/system/Database/BaseConnection.php(598): CodeIgniter\Database\BaseConnection->simpleQuery('SELECT COUNT(*)...')
#3 /home/xkynpbah/public_html/vendor/codeigniter4/framework/system/Database/BaseBuilder.php(1527): CodeIgniter\Database\BaseConnection->query('SELECT COUNT(*)...', Array, false)
#4 /home/xkynpbah/public_html/app/Controllers/Telegram.php(165): CodeIgniter\Database\BaseBuilder->countAllResults()
#5 /home/xkynpbah/public_html/app/Controllers/Telegram.php(124): App\Controllers\Telegram->askForResetConfirmation(6719727245, 6719727245, Object(stdClass), 'akashbabu', Object(stdClass))
#6 /home/xkynpbah/public_html/vendor/codeigniter4/framework/system/CodeIgniter.php(824): App\Controllers\Telegram->index()
#7 /home/xkynpbah/public_html/vendor/codeigniter4/framework/system/CodeIgniter.php(410): CodeIgniter\CodeIgniter->runController(Object(App\Controllers\Telegram))
#8 /home/xkynpbah/public_html/vendor/codeigniter4/framework/system/CodeIgniter.php(318): CodeIgniter\CodeIgniter->handleRequest(NULL, Object(Config\Cache), false)
#9 /home/xkynpbah/public_html/index.php(37): CodeIgniter\CodeIgniter->run()
#10 {main}
ERROR - 2026-07-26 13:34:32 --> Telegram controller called
ERROR - 2026-07-26 13:34:32 --> Table 'xkynpbah_titoo.telegram_premium' doesn't exist
CRITICAL - 2026-07-26 13:34:32 --> Table 'xkynpbah_titoo.telegram_premium' doesn't exist
#0 /home/xkynpbah/public_html/vendor/codeigniter4/framework/system/Database/MySQLi/Connection.php(292): mysqli->query('SELECT COUNT(*)...', 0)
#1 /home/xkynpbah/public_html/vendor/codeigniter4/framework/system/Database/BaseConnection.php(670): CodeIgniter\Database\MySQLi\Connection->execute('SELECT COUNT(*)...')
#2 /home/xkynpbah/public_html/vendor/codeigniter4/framework/system/Database/BaseConnection.php(598): CodeIgniter\Database\BaseConnection->simpleQuery('SELECT COUNT(*)...')
#3 /home/xkynpbah/public_html/vendor/codeigniter4/framework/system/Database/BaseBuilder.php(1527): CodeIgniter\Database\BaseConnection->query('SELECT COUNT(*)...', Array, false)
#4 /home/xkynpbah/public_html/app/Controllers/Telegram.php(165): CodeIgniter\Database\BaseBuilder->countAllResults()
#5 /home/xkynpbah/public_html/app/Controllers/Telegram.php(124): App\Controllers\Telegram->askForResetConfirmation(6719727245, 6719727245, Object(stdClass), 'akashbabu', Object(stdClass))
#6 /home/xkynpbah/public_html/vendor/codeigniter4/framework/system/CodeIgniter.php(824): App\Controllers\Telegram->index()
#7 /home/xkynpbah/public_html/vendor/codeigniter4/framework/system/CodeIgniter.php(410): CodeIgniter\CodeIgniter->runController(Object(App\Controllers\Telegram))
#8 /home/xkynpbah/public_html/vendor/codeigniter4/framework/system/CodeIgniter.php(318): CodeIgniter\CodeIgniter->handleRequest(NULL, Object(Config\Cache), false)
#9 /home/xkynpbah/public_html/index.php(37): CodeIgniter\CodeIgniter->run()
#10 {main}
ERROR - 2026-07-26 13:36:21 --> Telegram controller called
ERROR - 2026-07-26 13:36:21 --> Table 'xkynpbah_titoo.telegram_premium' doesn't exist
CRITICAL - 2026-07-26 13:36:21 --> Table 'xkynpbah_titoo.telegram_premium' doesn't exist
#0 /home/xkynpbah/public_html/vendor/codeigniter4/framework/system/Database/MySQLi/Connection.php(292): mysqli->query('SELECT COUNT(*)...', 0)
#1 /home/xkynpbah/public_html/vendor/codeigniter4/framework/system/Database/BaseConnection.php(670): CodeIgniter\Database\MySQLi\Connection->execute('SELECT COUNT(*)...')
#2 /home/xkynpbah/public_html/vendor/codeigniter4/framework/system/Database/BaseConnection.php(598): CodeIgniter\Database\BaseConnection->simpleQuery('SELECT COUNT(*)...')
#3 /home/xkynpbah/public_html/vendor/codeigniter4/framework/system/Database/BaseBuilder.php(1527): CodeIgniter\Database\BaseConnection->query('SELECT COUNT(*)...', Array, false)
#4 /home/xkynpbah/public_html/app/Controllers/Telegram.php(165): CodeIgniter\Database\BaseBuilder->countAllResults()
#5 /home/xkynpbah/public_html/app/Controllers/Telegram.php(124): App\Controllers\Telegram->askForResetConfirmation(6719727245, 6719727245, Object(stdClass), 'akashbabu', Object(stdClass))
#6 /home/xkynpbah/public_html/vendor/codeigniter4/framework/system/CodeIgniter.php(824): App\Controllers\Telegram->index()
#7 /home/xkynpbah/public_html/vendor/codeigniter4/framework/system/CodeIgniter.php(410): CodeIgniter\CodeIgniter->runController(Object(App\Controllers\Telegram))
#8 /home/xkynpbah/public_html/vendor/codeigniter4/framework/system/CodeIgniter.php(318): CodeIgniter\CodeIgniter->handleRequest(NULL, Object(Config\Cache), false)
#9 /home/xkynpbah/public_html/index.php(37): CodeIgniter\CodeIgniter->run()
#10 {main}
ERROR - 2026-07-26 13:37:58 --> Telegram controller called
ERROR - 2026-07-26 13:37:58 --> Table 'xkynpbah_titoo.telegram_premium' doesn't exist
CRITICAL - 2026-07-26 13:37:58 --> Table 'xkynpbah_titoo.telegram_premium' doesn't exist
#0 /home/xkynpbah/public_html/vendor/codeigniter4/framework/system/Database/MySQLi/Connection.php(292): mysqli->query('SELECT COUNT(*)...', 0)
#1 /home/xkynpbah/public_html/vendor/codeigniter4/framework/system/Database/BaseConnection.php(670): CodeIgniter\Database\MySQLi\Connection->execute('SELECT COUNT(*)...')
#2 /home/xkynpbah/public_html/vendor/codeigniter4/framework/system/Database/BaseConnection.php(598): CodeIgniter\Database\BaseConnection->simpleQuery('SELECT COUNT(*)...')
#3 /home/xkynpbah/public_html/vendor/codeigniter4/framework/system/Database/BaseBuilder.php(1527): CodeIgniter\Database\BaseConnection->query('SELECT COUNT(*)...', Array, false)
#4 /home/xkynpbah/public_html/app/Controllers/Telegram.php(165): CodeIgniter\Database\BaseBuilder->countAllResults()
#5 /home/xkynpbah/public_html/app/Controllers/Telegram.php(124): App\Controllers\Telegram->askForResetConfirmation(6719727245, 6719727245, Object(stdClass), 'akashbabu', Object(stdClass))
#6 /home/xkynpbah/public_html/vendor/codeigniter4/framework/system/CodeIgniter.php(824): App\Controllers\Telegram->index()
#7 /home/xkynpbah/public_html/vendor/codeigniter4/framework/system/CodeIgniter.php(410): CodeIgniter\CodeIgniter->runController(Object(App\Controllers\Telegram))
#8 /home/xkynpbah/public_html/vendor/codeigniter4/framework/system/CodeIgniter.php(318): CodeIgniter\CodeIgniter->handleRequest(NULL, Object(Config\Cache), false)
#9 /home/xkynpbah/public_html/index.php(37): CodeIgniter\CodeIgniter->run()
#10 {main}
ERROR - 2026-07-26 13:39:07 --> Telegram controller called
ERROR - 2026-07-26 13:39:07 --> Table 'xkynpbah_titoo.telegram_premium' doesn't exist
CRITICAL - 2026-07-26 13:39:07 --> Table 'xkynpbah_titoo.telegram_premium' doesn't exist
#0 /home/xkynpbah/public_html/vendor/codeigniter4/framework/system/Database/MySQLi/Connection.php(292): mysqli->query('SELECT COUNT(*)...', 0)
#1 /home/xkynpbah/public_html/vendor/codeigniter4/framework/system/Database/BaseConnection.php(670): CodeIgniter\Database\MySQLi\Connection->execute('SELECT COUNT(*)...')
#2 /home/xkynpbah/public_html/vendor/codeigniter4/framework/system/Database/BaseConnection.php(598): CodeIgniter\Database\BaseConnection->simpleQuery('SELECT COUNT(*)...')
#3 /home/xkynpbah/public_html/vendor/codeigniter4/framework/system/Database/BaseBuilder.php(1527): CodeIgniter\Database\BaseConnection->query('SELECT COUNT(*)...', Array, false)
#4 /home/xkynpbah/public_html/app/Controllers/Telegram.php(165): CodeIgniter\Database\BaseBuilder->countAllResults()
#5 /home/xkynpbah/public_html/app/Controllers/Telegram.php(124): App\Controllers\Telegram->askForResetConfirmation(6719727245, 6719727245, Object(stdClass), 'akashbabu', Object(stdClass))
#6 /home/xkynpbah/public_html/vendor/codeigniter4/framework/system/CodeIgniter.php(824): App\Controllers\Telegram->index()
#7 /home/xkynpbah/public_html/vendor/codeigniter4/framework/system/CodeIgniter.php(410): CodeIgniter\CodeIgniter->runController(Object(App\Controllers\Telegram))
#8 /home/xkynpbah/public_html/vendor/codeigniter4/framework/system/CodeIgniter.php(318): CodeIgniter\CodeIgniter->handleRequest(NULL, Object(Config\Cache), false)
#9 /home/xkynpbah/public_html/index.php(37): CodeIgniter\CodeIgniter->run()
#10 {main}
ERROR - 2026-07-26 13:40:15 --> Telegram controller called
ERROR - 2026-07-26 13:40:15 --> Table 'xkynpbah_titoo.telegram_premium' doesn't exist
CRITICAL - 2026-07-26 13:40:15 --> Table 'xkynpbah_titoo.telegram_premium' doesn't exist
#0 /home/xkynpbah/public_html/vendor/codeigniter4/framework/system/Database/MySQLi/Connection.php(292): mysqli->query('SELECT COUNT(*)...', 0)
#1 /home/xkynpbah/public_html/vendor/codeigniter4/framework/system/Database/BaseConnection.php(670): CodeIgniter\Database\MySQLi\Connection->execute('SELECT COUNT(*)...')
#2 /home/xkynpbah/public_html/vendor/codeigniter4/framework/system/Database/BaseConnection.php(598): CodeIgniter\Database\BaseConnection->simpleQuery('SELECT COUNT(*)...')
#3 /home/xkynpbah/public_html/vendor/codeigniter4/framework/system/Database/BaseBuilder.php(1527): CodeIgniter\Database\BaseConnection->query('SELECT COUNT(*)...', Array, false)
#4 /home/xkynpbah/public_html/app/Controllers/Telegram.php(165): CodeIgniter\Database\BaseBuilder->countAllResults()
#5 /home/xkynpbah/public_html/app/Controllers/Telegram.php(124): App\Controllers\Telegram->askForResetConfirmation(6719727245, 6719727245, Object(stdClass), 'akashbabu', Object(stdClass))
#6 /home/xkynpbah/public_html/vendor/codeigniter4/framework/system/CodeIgniter.php(824): App\Controllers\Telegram->index()
#7 /home/xkynpbah/public_html/vendor/codeigniter4/framework/system/CodeIgniter.php(410): CodeIgniter\CodeIgniter->runController(Object(App\Controllers\Telegram))
#8 /home/xkynpbah/public_html/vendor/codeigniter4/framework/system/CodeIgniter.php(318): CodeIgniter\CodeIgniter->handleRequest(NULL, Object(Config\Cache), false)
#9 /home/xkynpbah/public_html/index.php(37): CodeIgniter\CodeIgniter->run()
#10 {main}
ERROR - 2026-07-26 13:41:21 --> Telegram controller called
ERROR - 2026-07-26 13:41:21 --> Table 'xkynpbah_titoo.telegram_premium' doesn't exist
CRITICAL - 2026-07-26 13:41:21 --> Table 'xkynpbah_titoo.telegram_premium' doesn't exist
#0 /home/xkynpbah/public_html/vendor/codeigniter4/framework/system/Database/MySQLi/Connection.php(292): mysqli->query('SELECT COUNT(*)...', 0)
#1 /home/xkynpbah/public_html/vendor/codeigniter4/framework/system/Database/BaseConnection.php(670): CodeIgniter\Database\MySQLi\Connection->execute('SELECT COUNT(*)...')
#2 /home/xkynpbah/public_html/vendor/codeigniter4/framework/system/Database/BaseConnection.php(598): CodeIgniter\Database\BaseConnection->simpleQuery('SELECT COUNT(*)...')
#3 /home/xkynpbah/public_html/vendor/codeigniter4/framework/system/Database/BaseBuilder.php(1527): CodeIgniter\Database\BaseConnection->query('SELECT COUNT(*)...', Array, false)
#4 /home/xkynpbah/public_html/app/Controllers/Telegram.php(165): CodeIgniter\Database\BaseBuilder->countAllResults()
#5 /home/xkynpbah/public_html/app/Controllers/Telegram.php(124): App\Controllers\Telegram->askForResetConfirmation(6719727245, 6719727245, Object(stdClass), 'akashbabu', Object(stdClass))
#6 /home/xkynpbah/public_html/vendor/codeigniter4/framework/system/CodeIgniter.php(824): App\Controllers\Telegram->index()
#7 /home/xkynpbah/public_html/vendor/codeigniter4/framework/system/CodeIgniter.php(410): CodeIgniter\CodeIgniter->runController(Object(App\Controllers\Telegram))
#8 /home/xkynpbah/public_html/vendor/codeigniter4/framework/system/CodeIgniter.php(318): CodeIgniter\CodeIgniter->handleRequest(NULL, Object(Config\Cache), false)
#9 /home/xkynpbah/public_html/index.php(37): CodeIgniter\CodeIgniter->run()
#10 {main}
ERROR - 2026-07-26 13:43:19 --> Telegram controller called
ERROR - 2026-07-26 13:43:19 --> Table 'xkynpbah_titoo.telegram_premium' doesn't exist
CRITICAL - 2026-07-26 13:43:19 --> Table 'xkynpbah_titoo.telegram_premium' doesn't exist
#0 /home/xkynpbah/public_html/vendor/codeigniter4/framework/system/Database/MySQLi/Connection.php(292): mysqli->query('SELECT COUNT(*)...', 0)
#1 /home/xkynpbah/public_html/vendor/codeigniter4/framework/system/Database/BaseConnection.php(670): CodeIgniter\Database\MySQLi\Connection->execute('SELECT COUNT(*)...')
#2 /home/xkynpbah/public_html/vendor/codeigniter4/framework/system/Database/BaseConnection.php(598): CodeIgniter\Database\BaseConnection->simpleQuery('SELECT COUNT(*)...')
#3 /home/xkynpbah/public_html/vendor/codeigniter4/framework/system/Database/BaseBuilder.php(1527): CodeIgniter\Database\BaseConnection->query('SELECT COUNT(*)...', Array, false)
#4 /home/xkynpbah/public_html/app/Controllers/Telegram.php(165): CodeIgniter\Database\BaseBuilder->countAllResults()
#5 /home/xkynpbah/public_html/app/Controllers/Telegram.php(124): App\Controllers\Telegram->askForResetConfirmation(6719727245, 6719727245, Object(stdClass), 'akashbabu', Object(stdClass))
#6 /home/xkynpbah/public_html/vendor/codeigniter4/framework/system/CodeIgniter.php(824): App\Controllers\Telegram->index()
#7 /home/xkynpbah/public_html/vendor/codeigniter4/framework/system/CodeIgniter.php(410): CodeIgniter\CodeIgniter->runController(Object(App\Controllers\Telegram))
#8 /home/xkynpbah/public_html/vendor/codeigniter4/framework/system/CodeIgniter.php(318): CodeIgniter\CodeIgniter->handleRequest(NULL, Object(Config\Cache), false)
#9 /home/xkynpbah/public_html/index.php(37): CodeIgniter\CodeIgniter->run()
#10 {main}
ERROR - 2026-07-26 13:44:43 --> Telegram controller called
ERROR - 2026-07-26 13:44:43 --> Table 'xkynpbah_titoo.telegram_premium' doesn't exist
CRITICAL - 2026-07-26 13:44:43 --> Table 'xkynpbah_titoo.telegram_premium' doesn't exist
#0 /home/xkynpbah/public_html/vendor/codeigniter4/framework/system/Database/MySQLi/Connection.php(292): mysqli->query('SELECT COUNT(*)...', 0)
#1 /home/xkynpbah/public_html/vendor/codeigniter4/framework/system/Database/BaseConnection.php(670): CodeIgniter\Database\MySQLi\Connection->execute('SELECT COUNT(*)...')
#2 /home/xkynpbah/public_html/vendor/codeigniter4/framework/system/Database/BaseConnection.php(598): CodeIgniter\Database\BaseConnection->simpleQuery('SELECT COUNT(*)...')
#3 /home/xkynpbah/public_html/vendor/codeigniter4/framework/system/Database/BaseBuilder.php(1527): CodeIgniter\Database\BaseConnection->query('SELECT COUNT(*)...', Array, false)
#4 /home/xkynpbah/public_html/app/Controllers/Telegram.php(165): CodeIgniter\Database\BaseBuilder->countAllResults()
#5 /home/xkynpbah/public_html/app/Controllers/Telegram.php(124): App\Controllers\Telegram->askForResetConfirmation(6719727245, 6719727245, Object(stdClass), 'akashbabu', Object(stdClass))
#6 /home/xkynpbah/public_html/vendor/codeigniter4/framework/system/CodeIgniter.php(824): App\Controllers\Telegram->index()
#7 /home/xkynpbah/public_html/vendor/codeigniter4/framework/system/CodeIgniter.php(410): CodeIgniter\CodeIgniter->runController(Object(App\Controllers\Telegram))
#8 /home/xkynpbah/public_html/vendor/codeigniter4/framework/system/CodeIgniter.php(318): CodeIgniter\CodeIgniter->handleRequest(NULL, Object(Config\Cache), false)
#9 /home/xkynpbah/public_html/index.php(37): CodeIgniter\CodeIgniter->run()
#10 {main}
ERROR - 2026-07-26 13:45:53 --> Telegram controller called
ERROR - 2026-07-26 13:45:53 --> Table 'xkynpbah_titoo.telegram_premium' doesn't exist
CRITICAL - 2026-07-26 13:45:53 --> Table 'xkynpbah_titoo.telegram_premium' doesn't exist
#0 /home/xkynpbah/public_html/vendor/codeigniter4/framework/system/Database/MySQLi/Connection.php(292): mysqli->query('SELECT COUNT(*)...', 0)
#1 /home/xkynpbah/public_html/vendor/codeigniter4/framework/system/Database/BaseConnection.php(670): CodeIgniter\Database\MySQLi\Connection->execute('SELECT COUNT(*)...')
#2 /home/xkynpbah/public_html/vendor/codeigniter4/framework/system/Database/BaseConnection.php(598): CodeIgniter\Database\BaseConnection->simpleQuery('SELECT COUNT(*)...')
#3 /home/xkynpbah/public_html/vendor/codeigniter4/framework/system/Database/BaseBuilder.php(1527): CodeIgniter\Database\BaseConnection->query('SELECT COUNT(*)...', Array, false)
#4 /home/xkynpbah/public_html/app/Controllers/Telegram.php(165): CodeIgniter\Database\BaseBuilder->countAllResults()
#5 /home/xkynpbah/public_html/app/Controllers/Telegram.php(124): App\Controllers\Telegram->askForResetConfirmation(6719727245, 6719727245, Object(stdClass), 'akashbabu', Object(stdClass))
#6 /home/xkynpbah/public_html/vendor/codeigniter4/framework/system/CodeIgniter.php(824): App\Controllers\Telegram->index()
#7 /home/xkynpbah/public_html/vendor/codeigniter4/framework/system/CodeIgniter.php(410): CodeIgniter\CodeIgniter->runController(Object(App\Controllers\Telegram))
#8 /home/xkynpbah/public_html/vendor/codeigniter4/framework/system/CodeIgniter.php(318): CodeIgniter\CodeIgniter->handleRequest(NULL, Object(Config\Cache), false)
#9 /home/xkynpbah/public_html/index.php(37): CodeIgniter\CodeIgniter->run()
#10 {main}
ERROR - 2026-07-26 13:47:39 --> Telegram controller called
ERROR - 2026-07-26 13:47:39 --> Table 'xkynpbah_titoo.telegram_premium' doesn't exist
CRITICAL - 2026-07-26 13:47:39 --> Table 'xkynpbah_titoo.telegram_premium' doesn't exist
#0 /home/xkynpbah/public_html/vendor/codeigniter4/framework/system/Database/MySQLi/Connection.php(292): mysqli->query('SELECT COUNT(*)...', 0)
#1 /home/xkynpbah/public_html/vendor/codeigniter4/framework/system/Database/BaseConnection.php(670): CodeIgniter\Database\MySQLi\Connection->execute('SELECT COUNT(*)...')
#2 /home/xkynpbah/public_html/vendor/codeigniter4/framework/system/Database/BaseConnection.php(598): CodeIgniter\Database\BaseConnection->simpleQuery('SELECT COUNT(*)...')
#3 /home/xkynpbah/public_html/vendor/codeigniter4/framework/system/Database/BaseBuilder.php(1527): CodeIgniter\Database\BaseConnection->query('SELECT COUNT(*)...', Array, false)
#4 /home/xkynpbah/public_html/app/Controllers/Telegram.php(165): CodeIgniter\Database\BaseBuilder->countAllResults()
#5 /home/xkynpbah/public_html/app/Controllers/Telegram.php(124): App\Controllers\Telegram->askForResetConfirmation(6719727245, 6719727245, Object(stdClass), 'akashbabu', Object(stdClass))
#6 /home/xkynpbah/public_html/vendor/codeigniter4/framework/system/CodeIgniter.php(824): App\Controllers\Telegram->index()
#7 /home/xkynpbah/public_html/vendor/codeigniter4/framework/system/CodeIgniter.php(410): CodeIgniter\CodeIgniter->runController(Object(App\Controllers\Telegram))
#8 /home/xkynpbah/public_html/vendor/codeigniter4/framework/system/CodeIgniter.php(318): CodeIgniter\CodeIgniter->handleRequest(NULL, Object(Config\Cache), false)
#9 /home/xkynpbah/public_html/index.php(37): CodeIgniter\CodeIgniter->run()
#10 {main}
ERROR - 2026-07-26 13:48:48 --> Telegram controller called
ERROR - 2026-07-26 13:48:48 --> Table 'xkynpbah_titoo.telegram_premium' doesn't exist
CRITICAL - 2026-07-26 13:48:48 --> Table 'xkynpbah_titoo.telegram_premium' doesn't exist
#0 /home/xkynpbah/public_html/vendor/codeigniter4/framework/system/Database/MySQLi/Connection.php(292): mysqli->query('SELECT COUNT(*)...', 0)
#1 /home/xkynpbah/public_html/vendor/codeigniter4/framework/system/Database/BaseConnection.php(670): CodeIgniter\Database\MySQLi\Connection->execute('SELECT COUNT(*)...')
#2 /home/xkynpbah/public_html/vendor/codeigniter4/framework/system/Database/BaseConnection.php(598): CodeIgniter\Database\BaseConnection->simpleQuery('SELECT COUNT(*)...')
#3 /home/xkynpbah/public_html/vendor/codeigniter4/framework/system/Database/BaseBuilder.php(1527): CodeIgniter\Database\BaseConnection->query('SELECT COUNT(*)...', Array, false)
#4 /home/xkynpbah/public_html/app/Controllers/Telegram.php(165): CodeIgniter\Database\BaseBuilder->countAllResults()
#5 /home/xkynpbah/public_html/app/Controllers/Telegram.php(124): App\Controllers\Telegram->askForResetConfirmation(6719727245, 6719727245, Object(stdClass), 'akashbabu', Object(stdClass))
#6 /home/xkynpbah/public_html/vendor/codeigniter4/framework/system/CodeIgniter.php(824): App\Controllers\Telegram->index()
#7 /home/xkynpbah/public_html/vendor/codeigniter4/framework/system/CodeIgniter.php(410): CodeIgniter\CodeIgniter->runController(Object(App\Controllers\Telegram))
#8 /home/xkynpbah/public_html/vendor/codeigniter4/framework/system/CodeIgniter.php(318): CodeIgniter\CodeIgniter->handleRequest(NULL, Object(Config\Cache), false)
#9 /home/xkynpbah/public_html/index.php(37): CodeIgniter\CodeIgniter->run()
#10 {main}
ERROR - 2026-07-26 13:50:06 --> Telegram controller called
ERROR - 2026-07-26 13:50:06 --> Table 'xkynpbah_titoo.telegram_premium' doesn't exist
CRITICAL - 2026-07-26 13:50:06 --> Table 'xkynpbah_titoo.telegram_premium' doesn't exist
#0 /home/xkynpbah/public_html/vendor/codeigniter4/framework/system/Database/MySQLi/Connection.php(292): mysqli->query('SELECT COUNT(*)...', 0)
#1 /home/xkynpbah/public_html/vendor/codeigniter4/framework/system/Database/BaseConnection.php(670): CodeIgniter\Database\MySQLi\Connection->execute('SELECT COUNT(*)...')
#2 /home/xkynpbah/public_html/vendor/codeigniter4/framework/system/Database/BaseConnection.php(598): CodeIgniter\Database\BaseConnection->simpleQuery('SELECT COUNT(*)...')
#3 /home/xkynpbah/public_html/vendor/codeigniter4/framework/system/Database/BaseBuilder.php(1527): CodeIgniter\Database\BaseConnection->query('SELECT COUNT(*)...', Array, false)
#4 /home/xkynpbah/public_html/app/Controllers/Telegram.php(165): CodeIgniter\Database\BaseBuilder->countAllResults()
#5 /home/xkynpbah/public_html/app/Controllers/Telegram.php(124): App\Controllers\Telegram->askForResetConfirmation(6719727245, 6719727245, Object(stdClass), 'akashbabu', Object(stdClass))
#6 /home/xkynpbah/public_html/vendor/codeigniter4/framework/system/CodeIgniter.php(824): App\Controllers\Telegram->index()
#7 /home/xkynpbah/public_html/vendor/codeigniter4/framework/system/CodeIgniter.php(410): CodeIgniter\CodeIgniter->runController(Object(App\Controllers\Telegram))
#8 /home/xkynpbah/public_html/vendor/codeigniter4/framework/system/CodeIgniter.php(318): CodeIgniter\CodeIgniter->handleRequest(NULL, Object(Config\Cache), false)
#9 /home/xkynpbah/public_html/index.php(37): CodeIgniter\CodeIgniter->run()
#10 {main}
ERROR - 2026-07-26 13:51:41 --> Telegram controller called
ERROR - 2026-07-26 13:51:41 --> Table 'xkynpbah_titoo.telegram_premium' doesn't exist
CRITICAL - 2026-07-26 13:51:41 --> Table 'xkynpbah_titoo.telegram_premium' doesn't exist
#0 /home/xkynpbah/public_html/vendor/codeigniter4/framework/system/Database/MySQLi/Connection.php(292): mysqli->query('SELECT COUNT(*)...', 0)
#1 /home/xkynpbah/public_html/vendor/codeigniter4/framework/system/Database/BaseConnection.php(670): CodeIgniter\Database\MySQLi\Connection->execute('SELECT COUNT(*)...')
#2 /home/xkynpbah/public_html/vendor/codeigniter4/framework/system/Database/BaseConnection.php(598): CodeIgniter\Database\BaseConnection->simpleQuery('SELECT COUNT(*)...')
#3 /home/xkynpbah/public_html/vendor/codeigniter4/framework/system/Database/BaseBuilder.php(1527): CodeIgniter\Database\BaseConnection->query('SELECT COUNT(*)...', Array, false)
#4 /home/xkynpbah/public_html/app/Controllers/Telegram.php(165): CodeIgniter\Database\BaseBuilder->countAllResults()
#5 /home/xkynpbah/public_html/app/Controllers/Telegram.php(124): App\Controllers\Telegram->askForResetConfirmation(6719727245, 6719727245, Object(stdClass), 'akashbabu', Object(stdClass))
#6 /home/xkynpbah/public_html/vendor/codeigniter4/framework/system/CodeIgniter.php(824): App\Controllers\Telegram->index()
#7 /home/xkynpbah/public_html/vendor/codeigniter4/framework/system/CodeIgniter.php(410): CodeIgniter\CodeIgniter->runController(Object(App\Controllers\Telegram))
#8 /home/xkynpbah/public_html/vendor/codeigniter4/framework/system/CodeIgniter.php(318): CodeIgniter\CodeIgniter->handleRequest(NULL, Object(Config\Cache), false)
#9 /home/xkynpbah/public_html/index.php(37): CodeIgniter\CodeIgniter->run()
#10 {main}
ERROR - 2026-07-26 13:53:31 --> Telegram controller called
ERROR - 2026-07-26 13:53:31 --> Table 'xkynpbah_titoo.telegram_premium' doesn't exist
CRITICAL - 2026-07-26 13:53:31 --> Table 'xkynpbah_titoo.telegram_premium' doesn't exist
#0 /home/xkynpbah/public_html/vendor/codeigniter4/framework/system/Database/MySQLi/Connection.php(292): mysqli->query('SELECT COUNT(*)...', 0)
#1 /home/xkynpbah/public_html/vendor/codeigniter4/framework/system/Database/BaseConnection.php(670): CodeIgniter\Database\MySQLi\Connection->execute('SELECT COUNT(*)...')
#2 /home/xkynpbah/public_html/vendor/codeigniter4/framework/system/Database/BaseConnection.php(598): CodeIgniter\Database\BaseConnection->simpleQuery('SELECT COUNT(*)...')
#3 /home/xkynpbah/public_html/vendor/codeigniter4/framework/system/Database/BaseBuilder.php(1527): CodeIgniter\Database\BaseConnection->query('SELECT COUNT(*)...', Array, false)
#4 /home/xkynpbah/public_html/app/Controllers/Telegram.php(165): CodeIgniter\Database\BaseBuilder->countAllResults()
#5 /home/xkynpbah/public_html/app/Controllers/Telegram.php(124): App\Controllers\Telegram->askForResetConfirmation(6719727245, 6719727245, Object(stdClass), 'akashbabu', Object(stdClass))
#6 /home/xkynpbah/public_html/vendor/codeigniter4/framework/system/CodeIgniter.php(824): App\Controllers\Telegram->index()
#7 /home/xkynpbah/public_html/vendor/codeigniter4/framework/system/CodeIgniter.php(410): CodeIgniter\CodeIgniter->runController(Object(App\Controllers\Telegram))
#8 /home/xkynpbah/public_html/vendor/codeigniter4/framework/system/CodeIgniter.php(318): CodeIgniter\CodeIgniter->handleRequest(NULL, Object(Config\Cache), false)
#9 /home/xkynpbah/public_html/index.php(37): CodeIgniter\CodeIgniter->run()
#10 {main}
ERROR - 2026-07-26 13:53:59 --> Telegram controller called
ERROR - 2026-07-26 13:53:59 --> Telegram Bot Token not set in .env
ERROR - 2026-07-26 13:54:31 --> Telegram controller called
ERROR - 2026-07-26 13:54:31 --> Table 'xkynpbah_titoo.telegram_premium' doesn't exist
CRITICAL - 2026-07-26 13:54:31 --> Table 'xkynpbah_titoo.telegram_premium' doesn't exist
#0 /home/xkynpbah/public_html/vendor/codeigniter4/framework/system/Database/MySQLi/Connection.php(292): mysqli->query('SELECT COUNT(*)...', 0)
#1 /home/xkynpbah/public_html/vendor/codeigniter4/framework/system/Database/BaseConnection.php(670): CodeIgniter\Database\MySQLi\Connection->execute('SELECT COUNT(*)...')
#2 /home/xkynpbah/public_html/vendor/codeigniter4/framework/system/Database/BaseConnection.php(598): CodeIgniter\Database\BaseConnection->simpleQuery('SELECT COUNT(*)...')
#3 /home/xkynpbah/public_html/vendor/codeigniter4/framework/system/Database/BaseBuilder.php(1527): CodeIgniter\Database\BaseConnection->query('SELECT COUNT(*)...', Array, false)
#4 /home/xkynpbah/public_html/app/Controllers/Telegram.php(165): CodeIgniter\Database\BaseBuilder->countAllResults()
#5 /home/xkynpbah/public_html/app/Controllers/Telegram.php(124): App\Controllers\Telegram->askForResetConfirmation(6719727245, 6719727245, Object(stdClass), 'akashbabu', Object(stdClass))
#6 /home/xkynpbah/public_html/vendor/codeigniter4/framework/system/CodeIgniter.php(824): App\Controllers\Telegram->index()
#7 /home/xkynpbah/public_html/vendor/codeigniter4/framework/system/CodeIgniter.php(410): CodeIgniter\CodeIgniter->runController(Object(App\Controllers\Telegram))
#8 /home/xkynpbah/public_html/vendor/codeigniter4/framework/system/CodeIgniter.php(318): CodeIgniter\CodeIgniter->handleRequest(NULL, Object(Config\Cache), false)
#9 /home/xkynpbah/public_html/index.php(37): CodeIgniter\CodeIgniter->run()
#10 {main}
ERROR - 2026-07-26 13:56:11 --> Telegram controller called
ERROR - 2026-07-26 13:56:11 --> Table 'xkynpbah_titoo.telegram_premium' doesn't exist
CRITICAL - 2026-07-26 13:56:11 --> Table 'xkynpbah_titoo.telegram_premium' doesn't exist
#0 /home/xkynpbah/public_html/vendor/codeigniter4/framework/system/Database/MySQLi/Connection.php(292): mysqli->query('SELECT COUNT(*)...', 0)
#1 /home/xkynpbah/public_html/vendor/codeigniter4/framework/system/Database/BaseConnection.php(670): CodeIgniter\Database\MySQLi\Connection->execute('SELECT COUNT(*)...')
#2 /home/xkynpbah/public_html/vendor/codeigniter4/framework/system/Database/BaseConnection.php(598): CodeIgniter\Database\BaseConnection->simpleQuery('SELECT COUNT(*)...')
#3 /home/xkynpbah/public_html/vendor/codeigniter4/framework/system/Database/BaseBuilder.php(1527): CodeIgniter\Database\BaseConnection->query('SELECT COUNT(*)...', Array, false)
#4 /home/xkynpbah/public_html/app/Controllers/Telegram.php(165): CodeIgniter\Database\BaseBuilder->countAllResults()
#5 /home/xkynpbah/public_html/app/Controllers/Telegram.php(124): App\Controllers\Telegram->askForResetConfirmation(6719727245, 6719727245, Object(stdClass), 'akashbabu', Object(stdClass))
#6 /home/xkynpbah/public_html/vendor/codeigniter4/framework/system/CodeIgniter.php(824): App\Controllers\Telegram->index()
#7 /home/xkynpbah/public_html/vendor/codeigniter4/framework/system/CodeIgniter.php(410): CodeIgniter\CodeIgniter->runController(Object(App\Controllers\Telegram))
#8 /home/xkynpbah/public_html/vendor/codeigniter4/framework/system/CodeIgniter.php(318): CodeIgniter\CodeIgniter->handleRequest(NULL, Object(Config\Cache), false)
#9 /home/xkynpbah/public_html/index.php(37): CodeIgniter\CodeIgniter->run()
#10 {main}
ERROR - 2026-07-26 13:57:38 --> Telegram controller called
ERROR - 2026-07-26 13:57:38 --> Table 'xkynpbah_titoo.telegram_premium' doesn't exist
CRITICAL - 2026-07-26 13:57:38 --> Table 'xkynpbah_titoo.telegram_premium' doesn't exist
#0 /home/xkynpbah/public_html/vendor/codeigniter4/framework/system/Database/MySQLi/Connection.php(292): mysqli->query('SELECT COUNT(*)...', 0)
#1 /home/xkynpbah/public_html/vendor/codeigniter4/framework/system/Database/BaseConnection.php(670): CodeIgniter\Database\MySQLi\Connection->execute('SELECT COUNT(*)...')
#2 /home/xkynpbah/public_html/vendor/codeigniter4/framework/system/Database/BaseConnection.php(598): CodeIgniter\Database\BaseConnection->simpleQuery('SELECT COUNT(*)...')
#3 /home/xkynpbah/public_html/vendor/codeigniter4/framework/system/Database/BaseBuilder.php(1527): CodeIgniter\Database\BaseConnection->query('SELECT COUNT(*)...', Array, false)
#4 /home/xkynpbah/public_html/app/Controllers/Telegram.php(165): CodeIgniter\Database\BaseBuilder->countAllResults()
#5 /home/xkynpbah/public_html/app/Controllers/Telegram.php(124): App\Controllers\Telegram->askForResetConfirmation(6719727245, 6719727245, Object(stdClass), 'akashbabu', Object(stdClass))
#6 /home/xkynpbah/public_html/vendor/codeigniter4/framework/system/CodeIgniter.php(824): App\Controllers\Telegram->index()
#7 /home/xkynpbah/public_html/vendor/codeigniter4/framework/system/CodeIgniter.php(410): CodeIgniter\CodeIgniter->runController(Object(App\Controllers\Telegram))
#8 /home/xkynpbah/public_html/vendor/codeigniter4/framework/system/CodeIgniter.php(318): CodeIgniter\CodeIgniter->handleRequest(NULL, Object(Config\Cache), false)
#9 /home/xkynpbah/public_html/index.php(37): CodeIgniter\CodeIgniter->run()
#10 {main}
ERROR - 2026-07-26 13:59:03 --> Telegram controller called
ERROR - 2026-07-26 13:59:03 --> Table 'xkynpbah_titoo.telegram_premium' doesn't exist
CRITICAL - 2026-07-26 13:59:03 --> Table 'xkynpbah_titoo.telegram_premium' doesn't exist
#0 /home/xkynpbah/public_html/vendor/codeigniter4/framework/system/Database/MySQLi/Connection.php(292): mysqli->query('SELECT COUNT(*)...', 0)
#1 /home/xkynpbah/public_html/vendor/codeigniter4/framework/system/Database/BaseConnection.php(670): CodeIgniter\Database\MySQLi\Connection->execute('SELECT COUNT(*)...')
#2 /home/xkynpbah/public_html/vendor/codeigniter4/framework/system/Database/BaseConnection.php(598): CodeIgniter\Database\BaseConnection->simpleQuery('SELECT COUNT(*)...')
#3 /home/xkynpbah/public_html/vendor/codeigniter4/framework/system/Database/BaseBuilder.php(1527): CodeIgniter\Database\BaseConnection->query('SELECT COUNT(*)...', Array, false)
#4 /home/xkynpbah/public_html/app/Controllers/Telegram.php(165): CodeIgniter\Database\BaseBuilder->countAllResults()
#5 /home/xkynpbah/public_html/app/Controllers/Telegram.php(124): App\Controllers\Telegram->askForResetConfirmation(6719727245, 6719727245, Object(stdClass), 'akashbabu', Object(stdClass))
#6 /home/xkynpbah/public_html/vendor/codeigniter4/framework/system/CodeIgniter.php(824): App\Controllers\Telegram->index()
#7 /home/xkynpbah/public_html/vendor/codeigniter4/framework/system/CodeIgniter.php(410): CodeIgniter\CodeIgniter->runController(Object(App\Controllers\Telegram))
#8 /home/xkynpbah/public_html/vendor/codeigniter4/framework/system/CodeIgniter.php(318): CodeIgniter\CodeIgniter->handleRequest(NULL, Object(Config\Cache), false)
#9 /home/xkynpbah/public_html/index.php(37): CodeIgniter\CodeIgniter->run()
#10 {main}
ERROR - 2026-07-26 14:00:15 --> Telegram controller called
ERROR - 2026-07-26 14:00:15 --> Table 'xkynpbah_titoo.telegram_premium' doesn't exist
CRITICAL - 2026-07-26 14:00:15 --> Table 'xkynpbah_titoo.telegram_premium' doesn't exist
#0 /home/xkynpbah/public_html/vendor/codeigniter4/framework/system/Database/MySQLi/Connection.php(292): mysqli->query('SELECT COUNT(*)...', 0)
#1 /home/xkynpbah/public_html/vendor/codeigniter4/framework/system/Database/BaseConnection.php(670): CodeIgniter\Database\MySQLi\Connection->execute('SELECT COUNT(*)...')
#2 /home/xkynpbah/public_html/vendor/codeigniter4/framework/system/Database/BaseConnection.php(598): CodeIgniter\Database\BaseConnection->simpleQuery('SELECT COUNT(*)...')
#3 /home/xkynpbah/public_html/vendor/codeigniter4/framework/system/Database/BaseBuilder.php(1527): CodeIgniter\Database\BaseConnection->query('SELECT COUNT(*)...', Array, false)
#4 /home/xkynpbah/public_html/app/Controllers/Telegram.php(165): CodeIgniter\Database\BaseBuilder->countAllResults()
#5 /home/xkynpbah/public_html/app/Controllers/Telegram.php(124): App\Controllers\Telegram->askForResetConfirmation(6719727245, 6719727245, Object(stdClass), 'akashbabu', Object(stdClass))
#6 /home/xkynpbah/public_html/vendor/codeigniter4/framework/system/CodeIgniter.php(824): App\Controllers\Telegram->index()
#7 /home/xkynpbah/public_html/vendor/codeigniter4/framework/system/CodeIgniter.php(410): CodeIgniter\CodeIgniter->runController(Object(App\Controllers\Telegram))
#8 /home/xkynpbah/public_html/vendor/codeigniter4/framework/system/CodeIgniter.php(318): CodeIgniter\CodeIgniter->handleRequest(NULL, Object(Config\Cache), false)
#9 /home/xkynpbah/public_html/index.php(37): CodeIgniter\CodeIgniter->run()
#10 {main}
ERROR - 2026-07-26 14:02:08 --> Telegram controller called
ERROR - 2026-07-26 14:02:08 --> Table 'xkynpbah_titoo.telegram_premium' doesn't exist
CRITICAL - 2026-07-26 14:02:08 --> Table 'xkynpbah_titoo.telegram_premium' doesn't exist
#0 /home/xkynpbah/public_html/vendor/codeigniter4/framework/system/Database/MySQLi/Connection.php(292): mysqli->query('SELECT COUNT(*)...', 0)
#1 /home/xkynpbah/public_html/vendor/codeigniter4/framework/system/Database/BaseConnection.php(670): CodeIgniter\Database\MySQLi\Connection->execute('SELECT COUNT(*)...')
#2 /home/xkynpbah/public_html/vendor/codeigniter4/framework/system/Database/BaseConnection.php(598): CodeIgniter\Database\BaseConnection->simpleQuery('SELECT COUNT(*)...')
#3 /home/xkynpbah/public_html/vendor/codeigniter4/framework/system/Database/BaseBuilder.php(1527): CodeIgniter\Database\BaseConnection->query('SELECT COUNT(*)...', Array, false)
#4 /home/xkynpbah/public_html/app/Controllers/Telegram.php(165): CodeIgniter\Database\BaseBuilder->countAllResults()
#5 /home/xkynpbah/public_html/app/Controllers/Telegram.php(124): App\Controllers\Telegram->askForResetConfirmation(6719727245, 6719727245, Object(stdClass), 'akashbabu', Object(stdClass))
#6 /home/xkynpbah/public_html/vendor/codeigniter4/framework/system/CodeIgniter.php(824): App\Controllers\Telegram->index()
#7 /home/xkynpbah/public_html/vendor/codeigniter4/framework/system/CodeIgniter.php(410): CodeIgniter\CodeIgniter->runController(Object(App\Controllers\Telegram))
#8 /home/xkynpbah/public_html/vendor/codeigniter4/framework/system/CodeIgniter.php(318): CodeIgniter\CodeIgniter->handleRequest(NULL, Object(Config\Cache), false)
#9 /home/xkynpbah/public_html/index.php(37): CodeIgniter\CodeIgniter->run()
#10 {main}
ERROR - 2026-07-26 14:03:41 --> Telegram controller called
ERROR - 2026-07-26 14:03:41 --> Table 'xkynpbah_titoo.telegram_premium' doesn't exist
CRITICAL - 2026-07-26 14:03:41 --> Table 'xkynpbah_titoo.telegram_premium' doesn't exist
#0 /home/xkynpbah/public_html/vendor/codeigniter4/framework/system/Database/MySQLi/Connection.php(292): mysqli->query('SELECT COUNT(*)...', 0)
#1 /home/xkynpbah/public_html/vendor/codeigniter4/framework/system/Database/BaseConnection.php(670): CodeIgniter\Database\MySQLi\Connection->execute('SELECT COUNT(*)...')
#2 /home/xkynpbah/public_html/vendor/codeigniter4/framework/system/Database/BaseConnection.php(598): CodeIgniter\Database\BaseConnection->simpleQuery('SELECT COUNT(*)...')
#3 /home/xkynpbah/public_html/vendor/codeigniter4/framework/system/Database/BaseBuilder.php(1527): CodeIgniter\Database\BaseConnection->query('SELECT COUNT(*)...', Array, false)
#4 /home/xkynpbah/public_html/app/Controllers/Telegram.php(165): CodeIgniter\Database\BaseBuilder->countAllResults()
#5 /home/xkynpbah/public_html/app/Controllers/Telegram.php(124): App\Controllers\Telegram->askForResetConfirmation(6719727245, 6719727245, Object(stdClass), 'akashbabu', Object(stdClass))
#6 /home/xkynpbah/public_html/vendor/codeigniter4/framework/system/CodeIgniter.php(824): App\Controllers\Telegram->index()
#7 /home/xkynpbah/public_html/vendor/codeigniter4/framework/system/CodeIgniter.php(410): CodeIgniter\CodeIgniter->runController(Object(App\Controllers\Telegram))
#8 /home/xkynpbah/public_html/vendor/codeigniter4/framework/system/CodeIgniter.php(318): CodeIgniter\CodeIgniter->handleRequest(NULL, Object(Config\Cache), false)
#9 /home/xkynpbah/public_html/index.php(37): CodeIgniter\CodeIgniter->run()
#10 {main}
ERROR - 2026-07-26 14:05:29 --> Telegram controller called
ERROR - 2026-07-26 14:05:29 --> Table 'xkynpbah_titoo.telegram_premium' doesn't exist
CRITICAL - 2026-07-26 14:05:29 --> Table 'xkynpbah_titoo.telegram_premium' doesn't exist
#0 /home/xkynpbah/public_html/vendor/codeigniter4/framework/system/Database/MySQLi/Connection.php(292): mysqli->query('SELECT COUNT(*)...', 0)
#1 /home/xkynpbah/public_html/vendor/codeigniter4/framework/system/Database/BaseConnection.php(670): CodeIgniter\Database\MySQLi\Connection->execute('SELECT COUNT(*)...')
#2 /home/xkynpbah/public_html/vendor/codeigniter4/framework/system/Database/BaseConnection.php(598): CodeIgniter\Database\BaseConnection->simpleQuery('SELECT COUNT(*)...')
#3 /home/xkynpbah/public_html/vendor/codeigniter4/framework/system/Database/BaseBuilder.php(1527): CodeIgniter\Database\BaseConnection->query('SELECT COUNT(*)...', Array, false)
#4 /home/xkynpbah/public_html/app/Controllers/Telegram.php(165): CodeIgniter\Database\BaseBuilder->countAllResults()
#5 /home/xkynpbah/public_html/app/Controllers/Telegram.php(124): App\Controllers\Telegram->askForResetConfirmation(6719727245, 6719727245, Object(stdClass), 'akashbabu', Object(stdClass))
#6 /home/xkynpbah/public_html/vendor/codeigniter4/framework/system/CodeIgniter.php(824): App\Controllers\Telegram->index()
#7 /home/xkynpbah/public_html/vendor/codeigniter4/framework/system/CodeIgniter.php(410): CodeIgniter\CodeIgniter->runController(Object(App\Controllers\Telegram))
#8 /home/xkynpbah/public_html/vendor/codeigniter4/framework/system/CodeIgniter.php(318): CodeIgniter\CodeIgniter->handleRequest(NULL, Object(Config\Cache), false)
#9 /home/xkynpbah/public_html/index.php(37): CodeIgniter\CodeIgniter->run()
#10 {main}
ERROR - 2026-07-26 14:06:41 --> Telegram controller called
ERROR - 2026-07-26 14:06:41 --> Table 'xkynpbah_titoo.telegram_premium' doesn't exist
CRITICAL - 2026-07-26 14:06:41 --> Table 'xkynpbah_titoo.telegram_premium' doesn't exist
#0 /home/xkynpbah/public_html/vendor/codeigniter4/framework/system/Database/MySQLi/Connection.php(292): mysqli->query('SELECT COUNT(*)...', 0)
#1 /home/xkynpbah/public_html/vendor/codeigniter4/framework/system/Database/BaseConnection.php(670): CodeIgniter\Database\MySQLi\Connection->execute('SELECT COUNT(*)...')
#2 /home/xkynpbah/public_html/vendor/codeigniter4/framework/system/Database/BaseConnection.php(598): CodeIgniter\Database\BaseConnection->simpleQuery('SELECT COUNT(*)...')
#3 /home/xkynpbah/public_html/vendor/codeigniter4/framework/system/Database/BaseBuilder.php(1527): CodeIgniter\Database\BaseConnection->query('SELECT COUNT(*)...', Array, false)
#4 /home/xkynpbah/public_html/app/Controllers/Telegram.php(165): CodeIgniter\Database\BaseBuilder->countAllResults()
#5 /home/xkynpbah/public_html/app/Controllers/Telegram.php(124): App\Controllers\Telegram->askForResetConfirmation(6719727245, 6719727245, Object(stdClass), 'akashbabu', Object(stdClass))
#6 /home/xkynpbah/public_html/vendor/codeigniter4/framework/system/CodeIgniter.php(824): App\Controllers\Telegram->index()
#7 /home/xkynpbah/public_html/vendor/codeigniter4/framework/system/CodeIgniter.php(410): CodeIgniter\CodeIgniter->runController(Object(App\Controllers\Telegram))
#8 /home/xkynpbah/public_html/vendor/codeigniter4/framework/system/CodeIgniter.php(318): CodeIgniter\CodeIgniter->handleRequest(NULL, Object(Config\Cache), false)
#9 /home/xkynpbah/public_html/index.php(37): CodeIgniter\CodeIgniter->run()
#10 {main}
ERROR - 2026-07-26 14:07:52 --> Telegram controller called
ERROR - 2026-07-26 14:07:52 --> Table 'xkynpbah_titoo.telegram_premium' doesn't exist
CRITICAL - 2026-07-26 14:07:52 --> Table 'xkynpbah_titoo.telegram_premium' doesn't exist
#0 /home/xkynpbah/public_html/vendor/codeigniter4/framework/system/Database/MySQLi/Connection.php(292): mysqli->query('SELECT COUNT(*)...', 0)
#1 /home/xkynpbah/public_html/vendor/codeigniter4/framework/system/Database/BaseConnection.php(670): CodeIgniter\Database\MySQLi\Connection->execute('SELECT COUNT(*)...')
#2 /home/xkynpbah/public_html/vendor/codeigniter4/framework/system/Database/BaseConnection.php(598): CodeIgniter\Database\BaseConnection->simpleQuery('SELECT COUNT(*)...')
#3 /home/xkynpbah/public_html/vendor/codeigniter4/framework/system/Database/BaseBuilder.php(1527): CodeIgniter\Database\BaseConnection->query('SELECT COUNT(*)...', Array, false)
#4 /home/xkynpbah/public_html/app/Controllers/Telegram.php(165): CodeIgniter\Database\BaseBuilder->countAllResults()
#5 /home/xkynpbah/public_html/app/Controllers/Telegram.php(124): App\Controllers\Telegram->askForResetConfirmation(6719727245, 6719727245, Object(stdClass), 'akashbabu', Object(stdClass))
#6 /home/xkynpbah/public_html/vendor/codeigniter4/framework/system/CodeIgniter.php(824): App\Controllers\Telegram->index()
#7 /home/xkynpbah/public_html/vendor/codeigniter4/framework/system/CodeIgniter.php(410): CodeIgniter\CodeIgniter->runController(Object(App\Controllers\Telegram))
#8 /home/xkynpbah/public_html/vendor/codeigniter4/framework/system/CodeIgniter.php(318): CodeIgniter\CodeIgniter->handleRequest(NULL, Object(Config\Cache), false)
#9 /home/xkynpbah/public_html/index.php(37): CodeIgniter\CodeIgniter->run()
#10 {main}
ERROR - 2026-07-26 14:09:28 --> Telegram controller called
ERROR - 2026-07-26 14:09:28 --> Table 'xkynpbah_titoo.telegram_premium' doesn't exist
CRITICAL - 2026-07-26 14:09:28 --> Table 'xkynpbah_titoo.telegram_premium' doesn't exist
#0 /home/xkynpbah/public_html/vendor/codeigniter4/framework/system/Database/MySQLi/Connection.php(292): mysqli->query('SELECT COUNT(*)...', 0)
#1 /home/xkynpbah/public_html/vendor/codeigniter4/framework/system/Database/BaseConnection.php(670): CodeIgniter\Database\MySQLi\Connection->execute('SELECT COUNT(*)...')
#2 /home/xkynpbah/public_html/vendor/codeigniter4/framework/system/Database/BaseConnection.php(598): CodeIgniter\Database\BaseConnection->simpleQuery('SELECT COUNT(*)...')
#3 /home/xkynpbah/public_html/vendor/codeigniter4/framework/system/Database/BaseBuilder.php(1527): CodeIgniter\Database\BaseConnection->query('SELECT COUNT(*)...', Array, false)
#4 /home/xkynpbah/public_html/app/Controllers/Telegram.php(165): CodeIgniter\Database\BaseBuilder->countAllResults()
#5 /home/xkynpbah/public_html/app/Controllers/Telegram.php(124): App\Controllers\Telegram->askForResetConfirmation(6719727245, 6719727245, Object(stdClass), 'akashbabu', Object(stdClass))
#6 /home/xkynpbah/public_html/vendor/codeigniter4/framework/system/CodeIgniter.php(824): App\Controllers\Telegram->index()
#7 /home/xkynpbah/public_html/vendor/codeigniter4/framework/system/CodeIgniter.php(410): CodeIgniter\CodeIgniter->runController(Object(App\Controllers\Telegram))
#8 /home/xkynpbah/public_html/vendor/codeigniter4/framework/system/CodeIgniter.php(318): CodeIgniter\CodeIgniter->handleRequest(NULL, Object(Config\Cache), false)
#9 /home/xkynpbah/public_html/index.php(37): CodeIgniter\CodeIgniter->run()
#10 {main}
ERROR - 2026-07-26 14:11:23 --> Telegram controller called
ERROR - 2026-07-26 14:11:23 --> Table 'xkynpbah_titoo.telegram_premium' doesn't exist
CRITICAL - 2026-07-26 14:11:23 --> Table 'xkynpbah_titoo.telegram_premium' doesn't exist
#0 /home/xkynpbah/public_html/vendor/codeigniter4/framework/system/Database/MySQLi/Connection.php(292): mysqli->query('SELECT COUNT(*)...', 0)
#1 /home/xkynpbah/public_html/vendor/codeigniter4/framework/system/Database/BaseConnection.php(670): CodeIgniter\Database\MySQLi\Connection->execute('SELECT COUNT(*)...')
#2 /home/xkynpbah/public_html/vendor/codeigniter4/framework/system/Database/BaseConnection.php(598): CodeIgniter\Database\BaseConnection->simpleQuery('SELECT COUNT(*)...')
#3 /home/xkynpbah/public_html/vendor/codeigniter4/framework/system/Database/BaseBuilder.php(1527): CodeIgniter\Database\BaseConnection->query('SELECT COUNT(*)...', Array, false)
#4 /home/xkynpbah/public_html/app/Controllers/Telegram.php(165): CodeIgniter\Database\BaseBuilder->countAllResults()
#5 /home/xkynpbah/public_html/app/Controllers/Telegram.php(124): App\Controllers\Telegram->askForResetConfirmation(6719727245, 6719727245, Object(stdClass), 'akashbabu', Object(stdClass))
#6 /home/xkynpbah/public_html/vendor/codeigniter4/framework/system/CodeIgniter.php(824): App\Controllers\Telegram->index()
#7 /home/xkynpbah/public_html/vendor/codeigniter4/framework/system/CodeIgniter.php(410): CodeIgniter\CodeIgniter->runController(Object(App\Controllers\Telegram))
#8 /home/xkynpbah/public_html/vendor/codeigniter4/framework/system/CodeIgniter.php(318): CodeIgniter\CodeIgniter->handleRequest(NULL, Object(Config\Cache), false)
#9 /home/xkynpbah/public_html/index.php(37): CodeIgniter\CodeIgniter->run()
#10 {main}
ERROR - 2026-07-26 14:12:40 --> Telegram controller called
ERROR - 2026-07-26 14:12:40 --> Table 'xkynpbah_titoo.telegram_premium' doesn't exist
CRITICAL - 2026-07-26 14:12:40 --> Table 'xkynpbah_titoo.telegram_premium' doesn't exist
#0 /home/xkynpbah/public_html/vendor/codeigniter4/framework/system/Database/MySQLi/Connection.php(292): mysqli->query('SELECT COUNT(*)...', 0)
#1 /home/xkynpbah/public_html/vendor/codeigniter4/framework/system/Database/BaseConnection.php(670): CodeIgniter\Database\MySQLi\Connection->execute('SELECT COUNT(*)...')
#2 /home/xkynpbah/public_html/vendor/codeigniter4/framework/system/Database/BaseConnection.php(598): CodeIgniter\Database\BaseConnection->simpleQuery('SELECT COUNT(*)...')
#3 /home/xkynpbah/public_html/vendor/codeigniter4/framework/system/Database/BaseBuilder.php(1527): CodeIgniter\Database\BaseConnection->query('SELECT COUNT(*)...', Array, false)
#4 /home/xkynpbah/public_html/app/Controllers/Telegram.php(165): CodeIgniter\Database\BaseBuilder->countAllResults()
#5 /home/xkynpbah/public_html/app/Controllers/Telegram.php(124): App\Controllers\Telegram->askForResetConfirmation(6719727245, 6719727245, Object(stdClass), 'akashbabu', Object(stdClass))
#6 /home/xkynpbah/public_html/vendor/codeigniter4/framework/system/CodeIgniter.php(824): App\Controllers\Telegram->index()
#7 /home/xkynpbah/public_html/vendor/codeigniter4/framework/system/CodeIgniter.php(410): CodeIgniter\CodeIgniter->runController(Object(App\Controllers\Telegram))
#8 /home/xkynpbah/public_html/vendor/codeigniter4/framework/system/CodeIgniter.php(318): CodeIgniter\CodeIgniter->handleRequest(NULL, Object(Config\Cache), false)
#9 /home/xkynpbah/public_html/index.php(37): CodeIgniter\CodeIgniter->run()
#10 {main}
ERROR - 2026-07-26 14:14:05 --> Telegram controller called
ERROR - 2026-07-26 14:14:05 --> Table 'xkynpbah_titoo.telegram_premium' doesn't exist
CRITICAL - 2026-07-26 14:14:05 --> Table 'xkynpbah_titoo.telegram_premium' doesn't exist
#0 /home/xkynpbah/public_html/vendor/codeigniter4/framework/system/Database/MySQLi/Connection.php(292): mysqli->query('SELECT COUNT(*)...', 0)
#1 /home/xkynpbah/public_html/vendor/codeigniter4/framework/system/Database/BaseConnection.php(670): CodeIgniter\Database\MySQLi\Connection->execute('SELECT COUNT(*)...')
#2 /home/xkynpbah/public_html/vendor/codeigniter4/framework/system/Database/BaseConnection.php(598): CodeIgniter\Database\BaseConnection->simpleQuery('SELECT COUNT(*)...')
#3 /home/xkynpbah/public_html/vendor/codeigniter4/framework/system/Database/BaseBuilder.php(1527): CodeIgniter\Database\BaseConnection->query('SELECT COUNT(*)...', Array, false)
#4 /home/xkynpbah/public_html/app/Controllers/Telegram.php(165): CodeIgniter\Database\BaseBuilder->countAllResults()
#5 /home/xkynpbah/public_html/app/Controllers/Telegram.php(124): App\Controllers\Telegram->askForResetConfirmation(6719727245, 6719727245, Object(stdClass), 'akashbabu', Object(stdClass))
#6 /home/xkynpbah/public_html/vendor/codeigniter4/framework/system/CodeIgniter.php(824): App\Controllers\Telegram->index()
#7 /home/xkynpbah/public_html/vendor/codeigniter4/framework/system/CodeIgniter.php(410): CodeIgniter\CodeIgniter->runController(Object(App\Controllers\Telegram))
#8 /home/xkynpbah/public_html/vendor/codeigniter4/framework/system/CodeIgniter.php(318): CodeIgniter\CodeIgniter->handleRequest(NULL, Object(Config\Cache), false)
#9 /home/xkynpbah/public_html/index.php(37): CodeIgniter\CodeIgniter->run()
#10 {main}
ERROR - 2026-07-26 14:16:05 --> Telegram controller called
ERROR - 2026-07-26 14:16:05 --> Table 'xkynpbah_titoo.telegram_premium' doesn't exist
CRITICAL - 2026-07-26 14:16:05 --> Table 'xkynpbah_titoo.telegram_premium' doesn't exist
#0 /home/xkynpbah/public_html/vendor/codeigniter4/framework/system/Database/MySQLi/Connection.php(292): mysqli->query('SELECT COUNT(*)...', 0)
#1 /home/xkynpbah/public_html/vendor/codeigniter4/framework/system/Database/BaseConnection.php(670): CodeIgniter\Database\MySQLi\Connection->execute('SELECT COUNT(*)...')
#2 /home/xkynpbah/public_html/vendor/codeigniter4/framework/system/Database/BaseConnection.php(598): CodeIgniter\Database\BaseConnection->simpleQuery('SELECT COUNT(*)...')
#3 /home/xkynpbah/public_html/vendor/codeigniter4/framework/system/Database/BaseBuilder.php(1527): CodeIgniter\Database\BaseConnection->query('SELECT COUNT(*)...', Array, false)
#4 /home/xkynpbah/public_html/app/Controllers/Telegram.php(165): CodeIgniter\Database\BaseBuilder->countAllResults()
#5 /home/xkynpbah/public_html/app/Controllers/Telegram.php(124): App\Controllers\Telegram->askForResetConfirmation(6719727245, 6719727245, Object(stdClass), 'akashbabu', Object(stdClass))
#6 /home/xkynpbah/public_html/vendor/codeigniter4/framework/system/CodeIgniter.php(824): App\Controllers\Telegram->index()
#7 /home/xkynpbah/public_html/vendor/codeigniter4/framework/system/CodeIgniter.php(410): CodeIgniter\CodeIgniter->runController(Object(App\Controllers\Telegram))
#8 /home/xkynpbah/public_html/vendor/codeigniter4/framework/system/CodeIgniter.php(318): CodeIgniter\CodeIgniter->handleRequest(NULL, Object(Config\Cache), false)
#9 /home/xkynpbah/public_html/index.php(37): CodeIgniter\CodeIgniter->run()
#10 {main}
ERROR - 2026-07-26 14:17:28 --> Telegram controller called
ERROR - 2026-07-26 14:17:28 --> Table 'xkynpbah_titoo.telegram_premium' doesn't exist
CRITICAL - 2026-07-26 14:17:28 --> Table 'xkynpbah_titoo.telegram_premium' doesn't exist
#0 /home/xkynpbah/public_html/vendor/codeigniter4/framework/system/Database/MySQLi/Connection.php(292): mysqli->query('SELECT COUNT(*)...', 0)
#1 /home/xkynpbah/public_html/vendor/codeigniter4/framework/system/Database/BaseConnection.php(670): CodeIgniter\Database\MySQLi\Connection->execute('SELECT COUNT(*)...')
#2 /home/xkynpbah/public_html/vendor/codeigniter4/framework/system/Database/BaseConnection.php(598): CodeIgniter\Database\BaseConnection->simpleQuery('SELECT COUNT(*)...')
#3 /home/xkynpbah/public_html/vendor/codeigniter4/framework/system/Database/BaseBuilder.php(1527): CodeIgniter\Database\BaseConnection->query('SELECT COUNT(*)...', Array, false)
#4 /home/xkynpbah/public_html/app/Controllers/Telegram.php(165): CodeIgniter\Database\BaseBuilder->countAllResults()
#5 /home/xkynpbah/public_html/app/Controllers/Telegram.php(124): App\Controllers\Telegram->askForResetConfirmation(6719727245, 6719727245, Object(stdClass), 'akashbabu', Object(stdClass))
#6 /home/xkynpbah/public_html/vendor/codeigniter4/framework/system/CodeIgniter.php(824): App\Controllers\Telegram->index()
#7 /home/xkynpbah/public_html/vendor/codeigniter4/framework/system/CodeIgniter.php(410): CodeIgniter\CodeIgniter->runController(Object(App\Controllers\Telegram))
#8 /home/xkynpbah/public_html/vendor/codeigniter4/framework/system/CodeIgniter.php(318): CodeIgniter\CodeIgniter->handleRequest(NULL, Object(Config\Cache), false)
#9 /home/xkynpbah/public_html/index.php(37): CodeIgniter\CodeIgniter->run()
#10 {main}
ERROR - 2026-07-26 14:19:05 --> Telegram controller called
ERROR - 2026-07-26 14:19:05 --> Table 'xkynpbah_titoo.telegram_premium' doesn't exist
CRITICAL - 2026-07-26 14:19:05 --> Table 'xkynpbah_titoo.telegram_premium' doesn't exist
#0 /home/xkynpbah/public_html/vendor/codeigniter4/framework/system/Database/MySQLi/Connection.php(292): mysqli->query('SELECT COUNT(*)...', 0)
#1 /home/xkynpbah/public_html/vendor/codeigniter4/framework/system/Database/BaseConnection.php(670): CodeIgniter\Database\MySQLi\Connection->execute('SELECT COUNT(*)...')
#2 /home/xkynpbah/public_html/vendor/codeigniter4/framework/system/Database/BaseConnection.php(598): CodeIgniter\Database\BaseConnection->simpleQuery('SELECT COUNT(*)...')
#3 /home/xkynpbah/public_html/vendor/codeigniter4/framework/system/Database/BaseBuilder.php(1527): CodeIgniter\Database\BaseConnection->query('SELECT COUNT(*)...', Array, false)
#4 /home/xkynpbah/public_html/app/Controllers/Telegram.php(165): CodeIgniter\Database\BaseBuilder->countAllResults()
#5 /home/xkynpbah/public_html/app/Controllers/Telegram.php(124): App\Controllers\Telegram->askForResetConfirmation(6719727245, 6719727245, Object(stdClass), 'akashbabu', Object(stdClass))
#6 /home/xkynpbah/public_html/vendor/codeigniter4/framework/system/CodeIgniter.php(824): App\Controllers\Telegram->index()
#7 /home/xkynpbah/public_html/vendor/codeigniter4/framework/system/CodeIgniter.php(410): CodeIgniter\CodeIgniter->runController(Object(App\Controllers\Telegram))
#8 /home/xkynpbah/public_html/vendor/codeigniter4/framework/system/CodeIgniter.php(318): CodeIgniter\CodeIgniter->handleRequest(NULL, Object(Config\Cache), false)
#9 /home/xkynpbah/public_html/index.php(37): CodeIgniter\CodeIgniter->run()
#10 {main}
ERROR - 2026-07-26 14:20:32 --> Telegram controller called
ERROR - 2026-07-26 14:20:32 --> Table 'xkynpbah_titoo.telegram_premium' doesn't exist
CRITICAL - 2026-07-26 14:20:32 --> Table 'xkynpbah_titoo.telegram_premium' doesn't exist
#0 /home/xkynpbah/public_html/vendor/codeigniter4/framework/system/Database/MySQLi/Connection.php(292): mysqli->query('SELECT COUNT(*)...', 0)
#1 /home/xkynpbah/public_html/vendor/codeigniter4/framework/system/Database/BaseConnection.php(670): CodeIgniter\Database\MySQLi\Connection->execute('SELECT COUNT(*)...')
#2 /home/xkynpbah/public_html/vendor/codeigniter4/framework/system/Database/BaseConnection.php(598): CodeIgniter\Database\BaseConnection->simpleQuery('SELECT COUNT(*)...')
#3 /home/xkynpbah/public_html/vendor/codeigniter4/framework/system/Database/BaseBuilder.php(1527): CodeIgniter\Database\BaseConnection->query('SELECT COUNT(*)...', Array, false)
#4 /home/xkynpbah/public_html/app/Controllers/Telegram.php(165): CodeIgniter\Database\BaseBuilder->countAllResults()
#5 /home/xkynpbah/public_html/app/Controllers/Telegram.php(124): App\Controllers\Telegram->askForResetConfirmation(6719727245, 6719727245, Object(stdClass), 'akashbabu', Object(stdClass))
#6 /home/xkynpbah/public_html/vendor/codeigniter4/framework/system/CodeIgniter.php(824): App\Controllers\Telegram->index()
#7 /home/xkynpbah/public_html/vendor/codeigniter4/framework/system/CodeIgniter.php(410): CodeIgniter\CodeIgniter->runController(Object(App\Controllers\Telegram))
#8 /home/xkynpbah/public_html/vendor/codeigniter4/framework/system/CodeIgniter.php(318): CodeIgniter\CodeIgniter->handleRequest(NULL, Object(Config\Cache), false)
#9 /home/xkynpbah/public_html/index.php(37): CodeIgniter\CodeIgniter->run()
#10 {main}
ERROR - 2026-07-26 14:21:35 --> Telegram controller called
ERROR - 2026-07-26 14:21:35 --> Table 'xkynpbah_titoo.telegram_premium' doesn't exist
CRITICAL - 2026-07-26 14:21:35 --> Table 'xkynpbah_titoo.telegram_premium' doesn't exist
#0 /home/xkynpbah/public_html/vendor/codeigniter4/framework/system/Database/MySQLi/Connection.php(292): mysqli->query('SELECT COUNT(*)...', 0)
#1 /home/xkynpbah/public_html/vendor/codeigniter4/framework/system/Database/BaseConnection.php(670): CodeIgniter\Database\MySQLi\Connection->execute('SELECT COUNT(*)...')
#2 /home/xkynpbah/public_html/vendor/codeigniter4/framework/system/Database/BaseConnection.php(598): CodeIgniter\Database\BaseConnection->simpleQuery('SELECT COUNT(*)...')
#3 /home/xkynpbah/public_html/vendor/codeigniter4/framework/system/Database/BaseBuilder.php(1527): CodeIgniter\Database\BaseConnection->query('SELECT COUNT(*)...', Array, false)
#4 /home/xkynpbah/public_html/app/Controllers/Telegram.php(165): CodeIgniter\Database\BaseBuilder->countAllResults()
#5 /home/xkynpbah/public_html/app/Controllers/Telegram.php(124): App\Controllers\Telegram->askForResetConfirmation(6719727245, 6719727245, Object(stdClass), 'akashbabu', Object(stdClass))
#6 /home/xkynpbah/public_html/vendor/codeigniter4/framework/system/CodeIgniter.php(824): App\Controllers\Telegram->index()
#7 /home/xkynpbah/public_html/vendor/codeigniter4/framework/system/CodeIgniter.php(410): CodeIgniter\CodeIgniter->runController(Object(App\Controllers\Telegram))
#8 /home/xkynpbah/public_html/vendor/codeigniter4/framework/system/CodeIgniter.php(318): CodeIgniter\CodeIgniter->handleRequest(NULL, Object(Config\Cache), false)
#9 /home/xkynpbah/public_html/index.php(37): CodeIgniter\CodeIgniter->run()
#10 {main}
ERROR - 2026-07-26 14:23:10 --> Telegram controller called
ERROR - 2026-07-26 14:23:10 --> Table 'xkynpbah_titoo.telegram_premium' doesn't exist
CRITICAL - 2026-07-26 14:23:10 --> Table 'xkynpbah_titoo.telegram_premium' doesn't exist
#0 /home/xkynpbah/public_html/vendor/codeigniter4/framework/system/Database/MySQLi/Connection.php(292): mysqli->query('SELECT COUNT(*)...', 0)
#1 /home/xkynpbah/public_html/vendor/codeigniter4/framework/system/Database/BaseConnection.php(670): CodeIgniter\Database\MySQLi\Connection->execute('SELECT COUNT(*)...')
#2 /home/xkynpbah/public_html/vendor/codeigniter4/framework/system/Database/BaseConnection.php(598): CodeIgniter\Database\BaseConnection->simpleQuery('SELECT COUNT(*)...')
#3 /home/xkynpbah/public_html/vendor/codeigniter4/framework/system/Database/BaseBuilder.php(1527): CodeIgniter\Database\BaseConnection->query('SELECT COUNT(*)...', Array, false)
#4 /home/xkynpbah/public_html/app/Controllers/Telegram.php(165): CodeIgniter\Database\BaseBuilder->countAllResults()
#5 /home/xkynpbah/public_html/app/Controllers/Telegram.php(124): App\Controllers\Telegram->askForResetConfirmation(6719727245, 6719727245, Object(stdClass), 'akashbabu', Object(stdClass))
#6 /home/xkynpbah/public_html/vendor/codeigniter4/framework/system/CodeIgniter.php(824): App\Controllers\Telegram->index()
#7 /home/xkynpbah/public_html/vendor/codeigniter4/framework/system/CodeIgniter.php(410): CodeIgniter\CodeIgniter->runController(Object(App\Controllers\Telegram))
#8 /home/xkynpbah/public_html/vendor/codeigniter4/framework/system/CodeIgniter.php(318): CodeIgniter\CodeIgniter->handleRequest(NULL, Object(Config\Cache), false)
#9 /home/xkynpbah/public_html/index.php(37): CodeIgniter\CodeIgniter->run()
#10 {main}
ERROR - 2026-07-26 14:25:06 --> Telegram controller called
ERROR - 2026-07-26 14:25:06 --> Table 'xkynpbah_titoo.telegram_premium' doesn't exist
CRITICAL - 2026-07-26 14:25:06 --> Table 'xkynpbah_titoo.telegram_premium' doesn't exist
#0 /home/xkynpbah/public_html/vendor/codeigniter4/framework/system/Database/MySQLi/Connection.php(292): mysqli->query('SELECT COUNT(*)...', 0)
#1 /home/xkynpbah/public_html/vendor/codeigniter4/framework/system/Database/BaseConnection.php(670): CodeIgniter\Database\MySQLi\Connection->execute('SELECT COUNT(*)...')
#2 /home/xkynpbah/public_html/vendor/codeigniter4/framework/system/Database/BaseConnection.php(598): CodeIgniter\Database\BaseConnection->simpleQuery('SELECT COUNT(*)...')
#3 /home/xkynpbah/public_html/vendor/codeigniter4/framework/system/Database/BaseBuilder.php(1527): CodeIgniter\Database\BaseConnection->query('SELECT COUNT(*)...', Array, false)
#4 /home/xkynpbah/public_html/app/Controllers/Telegram.php(165): CodeIgniter\Database\BaseBuilder->countAllResults()
#5 /home/xkynpbah/public_html/app/Controllers/Telegram.php(124): App\Controllers\Telegram->askForResetConfirmation(6719727245, 6719727245, Object(stdClass), 'akashbabu', Object(stdClass))
#6 /home/xkynpbah/public_html/vendor/codeigniter4/framework/system/CodeIgniter.php(824): App\Controllers\Telegram->index()
#7 /home/xkynpbah/public_html/vendor/codeigniter4/framework/system/CodeIgniter.php(410): CodeIgniter\CodeIgniter->runController(Object(App\Controllers\Telegram))
#8 /home/xkynpbah/public_html/vendor/codeigniter4/framework/system/CodeIgniter.php(318): CodeIgniter\CodeIgniter->handleRequest(NULL, Object(Config\Cache), false)
#9 /home/xkynpbah/public_html/index.php(37): CodeIgniter\CodeIgniter->run()
#10 {main}
ERROR - 2026-07-26 14:26:40 --> Telegram controller called
ERROR - 2026-07-26 14:26:40 --> Table 'xkynpbah_titoo.telegram_premium' doesn't exist
CRITICAL - 2026-07-26 14:26:40 --> Table 'xkynpbah_titoo.telegram_premium' doesn't exist
#0 /home/xkynpbah/public_html/vendor/codeigniter4/framework/system/Database/MySQLi/Connection.php(292): mysqli->query('SELECT COUNT(*)...', 0)
#1 /home/xkynpbah/public_html/vendor/codeigniter4/framework/system/Database/BaseConnection.php(670): CodeIgniter\Database\MySQLi\Connection->execute('SELECT COUNT(*)...')
#2 /home/xkynpbah/public_html/vendor/codeigniter4/framework/system/Database/BaseConnection.php(598): CodeIgniter\Database\BaseConnection->simpleQuery('SELECT COUNT(*)...')
#3 /home/xkynpbah/public_html/vendor/codeigniter4/framework/system/Database/BaseBuilder.php(1527): CodeIgniter\Database\BaseConnection->query('SELECT COUNT(*)...', Array, false)
#4 /home/xkynpbah/public_html/app/Controllers/Telegram.php(165): CodeIgniter\Database\BaseBuilder->countAllResults()
#5 /home/xkynpbah/public_html/app/Controllers/Telegram.php(124): App\Controllers\Telegram->askForResetConfirmation(6719727245, 6719727245, Object(stdClass), 'akashbabu', Object(stdClass))
#6 /home/xkynpbah/public_html/vendor/codeigniter4/framework/system/CodeIgniter.php(824): App\Controllers\Telegram->index()
#7 /home/xkynpbah/public_html/vendor/codeigniter4/framework/system/CodeIgniter.php(410): CodeIgniter\CodeIgniter->runController(Object(App\Controllers\Telegram))
#8 /home/xkynpbah/public_html/vendor/codeigniter4/framework/system/CodeIgniter.php(318): CodeIgniter\CodeIgniter->handleRequest(NULL, Object(Config\Cache), false)
#9 /home/xkynpbah/public_html/index.php(37): CodeIgniter\CodeIgniter->run()
#10 {main}
ERROR - 2026-07-26 14:28:05 --> Telegram controller called
ERROR - 2026-07-26 14:28:05 --> Table 'xkynpbah_titoo.telegram_premium' doesn't exist
CRITICAL - 2026-07-26 14:28:05 --> Table 'xkynpbah_titoo.telegram_premium' doesn't exist
#0 /home/xkynpbah/public_html/vendor/codeigniter4/framework/system/Database/MySQLi/Connection.php(292): mysqli->query('SELECT COUNT(*)...', 0)
#1 /home/xkynpbah/public_html/vendor/codeigniter4/framework/system/Database/BaseConnection.php(670): CodeIgniter\Database\MySQLi\Connection->execute('SELECT COUNT(*)...')
#2 /home/xkynpbah/public_html/vendor/codeigniter4/framework/system/Database/BaseConnection.php(598): CodeIgniter\Database\BaseConnection->simpleQuery('SELECT COUNT(*)...')
#3 /home/xkynpbah/public_html/vendor/codeigniter4/framework/system/Database/BaseBuilder.php(1527): CodeIgniter\Database\BaseConnection->query('SELECT COUNT(*)...', Array, false)
#4 /home/xkynpbah/public_html/app/Controllers/Telegram.php(165): CodeIgniter\Database\BaseBuilder->countAllResults()
#5 /home/xkynpbah/public_html/app/Controllers/Telegram.php(124): App\Controllers\Telegram->askForResetConfirmation(6719727245, 6719727245, Object(stdClass), 'akashbabu', Object(stdClass))
#6 /home/xkynpbah/public_html/vendor/codeigniter4/framework/system/CodeIgniter.php(824): App\Controllers\Telegram->index()
#7 /home/xkynpbah/public_html/vendor/codeigniter4/framework/system/CodeIgniter.php(410): CodeIgniter\CodeIgniter->runController(Object(App\Controllers\Telegram))
#8 /home/xkynpbah/public_html/vendor/codeigniter4/framework/system/CodeIgniter.php(318): CodeIgniter\CodeIgniter->handleRequest(NULL, Object(Config\Cache), false)
#9 /home/xkynpbah/public_html/index.php(37): CodeIgniter\CodeIgniter->run()
#10 {main}
ERROR - 2026-07-26 14:29:15 --> Telegram controller called
ERROR - 2026-07-26 14:29:15 --> Table 'xkynpbah_titoo.telegram_premium' doesn't exist
CRITICAL - 2026-07-26 14:29:15 --> Table 'xkynpbah_titoo.telegram_premium' doesn't exist
#0 /home/xkynpbah/public_html/vendor/codeigniter4/framework/system/Database/MySQLi/Connection.php(292): mysqli->query('SELECT COUNT(*)...', 0)
#1 /home/xkynpbah/public_html/vendor/codeigniter4/framework/system/Database/BaseConnection.php(670): CodeIgniter\Database\MySQLi\Connection->execute('SELECT COUNT(*)...')
#2 /home/xkynpbah/public_html/vendor/codeigniter4/framework/system/Database/BaseConnection.php(598): CodeIgniter\Database\BaseConnection->simpleQuery('SELECT COUNT(*)...')
#3 /home/xkynpbah/public_html/vendor/codeigniter4/framework/system/Database/BaseBuilder.php(1527): CodeIgniter\Database\BaseConnection->query('SELECT COUNT(*)...', Array, false)
#4 /home/xkynpbah/public_html/app/Controllers/Telegram.php(165): CodeIgniter\Database\BaseBuilder->countAllResults()
#5 /home/xkynpbah/public_html/app/Controllers/Telegram.php(124): App\Controllers\Telegram->askForResetConfirmation(6719727245, 6719727245, Object(stdClass), 'akashbabu', Object(stdClass))
#6 /home/xkynpbah/public_html/vendor/codeigniter4/framework/system/CodeIgniter.php(824): App\Controllers\Telegram->index()
#7 /home/xkynpbah/public_html/vendor/codeigniter4/framework/system/CodeIgniter.php(410): CodeIgniter\CodeIgniter->runController(Object(App\Controllers\Telegram))
#8 /home/xkynpbah/public_html/vendor/codeigniter4/framework/system/CodeIgniter.php(318): CodeIgniter\CodeIgniter->handleRequest(NULL, Object(Config\Cache), false)
#9 /home/xkynpbah/public_html/index.php(37): CodeIgniter\CodeIgniter->run()
#10 {main}
ERROR - 2026-07-26 14:30:27 --> Telegram controller called
ERROR - 2026-07-26 14:30:27 --> Table 'xkynpbah_titoo.telegram_premium' doesn't exist
CRITICAL - 2026-07-26 14:30:27 --> Table 'xkynpbah_titoo.telegram_premium' doesn't exist
#0 /home/xkynpbah/public_html/vendor/codeigniter4/framework/system/Database/MySQLi/Connection.php(292): mysqli->query('SELECT COUNT(*)...', 0)
#1 /home/xkynpbah/public_html/vendor/codeigniter4/framework/system/Database/BaseConnection.php(670): CodeIgniter\Database\MySQLi\Connection->execute('SELECT COUNT(*)...')
#2 /home/xkynpbah/public_html/vendor/codeigniter4/framework/system/Database/BaseConnection.php(598): CodeIgniter\Database\BaseConnection->simpleQuery('SELECT COUNT(*)...')
#3 /home/xkynpbah/public_html/vendor/codeigniter4/framework/system/Database/BaseBuilder.php(1527): CodeIgniter\Database\BaseConnection->query('SELECT COUNT(*)...', Array, false)
#4 /home/xkynpbah/public_html/app/Controllers/Telegram.php(165): CodeIgniter\Database\BaseBuilder->countAllResults()
#5 /home/xkynpbah/public_html/app/Controllers/Telegram.php(124): App\Controllers\Telegram->askForResetConfirmation(6719727245, 6719727245, Object(stdClass), 'akashbabu', Object(stdClass))
#6 /home/xkynpbah/public_html/vendor/codeigniter4/framework/system/CodeIgniter.php(824): App\Controllers\Telegram->index()
#7 /home/xkynpbah/public_html/vendor/codeigniter4/framework/system/CodeIgniter.php(410): CodeIgniter\CodeIgniter->runController(Object(App\Controllers\Telegram))
#8 /home/xkynpbah/public_html/vendor/codeigniter4/framework/system/CodeIgniter.php(318): CodeIgniter\CodeIgniter->handleRequest(NULL, Object(Config\Cache), false)
#9 /home/xkynpbah/public_html/index.php(37): CodeIgniter\CodeIgniter->run()
#10 {main}
ERROR - 2026-07-26 14:32:10 --> Telegram controller called
ERROR - 2026-07-26 14:32:10 --> Table 'xkynpbah_titoo.telegram_premium' doesn't exist
CRITICAL - 2026-07-26 14:32:10 --> Table 'xkynpbah_titoo.telegram_premium' doesn't exist
#0 /home/xkynpbah/public_html/vendor/codeigniter4/framework/system/Database/MySQLi/Connection.php(292): mysqli->query('SELECT COUNT(*)...', 0)
#1 /home/xkynpbah/public_html/vendor/codeigniter4/framework/system/Database/BaseConnection.php(670): CodeIgniter\Database\MySQLi\Connection->execute('SELECT COUNT(*)...')
#2 /home/xkynpbah/public_html/vendor/codeigniter4/framework/system/Database/BaseConnection.php(598): CodeIgniter\Database\BaseConnection->simpleQuery('SELECT COUNT(*)...')
#3 /home/xkynpbah/public_html/vendor/codeigniter4/framework/system/Database/BaseBuilder.php(1527): CodeIgniter\Database\BaseConnection->query('SELECT COUNT(*)...', Array, false)
#4 /home/xkynpbah/public_html/app/Controllers/Telegram.php(165): CodeIgniter\Database\BaseBuilder->countAllResults()
#5 /home/xkynpbah/public_html/app/Controllers/Telegram.php(124): App\Controllers\Telegram->askForResetConfirmation(6719727245, 6719727245, Object(stdClass), 'akashbabu', Object(stdClass))
#6 /home/xkynpbah/public_html/vendor/codeigniter4/framework/system/CodeIgniter.php(824): App\Controllers\Telegram->index()
#7 /home/xkynpbah/public_html/vendor/codeigniter4/framework/system/CodeIgniter.php(410): CodeIgniter\CodeIgniter->runController(Object(App\Controllers\Telegram))
#8 /home/xkynpbah/public_html/vendor/codeigniter4/framework/system/CodeIgniter.php(318): CodeIgniter\CodeIgniter->handleRequest(NULL, Object(Config\Cache), false)
#9 /home/xkynpbah/public_html/index.php(37): CodeIgniter\CodeIgniter->run()
#10 {main}
ERROR - 2026-07-26 14:33:55 --> Telegram controller called
ERROR - 2026-07-26 14:33:55 --> Table 'xkynpbah_titoo.telegram_premium' doesn't exist
CRITICAL - 2026-07-26 14:33:55 --> Table 'xkynpbah_titoo.telegram_premium' doesn't exist
#0 /home/xkynpbah/public_html/vendor/codeigniter4/framework/system/Database/MySQLi/Connection.php(292): mysqli->query('SELECT COUNT(*)...', 0)
#1 /home/xkynpbah/public_html/vendor/codeigniter4/framework/system/Database/BaseConnection.php(670): CodeIgniter\Database\MySQLi\Connection->execute('SELECT COUNT(*)...')
#2 /home/xkynpbah/public_html/vendor/codeigniter4/framework/system/Database/BaseConnection.php(598): CodeIgniter\Database\BaseConnection->simpleQuery('SELECT COUNT(*)...')
#3 /home/xkynpbah/public_html/vendor/codeigniter4/framework/system/Database/BaseBuilder.php(1527): CodeIgniter\Database\BaseConnection->query('SELECT COUNT(*)...', Array, false)
#4 /home/xkynpbah/public_html/app/Controllers/Telegram.php(165): CodeIgniter\Database\BaseBuilder->countAllResults()
#5 /home/xkynpbah/public_html/app/Controllers/Telegram.php(124): App\Controllers\Telegram->askForResetConfirmation(6719727245, 6719727245, Object(stdClass), 'akashbabu', Object(stdClass))
#6 /home/xkynpbah/public_html/vendor/codeigniter4/framework/system/CodeIgniter.php(824): App\Controllers\Telegram->index()
#7 /home/xkynpbah/public_html/vendor/codeigniter4/framework/system/CodeIgniter.php(410): CodeIgniter\CodeIgniter->runController(Object(App\Controllers\Telegram))
#8 /home/xkynpbah/public_html/vendor/codeigniter4/framework/system/CodeIgniter.php(318): CodeIgniter\CodeIgniter->handleRequest(NULL, Object(Config\Cache), false)
#9 /home/xkynpbah/public_html/index.php(37): CodeIgniter\CodeIgniter->run()
#10 {main}
ERROR - 2026-07-26 14:35:21 --> Telegram controller called
ERROR - 2026-07-26 14:35:21 --> Table 'xkynpbah_titoo.telegram_premium' doesn't exist
CRITICAL - 2026-07-26 14:35:21 --> Table 'xkynpbah_titoo.telegram_premium' doesn't exist
#0 /home/xkynpbah/public_html/vendor/codeigniter4/framework/system/Database/MySQLi/Connection.php(292): mysqli->query('SELECT COUNT(*)...', 0)
#1 /home/xkynpbah/public_html/vendor/codeigniter4/framework/system/Database/BaseConnection.php(670): CodeIgniter\Database\MySQLi\Connection->execute('SELECT COUNT(*)...')
#2 /home/xkynpbah/public_html/vendor/codeigniter4/framework/system/Database/BaseConnection.php(598): CodeIgniter\Database\BaseConnection->simpleQuery('SELECT COUNT(*)...')
#3 /home/xkynpbah/public_html/vendor/codeigniter4/framework/system/Database/BaseBuilder.php(1527): CodeIgniter\Database\BaseConnection->query('SELECT COUNT(*)...', Array, false)
#4 /home/xkynpbah/public_html/app/Controllers/Telegram.php(165): CodeIgniter\Database\BaseBuilder->countAllResults()
#5 /home/xkynpbah/public_html/app/Controllers/Telegram.php(124): App\Controllers\Telegram->askForResetConfirmation(6719727245, 6719727245, Object(stdClass), 'akashbabu', Object(stdClass))
#6 /home/xkynpbah/public_html/vendor/codeigniter4/framework/system/CodeIgniter.php(824): App\Controllers\Telegram->index()
#7 /home/xkynpbah/public_html/vendor/codeigniter4/framework/system/CodeIgniter.php(410): CodeIgniter\CodeIgniter->runController(Object(App\Controllers\Telegram))
#8 /home/xkynpbah/public_html/vendor/codeigniter4/framework/system/CodeIgniter.php(318): CodeIgniter\CodeIgniter->handleRequest(NULL, Object(Config\Cache), false)
#9 /home/xkynpbah/public_html/index.php(37): CodeIgniter\CodeIgniter->run()
#10 {main}
ERROR - 2026-07-26 14:37:17 --> Telegram controller called
ERROR - 2026-07-26 14:37:17 --> Table 'xkynpbah_titoo.telegram_premium' doesn't exist
CRITICAL - 2026-07-26 14:37:17 --> Table 'xkynpbah_titoo.telegram_premium' doesn't exist
#0 /home/xkynpbah/public_html/vendor/codeigniter4/framework/system/Database/MySQLi/Connection.php(292): mysqli->query('SELECT COUNT(*)...', 0)
#1 /home/xkynpbah/public_html/vendor/codeigniter4/framework/system/Database/BaseConnection.php(670): CodeIgniter\Database\MySQLi\Connection->execute('SELECT COUNT(*)...')
#2 /home/xkynpbah/public_html/vendor/codeigniter4/framework/system/Database/BaseConnection.php(598): CodeIgniter\Database\BaseConnection->simpleQuery('SELECT COUNT(*)...')
#3 /home/xkynpbah/public_html/vendor/codeigniter4/framework/system/Database/BaseBuilder.php(1527): CodeIgniter\Database\BaseConnection->query('SELECT COUNT(*)...', Array, false)
#4 /home/xkynpbah/public_html/app/Controllers/Telegram.php(165): CodeIgniter\Database\BaseBuilder->countAllResults()
#5 /home/xkynpbah/public_html/app/Controllers/Telegram.php(124): App\Controllers\Telegram->askForResetConfirmation(6719727245, 6719727245, Object(stdClass), 'akashbabu', Object(stdClass))
#6 /home/xkynpbah/public_html/vendor/codeigniter4/framework/system/CodeIgniter.php(824): App\Controllers\Telegram->index()
#7 /home/xkynpbah/public_html/vendor/codeigniter4/framework/system/CodeIgniter.php(410): CodeIgniter\CodeIgniter->runController(Object(App\Controllers\Telegram))
#8 /home/xkynpbah/public_html/vendor/codeigniter4/framework/system/CodeIgniter.php(318): CodeIgniter\CodeIgniter->handleRequest(NULL, Object(Config\Cache), false)
#9 /home/xkynpbah/public_html/index.php(37): CodeIgniter\CodeIgniter->run()
#10 {main}
ERROR - 2026-07-26 14:38:27 --> Telegram controller called
ERROR - 2026-07-26 14:38:27 --> Table 'xkynpbah_titoo.telegram_premium' doesn't exist
CRITICAL - 2026-07-26 14:38:27 --> Table 'xkynpbah_titoo.telegram_premium' doesn't exist
#0 /home/xkynpbah/public_html/vendor/codeigniter4/framework/system/Database/MySQLi/Connection.php(292): mysqli->query('SELECT COUNT(*)...', 0)
#1 /home/xkynpbah/public_html/vendor/codeigniter4/framework/system/Database/BaseConnection.php(670): CodeIgniter\Database\MySQLi\Connection->execute('SELECT COUNT(*)...')
#2 /home/xkynpbah/public_html/vendor/codeigniter4/framework/system/Database/BaseConnection.php(598): CodeIgniter\Database\BaseConnection->simpleQuery('SELECT COUNT(*)...')
#3 /home/xkynpbah/public_html/vendor/codeigniter4/framework/system/Database/BaseBuilder.php(1527): CodeIgniter\Database\BaseConnection->query('SELECT COUNT(*)...', Array, false)
#4 /home/xkynpbah/public_html/app/Controllers/Telegram.php(165): CodeIgniter\Database\BaseBuilder->countAllResults()
#5 /home/xkynpbah/public_html/app/Controllers/Telegram.php(124): App\Controllers\Telegram->askForResetConfirmation(6719727245, 6719727245, Object(stdClass), 'akashbabu', Object(stdClass))
#6 /home/xkynpbah/public_html/vendor/codeigniter4/framework/system/CodeIgniter.php(824): App\Controllers\Telegram->index()
#7 /home/xkynpbah/public_html/vendor/codeigniter4/framework/system/CodeIgniter.php(410): CodeIgniter\CodeIgniter->runController(Object(App\Controllers\Telegram))
#8 /home/xkynpbah/public_html/vendor/codeigniter4/framework/system/CodeIgniter.php(318): CodeIgniter\CodeIgniter->handleRequest(NULL, Object(Config\Cache), false)
#9 /home/xkynpbah/public_html/index.php(37): CodeIgniter\CodeIgniter->run()
#10 {main}
ERROR - 2026-07-26 14:39:50 --> Telegram controller called
ERROR - 2026-07-26 14:39:50 --> Table 'xkynpbah_titoo.telegram_premium' doesn't exist
CRITICAL - 2026-07-26 14:39:50 --> Table 'xkynpbah_titoo.telegram_premium' doesn't exist
#0 /home/xkynpbah/public_html/vendor/codeigniter4/framework/system/Database/MySQLi/Connection.php(292): mysqli->query('SELECT COUNT(*)...', 0)
#1 /home/xkynpbah/public_html/vendor/codeigniter4/framework/system/Database/BaseConnection.php(670): CodeIgniter\Database\MySQLi\Connection->execute('SELECT COUNT(*)...')
#2 /home/xkynpbah/public_html/vendor/codeigniter4/framework/system/Database/BaseConnection.php(598): CodeIgniter\Database\BaseConnection->simpleQuery('SELECT COUNT(*)...')
#3 /home/xkynpbah/public_html/vendor/codeigniter4/framework/system/Database/BaseBuilder.php(1527): CodeIgniter\Database\BaseConnection->query('SELECT COUNT(*)...', Array, false)
#4 /home/xkynpbah/public_html/app/Controllers/Telegram.php(165): CodeIgniter\Database\BaseBuilder->countAllResults()
#5 /home/xkynpbah/public_html/app/Controllers/Telegram.php(124): App\Controllers\Telegram->askForResetConfirmation(6719727245, 6719727245, Object(stdClass), 'akashbabu', Object(stdClass))
#6 /home/xkynpbah/public_html/vendor/codeigniter4/framework/system/CodeIgniter.php(824): App\Controllers\Telegram->index()
#7 /home/xkynpbah/public_html/vendor/codeigniter4/framework/system/CodeIgniter.php(410): CodeIgniter\CodeIgniter->runController(Object(App\Controllers\Telegram))
#8 /home/xkynpbah/public_html/vendor/codeigniter4/framework/system/CodeIgniter.php(318): CodeIgniter\CodeIgniter->handleRequest(NULL, Object(Config\Cache), false)
#9 /home/xkynpbah/public_html/index.php(37): CodeIgniter\CodeIgniter->run()
#10 {main}
ERROR - 2026-07-26 14:41:07 --> Telegram controller called
ERROR - 2026-07-26 14:41:07 --> Table 'xkynpbah_titoo.telegram_premium' doesn't exist
CRITICAL - 2026-07-26 14:41:07 --> Table 'xkynpbah_titoo.telegram_premium' doesn't exist
#0 /home/xkynpbah/public_html/vendor/codeigniter4/framework/system/Database/MySQLi/Connection.php(292): mysqli->query('SELECT COUNT(*)...', 0)
#1 /home/xkynpbah/public_html/vendor/codeigniter4/framework/system/Database/BaseConnection.php(670): CodeIgniter\Database\MySQLi\Connection->execute('SELECT COUNT(*)...')
#2 /home/xkynpbah/public_html/vendor/codeigniter4/framework/system/Database/BaseConnection.php(598): CodeIgniter\Database\BaseConnection->simpleQuery('SELECT COUNT(*)...')
#3 /home/xkynpbah/public_html/vendor/codeigniter4/framework/system/Database/BaseBuilder.php(1527): CodeIgniter\Database\BaseConnection->query('SELECT COUNT(*)...', Array, false)
#4 /home/xkynpbah/public_html/app/Controllers/Telegram.php(165): CodeIgniter\Database\BaseBuilder->countAllResults()
#5 /home/xkynpbah/public_html/app/Controllers/Telegram.php(124): App\Controllers\Telegram->askForResetConfirmation(6719727245, 6719727245, Object(stdClass), 'akashbabu', Object(stdClass))
#6 /home/xkynpbah/public_html/vendor/codeigniter4/framework/system/CodeIgniter.php(824): App\Controllers\Telegram->index()
#7 /home/xkynpbah/public_html/vendor/codeigniter4/framework/system/CodeIgniter.php(410): CodeIgniter\CodeIgniter->runController(Object(App\Controllers\Telegram))
#8 /home/xkynpbah/public_html/vendor/codeigniter4/framework/system/CodeIgniter.php(318): CodeIgniter\CodeIgniter->handleRequest(NULL, Object(Config\Cache), false)
#9 /home/xkynpbah/public_html/index.php(37): CodeIgniter\CodeIgniter->run()
#10 {main}
ERROR - 2026-07-26 14:42:46 --> Telegram controller called
ERROR - 2026-07-26 14:42:46 --> Table 'xkynpbah_titoo.telegram_premium' doesn't exist
CRITICAL - 2026-07-26 14:42:46 --> Table 'xkynpbah_titoo.telegram_premium' doesn't exist
#0 /home/xkynpbah/public_html/vendor/codeigniter4/framework/system/Database/MySQLi/Connection.php(292): mysqli->query('SELECT COUNT(*)...', 0)
#1 /home/xkynpbah/public_html/vendor/codeigniter4/framework/system/Database/BaseConnection.php(670): CodeIgniter\Database\MySQLi\Connection->execute('SELECT COUNT(*)...')
#2 /home/xkynpbah/public_html/vendor/codeigniter4/framework/system/Database/BaseConnection.php(598): CodeIgniter\Database\BaseConnection->simpleQuery('SELECT COUNT(*)...')
#3 /home/xkynpbah/public_html/vendor/codeigniter4/framework/system/Database/BaseBuilder.php(1527): CodeIgniter\Database\BaseConnection->query('SELECT COUNT(*)...', Array, false)
#4 /home/xkynpbah/public_html/app/Controllers/Telegram.php(165): CodeIgniter\Database\BaseBuilder->countAllResults()
#5 /home/xkynpbah/public_html/app/Controllers/Telegram.php(124): App\Controllers\Telegram->askForResetConfirmation(6719727245, 6719727245, Object(stdClass), 'akashbabu', Object(stdClass))
#6 /home/xkynpbah/public_html/vendor/codeigniter4/framework/system/CodeIgniter.php(824): App\Controllers\Telegram->index()
#7 /home/xkynpbah/public_html/vendor/codeigniter4/framework/system/CodeIgniter.php(410): CodeIgniter\CodeIgniter->runController(Object(App\Controllers\Telegram))
#8 /home/xkynpbah/public_html/vendor/codeigniter4/framework/system/CodeIgniter.php(318): CodeIgniter\CodeIgniter->handleRequest(NULL, Object(Config\Cache), false)
#9 /home/xkynpbah/public_html/index.php(37): CodeIgniter\CodeIgniter->run()
#10 {main}
ERROR - 2026-07-26 14:44:46 --> Telegram controller called
ERROR - 2026-07-26 14:44:46 --> Table 'xkynpbah_titoo.telegram_premium' doesn't exist
CRITICAL - 2026-07-26 14:44:46 --> Table 'xkynpbah_titoo.telegram_premium' doesn't exist
#0 /home/xkynpbah/public_html/vendor/codeigniter4/framework/system/Database/MySQLi/Connection.php(292): mysqli->query('SELECT COUNT(*)...', 0)
#1 /home/xkynpbah/public_html/vendor/codeigniter4/framework/system/Database/BaseConnection.php(670): CodeIgniter\Database\MySQLi\Connection->execute('SELECT COUNT(*)...')
#2 /home/xkynpbah/public_html/vendor/codeigniter4/framework/system/Database/BaseConnection.php(598): CodeIgniter\Database\BaseConnection->simpleQuery('SELECT COUNT(*)...')
#3 /home/xkynpbah/public_html/vendor/codeigniter4/framework/system/Database/BaseBuilder.php(1527): CodeIgniter\Database\BaseConnection->query('SELECT COUNT(*)...', Array, false)
#4 /home/xkynpbah/public_html/app/Controllers/Telegram.php(165): CodeIgniter\Database\BaseBuilder->countAllResults()
#5 /home/xkynpbah/public_html/app/Controllers/Telegram.php(124): App\Controllers\Telegram->askForResetConfirmation(6719727245, 6719727245, Object(stdClass), 'akashbabu', Object(stdClass))
#6 /home/xkynpbah/public_html/vendor/codeigniter4/framework/system/CodeIgniter.php(824): App\Controllers\Telegram->index()
#7 /home/xkynpbah/public_html/vendor/codeigniter4/framework/system/CodeIgniter.php(410): CodeIgniter\CodeIgniter->runController(Object(App\Controllers\Telegram))
#8 /home/xkynpbah/public_html/vendor/codeigniter4/framework/system/CodeIgniter.php(318): CodeIgniter\CodeIgniter->handleRequest(NULL, Object(Config\Cache), false)
#9 /home/xkynpbah/public_html/index.php(37): CodeIgniter\CodeIgniter->run()
#10 {main}
ERROR - 2026-07-26 14:45:50 --> Telegram controller called
ERROR - 2026-07-26 14:45:50 --> Table 'xkynpbah_titoo.telegram_premium' doesn't exist
CRITICAL - 2026-07-26 14:45:50 --> Table 'xkynpbah_titoo.telegram_premium' doesn't exist
#0 /home/xkynpbah/public_html/vendor/codeigniter4/framework/system/Database/MySQLi/Connection.php(292): mysqli->query('SELECT COUNT(*)...', 0)
#1 /home/xkynpbah/public_html/vendor/codeigniter4/framework/system/Database/BaseConnection.php(670): CodeIgniter\Database\MySQLi\Connection->execute('SELECT COUNT(*)...')
#2 /home/xkynpbah/public_html/vendor/codeigniter4/framework/system/Database/BaseConnection.php(598): CodeIgniter\Database\BaseConnection->simpleQuery('SELECT COUNT(*)...')
#3 /home/xkynpbah/public_html/vendor/codeigniter4/framework/system/Database/BaseBuilder.php(1527): CodeIgniter\Database\BaseConnection->query('SELECT COUNT(*)...', Array, false)
#4 /home/xkynpbah/public_html/app/Controllers/Telegram.php(165): CodeIgniter\Database\BaseBuilder->countAllResults()
#5 /home/xkynpbah/public_html/app/Controllers/Telegram.php(124): App\Controllers\Telegram->askForResetConfirmation(6719727245, 6719727245, Object(stdClass), 'akashbabu', Object(stdClass))
#6 /home/xkynpbah/public_html/vendor/codeigniter4/framework/system/CodeIgniter.php(824): App\Controllers\Telegram->index()
#7 /home/xkynpbah/public_html/vendor/codeigniter4/framework/system/CodeIgniter.php(410): CodeIgniter\CodeIgniter->runController(Object(App\Controllers\Telegram))
#8 /home/xkynpbah/public_html/vendor/codeigniter4/framework/system/CodeIgniter.php(318): CodeIgniter\CodeIgniter->handleRequest(NULL, Object(Config\Cache), false)
#9 /home/xkynpbah/public_html/index.php(37): CodeIgniter\CodeIgniter->run()
#10 {main}
ERROR - 2026-07-26 14:47:49 --> Telegram controller called
ERROR - 2026-07-26 14:47:49 --> Table 'xkynpbah_titoo.telegram_premium' doesn't exist
CRITICAL - 2026-07-26 14:47:49 --> Table 'xkynpbah_titoo.telegram_premium' doesn't exist
#0 /home/xkynpbah/public_html/vendor/codeigniter4/framework/system/Database/MySQLi/Connection.php(292): mysqli->query('SELECT COUNT(*)...', 0)
#1 /home/xkynpbah/public_html/vendor/codeigniter4/framework/system/Database/BaseConnection.php(670): CodeIgniter\Database\MySQLi\Connection->execute('SELECT COUNT(*)...')
#2 /home/xkynpbah/public_html/vendor/codeigniter4/framework/system/Database/BaseConnection.php(598): CodeIgniter\Database\BaseConnection->simpleQuery('SELECT COUNT(*)...')
#3 /home/xkynpbah/public_html/vendor/codeigniter4/framework/system/Database/BaseBuilder.php(1527): CodeIgniter\Database\BaseConnection->query('SELECT COUNT(*)...', Array, false)
#4 /home/xkynpbah/public_html/app/Controllers/Telegram.php(165): CodeIgniter\Database\BaseBuilder->countAllResults()
#5 /home/xkynpbah/public_html/app/Controllers/Telegram.php(124): App\Controllers\Telegram->askForResetConfirmation(6719727245, 6719727245, Object(stdClass), 'akashbabu', Object(stdClass))
#6 /home/xkynpbah/public_html/vendor/codeigniter4/framework/system/CodeIgniter.php(824): App\Controllers\Telegram->index()
#7 /home/xkynpbah/public_html/vendor/codeigniter4/framework/system/CodeIgniter.php(410): CodeIgniter\CodeIgniter->runController(Object(App\Controllers\Telegram))
#8 /home/xkynpbah/public_html/vendor/codeigniter4/framework/system/CodeIgniter.php(318): CodeIgniter\CodeIgniter->handleRequest(NULL, Object(Config\Cache), false)
#9 /home/xkynpbah/public_html/index.php(37): CodeIgniter\CodeIgniter->run()
#10 {main}
ERROR - 2026-07-26 14:49:21 --> Telegram controller called
ERROR - 2026-07-26 14:49:21 --> Table 'xkynpbah_titoo.telegram_premium' doesn't exist
CRITICAL - 2026-07-26 14:49:21 --> Table 'xkynpbah_titoo.telegram_premium' doesn't exist
#0 /home/xkynpbah/public_html/vendor/codeigniter4/framework/system/Database/MySQLi/Connection.php(292): mysqli->query('SELECT COUNT(*)...', 0)
#1 /home/xkynpbah/public_html/vendor/codeigniter4/framework/system/Database/BaseConnection.php(670): CodeIgniter\Database\MySQLi\Connection->execute('SELECT COUNT(*)...')
#2 /home/xkynpbah/public_html/vendor/codeigniter4/framework/system/Database/BaseConnection.php(598): CodeIgniter\Database\BaseConnection->simpleQuery('SELECT COUNT(*)...')
#3 /home/xkynpbah/public_html/vendor/codeigniter4/framework/system/Database/BaseBuilder.php(1527): CodeIgniter\Database\BaseConnection->query('SELECT COUNT(*)...', Array, false)
#4 /home/xkynpbah/public_html/app/Controllers/Telegram.php(165): CodeIgniter\Database\BaseBuilder->countAllResults()
#5 /home/xkynpbah/public_html/app/Controllers/Telegram.php(124): App\Controllers\Telegram->askForResetConfirmation(6719727245, 6719727245, Object(stdClass), 'akashbabu', Object(stdClass))
#6 /home/xkynpbah/public_html/vendor/codeigniter4/framework/system/CodeIgniter.php(824): App\Controllers\Telegram->index()
#7 /home/xkynpbah/public_html/vendor/codeigniter4/framework/system/CodeIgniter.php(410): CodeIgniter\CodeIgniter->runController(Object(App\Controllers\Telegram))
#8 /home/xkynpbah/public_html/vendor/codeigniter4/framework/system/CodeIgniter.php(318): CodeIgniter\CodeIgniter->handleRequest(NULL, Object(Config\Cache), false)
#9 /home/xkynpbah/public_html/index.php(37): CodeIgniter\CodeIgniter->run()
#10 {main}
ERROR - 2026-07-26 14:50:39 --> Telegram controller called
ERROR - 2026-07-26 14:50:39 --> Table 'xkynpbah_titoo.telegram_premium' doesn't exist
CRITICAL - 2026-07-26 14:50:39 --> Table 'xkynpbah_titoo.telegram_premium' doesn't exist
#0 /home/xkynpbah/public_html/vendor/codeigniter4/framework/system/Database/MySQLi/Connection.php(292): mysqli->query('SELECT COUNT(*)...', 0)
#1 /home/xkynpbah/public_html/vendor/codeigniter4/framework/system/Database/BaseConnection.php(670): CodeIgniter\Database\MySQLi\Connection->execute('SELECT COUNT(*)...')
#2 /home/xkynpbah/public_html/vendor/codeigniter4/framework/system/Database/BaseConnection.php(598): CodeIgniter\Database\BaseConnection->simpleQuery('SELECT COUNT(*)...')
#3 /home/xkynpbah/public_html/vendor/codeigniter4/framework/system/Database/BaseBuilder.php(1527): CodeIgniter\Database\BaseConnection->query('SELECT COUNT(*)...', Array, false)
#4 /home/xkynpbah/public_html/app/Controllers/Telegram.php(165): CodeIgniter\Database\BaseBuilder->countAllResults()
#5 /home/xkynpbah/public_html/app/Controllers/Telegram.php(124): App\Controllers\Telegram->askForResetConfirmation(6719727245, 6719727245, Object(stdClass), 'akashbabu', Object(stdClass))
#6 /home/xkynpbah/public_html/vendor/codeigniter4/framework/system/CodeIgniter.php(824): App\Controllers\Telegram->index()
#7 /home/xkynpbah/public_html/vendor/codeigniter4/framework/system/CodeIgniter.php(410): CodeIgniter\CodeIgniter->runController(Object(App\Controllers\Telegram))
#8 /home/xkynpbah/public_html/vendor/codeigniter4/framework/system/CodeIgniter.php(318): CodeIgniter\CodeIgniter->handleRequest(NULL, Object(Config\Cache), false)
#9 /home/xkynpbah/public_html/index.php(37): CodeIgniter\CodeIgniter->run()
#10 {main}
ERROR - 2026-07-26 14:51:47 --> Telegram controller called
ERROR - 2026-07-26 14:51:47 --> Table 'xkynpbah_titoo.telegram_premium' doesn't exist
CRITICAL - 2026-07-26 14:51:47 --> Table 'xkynpbah_titoo.telegram_premium' doesn't exist
#0 /home/xkynpbah/public_html/vendor/codeigniter4/framework/system/Database/MySQLi/Connection.php(292): mysqli->query('SELECT COUNT(*)...', 0)
#1 /home/xkynpbah/public_html/vendor/codeigniter4/framework/system/Database/BaseConnection.php(670): CodeIgniter\Database\MySQLi\Connection->execute('SELECT COUNT(*)...')
#2 /home/xkynpbah/public_html/vendor/codeigniter4/framework/system/Database/BaseConnection.php(598): CodeIgniter\Database\BaseConnection->simpleQuery('SELECT COUNT(*)...')
#3 /home/xkynpbah/public_html/vendor/codeigniter4/framework/system/Database/BaseBuilder.php(1527): CodeIgniter\Database\BaseConnection->query('SELECT COUNT(*)...', Array, false)
#4 /home/xkynpbah/public_html/app/Controllers/Telegram.php(165): CodeIgniter\Database\BaseBuilder->countAllResults()
#5 /home/xkynpbah/public_html/app/Controllers/Telegram.php(124): App\Controllers\Telegram->askForResetConfirmation(6719727245, 6719727245, Object(stdClass), 'akashbabu', Object(stdClass))
#6 /home/xkynpbah/public_html/vendor/codeigniter4/framework/system/CodeIgniter.php(824): App\Controllers\Telegram->index()
#7 /home/xkynpbah/public_html/vendor/codeigniter4/framework/system/CodeIgniter.php(410): CodeIgniter\CodeIgniter->runController(Object(App\Controllers\Telegram))
#8 /home/xkynpbah/public_html/vendor/codeigniter4/framework/system/CodeIgniter.php(318): CodeIgniter\CodeIgniter->handleRequest(NULL, Object(Config\Cache), false)
#9 /home/xkynpbah/public_html/index.php(37): CodeIgniter\CodeIgniter->run()
#10 {main}
ERROR - 2026-07-26 14:53:22 --> Telegram controller called
ERROR - 2026-07-26 14:53:22 --> Table 'xkynpbah_titoo.telegram_premium' doesn't exist
CRITICAL - 2026-07-26 14:53:22 --> Table 'xkynpbah_titoo.telegram_premium' doesn't exist
#0 /home/xkynpbah/public_html/vendor/codeigniter4/framework/system/Database/MySQLi/Connection.php(292): mysqli->query('SELECT COUNT(*)...', 0)
#1 /home/xkynpbah/public_html/vendor/codeigniter4/framework/system/Database/BaseConnection.php(670): CodeIgniter\Database\MySQLi\Connection->execute('SELECT COUNT(*)...')
#2 /home/xkynpbah/public_html/vendor/codeigniter4/framework/system/Database/BaseConnection.php(598): CodeIgniter\Database\BaseConnection->simpleQuery('SELECT COUNT(*)...')
#3 /home/xkynpbah/public_html/vendor/codeigniter4/framework/system/Database/BaseBuilder.php(1527): CodeIgniter\Database\BaseConnection->query('SELECT COUNT(*)...', Array, false)
#4 /home/xkynpbah/public_html/app/Controllers/Telegram.php(165): CodeIgniter\Database\BaseBuilder->countAllResults()
#5 /home/xkynpbah/public_html/app/Controllers/Telegram.php(124): App\Controllers\Telegram->askForResetConfirmation(6719727245, 6719727245, Object(stdClass), 'akashbabu', Object(stdClass))
#6 /home/xkynpbah/public_html/vendor/codeigniter4/framework/system/CodeIgniter.php(824): App\Controllers\Telegram->index()
#7 /home/xkynpbah/public_html/vendor/codeigniter4/framework/system/CodeIgniter.php(410): CodeIgniter\CodeIgniter->runController(Object(App\Controllers\Telegram))
#8 /home/xkynpbah/public_html/vendor/codeigniter4/framework/system/CodeIgniter.php(318): CodeIgniter\CodeIgniter->handleRequest(NULL, Object(Config\Cache), false)
#9 /home/xkynpbah/public_html/index.php(37): CodeIgniter\CodeIgniter->run()
#10 {main}
ERROR - 2026-07-26 14:54:44 --> Telegram controller called
ERROR - 2026-07-26 14:54:44 --> Table 'xkynpbah_titoo.telegram_premium' doesn't exist
CRITICAL - 2026-07-26 14:54:44 --> Table 'xkynpbah_titoo.telegram_premium' doesn't exist
#0 /home/xkynpbah/public_html/vendor/codeigniter4/framework/system/Database/MySQLi/Connection.php(292): mysqli->query('SELECT COUNT(*)...', 0)
#1 /home/xkynpbah/public_html/vendor/codeigniter4/framework/system/Database/BaseConnection.php(670): CodeIgniter\Database\MySQLi\Connection->execute('SELECT COUNT(*)...')
#2 /home/xkynpbah/public_html/vendor/codeigniter4/framework/system/Database/BaseConnection.php(598): CodeIgniter\Database\BaseConnection->simpleQuery('SELECT COUNT(*)...')
#3 /home/xkynpbah/public_html/vendor/codeigniter4/framework/system/Database/BaseBuilder.php(1527): CodeIgniter\Database\BaseConnection->query('SELECT COUNT(*)...', Array, false)
#4 /home/xkynpbah/public_html/app/Controllers/Telegram.php(165): CodeIgniter\Database\BaseBuilder->countAllResults()
#5 /home/xkynpbah/public_html/app/Controllers/Telegram.php(124): App\Controllers\Telegram->askForResetConfirmation(6719727245, 6719727245, Object(stdClass), 'akashbabu', Object(stdClass))
#6 /home/xkynpbah/public_html/vendor/codeigniter4/framework/system/CodeIgniter.php(824): App\Controllers\Telegram->index()
#7 /home/xkynpbah/public_html/vendor/codeigniter4/framework/system/CodeIgniter.php(410): CodeIgniter\CodeIgniter->runController(Object(App\Controllers\Telegram))
#8 /home/xkynpbah/public_html/vendor/codeigniter4/framework/system/CodeIgniter.php(318): CodeIgniter\CodeIgniter->handleRequest(NULL, Object(Config\Cache), false)
#9 /home/xkynpbah/public_html/index.php(37): CodeIgniter\CodeIgniter->run()
#10 {main}
ERROR - 2026-07-26 14:55:57 --> Telegram controller called
ERROR - 2026-07-26 14:55:57 --> Table 'xkynpbah_titoo.telegram_premium' doesn't exist
CRITICAL - 2026-07-26 14:55:57 --> Table 'xkynpbah_titoo.telegram_premium' doesn't exist
#0 /home/xkynpbah/public_html/vendor/codeigniter4/framework/system/Database/MySQLi/Connection.php(292): mysqli->query('SELECT COUNT(*)...', 0)
#1 /home/xkynpbah/public_html/vendor/codeigniter4/framework/system/Database/BaseConnection.php(670): CodeIgniter\Database\MySQLi\Connection->execute('SELECT COUNT(*)...')
#2 /home/xkynpbah/public_html/vendor/codeigniter4/framework/system/Database/BaseConnection.php(598): CodeIgniter\Database\BaseConnection->simpleQuery('SELECT COUNT(*)...')
#3 /home/xkynpbah/public_html/vendor/codeigniter4/framework/system/Database/BaseBuilder.php(1527): CodeIgniter\Database\BaseConnection->query('SELECT COUNT(*)...', Array, false)
#4 /home/xkynpbah/public_html/app/Controllers/Telegram.php(165): CodeIgniter\Database\BaseBuilder->countAllResults()
#5 /home/xkynpbah/public_html/app/Controllers/Telegram.php(124): App\Controllers\Telegram->askForResetConfirmation(6719727245, 6719727245, Object(stdClass), 'akashbabu', Object(stdClass))
#6 /home/xkynpbah/public_html/vendor/codeigniter4/framework/system/CodeIgniter.php(824): App\Controllers\Telegram->index()
#7 /home/xkynpbah/public_html/vendor/codeigniter4/framework/system/CodeIgniter.php(410): CodeIgniter\CodeIgniter->runController(Object(App\Controllers\Telegram))
#8 /home/xkynpbah/public_html/vendor/codeigniter4/framework/system/CodeIgniter.php(318): CodeIgniter\CodeIgniter->handleRequest(NULL, Object(Config\Cache), false)
#9 /home/xkynpbah/public_html/index.php(37): CodeIgniter\CodeIgniter->run()
#10 {main}
ERROR - 2026-07-26 14:57:34 --> Telegram controller called
ERROR - 2026-07-26 14:57:34 --> Table 'xkynpbah_titoo.telegram_premium' doesn't exist
CRITICAL - 2026-07-26 14:57:34 --> Table 'xkynpbah_titoo.telegram_premium' doesn't exist
#0 /home/xkynpbah/public_html/vendor/codeigniter4/framework/system/Database/MySQLi/Connection.php(292): mysqli->query('SELECT COUNT(*)...', 0)
#1 /home/xkynpbah/public_html/vendor/codeigniter4/framework/system/Database/BaseConnection.php(670): CodeIgniter\Database\MySQLi\Connection->execute('SELECT COUNT(*)...')
#2 /home/xkynpbah/public_html/vendor/codeigniter4/framework/system/Database/BaseConnection.php(598): CodeIgniter\Database\BaseConnection->simpleQuery('SELECT COUNT(*)...')
#3 /home/xkynpbah/public_html/vendor/codeigniter4/framework/system/Database/BaseBuilder.php(1527): CodeIgniter\Database\BaseConnection->query('SELECT COUNT(*)...', Array, false)
#4 /home/xkynpbah/public_html/app/Controllers/Telegram.php(165): CodeIgniter\Database\BaseBuilder->countAllResults()
#5 /home/xkynpbah/public_html/app/Controllers/Telegram.php(124): App\Controllers\Telegram->askForResetConfirmation(6719727245, 6719727245, Object(stdClass), 'akashbabu', Object(stdClass))
#6 /home/xkynpbah/public_html/vendor/codeigniter4/framework/system/CodeIgniter.php(824): App\Controllers\Telegram->index()
#7 /home/xkynpbah/public_html/vendor/codeigniter4/framework/system/CodeIgniter.php(410): CodeIgniter\CodeIgniter->runController(Object(App\Controllers\Telegram))
#8 /home/xkynpbah/public_html/vendor/codeigniter4/framework/system/CodeIgniter.php(318): CodeIgniter\CodeIgniter->handleRequest(NULL, Object(Config\Cache), false)
#9 /home/xkynpbah/public_html/index.php(37): CodeIgniter\CodeIgniter->run()
#10 {main}
ERROR - 2026-07-26 14:59:03 --> Telegram controller called
ERROR - 2026-07-26 14:59:03 --> Table 'xkynpbah_titoo.telegram_premium' doesn't exist
CRITICAL - 2026-07-26 14:59:03 --> Table 'xkynpbah_titoo.telegram_premium' doesn't exist
#0 /home/xkynpbah/public_html/vendor/codeigniter4/framework/system/Database/MySQLi/Connection.php(292): mysqli->query('SELECT COUNT(*)...', 0)
#1 /home/xkynpbah/public_html/vendor/codeigniter4/framework/system/Database/BaseConnection.php(670): CodeIgniter\Database\MySQLi\Connection->execute('SELECT COUNT(*)...')
#2 /home/xkynpbah/public_html/vendor/codeigniter4/framework/system/Database/BaseConnection.php(598): CodeIgniter\Database\BaseConnection->simpleQuery('SELECT COUNT(*)...')
#3 /home/xkynpbah/public_html/vendor/codeigniter4/framework/system/Database/BaseBuilder.php(1527): CodeIgniter\Database\BaseConnection->query('SELECT COUNT(*)...', Array, false)
#4 /home/xkynpbah/public_html/app/Controllers/Telegram.php(165): CodeIgniter\Database\BaseBuilder->countAllResults()
#5 /home/xkynpbah/public_html/app/Controllers/Telegram.php(124): App\Controllers\Telegram->askForResetConfirmation(6719727245, 6719727245, Object(stdClass), 'akashbabu', Object(stdClass))
#6 /home/xkynpbah/public_html/vendor/codeigniter4/framework/system/CodeIgniter.php(824): App\Controllers\Telegram->index()
#7 /home/xkynpbah/public_html/vendor/codeigniter4/framework/system/CodeIgniter.php(410): CodeIgniter\CodeIgniter->runController(Object(App\Controllers\Telegram))
#8 /home/xkynpbah/public_html/vendor/codeigniter4/framework/system/CodeIgniter.php(318): CodeIgniter\CodeIgniter->handleRequest(NULL, Object(Config\Cache), false)
#9 /home/xkynpbah/public_html/index.php(37): CodeIgniter\CodeIgniter->run()
#10 {main}
ERROR - 2026-07-26 15:00:17 --> Telegram controller called
ERROR - 2026-07-26 15:00:17 --> Table 'xkynpbah_titoo.telegram_premium' doesn't exist
CRITICAL - 2026-07-26 15:00:17 --> Table 'xkynpbah_titoo.telegram_premium' doesn't exist
#0 /home/xkynpbah/public_html/vendor/codeigniter4/framework/system/Database/MySQLi/Connection.php(292): mysqli->query('SELECT COUNT(*)...', 0)
#1 /home/xkynpbah/public_html/vendor/codeigniter4/framework/system/Database/BaseConnection.php(670): CodeIgniter\Database\MySQLi\Connection->execute('SELECT COUNT(*)...')
#2 /home/xkynpbah/public_html/vendor/codeigniter4/framework/system/Database/BaseConnection.php(598): CodeIgniter\Database\BaseConnection->simpleQuery('SELECT COUNT(*)...')
#3 /home/xkynpbah/public_html/vendor/codeigniter4/framework/system/Database/BaseBuilder.php(1527): CodeIgniter\Database\BaseConnection->query('SELECT COUNT(*)...', Array, false)
#4 /home/xkynpbah/public_html/app/Controllers/Telegram.php(165): CodeIgniter\Database\BaseBuilder->countAllResults()
#5 /home/xkynpbah/public_html/app/Controllers/Telegram.php(124): App\Controllers\Telegram->askForResetConfirmation(6719727245, 6719727245, Object(stdClass), 'akashbabu', Object(stdClass))
#6 /home/xkynpbah/public_html/vendor/codeigniter4/framework/system/CodeIgniter.php(824): App\Controllers\Telegram->index()
#7 /home/xkynpbah/public_html/vendor/codeigniter4/framework/system/CodeIgniter.php(410): CodeIgniter\CodeIgniter->runController(Object(App\Controllers\Telegram))
#8 /home/xkynpbah/public_html/vendor/codeigniter4/framework/system/CodeIgniter.php(318): CodeIgniter\CodeIgniter->handleRequest(NULL, Object(Config\Cache), false)
#9 /home/xkynpbah/public_html/index.php(37): CodeIgniter\CodeIgniter->run()
#10 {main}
ERROR - 2026-07-26 15:01:33 --> Telegram controller called
ERROR - 2026-07-26 15:01:33 --> Table 'xkynpbah_titoo.telegram_premium' doesn't exist
CRITICAL - 2026-07-26 15:01:33 --> Table 'xkynpbah_titoo.telegram_premium' doesn't exist
#0 /home/xkynpbah/public_html/vendor/codeigniter4/framework/system/Database/MySQLi/Connection.php(292): mysqli->query('SELECT COUNT(*)...', 0)
#1 /home/xkynpbah/public_html/vendor/codeigniter4/framework/system/Database/BaseConnection.php(670): CodeIgniter\Database\MySQLi\Connection->execute('SELECT COUNT(*)...')
#2 /home/xkynpbah/public_html/vendor/codeigniter4/framework/system/Database/BaseConnection.php(598): CodeIgniter\Database\BaseConnection->simpleQuery('SELECT COUNT(*)...')
#3 /home/xkynpbah/public_html/vendor/codeigniter4/framework/system/Database/BaseBuilder.php(1527): CodeIgniter\Database\BaseConnection->query('SELECT COUNT(*)...', Array, false)
#4 /home/xkynpbah/public_html/app/Controllers/Telegram.php(165): CodeIgniter\Database\BaseBuilder->countAllResults()
#5 /home/xkynpbah/public_html/app/Controllers/Telegram.php(124): App\Controllers\Telegram->askForResetConfirmation(6719727245, 6719727245, Object(stdClass), 'akashbabu', Object(stdClass))
#6 /home/xkynpbah/public_html/vendor/codeigniter4/framework/system/CodeIgniter.php(824): App\Controllers\Telegram->index()
#7 /home/xkynpbah/public_html/vendor/codeigniter4/framework/system/CodeIgniter.php(410): CodeIgniter\CodeIgniter->runController(Object(App\Controllers\Telegram))
#8 /home/xkynpbah/public_html/vendor/codeigniter4/framework/system/CodeIgniter.php(318): CodeIgniter\CodeIgniter->handleRequest(NULL, Object(Config\Cache), false)
#9 /home/xkynpbah/public_html/index.php(37): CodeIgniter\CodeIgniter->run()
#10 {main}
ERROR - 2026-07-26 15:03:11 --> Telegram controller called
ERROR - 2026-07-26 15:03:11 --> Table 'xkynpbah_titoo.telegram_premium' doesn't exist
CRITICAL - 2026-07-26 15:03:11 --> Table 'xkynpbah_titoo.telegram_premium' doesn't exist
#0 /home/xkynpbah/public_html/vendor/codeigniter4/framework/system/Database/MySQLi/Connection.php(292): mysqli->query('SELECT COUNT(*)...', 0)
#1 /home/xkynpbah/public_html/vendor/codeigniter4/framework/system/Database/BaseConnection.php(670): CodeIgniter\Database\MySQLi\Connection->execute('SELECT COUNT(*)...')
#2 /home/xkynpbah/public_html/vendor/codeigniter4/framework/system/Database/BaseConnection.php(598): CodeIgniter\Database\BaseConnection->simpleQuery('SELECT COUNT(*)...')
#3 /home/xkynpbah/public_html/vendor/codeigniter4/framework/system/Database/BaseBuilder.php(1527): CodeIgniter\Database\BaseConnection->query('SELECT COUNT(*)...', Array, false)
#4 /home/xkynpbah/public_html/app/Controllers/Telegram.php(165): CodeIgniter\Database\BaseBuilder->countAllResults()
#5 /home/xkynpbah/public_html/app/Controllers/Telegram.php(124): App\Controllers\Telegram->askForResetConfirmation(6719727245, 6719727245, Object(stdClass), 'akashbabu', Object(stdClass))
#6 /home/xkynpbah/public_html/vendor/codeigniter4/framework/system/CodeIgniter.php(824): App\Controllers\Telegram->index()
#7 /home/xkynpbah/public_html/vendor/codeigniter4/framework/system/CodeIgniter.php(410): CodeIgniter\CodeIgniter->runController(Object(App\Controllers\Telegram))
#8 /home/xkynpbah/public_html/vendor/codeigniter4/framework/system/CodeIgniter.php(318): CodeIgniter\CodeIgniter->handleRequest(NULL, Object(Config\Cache), false)
#9 /home/xkynpbah/public_html/index.php(37): CodeIgniter\CodeIgniter->run()
#10 {main}
ERROR - 2026-07-26 15:04:23 --> Telegram controller called
ERROR - 2026-07-26 15:04:23 --> Table 'xkynpbah_titoo.telegram_premium' doesn't exist
CRITICAL - 2026-07-26 15:04:23 --> Table 'xkynpbah_titoo.telegram_premium' doesn't exist
#0 /home/xkynpbah/public_html/vendor/codeigniter4/framework/system/Database/MySQLi/Connection.php(292): mysqli->query('SELECT COUNT(*)...', 0)
#1 /home/xkynpbah/public_html/vendor/codeigniter4/framework/system/Database/BaseConnection.php(670): CodeIgniter\Database\MySQLi\Connection->execute('SELECT COUNT(*)...')
#2 /home/xkynpbah/public_html/vendor/codeigniter4/framework/system/Database/BaseConnection.php(598): CodeIgniter\Database\BaseConnection->simpleQuery('SELECT COUNT(*)...')
#3 /home/xkynpbah/public_html/vendor/codeigniter4/framework/system/Database/BaseBuilder.php(1527): CodeIgniter\Database\BaseConnection->query('SELECT COUNT(*)...', Array, false)
#4 /home/xkynpbah/public_html/app/Controllers/Telegram.php(165): CodeIgniter\Database\BaseBuilder->countAllResults()
#5 /home/xkynpbah/public_html/app/Controllers/Telegram.php(124): App\Controllers\Telegram->askForResetConfirmation(6719727245, 6719727245, Object(stdClass), 'akashbabu', Object(stdClass))
#6 /home/xkynpbah/public_html/vendor/codeigniter4/framework/system/CodeIgniter.php(824): App\Controllers\Telegram->index()
#7 /home/xkynpbah/public_html/vendor/codeigniter4/framework/system/CodeIgniter.php(410): CodeIgniter\CodeIgniter->runController(Object(App\Controllers\Telegram))
#8 /home/xkynpbah/public_html/vendor/codeigniter4/framework/system/CodeIgniter.php(318): CodeIgniter\CodeIgniter->handleRequest(NULL, Object(Config\Cache), false)
#9 /home/xkynpbah/public_html/index.php(37): CodeIgniter\CodeIgniter->run()
#10 {main}
ERROR - 2026-07-26 15:05:27 --> Telegram controller called
ERROR - 2026-07-26 15:05:27 --> Table 'xkynpbah_titoo.telegram_premium' doesn't exist
CRITICAL - 2026-07-26 15:05:27 --> Table 'xkynpbah_titoo.telegram_premium' doesn't exist
#0 /home/xkynpbah/public_html/vendor/codeigniter4/framework/system/Database/MySQLi/Connection.php(292): mysqli->query('SELECT COUNT(*)...', 0)
#1 /home/xkynpbah/public_html/vendor/codeigniter4/framework/system/Database/BaseConnection.php(670): CodeIgniter\Database\MySQLi\Connection->execute('SELECT COUNT(*)...')
#2 /home/xkynpbah/public_html/vendor/codeigniter4/framework/system/Database/BaseConnection.php(598): CodeIgniter\Database\BaseConnection->simpleQuery('SELECT COUNT(*)...')
#3 /home/xkynpbah/public_html/vendor/codeigniter4/framework/system/Database/BaseBuilder.php(1527): CodeIgniter\Database\BaseConnection->query('SELECT COUNT(*)...', Array, false)
#4 /home/xkynpbah/public_html/app/Controllers/Telegram.php(165): CodeIgniter\Database\BaseBuilder->countAllResults()
#5 /home/xkynpbah/public_html/app/Controllers/Telegram.php(124): App\Controllers\Telegram->askForResetConfirmation(6719727245, 6719727245, Object(stdClass), 'akashbabu', Object(stdClass))
#6 /home/xkynpbah/public_html/vendor/codeigniter4/framework/system/CodeIgniter.php(824): App\Controllers\Telegram->index()
#7 /home/xkynpbah/public_html/vendor/codeigniter4/framework/system/CodeIgniter.php(410): CodeIgniter\CodeIgniter->runController(Object(App\Controllers\Telegram))
#8 /home/xkynpbah/public_html/vendor/codeigniter4/framework/system/CodeIgniter.php(318): CodeIgniter\CodeIgniter->handleRequest(NULL, Object(Config\Cache), false)
#9 /home/xkynpbah/public_html/index.php(37): CodeIgniter\CodeIgniter->run()
#10 {main}
ERROR - 2026-07-26 15:07:06 --> Telegram controller called
ERROR - 2026-07-26 15:07:06 --> Table 'xkynpbah_titoo.telegram_premium' doesn't exist
CRITICAL - 2026-07-26 15:07:06 --> Table 'xkynpbah_titoo.telegram_premium' doesn't exist
#0 /home/xkynpbah/public_html/vendor/codeigniter4/framework/system/Database/MySQLi/Connection.php(292): mysqli->query('SELECT COUNT(*)...', 0)
#1 /home/xkynpbah/public_html/vendor/codeigniter4/framework/system/Database/BaseConnection.php(670): CodeIgniter\Database\MySQLi\Connection->execute('SELECT COUNT(*)...')
#2 /home/xkynpbah/public_html/vendor/codeigniter4/framework/system/Database/BaseConnection.php(598): CodeIgniter\Database\BaseConnection->simpleQuery('SELECT COUNT(*)...')
#3 /home/xkynpbah/public_html/vendor/codeigniter4/framework/system/Database/BaseBuilder.php(1527): CodeIgniter\Database\BaseConnection->query('SELECT COUNT(*)...', Array, false)
#4 /home/xkynpbah/public_html/app/Controllers/Telegram.php(165): CodeIgniter\Database\BaseBuilder->countAllResults()
#5 /home/xkynpbah/public_html/app/Controllers/Telegram.php(124): App\Controllers\Telegram->askForResetConfirmation(6719727245, 6719727245, Object(stdClass), 'akashbabu', Object(stdClass))
#6 /home/xkynpbah/public_html/vendor/codeigniter4/framework/system/CodeIgniter.php(824): App\Controllers\Telegram->index()
#7 /home/xkynpbah/public_html/vendor/codeigniter4/framework/system/CodeIgniter.php(410): CodeIgniter\CodeIgniter->runController(Object(App\Controllers\Telegram))
#8 /home/xkynpbah/public_html/vendor/codeigniter4/framework/system/CodeIgniter.php(318): CodeIgniter\CodeIgniter->handleRequest(NULL, Object(Config\Cache), false)
#9 /home/xkynpbah/public_html/index.php(37): CodeIgniter\CodeIgniter->run()
#10 {main}
ERROR - 2026-07-26 15:08:50 --> Telegram controller called
ERROR - 2026-07-26 15:08:50 --> Table 'xkynpbah_titoo.telegram_premium' doesn't exist
CRITICAL - 2026-07-26 15:08:50 --> Table 'xkynpbah_titoo.telegram_premium' doesn't exist
#0 /home/xkynpbah/public_html/vendor/codeigniter4/framework/system/Database/MySQLi/Connection.php(292): mysqli->query('SELECT COUNT(*)...', 0)
#1 /home/xkynpbah/public_html/vendor/codeigniter4/framework/system/Database/BaseConnection.php(670): CodeIgniter\Database\MySQLi\Connection->execute('SELECT COUNT(*)...')
#2 /home/xkynpbah/public_html/vendor/codeigniter4/framework/system/Database/BaseConnection.php(598): CodeIgniter\Database\BaseConnection->simpleQuery('SELECT COUNT(*)...')
#3 /home/xkynpbah/public_html/vendor/codeigniter4/framework/system/Database/BaseBuilder.php(1527): CodeIgniter\Database\BaseConnection->query('SELECT COUNT(*)...', Array, false)
#4 /home/xkynpbah/public_html/app/Controllers/Telegram.php(165): CodeIgniter\Database\BaseBuilder->countAllResults()
#5 /home/xkynpbah/public_html/app/Controllers/Telegram.php(124): App\Controllers\Telegram->askForResetConfirmation(6719727245, 6719727245, Object(stdClass), 'akashbabu', Object(stdClass))
#6 /home/xkynpbah/public_html/vendor/codeigniter4/framework/system/CodeIgniter.php(824): App\Controllers\Telegram->index()
#7 /home/xkynpbah/public_html/vendor/codeigniter4/framework/system/CodeIgniter.php(410): CodeIgniter\CodeIgniter->runController(Object(App\Controllers\Telegram))
#8 /home/xkynpbah/public_html/vendor/codeigniter4/framework/system/CodeIgniter.php(318): CodeIgniter\CodeIgniter->handleRequest(NULL, Object(Config\Cache), false)
#9 /home/xkynpbah/public_html/index.php(37): CodeIgniter\CodeIgniter->run()
#10 {main}
ERROR - 2026-07-26 15:10:11 --> Telegram controller called
ERROR - 2026-07-26 15:10:11 --> Table 'xkynpbah_titoo.telegram_premium' doesn't exist
CRITICAL - 2026-07-26 15:10:11 --> Table 'xkynpbah_titoo.telegram_premium' doesn't exist
#0 /home/xkynpbah/public_html/vendor/codeigniter4/framework/system/Database/MySQLi/Connection.php(292): mysqli->query('SELECT COUNT(*)...', 0)
#1 /home/xkynpbah/public_html/vendor/codeigniter4/framework/system/Database/BaseConnection.php(670): CodeIgniter\Database\MySQLi\Connection->execute('SELECT COUNT(*)...')
#2 /home/xkynpbah/public_html/vendor/codeigniter4/framework/system/Database/BaseConnection.php(598): CodeIgniter\Database\BaseConnection->simpleQuery('SELECT COUNT(*)...')
#3 /home/xkynpbah/public_html/vendor/codeigniter4/framework/system/Database/BaseBuilder.php(1527): CodeIgniter\Database\BaseConnection->query('SELECT COUNT(*)...', Array, false)
#4 /home/xkynpbah/public_html/app/Controllers/Telegram.php(165): CodeIgniter\Database\BaseBuilder->countAllResults()
#5 /home/xkynpbah/public_html/app/Controllers/Telegram.php(124): App\Controllers\Telegram->askForResetConfirmation(6719727245, 6719727245, Object(stdClass), 'akashbabu', Object(stdClass))
#6 /home/xkynpbah/public_html/vendor/codeigniter4/framework/system/CodeIgniter.php(824): App\Controllers\Telegram->index()
#7 /home/xkynpbah/public_html/vendor/codeigniter4/framework/system/CodeIgniter.php(410): CodeIgniter\CodeIgniter->runController(Object(App\Controllers\Telegram))
#8 /home/xkynpbah/public_html/vendor/codeigniter4/framework/system/CodeIgniter.php(318): CodeIgniter\CodeIgniter->handleRequest(NULL, Object(Config\Cache), false)
#9 /home/xkynpbah/public_html/index.php(37): CodeIgniter\CodeIgniter->run()
#10 {main}
ERROR - 2026-07-26 15:12:00 --> Telegram controller called
ERROR - 2026-07-26 15:12:00 --> Table 'xkynpbah_titoo.telegram_premium' doesn't exist
CRITICAL - 2026-07-26 15:12:00 --> Table 'xkynpbah_titoo.telegram_premium' doesn't exist
#0 /home/xkynpbah/public_html/vendor/codeigniter4/framework/system/Database/MySQLi/Connection.php(292): mysqli->query('SELECT COUNT(*)...', 0)
#1 /home/xkynpbah/public_html/vendor/codeigniter4/framework/system/Database/BaseConnection.php(670): CodeIgniter\Database\MySQLi\Connection->execute('SELECT COUNT(*)...')
#2 /home/xkynpbah/public_html/vendor/codeigniter4/framework/system/Database/BaseConnection.php(598): CodeIgniter\Database\BaseConnection->simpleQuery('SELECT COUNT(*)...')
#3 /home/xkynpbah/public_html/vendor/codeigniter4/framework/system/Database/BaseBuilder.php(1527): CodeIgniter\Database\BaseConnection->query('SELECT COUNT(*)...', Array, false)
#4 /home/xkynpbah/public_html/app/Controllers/Telegram.php(165): CodeIgniter\Database\BaseBuilder->countAllResults()
#5 /home/xkynpbah/public_html/app/Controllers/Telegram.php(124): App\Controllers\Telegram->askForResetConfirmation(6719727245, 6719727245, Object(stdClass), 'akashbabu', Object(stdClass))
#6 /home/xkynpbah/public_html/vendor/codeigniter4/framework/system/CodeIgniter.php(824): App\Controllers\Telegram->index()
#7 /home/xkynpbah/public_html/vendor/codeigniter4/framework/system/CodeIgniter.php(410): CodeIgniter\CodeIgniter->runController(Object(App\Controllers\Telegram))
#8 /home/xkynpbah/public_html/vendor/codeigniter4/framework/system/CodeIgniter.php(318): CodeIgniter\CodeIgniter->handleRequest(NULL, Object(Config\Cache), false)
#9 /home/xkynpbah/public_html/index.php(37): CodeIgniter\CodeIgniter->run()
#10 {main}
ERROR - 2026-07-26 15:13:10 --> Telegram controller called
ERROR - 2026-07-26 15:13:10 --> Table 'xkynpbah_titoo.telegram_premium' doesn't exist
CRITICAL - 2026-07-26 15:13:10 --> Table 'xkynpbah_titoo.telegram_premium' doesn't exist
#0 /home/xkynpbah/public_html/vendor/codeigniter4/framework/system/Database/MySQLi/Connection.php(292): mysqli->query('SELECT COUNT(*)...', 0)
#1 /home/xkynpbah/public_html/vendor/codeigniter4/framework/system/Database/BaseConnection.php(670): CodeIgniter\Database\MySQLi\Connection->execute('SELECT COUNT(*)...')
#2 /home/xkynpbah/public_html/vendor/codeigniter4/framework/system/Database/BaseConnection.php(598): CodeIgniter\Database\BaseConnection->simpleQuery('SELECT COUNT(*)...')
#3 /home/xkynpbah/public_html/vendor/codeigniter4/framework/system/Database/BaseBuilder.php(1527): CodeIgniter\Database\BaseConnection->query('SELECT COUNT(*)...', Array, false)
#4 /home/xkynpbah/public_html/app/Controllers/Telegram.php(165): CodeIgniter\Database\BaseBuilder->countAllResults()
#5 /home/xkynpbah/public_html/app/Controllers/Telegram.php(124): App\Controllers\Telegram->askForResetConfirmation(6719727245, 6719727245, Object(stdClass), 'akashbabu', Object(stdClass))
#6 /home/xkynpbah/public_html/vendor/codeigniter4/framework/system/CodeIgniter.php(824): App\Controllers\Telegram->index()
#7 /home/xkynpbah/public_html/vendor/codeigniter4/framework/system/CodeIgniter.php(410): CodeIgniter\CodeIgniter->runController(Object(App\Controllers\Telegram))
#8 /home/xkynpbah/public_html/vendor/codeigniter4/framework/system/CodeIgniter.php(318): CodeIgniter\CodeIgniter->handleRequest(NULL, Object(Config\Cache), false)
#9 /home/xkynpbah/public_html/index.php(37): CodeIgniter\CodeIgniter->run()
#10 {main}
ERROR - 2026-07-26 15:15:05 --> Telegram controller called
ERROR - 2026-07-26 15:15:05 --> Table 'xkynpbah_titoo.telegram_premium' doesn't exist
CRITICAL - 2026-07-26 15:15:05 --> Table 'xkynpbah_titoo.telegram_premium' doesn't exist
#0 /home/xkynpbah/public_html/vendor/codeigniter4/framework/system/Database/MySQLi/Connection.php(292): mysqli->query('SELECT COUNT(*)...', 0)
#1 /home/xkynpbah/public_html/vendor/codeigniter4/framework/system/Database/BaseConnection.php(670): CodeIgniter\Database\MySQLi\Connection->execute('SELECT COUNT(*)...')
#2 /home/xkynpbah/public_html/vendor/codeigniter4/framework/system/Database/BaseConnection.php(598): CodeIgniter\Database\BaseConnection->simpleQuery('SELECT COUNT(*)...')
#3 /home/xkynpbah/public_html/vendor/codeigniter4/framework/system/Database/BaseBuilder.php(1527): CodeIgniter\Database\BaseConnection->query('SELECT COUNT(*)...', Array, false)
#4 /home/xkynpbah/public_html/app/Controllers/Telegram.php(165): CodeIgniter\Database\BaseBuilder->countAllResults()
#5 /home/xkynpbah/public_html/app/Controllers/Telegram.php(124): App\Controllers\Telegram->askForResetConfirmation(6719727245, 6719727245, Object(stdClass), 'akashbabu', Object(stdClass))
#6 /home/xkynpbah/public_html/vendor/codeigniter4/framework/system/CodeIgniter.php(824): App\Controllers\Telegram->index()
#7 /home/xkynpbah/public_html/vendor/codeigniter4/framework/system/CodeIgniter.php(410): CodeIgniter\CodeIgniter->runController(Object(App\Controllers\Telegram))
#8 /home/xkynpbah/public_html/vendor/codeigniter4/framework/system/CodeIgniter.php(318): CodeIgniter\CodeIgniter->handleRequest(NULL, Object(Config\Cache), false)
#9 /home/xkynpbah/public_html/index.php(37): CodeIgniter\CodeIgniter->run()
#10 {main}
ERROR - 2026-07-26 15:16:38 --> Telegram controller called
ERROR - 2026-07-26 15:16:38 --> Table 'xkynpbah_titoo.telegram_premium' doesn't exist
CRITICAL - 2026-07-26 15:16:38 --> Table 'xkynpbah_titoo.telegram_premium' doesn't exist
#0 /home/xkynpbah/public_html/vendor/codeigniter4/framework/system/Database/MySQLi/Connection.php(292): mysqli->query('SELECT COUNT(*)...', 0)
#1 /home/xkynpbah/public_html/vendor/codeigniter4/framework/system/Database/BaseConnection.php(670): CodeIgniter\Database\MySQLi\Connection->execute('SELECT COUNT(*)...')
#2 /home/xkynpbah/public_html/vendor/codeigniter4/framework/system/Database/BaseConnection.php(598): CodeIgniter\Database\BaseConnection->simpleQuery('SELECT COUNT(*)...')
#3 /home/xkynpbah/public_html/vendor/codeigniter4/framework/system/Database/BaseBuilder.php(1527): CodeIgniter\Database\BaseConnection->query('SELECT COUNT(*)...', Array, false)
#4 /home/xkynpbah/public_html/app/Controllers/Telegram.php(165): CodeIgniter\Database\BaseBuilder->countAllResults()
#5 /home/xkynpbah/public_html/app/Controllers/Telegram.php(124): App\Controllers\Telegram->askForResetConfirmation(6719727245, 6719727245, Object(stdClass), 'akashbabu', Object(stdClass))
#6 /home/xkynpbah/public_html/vendor/codeigniter4/framework/system/CodeIgniter.php(824): App\Controllers\Telegram->index()
#7 /home/xkynpbah/public_html/vendor/codeigniter4/framework/system/CodeIgniter.php(410): CodeIgniter\CodeIgniter->runController(Object(App\Controllers\Telegram))
#8 /home/xkynpbah/public_html/vendor/codeigniter4/framework/system/CodeIgniter.php(318): CodeIgniter\CodeIgniter->handleRequest(NULL, Object(Config\Cache), false)
#9 /home/xkynpbah/public_html/index.php(37): CodeIgniter\CodeIgniter->run()
#10 {main}
ERROR - 2026-07-26 15:18:25 --> Telegram controller called
ERROR - 2026-07-26 15:18:25 --> Table 'xkynpbah_titoo.telegram_premium' doesn't exist
CRITICAL - 2026-07-26 15:18:25 --> Table 'xkynpbah_titoo.telegram_premium' doesn't exist
#0 /home/xkynpbah/public_html/vendor/codeigniter4/framework/system/Database/MySQLi/Connection.php(292): mysqli->query('SELECT COUNT(*)...', 0)
#1 /home/xkynpbah/public_html/vendor/codeigniter4/framework/system/Database/BaseConnection.php(670): CodeIgniter\Database\MySQLi\Connection->execute('SELECT COUNT(*)...')
#2 /home/xkynpbah/public_html/vendor/codeigniter4/framework/system/Database/BaseConnection.php(598): CodeIgniter\Database\BaseConnection->simpleQuery('SELECT COUNT(*)...')
#3 /home/xkynpbah/public_html/vendor/codeigniter4/framework/system/Database/BaseBuilder.php(1527): CodeIgniter\Database\BaseConnection->query('SELECT COUNT(*)...', Array, false)
#4 /home/xkynpbah/public_html/app/Controllers/Telegram.php(165): CodeIgniter\Database\BaseBuilder->countAllResults()
#5 /home/xkynpbah/public_html/app/Controllers/Telegram.php(124): App\Controllers\Telegram->askForResetConfirmation(6719727245, 6719727245, Object(stdClass), 'akashbabu', Object(stdClass))
#6 /home/xkynpbah/public_html/vendor/codeigniter4/framework/system/CodeIgniter.php(824): App\Controllers\Telegram->index()
#7 /home/xkynpbah/public_html/vendor/codeigniter4/framework/system/CodeIgniter.php(410): CodeIgniter\CodeIgniter->runController(Object(App\Controllers\Telegram))
#8 /home/xkynpbah/public_html/vendor/codeigniter4/framework/system/CodeIgniter.php(318): CodeIgniter\CodeIgniter->handleRequest(NULL, Object(Config\Cache), false)
#9 /home/xkynpbah/public_html/index.php(37): CodeIgniter\CodeIgniter->run()
#10 {main}
ERROR - 2026-07-26 15:19:34 --> Telegram controller called
ERROR - 2026-07-26 15:19:34 --> Table 'xkynpbah_titoo.telegram_premium' doesn't exist
CRITICAL - 2026-07-26 15:19:34 --> Table 'xkynpbah_titoo.telegram_premium' doesn't exist
#0 /home/xkynpbah/public_html/vendor/codeigniter4/framework/system/Database/MySQLi/Connection.php(292): mysqli->query('SELECT COUNT(*)...', 0)
#1 /home/xkynpbah/public_html/vendor/codeigniter4/framework/system/Database/BaseConnection.php(670): CodeIgniter\Database\MySQLi\Connection->execute('SELECT COUNT(*)...')
#2 /home/xkynpbah/public_html/vendor/codeigniter4/framework/system/Database/BaseConnection.php(598): CodeIgniter\Database\BaseConnection->simpleQuery('SELECT COUNT(*)...')
#3 /home/xkynpbah/public_html/vendor/codeigniter4/framework/system/Database/BaseBuilder.php(1527): CodeIgniter\Database\BaseConnection->query('SELECT COUNT(*)...', Array, false)
#4 /home/xkynpbah/public_html/app/Controllers/Telegram.php(165): CodeIgniter\Database\BaseBuilder->countAllResults()
#5 /home/xkynpbah/public_html/app/Controllers/Telegram.php(124): App\Controllers\Telegram->askForResetConfirmation(6719727245, 6719727245, Object(stdClass), 'akashbabu', Object(stdClass))
#6 /home/xkynpbah/public_html/vendor/codeigniter4/framework/system/CodeIgniter.php(824): App\Controllers\Telegram->index()
#7 /home/xkynpbah/public_html/vendor/codeigniter4/framework/system/CodeIgniter.php(410): CodeIgniter\CodeIgniter->runController(Object(App\Controllers\Telegram))
#8 /home/xkynpbah/public_html/vendor/codeigniter4/framework/system/CodeIgniter.php(318): CodeIgniter\CodeIgniter->handleRequest(NULL, Object(Config\Cache), false)
#9 /home/xkynpbah/public_html/index.php(37): CodeIgniter\CodeIgniter->run()
#10 {main}
ERROR - 2026-07-26 15:21:21 --> Telegram controller called
ERROR - 2026-07-26 15:21:21 --> Table 'xkynpbah_titoo.telegram_premium' doesn't exist
CRITICAL - 2026-07-26 15:21:21 --> Table 'xkynpbah_titoo.telegram_premium' doesn't exist
#0 /home/xkynpbah/public_html/vendor/codeigniter4/framework/system/Database/MySQLi/Connection.php(292): mysqli->query('SELECT COUNT(*)...', 0)
#1 /home/xkynpbah/public_html/vendor/codeigniter4/framework/system/Database/BaseConnection.php(670): CodeIgniter\Database\MySQLi\Connection->execute('SELECT COUNT(*)...')
#2 /home/xkynpbah/public_html/vendor/codeigniter4/framework/system/Database/BaseConnection.php(598): CodeIgniter\Database\BaseConnection->simpleQuery('SELECT COUNT(*)...')
#3 /home/xkynpbah/public_html/vendor/codeigniter4/framework/system/Database/BaseBuilder.php(1527): CodeIgniter\Database\BaseConnection->query('SELECT COUNT(*)...', Array, false)
#4 /home/xkynpbah/public_html/app/Controllers/Telegram.php(165): CodeIgniter\Database\BaseBuilder->countAllResults()
#5 /home/xkynpbah/public_html/app/Controllers/Telegram.php(124): App\Controllers\Telegram->askForResetConfirmation(6719727245, 6719727245, Object(stdClass), 'akashbabu', Object(stdClass))
#6 /home/xkynpbah/public_html/vendor/codeigniter4/framework/system/CodeIgniter.php(824): App\Controllers\Telegram->index()
#7 /home/xkynpbah/public_html/vendor/codeigniter4/framework/system/CodeIgniter.php(410): CodeIgniter\CodeIgniter->runController(Object(App\Controllers\Telegram))
#8 /home/xkynpbah/public_html/vendor/codeigniter4/framework/system/CodeIgniter.php(318): CodeIgniter\CodeIgniter->handleRequest(NULL, Object(Config\Cache), false)
#9 /home/xkynpbah/public_html/index.php(37): CodeIgniter\CodeIgniter->run()
#10 {main}
ERROR - 2026-07-26 15:22:55 --> Telegram controller called
ERROR - 2026-07-26 15:22:55 --> Table 'xkynpbah_titoo.telegram_premium' doesn't exist
CRITICAL - 2026-07-26 15:22:55 --> Table 'xkynpbah_titoo.telegram_premium' doesn't exist
#0 /home/xkynpbah/public_html/vendor/codeigniter4/framework/system/Database/MySQLi/Connection.php(292): mysqli->query('SELECT COUNT(*)...', 0)
#1 /home/xkynpbah/public_html/vendor/codeigniter4/framework/system/Database/BaseConnection.php(670): CodeIgniter\Database\MySQLi\Connection->execute('SELECT COUNT(*)...')
#2 /home/xkynpbah/public_html/vendor/codeigniter4/framework/system/Database/BaseConnection.php(598): CodeIgniter\Database\BaseConnection->simpleQuery('SELECT COUNT(*)...')
#3 /home/xkynpbah/public_html/vendor/codeigniter4/framework/system/Database/BaseBuilder.php(1527): CodeIgniter\Database\BaseConnection->query('SELECT COUNT(*)...', Array, false)
#4 /home/xkynpbah/public_html/app/Controllers/Telegram.php(165): CodeIgniter\Database\BaseBuilder->countAllResults()
#5 /home/xkynpbah/public_html/app/Controllers/Telegram.php(124): App\Controllers\Telegram->askForResetConfirmation(6719727245, 6719727245, Object(stdClass), 'akashbabu', Object(stdClass))
#6 /home/xkynpbah/public_html/vendor/codeigniter4/framework/system/CodeIgniter.php(824): App\Controllers\Telegram->index()
#7 /home/xkynpbah/public_html/vendor/codeigniter4/framework/system/CodeIgniter.php(410): CodeIgniter\CodeIgniter->runController(Object(App\Controllers\Telegram))
#8 /home/xkynpbah/public_html/vendor/codeigniter4/framework/system/CodeIgniter.php(318): CodeIgniter\CodeIgniter->handleRequest(NULL, Object(Config\Cache), false)
#9 /home/xkynpbah/public_html/index.php(37): CodeIgniter\CodeIgniter->run()
#10 {main}
ERROR - 2026-07-26 15:24:05 --> Telegram controller called
ERROR - 2026-07-26 15:24:05 --> Table 'xkynpbah_titoo.telegram_premium' doesn't exist
CRITICAL - 2026-07-26 15:24:05 --> Table 'xkynpbah_titoo.telegram_premium' doesn't exist
#0 /home/xkynpbah/public_html/vendor/codeigniter4/framework/system/Database/MySQLi/Connection.php(292): mysqli->query('SELECT COUNT(*)...', 0)
#1 /home/xkynpbah/public_html/vendor/codeigniter4/framework/system/Database/BaseConnection.php(670): CodeIgniter\Database\MySQLi\Connection->execute('SELECT COUNT(*)...')
#2 /home/xkynpbah/public_html/vendor/codeigniter4/framework/system/Database/BaseConnection.php(598): CodeIgniter\Database\BaseConnection->simpleQuery('SELECT COUNT(*)...')
#3 /home/xkynpbah/public_html/vendor/codeigniter4/framework/system/Database/BaseBuilder.php(1527): CodeIgniter\Database\BaseConnection->query('SELECT COUNT(*)...', Array, false)
#4 /home/xkynpbah/public_html/app/Controllers/Telegram.php(165): CodeIgniter\Database\BaseBuilder->countAllResults()
#5 /home/xkynpbah/public_html/app/Controllers/Telegram.php(124): App\Controllers\Telegram->askForResetConfirmation(6719727245, 6719727245, Object(stdClass), 'akashbabu', Object(stdClass))
#6 /home/xkynpbah/public_html/vendor/codeigniter4/framework/system/CodeIgniter.php(824): App\Controllers\Telegram->index()
#7 /home/xkynpbah/public_html/vendor/codeigniter4/framework/system/CodeIgniter.php(410): CodeIgniter\CodeIgniter->runController(Object(App\Controllers\Telegram))
#8 /home/xkynpbah/public_html/vendor/codeigniter4/framework/system/CodeIgniter.php(318): CodeIgniter\CodeIgniter->handleRequest(NULL, Object(Config\Cache), false)
#9 /home/xkynpbah/public_html/index.php(37): CodeIgniter\CodeIgniter->run()
#10 {main}
ERROR - 2026-07-26 15:25:54 --> Telegram controller called
ERROR - 2026-07-26 15:25:54 --> Table 'xkynpbah_titoo.telegram_premium' doesn't exist
CRITICAL - 2026-07-26 15:25:54 --> Table 'xkynpbah_titoo.telegram_premium' doesn't exist
#0 /home/xkynpbah/public_html/vendor/codeigniter4/framework/system/Database/MySQLi/Connection.php(292): mysqli->query('SELECT COUNT(*)...', 0)
#1 /home/xkynpbah/public_html/vendor/codeigniter4/framework/system/Database/BaseConnection.php(670): CodeIgniter\Database\MySQLi\Connection->execute('SELECT COUNT(*)...')
#2 /home/xkynpbah/public_html/vendor/codeigniter4/framework/system/Database/BaseConnection.php(598): CodeIgniter\Database\BaseConnection->simpleQuery('SELECT COUNT(*)...')
#3 /home/xkynpbah/public_html/vendor/codeigniter4/framework/system/Database/BaseBuilder.php(1527): CodeIgniter\Database\BaseConnection->query('SELECT COUNT(*)...', Array, false)
#4 /home/xkynpbah/public_html/app/Controllers/Telegram.php(165): CodeIgniter\Database\BaseBuilder->countAllResults()
#5 /home/xkynpbah/public_html/app/Controllers/Telegram.php(124): App\Controllers\Telegram->askForResetConfirmation(6719727245, 6719727245, Object(stdClass), 'akashbabu', Object(stdClass))
#6 /home/xkynpbah/public_html/vendor/codeigniter4/framework/system/CodeIgniter.php(824): App\Controllers\Telegram->index()
#7 /home/xkynpbah/public_html/vendor/codeigniter4/framework/system/CodeIgniter.php(410): CodeIgniter\CodeIgniter->runController(Object(App\Controllers\Telegram))
#8 /home/xkynpbah/public_html/vendor/codeigniter4/framework/system/CodeIgniter.php(318): CodeIgniter\CodeIgniter->handleRequest(NULL, Object(Config\Cache), false)
#9 /home/xkynpbah/public_html/index.php(37): CodeIgniter\CodeIgniter->run()
#10 {main}
ERROR - 2026-07-26 15:27:11 --> Telegram controller called
ERROR - 2026-07-26 15:27:11 --> Table 'xkynpbah_titoo.telegram_premium' doesn't exist
CRITICAL - 2026-07-26 15:27:11 --> Table 'xkynpbah_titoo.telegram_premium' doesn't exist
#0 /home/xkynpbah/public_html/vendor/codeigniter4/framework/system/Database/MySQLi/Connection.php(292): mysqli->query('SELECT COUNT(*)...', 0)
#1 /home/xkynpbah/public_html/vendor/codeigniter4/framework/system/Database/BaseConnection.php(670): CodeIgniter\Database\MySQLi\Connection->execute('SELECT COUNT(*)...')
#2 /home/xkynpbah/public_html/vendor/codeigniter4/framework/system/Database/BaseConnection.php(598): CodeIgniter\Database\BaseConnection->simpleQuery('SELECT COUNT(*)...')
#3 /home/xkynpbah/public_html/vendor/codeigniter4/framework/system/Database/BaseBuilder.php(1527): CodeIgniter\Database\BaseConnection->query('SELECT COUNT(*)...', Array, false)
#4 /home/xkynpbah/public_html/app/Controllers/Telegram.php(165): CodeIgniter\Database\BaseBuilder->countAllResults()
#5 /home/xkynpbah/public_html/app/Controllers/Telegram.php(124): App\Controllers\Telegram->askForResetConfirmation(6719727245, 6719727245, Object(stdClass), 'akashbabu', Object(stdClass))
#6 /home/xkynpbah/public_html/vendor/codeigniter4/framework/system/CodeIgniter.php(824): App\Controllers\Telegram->index()
#7 /home/xkynpbah/public_html/vendor/codeigniter4/framework/system/CodeIgniter.php(410): CodeIgniter\CodeIgniter->runController(Object(App\Controllers\Telegram))
#8 /home/xkynpbah/public_html/vendor/codeigniter4/framework/system/CodeIgniter.php(318): CodeIgniter\CodeIgniter->handleRequest(NULL, Object(Config\Cache), false)
#9 /home/xkynpbah/public_html/index.php(37): CodeIgniter\CodeIgniter->run()
#10 {main}
ERROR - 2026-07-26 15:28:57 --> Telegram controller called
ERROR - 2026-07-26 15:28:57 --> Table 'xkynpbah_titoo.telegram_premium' doesn't exist
CRITICAL - 2026-07-26 15:28:57 --> Table 'xkynpbah_titoo.telegram_premium' doesn't exist
#0 /home/xkynpbah/public_html/vendor/codeigniter4/framework/system/Database/MySQLi/Connection.php(292): mysqli->query('SELECT COUNT(*)...', 0)
#1 /home/xkynpbah/public_html/vendor/codeigniter4/framework/system/Database/BaseConnection.php(670): CodeIgniter\Database\MySQLi\Connection->execute('SELECT COUNT(*)...')
#2 /home/xkynpbah/public_html/vendor/codeigniter4/framework/system/Database/BaseConnection.php(598): CodeIgniter\Database\BaseConnection->simpleQuery('SELECT COUNT(*)...')
#3 /home/xkynpbah/public_html/vendor/codeigniter4/framework/system/Database/BaseBuilder.php(1527): CodeIgniter\Database\BaseConnection->query('SELECT COUNT(*)...', Array, false)
#4 /home/xkynpbah/public_html/app/Controllers/Telegram.php(165): CodeIgniter\Database\BaseBuilder->countAllResults()
#5 /home/xkynpbah/public_html/app/Controllers/Telegram.php(124): App\Controllers\Telegram->askForResetConfirmation(6719727245, 6719727245, Object(stdClass), 'akashbabu', Object(stdClass))
#6 /home/xkynpbah/public_html/vendor/codeigniter4/framework/system/CodeIgniter.php(824): App\Controllers\Telegram->index()
#7 /home/xkynpbah/public_html/vendor/codeigniter4/framework/system/CodeIgniter.php(410): CodeIgniter\CodeIgniter->runController(Object(App\Controllers\Telegram))
#8 /home/xkynpbah/public_html/vendor/codeigniter4/framework/system/CodeIgniter.php(318): CodeIgniter\CodeIgniter->handleRequest(NULL, Object(Config\Cache), false)
#9 /home/xkynpbah/public_html/index.php(37): CodeIgniter\CodeIgniter->run()
#10 {main}
ERROR - 2026-07-26 15:30:08 --> Telegram controller called
ERROR - 2026-07-26 15:30:09 --> Table 'xkynpbah_titoo.telegram_premium' doesn't exist
CRITICAL - 2026-07-26 15:30:09 --> Table 'xkynpbah_titoo.telegram_premium' doesn't exist
#0 /home/xkynpbah/public_html/vendor/codeigniter4/framework/system/Database/MySQLi/Connection.php(292): mysqli->query('SELECT COUNT(*)...', 0)
#1 /home/xkynpbah/public_html/vendor/codeigniter4/framework/system/Database/BaseConnection.php(670): CodeIgniter\Database\MySQLi\Connection->execute('SELECT COUNT(*)...')
#2 /home/xkynpbah/public_html/vendor/codeigniter4/framework/system/Database/BaseConnection.php(598): CodeIgniter\Database\BaseConnection->simpleQuery('SELECT COUNT(*)...')
#3 /home/xkynpbah/public_html/vendor/codeigniter4/framework/system/Database/BaseBuilder.php(1527): CodeIgniter\Database\BaseConnection->query('SELECT COUNT(*)...', Array, false)
#4 /home/xkynpbah/public_html/app/Controllers/Telegram.php(165): CodeIgniter\Database\BaseBuilder->countAllResults()
#5 /home/xkynpbah/public_html/app/Controllers/Telegram.php(124): App\Controllers\Telegram->askForResetConfirmation(6719727245, 6719727245, Object(stdClass), 'akashbabu', Object(stdClass))
#6 /home/xkynpbah/public_html/vendor/codeigniter4/framework/system/CodeIgniter.php(824): App\Controllers\Telegram->index()
#7 /home/xkynpbah/public_html/vendor/codeigniter4/framework/system/CodeIgniter.php(410): CodeIgniter\CodeIgniter->runController(Object(App\Controllers\Telegram))
#8 /home/xkynpbah/public_html/vendor/codeigniter4/framework/system/CodeIgniter.php(318): CodeIgniter\CodeIgniter->handleRequest(NULL, Object(Config\Cache), false)
#9 /home/xkynpbah/public_html/index.php(37): CodeIgniter\CodeIgniter->run()
#10 {main}
ERROR - 2026-07-26 15:31:59 --> Telegram controller called
ERROR - 2026-07-26 15:31:59 --> Table 'xkynpbah_titoo.telegram_premium' doesn't exist
CRITICAL - 2026-07-26 15:31:59 --> Table 'xkynpbah_titoo.telegram_premium' doesn't exist
#0 /home/xkynpbah/public_html/vendor/codeigniter4/framework/system/Database/MySQLi/Connection.php(292): mysqli->query('SELECT COUNT(*)...', 0)
#1 /home/xkynpbah/public_html/vendor/codeigniter4/framework/system/Database/BaseConnection.php(670): CodeIgniter\Database\MySQLi\Connection->execute('SELECT COUNT(*)...')
#2 /home/xkynpbah/public_html/vendor/codeigniter4/framework/system/Database/BaseConnection.php(598): CodeIgniter\Database\BaseConnection->simpleQuery('SELECT COUNT(*)...')
#3 /home/xkynpbah/public_html/vendor/codeigniter4/framework/system/Database/BaseBuilder.php(1527): CodeIgniter\Database\BaseConnection->query('SELECT COUNT(*)...', Array, false)
#4 /home/xkynpbah/public_html/app/Controllers/Telegram.php(165): CodeIgniter\Database\BaseBuilder->countAllResults()
#5 /home/xkynpbah/public_html/app/Controllers/Telegram.php(124): App\Controllers\Telegram->askForResetConfirmation(6719727245, 6719727245, Object(stdClass), 'akashbabu', Object(stdClass))
#6 /home/xkynpbah/public_html/vendor/codeigniter4/framework/system/CodeIgniter.php(824): App\Controllers\Telegram->index()
#7 /home/xkynpbah/public_html/vendor/codeigniter4/framework/system/CodeIgniter.php(410): CodeIgniter\CodeIgniter->runController(Object(App\Controllers\Telegram))
#8 /home/xkynpbah/public_html/vendor/codeigniter4/framework/system/CodeIgniter.php(318): CodeIgniter\CodeIgniter->handleRequest(NULL, Object(Config\Cache), false)
#9 /home/xkynpbah/public_html/index.php(37): CodeIgniter\CodeIgniter->run()
#10 {main}
ERROR - 2026-07-26 15:33:43 --> Telegram controller called
ERROR - 2026-07-26 15:33:43 --> Table 'xkynpbah_titoo.telegram_premium' doesn't exist
CRITICAL - 2026-07-26 15:33:43 --> Table 'xkynpbah_titoo.telegram_premium' doesn't exist
#0 /home/xkynpbah/public_html/vendor/codeigniter4/framework/system/Database/MySQLi/Connection.php(292): mysqli->query('SELECT COUNT(*)...', 0)
#1 /home/xkynpbah/public_html/vendor/codeigniter4/framework/system/Database/BaseConnection.php(670): CodeIgniter\Database\MySQLi\Connection->execute('SELECT COUNT(*)...')
#2 /home/xkynpbah/public_html/vendor/codeigniter4/framework/system/Database/BaseConnection.php(598): CodeIgniter\Database\BaseConnection->simpleQuery('SELECT COUNT(*)...')
#3 /home/xkynpbah/public_html/vendor/codeigniter4/framework/system/Database/BaseBuilder.php(1527): CodeIgniter\Database\BaseConnection->query('SELECT COUNT(*)...', Array, false)
#4 /home/xkynpbah/public_html/app/Controllers/Telegram.php(165): CodeIgniter\Database\BaseBuilder->countAllResults()
#5 /home/xkynpbah/public_html/app/Controllers/Telegram.php(124): App\Controllers\Telegram->askForResetConfirmation(6719727245, 6719727245, Object(stdClass), 'akashbabu', Object(stdClass))
#6 /home/xkynpbah/public_html/vendor/codeigniter4/framework/system/CodeIgniter.php(824): App\Controllers\Telegram->index()
#7 /home/xkynpbah/public_html/vendor/codeigniter4/framework/system/CodeIgniter.php(410): CodeIgniter\CodeIgniter->runController(Object(App\Controllers\Telegram))
#8 /home/xkynpbah/public_html/vendor/codeigniter4/framework/system/CodeIgniter.php(318): CodeIgniter\CodeIgniter->handleRequest(NULL, Object(Config\Cache), false)
#9 /home/xkynpbah/public_html/index.php(37): CodeIgniter\CodeIgniter->run()
#10 {main}
ERROR - 2026-07-26 15:35:19 --> Telegram controller called
ERROR - 2026-07-26 15:35:19 --> Table 'xkynpbah_titoo.telegram_premium' doesn't exist
CRITICAL - 2026-07-26 15:35:19 --> Table 'xkynpbah_titoo.telegram_premium' doesn't exist
#0 /home/xkynpbah/public_html/vendor/codeigniter4/framework/system/Database/MySQLi/Connection.php(292): mysqli->query('SELECT COUNT(*)...', 0)
#1 /home/xkynpbah/public_html/vendor/codeigniter4/framework/system/Database/BaseConnection.php(670): CodeIgniter\Database\MySQLi\Connection->execute('SELECT COUNT(*)...')
#2 /home/xkynpbah/public_html/vendor/codeigniter4/framework/system/Database/BaseConnection.php(598): CodeIgniter\Database\BaseConnection->simpleQuery('SELECT COUNT(*)...')
#3 /home/xkynpbah/public_html/vendor/codeigniter4/framework/system/Database/BaseBuilder.php(1527): CodeIgniter\Database\BaseConnection->query('SELECT COUNT(*)...', Array, false)
#4 /home/xkynpbah/public_html/app/Controllers/Telegram.php(165): CodeIgniter\Database\BaseBuilder->countAllResults()
#5 /home/xkynpbah/public_html/app/Controllers/Telegram.php(124): App\Controllers\Telegram->askForResetConfirmation(6719727245, 6719727245, Object(stdClass), 'akashbabu', Object(stdClass))
#6 /home/xkynpbah/public_html/vendor/codeigniter4/framework/system/CodeIgniter.php(824): App\Controllers\Telegram->index()
#7 /home/xkynpbah/public_html/vendor/codeigniter4/framework/system/CodeIgniter.php(410): CodeIgniter\CodeIgniter->runController(Object(App\Controllers\Telegram))
#8 /home/xkynpbah/public_html/vendor/codeigniter4/framework/system/CodeIgniter.php(318): CodeIgniter\CodeIgniter->handleRequest(NULL, Object(Config\Cache), false)
#9 /home/xkynpbah/public_html/index.php(37): CodeIgniter\CodeIgniter->run()
#10 {main}
ERROR - 2026-07-26 15:37:20 --> Telegram controller called
ERROR - 2026-07-26 15:37:20 --> Table 'xkynpbah_titoo.telegram_premium' doesn't exist
CRITICAL - 2026-07-26 15:37:20 --> Table 'xkynpbah_titoo.telegram_premium' doesn't exist
#0 /home/xkynpbah/public_html/vendor/codeigniter4/framework/system/Database/MySQLi/Connection.php(292): mysqli->query('SELECT COUNT(*)...', 0)
#1 /home/xkynpbah/public_html/vendor/codeigniter4/framework/system/Database/BaseConnection.php(670): CodeIgniter\Database\MySQLi\Connection->execute('SELECT COUNT(*)...')
#2 /home/xkynpbah/public_html/vendor/codeigniter4/framework/system/Database/BaseConnection.php(598): CodeIgniter\Database\BaseConnection->simpleQuery('SELECT COUNT(*)...')
#3 /home/xkynpbah/public_html/vendor/codeigniter4/framework/system/Database/BaseBuilder.php(1527): CodeIgniter\Database\BaseConnection->query('SELECT COUNT(*)...', Array, false)
#4 /home/xkynpbah/public_html/app/Controllers/Telegram.php(165): CodeIgniter\Database\BaseBuilder->countAllResults()
#5 /home/xkynpbah/public_html/app/Controllers/Telegram.php(124): App\Controllers\Telegram->askForResetConfirmation(6719727245, 6719727245, Object(stdClass), 'akashbabu', Object(stdClass))
#6 /home/xkynpbah/public_html/vendor/codeigniter4/framework/system/CodeIgniter.php(824): App\Controllers\Telegram->index()
#7 /home/xkynpbah/public_html/vendor/codeigniter4/framework/system/CodeIgniter.php(410): CodeIgniter\CodeIgniter->runController(Object(App\Controllers\Telegram))
#8 /home/xkynpbah/public_html/vendor/codeigniter4/framework/system/CodeIgniter.php(318): CodeIgniter\CodeIgniter->handleRequest(NULL, Object(Config\Cache), false)
#9 /home/xkynpbah/public_html/index.php(37): CodeIgniter\CodeIgniter->run()
#10 {main}
ERROR - 2026-07-26 15:39:04 --> Telegram controller called
ERROR - 2026-07-26 15:39:04 --> Table 'xkynpbah_titoo.telegram_premium' doesn't exist
CRITICAL - 2026-07-26 15:39:04 --> Table 'xkynpbah_titoo.telegram_premium' doesn't exist
#0 /home/xkynpbah/public_html/vendor/codeigniter4/framework/system/Database/MySQLi/Connection.php(292): mysqli->query('SELECT COUNT(*)...', 0)
#1 /home/xkynpbah/public_html/vendor/codeigniter4/framework/system/Database/BaseConnection.php(670): CodeIgniter\Database\MySQLi\Connection->execute('SELECT COUNT(*)...')
#2 /home/xkynpbah/public_html/vendor/codeigniter4/framework/system/Database/BaseConnection.php(598): CodeIgniter\Database\BaseConnection->simpleQuery('SELECT COUNT(*)...')
#3 /home/xkynpbah/public_html/vendor/codeigniter4/framework/system/Database/BaseBuilder.php(1527): CodeIgniter\Database\BaseConnection->query('SELECT COUNT(*)...', Array, false)
#4 /home/xkynpbah/public_html/app/Controllers/Telegram.php(165): CodeIgniter\Database\BaseBuilder->countAllResults()
#5 /home/xkynpbah/public_html/app/Controllers/Telegram.php(124): App\Controllers\Telegram->askForResetConfirmation(6719727245, 6719727245, Object(stdClass), 'akashbabu', Object(stdClass))
#6 /home/xkynpbah/public_html/vendor/codeigniter4/framework/system/CodeIgniter.php(824): App\Controllers\Telegram->index()
#7 /home/xkynpbah/public_html/vendor/codeigniter4/framework/system/CodeIgniter.php(410): CodeIgniter\CodeIgniter->runController(Object(App\Controllers\Telegram))
#8 /home/xkynpbah/public_html/vendor/codeigniter4/framework/system/CodeIgniter.php(318): CodeIgniter\CodeIgniter->handleRequest(NULL, Object(Config\Cache), false)
#9 /home/xkynpbah/public_html/index.php(37): CodeIgniter\CodeIgniter->run()
#10 {main}
ERROR - 2026-07-26 15:40:05 --> Telegram controller called
ERROR - 2026-07-26 15:40:05 --> Table 'xkynpbah_titoo.telegram_premium' doesn't exist
CRITICAL - 2026-07-26 15:40:05 --> Table 'xkynpbah_titoo.telegram_premium' doesn't exist
#0 /home/xkynpbah/public_html/vendor/codeigniter4/framework/system/Database/MySQLi/Connection.php(292): mysqli->query('SELECT COUNT(*)...', 0)
#1 /home/xkynpbah/public_html/vendor/codeigniter4/framework/system/Database/BaseConnection.php(670): CodeIgniter\Database\MySQLi\Connection->execute('SELECT COUNT(*)...')
#2 /home/xkynpbah/public_html/vendor/codeigniter4/framework/system/Database/BaseConnection.php(598): CodeIgniter\Database\BaseConnection->simpleQuery('SELECT COUNT(*)...')
#3 /home/xkynpbah/public_html/vendor/codeigniter4/framework/system/Database/BaseBuilder.php(1527): CodeIgniter\Database\BaseConnection->query('SELECT COUNT(*)...', Array, false)
#4 /home/xkynpbah/public_html/app/Controllers/Telegram.php(165): CodeIgniter\Database\BaseBuilder->countAllResults()
#5 /home/xkynpbah/public_html/app/Controllers/Telegram.php(124): App\Controllers\Telegram->askForResetConfirmation(6719727245, 6719727245, Object(stdClass), 'akashbabu', Object(stdClass))
#6 /home/xkynpbah/public_html/vendor/codeigniter4/framework/system/CodeIgniter.php(824): App\Controllers\Telegram->index()
#7 /home/xkynpbah/public_html/vendor/codeigniter4/framework/system/CodeIgniter.php(410): CodeIgniter\CodeIgniter->runController(Object(App\Controllers\Telegram))
#8 /home/xkynpbah/public_html/vendor/codeigniter4/framework/system/CodeIgniter.php(318): CodeIgniter\CodeIgniter->handleRequest(NULL, Object(Config\Cache), false)
#9 /home/xkynpbah/public_html/index.php(37): CodeIgniter\CodeIgniter->run()
#10 {main}
ERROR - 2026-07-26 15:41:41 --> Telegram controller called
ERROR - 2026-07-26 15:41:41 --> Table 'xkynpbah_titoo.telegram_premium' doesn't exist
CRITICAL - 2026-07-26 15:41:41 --> Table 'xkynpbah_titoo.telegram_premium' doesn't exist
#0 /home/xkynpbah/public_html/vendor/codeigniter4/framework/system/Database/MySQLi/Connection.php(292): mysqli->query('SELECT COUNT(*)...', 0)
#1 /home/xkynpbah/public_html/vendor/codeigniter4/framework/system/Database/BaseConnection.php(670): CodeIgniter\Database\MySQLi\Connection->execute('SELECT COUNT(*)...')
#2 /home/xkynpbah/public_html/vendor/codeigniter4/framework/system/Database/BaseConnection.php(598): CodeIgniter\Database\BaseConnection->simpleQuery('SELECT COUNT(*)...')
#3 /home/xkynpbah/public_html/vendor/codeigniter4/framework/system/Database/BaseBuilder.php(1527): CodeIgniter\Database\BaseConnection->query('SELECT COUNT(*)...', Array, false)
#4 /home/xkynpbah/public_html/app/Controllers/Telegram.php(165): CodeIgniter\Database\BaseBuilder->countAllResults()
#5 /home/xkynpbah/public_html/app/Controllers/Telegram.php(124): App\Controllers\Telegram->askForResetConfirmation(6719727245, 6719727245, Object(stdClass), 'akashbabu', Object(stdClass))
#6 /home/xkynpbah/public_html/vendor/codeigniter4/framework/system/CodeIgniter.php(824): App\Controllers\Telegram->index()
#7 /home/xkynpbah/public_html/vendor/codeigniter4/framework/system/CodeIgniter.php(410): CodeIgniter\CodeIgniter->runController(Object(App\Controllers\Telegram))
#8 /home/xkynpbah/public_html/vendor/codeigniter4/framework/system/CodeIgniter.php(318): CodeIgniter\CodeIgniter->handleRequest(NULL, Object(Config\Cache), false)
#9 /home/xkynpbah/public_html/index.php(37): CodeIgniter\CodeIgniter->run()
#10 {main}
ERROR - 2026-07-26 15:42:45 --> Telegram controller called
ERROR - 2026-07-26 15:42:45 --> Table 'xkynpbah_titoo.telegram_premium' doesn't exist
CRITICAL - 2026-07-26 15:42:45 --> Table 'xkynpbah_titoo.telegram_premium' doesn't exist
#0 /home/xkynpbah/public_html/vendor/codeigniter4/framework/system/Database/MySQLi/Connection.php(292): mysqli->query('SELECT COUNT(*)...', 0)
#1 /home/xkynpbah/public_html/vendor/codeigniter4/framework/system/Database/BaseConnection.php(670): CodeIgniter\Database\MySQLi\Connection->execute('SELECT COUNT(*)...')
#2 /home/xkynpbah/public_html/vendor/codeigniter4/framework/system/Database/BaseConnection.php(598): CodeIgniter\Database\BaseConnection->simpleQuery('SELECT COUNT(*)...')
#3 /home/xkynpbah/public_html/vendor/codeigniter4/framework/system/Database/BaseBuilder.php(1527): CodeIgniter\Database\BaseConnection->query('SELECT COUNT(*)...', Array, false)
#4 /home/xkynpbah/public_html/app/Controllers/Telegram.php(165): CodeIgniter\Database\BaseBuilder->countAllResults()
#5 /home/xkynpbah/public_html/app/Controllers/Telegram.php(124): App\Controllers\Telegram->askForResetConfirmation(6719727245, 6719727245, Object(stdClass), 'akashbabu', Object(stdClass))
#6 /home/xkynpbah/public_html/vendor/codeigniter4/framework/system/CodeIgniter.php(824): App\Controllers\Telegram->index()
#7 /home/xkynpbah/public_html/vendor/codeigniter4/framework/system/CodeIgniter.php(410): CodeIgniter\CodeIgniter->runController(Object(App\Controllers\Telegram))
#8 /home/xkynpbah/public_html/vendor/codeigniter4/framework/system/CodeIgniter.php(318): CodeIgniter\CodeIgniter->handleRequest(NULL, Object(Config\Cache), false)
#9 /home/xkynpbah/public_html/index.php(37): CodeIgniter\CodeIgniter->run()
#10 {main}
ERROR - 2026-07-26 15:44:10 --> Telegram controller called
ERROR - 2026-07-26 15:44:10 --> Table 'xkynpbah_titoo.telegram_premium' doesn't exist
CRITICAL - 2026-07-26 15:44:10 --> Table 'xkynpbah_titoo.telegram_premium' doesn't exist
#0 /home/xkynpbah/public_html/vendor/codeigniter4/framework/system/Database/MySQLi/Connection.php(292): mysqli->query('SELECT COUNT(*)...', 0)
#1 /home/xkynpbah/public_html/vendor/codeigniter4/framework/system/Database/BaseConnection.php(670): CodeIgniter\Database\MySQLi\Connection->execute('SELECT COUNT(*)...')
#2 /home/xkynpbah/public_html/vendor/codeigniter4/framework/system/Database/BaseConnection.php(598): CodeIgniter\Database\BaseConnection->simpleQuery('SELECT COUNT(*)...')
#3 /home/xkynpbah/public_html/vendor/codeigniter4/framework/system/Database/BaseBuilder.php(1527): CodeIgniter\Database\BaseConnection->query('SELECT COUNT(*)...', Array, false)
#4 /home/xkynpbah/public_html/app/Controllers/Telegram.php(165): CodeIgniter\Database\BaseBuilder->countAllResults()
#5 /home/xkynpbah/public_html/app/Controllers/Telegram.php(124): App\Controllers\Telegram->askForResetConfirmation(6719727245, 6719727245, Object(stdClass), 'akashbabu', Object(stdClass))
#6 /home/xkynpbah/public_html/vendor/codeigniter4/framework/system/CodeIgniter.php(824): App\Controllers\Telegram->index()
#7 /home/xkynpbah/public_html/vendor/codeigniter4/framework/system/CodeIgniter.php(410): CodeIgniter\CodeIgniter->runController(Object(App\Controllers\Telegram))
#8 /home/xkynpbah/public_html/vendor/codeigniter4/framework/system/CodeIgniter.php(318): CodeIgniter\CodeIgniter->handleRequest(NULL, Object(Config\Cache), false)
#9 /home/xkynpbah/public_html/index.php(37): CodeIgniter\CodeIgniter->run()
#10 {main}
ERROR - 2026-07-26 15:45:12 --> Telegram controller called
ERROR - 2026-07-26 15:45:12 --> Table 'xkynpbah_titoo.telegram_premium' doesn't exist
CRITICAL - 2026-07-26 15:45:12 --> Table 'xkynpbah_titoo.telegram_premium' doesn't exist
#0 /home/xkynpbah/public_html/vendor/codeigniter4/framework/system/Database/MySQLi/Connection.php(292): mysqli->query('SELECT COUNT(*)...', 0)
#1 /home/xkynpbah/public_html/vendor/codeigniter4/framework/system/Database/BaseConnection.php(670): CodeIgniter\Database\MySQLi\Connection->execute('SELECT COUNT(*)...')
#2 /home/xkynpbah/public_html/vendor/codeigniter4/framework/system/Database/BaseConnection.php(598): CodeIgniter\Database\BaseConnection->simpleQuery('SELECT COUNT(*)...')
#3 /home/xkynpbah/public_html/vendor/codeigniter4/framework/system/Database/BaseBuilder.php(1527): CodeIgniter\Database\BaseConnection->query('SELECT COUNT(*)...', Array, false)
#4 /home/xkynpbah/public_html/app/Controllers/Telegram.php(165): CodeIgniter\Database\BaseBuilder->countAllResults()
#5 /home/xkynpbah/public_html/app/Controllers/Telegram.php(124): App\Controllers\Telegram->askForResetConfirmation(6719727245, 6719727245, Object(stdClass), 'akashbabu', Object(stdClass))
#6 /home/xkynpbah/public_html/vendor/codeigniter4/framework/system/CodeIgniter.php(824): App\Controllers\Telegram->index()
#7 /home/xkynpbah/public_html/vendor/codeigniter4/framework/system/CodeIgniter.php(410): CodeIgniter\CodeIgniter->runController(Object(App\Controllers\Telegram))
#8 /home/xkynpbah/public_html/vendor/codeigniter4/framework/system/CodeIgniter.php(318): CodeIgniter\CodeIgniter->handleRequest(NULL, Object(Config\Cache), false)
#9 /home/xkynpbah/public_html/index.php(37): CodeIgniter\CodeIgniter->run()
#10 {main}
ERROR - 2026-07-26 15:46:24 --> Telegram controller called
ERROR - 2026-07-26 15:46:24 --> Table 'xkynpbah_titoo.telegram_premium' doesn't exist
CRITICAL - 2026-07-26 15:46:24 --> Table 'xkynpbah_titoo.telegram_premium' doesn't exist
#0 /home/xkynpbah/public_html/vendor/codeigniter4/framework/system/Database/MySQLi/Connection.php(292): mysqli->query('SELECT COUNT(*)...', 0)
#1 /home/xkynpbah/public_html/vendor/codeigniter4/framework/system/Database/BaseConnection.php(670): CodeIgniter\Database\MySQLi\Connection->execute('SELECT COUNT(*)...')
#2 /home/xkynpbah/public_html/vendor/codeigniter4/framework/system/Database/BaseConnection.php(598): CodeIgniter\Database\BaseConnection->simpleQuery('SELECT COUNT(*)...')
#3 /home/xkynpbah/public_html/vendor/codeigniter4/framework/system/Database/BaseBuilder.php(1527): CodeIgniter\Database\BaseConnection->query('SELECT COUNT(*)...', Array, false)
#4 /home/xkynpbah/public_html/app/Controllers/Telegram.php(165): CodeIgniter\Database\BaseBuilder->countAllResults()
#5 /home/xkynpbah/public_html/app/Controllers/Telegram.php(124): App\Controllers\Telegram->askForResetConfirmation(6719727245, 6719727245, Object(stdClass), 'akashbabu', Object(stdClass))
#6 /home/xkynpbah/public_html/vendor/codeigniter4/framework/system/CodeIgniter.php(824): App\Controllers\Telegram->index()
#7 /home/xkynpbah/public_html/vendor/codeigniter4/framework/system/CodeIgniter.php(410): CodeIgniter\CodeIgniter->runController(Object(App\Controllers\Telegram))
#8 /home/xkynpbah/public_html/vendor/codeigniter4/framework/system/CodeIgniter.php(318): CodeIgniter\CodeIgniter->handleRequest(NULL, Object(Config\Cache), false)
#9 /home/xkynpbah/public_html/index.php(37): CodeIgniter\CodeIgniter->run()
#10 {main}
ERROR - 2026-07-26 15:48:02 --> Telegram controller called
ERROR - 2026-07-26 15:48:02 --> Table 'xkynpbah_titoo.telegram_premium' doesn't exist
CRITICAL - 2026-07-26 15:48:02 --> Table 'xkynpbah_titoo.telegram_premium' doesn't exist
#0 /home/xkynpbah/public_html/vendor/codeigniter4/framework/system/Database/MySQLi/Connection.php(292): mysqli->query('SELECT COUNT(*)...', 0)
#1 /home/xkynpbah/public_html/vendor/codeigniter4/framework/system/Database/BaseConnection.php(670): CodeIgniter\Database\MySQLi\Connection->execute('SELECT COUNT(*)...')
#2 /home/xkynpbah/public_html/vendor/codeigniter4/framework/system/Database/BaseConnection.php(598): CodeIgniter\Database\BaseConnection->simpleQuery('SELECT COUNT(*)...')
#3 /home/xkynpbah/public_html/vendor/codeigniter4/framework/system/Database/BaseBuilder.php(1527): CodeIgniter\Database\BaseConnection->query('SELECT COUNT(*)...', Array, false)
#4 /home/xkynpbah/public_html/app/Controllers/Telegram.php(165): CodeIgniter\Database\BaseBuilder->countAllResults()
#5 /home/xkynpbah/public_html/app/Controllers/Telegram.php(124): App\Controllers\Telegram->askForResetConfirmation(6719727245, 6719727245, Object(stdClass), 'akashbabu', Object(stdClass))
#6 /home/xkynpbah/public_html/vendor/codeigniter4/framework/system/CodeIgniter.php(824): App\Controllers\Telegram->index()
#7 /home/xkynpbah/public_html/vendor/codeigniter4/framework/system/CodeIgniter.php(410): CodeIgniter\CodeIgniter->runController(Object(App\Controllers\Telegram))
#8 /home/xkynpbah/public_html/vendor/codeigniter4/framework/system/CodeIgniter.php(318): CodeIgniter\CodeIgniter->handleRequest(NULL, Object(Config\Cache), false)
#9 /home/xkynpbah/public_html/index.php(37): CodeIgniter\CodeIgniter->run()
#10 {main}
ERROR - 2026-07-26 15:50:03 --> Telegram controller called
ERROR - 2026-07-26 15:50:03 --> Table 'xkynpbah_titoo.telegram_premium' doesn't exist
CRITICAL - 2026-07-26 15:50:03 --> Table 'xkynpbah_titoo.telegram_premium' doesn't exist
#0 /home/xkynpbah/public_html/vendor/codeigniter4/framework/system/Database/MySQLi/Connection.php(292): mysqli->query('SELECT COUNT(*)...', 0)
#1 /home/xkynpbah/public_html/vendor/codeigniter4/framework/system/Database/BaseConnection.php(670): CodeIgniter\Database\MySQLi\Connection->execute('SELECT COUNT(*)...')
#2 /home/xkynpbah/public_html/vendor/codeigniter4/framework/system/Database/BaseConnection.php(598): CodeIgniter\Database\BaseConnection->simpleQuery('SELECT COUNT(*)...')
#3 /home/xkynpbah/public_html/vendor/codeigniter4/framework/system/Database/BaseBuilder.php(1527): CodeIgniter\Database\BaseConnection->query('SELECT COUNT(*)...', Array, false)
#4 /home/xkynpbah/public_html/app/Controllers/Telegram.php(165): CodeIgniter\Database\BaseBuilder->countAllResults()
#5 /home/xkynpbah/public_html/app/Controllers/Telegram.php(124): App\Controllers\Telegram->askForResetConfirmation(6719727245, 6719727245, Object(stdClass), 'akashbabu', Object(stdClass))
#6 /home/xkynpbah/public_html/vendor/codeigniter4/framework/system/CodeIgniter.php(824): App\Controllers\Telegram->index()
#7 /home/xkynpbah/public_html/vendor/codeigniter4/framework/system/CodeIgniter.php(410): CodeIgniter\CodeIgniter->runController(Object(App\Controllers\Telegram))
#8 /home/xkynpbah/public_html/vendor/codeigniter4/framework/system/CodeIgniter.php(318): CodeIgniter\CodeIgniter->handleRequest(NULL, Object(Config\Cache), false)
#9 /home/xkynpbah/public_html/index.php(37): CodeIgniter\CodeIgniter->run()
#10 {main}
ERROR - 2026-07-26 15:51:49 --> Telegram controller called
ERROR - 2026-07-26 15:51:49 --> Table 'xkynpbah_titoo.telegram_premium' doesn't exist
CRITICAL - 2026-07-26 15:51:49 --> Table 'xkynpbah_titoo.telegram_premium' doesn't exist
#0 /home/xkynpbah/public_html/vendor/codeigniter4/framework/system/Database/MySQLi/Connection.php(292): mysqli->query('SELECT COUNT(*)...', 0)
#1 /home/xkynpbah/public_html/vendor/codeigniter4/framework/system/Database/BaseConnection.php(670): CodeIgniter\Database\MySQLi\Connection->execute('SELECT COUNT(*)...')
#2 /home/xkynpbah/public_html/vendor/codeigniter4/framework/system/Database/BaseConnection.php(598): CodeIgniter\Database\BaseConnection->simpleQuery('SELECT COUNT(*)...')
#3 /home/xkynpbah/public_html/vendor/codeigniter4/framework/system/Database/BaseBuilder.php(1527): CodeIgniter\Database\BaseConnection->query('SELECT COUNT(*)...', Array, false)
#4 /home/xkynpbah/public_html/app/Controllers/Telegram.php(165): CodeIgniter\Database\BaseBuilder->countAllResults()
#5 /home/xkynpbah/public_html/app/Controllers/Telegram.php(124): App\Controllers\Telegram->askForResetConfirmation(6719727245, 6719727245, Object(stdClass), 'akashbabu', Object(stdClass))
#6 /home/xkynpbah/public_html/vendor/codeigniter4/framework/system/CodeIgniter.php(824): App\Controllers\Telegram->index()
#7 /home/xkynpbah/public_html/vendor/codeigniter4/framework/system/CodeIgniter.php(410): CodeIgniter\CodeIgniter->runController(Object(App\Controllers\Telegram))
#8 /home/xkynpbah/public_html/vendor/codeigniter4/framework/system/CodeIgniter.php(318): CodeIgniter\CodeIgniter->handleRequest(NULL, Object(Config\Cache), false)
#9 /home/xkynpbah/public_html/index.php(37): CodeIgniter\CodeIgniter->run()
#10 {main}
ERROR - 2026-07-26 15:53:42 --> Telegram controller called
ERROR - 2026-07-26 15:53:42 --> Table 'xkynpbah_titoo.telegram_premium' doesn't exist
CRITICAL - 2026-07-26 15:53:42 --> Table 'xkynpbah_titoo.telegram_premium' doesn't exist
#0 /home/xkynpbah/public_html/vendor/codeigniter4/framework/system/Database/MySQLi/Connection.php(292): mysqli->query('SELECT COUNT(*)...', 0)
#1 /home/xkynpbah/public_html/vendor/codeigniter4/framework/system/Database/BaseConnection.php(670): CodeIgniter\Database\MySQLi\Connection->execute('SELECT COUNT(*)...')
#2 /home/xkynpbah/public_html/vendor/codeigniter4/framework/system/Database/BaseConnection.php(598): CodeIgniter\Database\BaseConnection->simpleQuery('SELECT COUNT(*)...')
#3 /home/xkynpbah/public_html/vendor/codeigniter4/framework/system/Database/BaseBuilder.php(1527): CodeIgniter\Database\BaseConnection->query('SELECT COUNT(*)...', Array, false)
#4 /home/xkynpbah/public_html/app/Controllers/Telegram.php(165): CodeIgniter\Database\BaseBuilder->countAllResults()
#5 /home/xkynpbah/public_html/app/Controllers/Telegram.php(124): App\Controllers\Telegram->askForResetConfirmation(6719727245, 6719727245, Object(stdClass), 'akashbabu', Object(stdClass))
#6 /home/xkynpbah/public_html/vendor/codeigniter4/framework/system/CodeIgniter.php(824): App\Controllers\Telegram->index()
#7 /home/xkynpbah/public_html/vendor/codeigniter4/framework/system/CodeIgniter.php(410): CodeIgniter\CodeIgniter->runController(Object(App\Controllers\Telegram))
#8 /home/xkynpbah/public_html/vendor/codeigniter4/framework/system/CodeIgniter.php(318): CodeIgniter\CodeIgniter->handleRequest(NULL, Object(Config\Cache), false)
#9 /home/xkynpbah/public_html/index.php(37): CodeIgniter\CodeIgniter->run()
#10 {main}
ERROR - 2026-07-26 15:54:55 --> Telegram controller called
ERROR - 2026-07-26 15:54:55 --> Table 'xkynpbah_titoo.telegram_premium' doesn't exist
CRITICAL - 2026-07-26 15:54:55 --> Table 'xkynpbah_titoo.telegram_premium' doesn't exist
#0 /home/xkynpbah/public_html/vendor/codeigniter4/framework/system/Database/MySQLi/Connection.php(292): mysqli->query('SELECT COUNT(*)...', 0)
#1 /home/xkynpbah/public_html/vendor/codeigniter4/framework/system/Database/BaseConnection.php(670): CodeIgniter\Database\MySQLi\Connection->execute('SELECT COUNT(*)...')
#2 /home/xkynpbah/public_html/vendor/codeigniter4/framework/system/Database/BaseConnection.php(598): CodeIgniter\Database\BaseConnection->simpleQuery('SELECT COUNT(*)...')
#3 /home/xkynpbah/public_html/vendor/codeigniter4/framework/system/Database/BaseBuilder.php(1527): CodeIgniter\Database\BaseConnection->query('SELECT COUNT(*)...', Array, false)
#4 /home/xkynpbah/public_html/app/Controllers/Telegram.php(165): CodeIgniter\Database\BaseBuilder->countAllResults()
#5 /home/xkynpbah/public_html/app/Controllers/Telegram.php(124): App\Controllers\Telegram->askForResetConfirmation(6719727245, 6719727245, Object(stdClass), 'akashbabu', Object(stdClass))
#6 /home/xkynpbah/public_html/vendor/codeigniter4/framework/system/CodeIgniter.php(824): App\Controllers\Telegram->index()
#7 /home/xkynpbah/public_html/vendor/codeigniter4/framework/system/CodeIgniter.php(410): CodeIgniter\CodeIgniter->runController(Object(App\Controllers\Telegram))
#8 /home/xkynpbah/public_html/vendor/codeigniter4/framework/system/CodeIgniter.php(318): CodeIgniter\CodeIgniter->handleRequest(NULL, Object(Config\Cache), false)
#9 /home/xkynpbah/public_html/index.php(37): CodeIgniter\CodeIgniter->run()
#10 {main}
ERROR - 2026-07-26 15:56:28 --> Telegram controller called
ERROR - 2026-07-26 15:56:28 --> Table 'xkynpbah_titoo.telegram_premium' doesn't exist
CRITICAL - 2026-07-26 15:56:28 --> Table 'xkynpbah_titoo.telegram_premium' doesn't exist
#0 /home/xkynpbah/public_html/vendor/codeigniter4/framework/system/Database/MySQLi/Connection.php(292): mysqli->query('SELECT COUNT(*)...', 0)
#1 /home/xkynpbah/public_html/vendor/codeigniter4/framework/system/Database/BaseConnection.php(670): CodeIgniter\Database\MySQLi\Connection->execute('SELECT COUNT(*)...')
#2 /home/xkynpbah/public_html/vendor/codeigniter4/framework/system/Database/BaseConnection.php(598): CodeIgniter\Database\BaseConnection->simpleQuery('SELECT COUNT(*)...')
#3 /home/xkynpbah/public_html/vendor/codeigniter4/framework/system/Database/BaseBuilder.php(1527): CodeIgniter\Database\BaseConnection->query('SELECT COUNT(*)...', Array, false)
#4 /home/xkynpbah/public_html/app/Controllers/Telegram.php(165): CodeIgniter\Database\BaseBuilder->countAllResults()
#5 /home/xkynpbah/public_html/app/Controllers/Telegram.php(124): App\Controllers\Telegram->askForResetConfirmation(6719727245, 6719727245, Object(stdClass), 'akashbabu', Object(stdClass))
#6 /home/xkynpbah/public_html/vendor/codeigniter4/framework/system/CodeIgniter.php(824): App\Controllers\Telegram->index()
#7 /home/xkynpbah/public_html/vendor/codeigniter4/framework/system/CodeIgniter.php(410): CodeIgniter\CodeIgniter->runController(Object(App\Controllers\Telegram))
#8 /home/xkynpbah/public_html/vendor/codeigniter4/framework/system/CodeIgniter.php(318): CodeIgniter\CodeIgniter->handleRequest(NULL, Object(Config\Cache), false)
#9 /home/xkynpbah/public_html/index.php(37): CodeIgniter\CodeIgniter->run()
#10 {main}
ERROR - 2026-07-26 15:58:17 --> Telegram controller called
ERROR - 2026-07-26 15:58:17 --> Table 'xkynpbah_titoo.telegram_premium' doesn't exist
CRITICAL - 2026-07-26 15:58:17 --> Table 'xkynpbah_titoo.telegram_premium' doesn't exist
#0 /home/xkynpbah/public_html/vendor/codeigniter4/framework/system/Database/MySQLi/Connection.php(292): mysqli->query('SELECT COUNT(*)...', 0)
#1 /home/xkynpbah/public_html/vendor/codeigniter4/framework/system/Database/BaseConnection.php(670): CodeIgniter\Database\MySQLi\Connection->execute('SELECT COUNT(*)...')
#2 /home/xkynpbah/public_html/vendor/codeigniter4/framework/system/Database/BaseConnection.php(598): CodeIgniter\Database\BaseConnection->simpleQuery('SELECT COUNT(*)...')
#3 /home/xkynpbah/public_html/vendor/codeigniter4/framework/system/Database/BaseBuilder.php(1527): CodeIgniter\Database\BaseConnection->query('SELECT COUNT(*)...', Array, false)
#4 /home/xkynpbah/public_html/app/Controllers/Telegram.php(165): CodeIgniter\Database\BaseBuilder->countAllResults()
#5 /home/xkynpbah/public_html/app/Controllers/Telegram.php(124): App\Controllers\Telegram->askForResetConfirmation(6719727245, 6719727245, Object(stdClass), 'akashbabu', Object(stdClass))
#6 /home/xkynpbah/public_html/vendor/codeigniter4/framework/system/CodeIgniter.php(824): App\Controllers\Telegram->index()
#7 /home/xkynpbah/public_html/vendor/codeigniter4/framework/system/CodeIgniter.php(410): CodeIgniter\CodeIgniter->runController(Object(App\Controllers\Telegram))
#8 /home/xkynpbah/public_html/vendor/codeigniter4/framework/system/CodeIgniter.php(318): CodeIgniter\CodeIgniter->handleRequest(NULL, Object(Config\Cache), false)
#9 /home/xkynpbah/public_html/index.php(37): CodeIgniter\CodeIgniter->run()
#10 {main}
ERROR - 2026-07-26 16:00:07 --> Telegram controller called
ERROR - 2026-07-26 16:00:07 --> Table 'xkynpbah_titoo.telegram_premium' doesn't exist
CRITICAL - 2026-07-26 16:00:07 --> Table 'xkynpbah_titoo.telegram_premium' doesn't exist
#0 /home/xkynpbah/public_html/vendor/codeigniter4/framework/system/Database/MySQLi/Connection.php(292): mysqli->query('SELECT COUNT(*)...', 0)
#1 /home/xkynpbah/public_html/vendor/codeigniter4/framework/system/Database/BaseConnection.php(670): CodeIgniter\Database\MySQLi\Connection->execute('SELECT COUNT(*)...')
#2 /home/xkynpbah/public_html/vendor/codeigniter4/framework/system/Database/BaseConnection.php(598): CodeIgniter\Database\BaseConnection->simpleQuery('SELECT COUNT(*)...')
#3 /home/xkynpbah/public_html/vendor/codeigniter4/framework/system/Database/BaseBuilder.php(1527): CodeIgniter\Database\BaseConnection->query('SELECT COUNT(*)...', Array, false)
#4 /home/xkynpbah/public_html/app/Controllers/Telegram.php(165): CodeIgniter\Database\BaseBuilder->countAllResults()
#5 /home/xkynpbah/public_html/app/Controllers/Telegram.php(124): App\Controllers\Telegram->askForResetConfirmation(6719727245, 6719727245, Object(stdClass), 'akashbabu', Object(stdClass))
#6 /home/xkynpbah/public_html/vendor/codeigniter4/framework/system/CodeIgniter.php(824): App\Controllers\Telegram->index()
#7 /home/xkynpbah/public_html/vendor/codeigniter4/framework/system/CodeIgniter.php(410): CodeIgniter\CodeIgniter->runController(Object(App\Controllers\Telegram))
#8 /home/xkynpbah/public_html/vendor/codeigniter4/framework/system/CodeIgniter.php(318): CodeIgniter\CodeIgniter->handleRequest(NULL, Object(Config\Cache), false)
#9 /home/xkynpbah/public_html/index.php(37): CodeIgniter\CodeIgniter->run()
#10 {main}
ERROR - 2026-07-26 16:01:52 --> Telegram controller called
ERROR - 2026-07-26 16:01:52 --> Table 'xkynpbah_titoo.telegram_premium' doesn't exist
CRITICAL - 2026-07-26 16:01:52 --> Table 'xkynpbah_titoo.telegram_premium' doesn't exist
#0 /home/xkynpbah/public_html/vendor/codeigniter4/framework/system/Database/MySQLi/Connection.php(292): mysqli->query('SELECT COUNT(*)...', 0)
#1 /home/xkynpbah/public_html/vendor/codeigniter4/framework/system/Database/BaseConnection.php(670): CodeIgniter\Database\MySQLi\Connection->execute('SELECT COUNT(*)...')
#2 /home/xkynpbah/public_html/vendor/codeigniter4/framework/system/Database/BaseConnection.php(598): CodeIgniter\Database\BaseConnection->simpleQuery('SELECT COUNT(*)...')
#3 /home/xkynpbah/public_html/vendor/codeigniter4/framework/system/Database/BaseBuilder.php(1527): CodeIgniter\Database\BaseConnection->query('SELECT COUNT(*)...', Array, false)
#4 /home/xkynpbah/public_html/app/Controllers/Telegram.php(165): CodeIgniter\Database\BaseBuilder->countAllResults()
#5 /home/xkynpbah/public_html/app/Controllers/Telegram.php(124): App\Controllers\Telegram->askForResetConfirmation(6719727245, 6719727245, Object(stdClass), 'akashbabu', Object(stdClass))
#6 /home/xkynpbah/public_html/vendor/codeigniter4/framework/system/CodeIgniter.php(824): App\Controllers\Telegram->index()
#7 /home/xkynpbah/public_html/vendor/codeigniter4/framework/system/CodeIgniter.php(410): CodeIgniter\CodeIgniter->runController(Object(App\Controllers\Telegram))
#8 /home/xkynpbah/public_html/vendor/codeigniter4/framework/system/CodeIgniter.php(318): CodeIgniter\CodeIgniter->handleRequest(NULL, Object(Config\Cache), false)
#9 /home/xkynpbah/public_html/index.php(37): CodeIgniter\CodeIgniter->run()
#10 {main}
ERROR - 2026-07-26 16:03:44 --> Telegram controller called
ERROR - 2026-07-26 16:03:44 --> Table 'xkynpbah_titoo.telegram_premium' doesn't exist
CRITICAL - 2026-07-26 16:03:44 --> Table 'xkynpbah_titoo.telegram_premium' doesn't exist
#0 /home/xkynpbah/public_html/vendor/codeigniter4/framework/system/Database/MySQLi/Connection.php(292): mysqli->query('SELECT COUNT(*)...', 0)
#1 /home/xkynpbah/public_html/vendor/codeigniter4/framework/system/Database/BaseConnection.php(670): CodeIgniter\Database\MySQLi\Connection->execute('SELECT COUNT(*)...')
#2 /home/xkynpbah/public_html/vendor/codeigniter4/framework/system/Database/BaseConnection.php(598): CodeIgniter\Database\BaseConnection->simpleQuery('SELECT COUNT(*)...')
#3 /home/xkynpbah/public_html/vendor/codeigniter4/framework/system/Database/BaseBuilder.php(1527): CodeIgniter\Database\BaseConnection->query('SELECT COUNT(*)...', Array, false)
#4 /home/xkynpbah/public_html/app/Controllers/Telegram.php(165): CodeIgniter\Database\BaseBuilder->countAllResults()
#5 /home/xkynpbah/public_html/app/Controllers/Telegram.php(124): App\Controllers\Telegram->askForResetConfirmation(6719727245, 6719727245, Object(stdClass), 'akashbabu', Object(stdClass))
#6 /home/xkynpbah/public_html/vendor/codeigniter4/framework/system/CodeIgniter.php(824): App\Controllers\Telegram->index()
#7 /home/xkynpbah/public_html/vendor/codeigniter4/framework/system/CodeIgniter.php(410): CodeIgniter\CodeIgniter->runController(Object(App\Controllers\Telegram))
#8 /home/xkynpbah/public_html/vendor/codeigniter4/framework/system/CodeIgniter.php(318): CodeIgniter\CodeIgniter->handleRequest(NULL, Object(Config\Cache), false)
#9 /home/xkynpbah/public_html/index.php(37): CodeIgniter\CodeIgniter->run()
#10 {main}
ERROR - 2026-07-26 16:04:55 --> Telegram controller called
ERROR - 2026-07-26 16:04:55 --> Table 'xkynpbah_titoo.telegram_premium' doesn't exist
CRITICAL - 2026-07-26 16:04:55 --> Table 'xkynpbah_titoo.telegram_premium' doesn't exist
#0 /home/xkynpbah/public_html/vendor/codeigniter4/framework/system/Database/MySQLi/Connection.php(292): mysqli->query('SELECT COUNT(*)...', 0)
#1 /home/xkynpbah/public_html/vendor/codeigniter4/framework/system/Database/BaseConnection.php(670): CodeIgniter\Database\MySQLi\Connection->execute('SELECT COUNT(*)...')
#2 /home/xkynpbah/public_html/vendor/codeigniter4/framework/system/Database/BaseConnection.php(598): CodeIgniter\Database\BaseConnection->simpleQuery('SELECT COUNT(*)...')
#3 /home/xkynpbah/public_html/vendor/codeigniter4/framework/system/Database/BaseBuilder.php(1527): CodeIgniter\Database\BaseConnection->query('SELECT COUNT(*)...', Array, false)
#4 /home/xkynpbah/public_html/app/Controllers/Telegram.php(165): CodeIgniter\Database\BaseBuilder->countAllResults()
#5 /home/xkynpbah/public_html/app/Controllers/Telegram.php(124): App\Controllers\Telegram->askForResetConfirmation(6719727245, 6719727245, Object(stdClass), 'akashbabu', Object(stdClass))
#6 /home/xkynpbah/public_html/vendor/codeigniter4/framework/system/CodeIgniter.php(824): App\Controllers\Telegram->index()
#7 /home/xkynpbah/public_html/vendor/codeigniter4/framework/system/CodeIgniter.php(410): CodeIgniter\CodeIgniter->runController(Object(App\Controllers\Telegram))
#8 /home/xkynpbah/public_html/vendor/codeigniter4/framework/system/CodeIgniter.php(318): CodeIgniter\CodeIgniter->handleRequest(NULL, Object(Config\Cache), false)
#9 /home/xkynpbah/public_html/index.php(37): CodeIgniter\CodeIgniter->run()
#10 {main}
ERROR - 2026-07-26 16:06:07 --> Telegram controller called
ERROR - 2026-07-26 16:06:07 --> Table 'xkynpbah_titoo.telegram_premium' doesn't exist
CRITICAL - 2026-07-26 16:06:07 --> Table 'xkynpbah_titoo.telegram_premium' doesn't exist
#0 /home/xkynpbah/public_html/vendor/codeigniter4/framework/system/Database/MySQLi/Connection.php(292): mysqli->query('SELECT COUNT(*)...', 0)
#1 /home/xkynpbah/public_html/vendor/codeigniter4/framework/system/Database/BaseConnection.php(670): CodeIgniter\Database\MySQLi\Connection->execute('SELECT COUNT(*)...')
#2 /home/xkynpbah/public_html/vendor/codeigniter4/framework/system/Database/BaseConnection.php(598): CodeIgniter\Database\BaseConnection->simpleQuery('SELECT COUNT(*)...')
#3 /home/xkynpbah/public_html/vendor/codeigniter4/framework/system/Database/BaseBuilder.php(1527): CodeIgniter\Database\BaseConnection->query('SELECT COUNT(*)...', Array, false)
#4 /home/xkynpbah/public_html/app/Controllers/Telegram.php(165): CodeIgniter\Database\BaseBuilder->countAllResults()
#5 /home/xkynpbah/public_html/app/Controllers/Telegram.php(124): App\Controllers\Telegram->askForResetConfirmation(6719727245, 6719727245, Object(stdClass), 'akashbabu', Object(stdClass))
#6 /home/xkynpbah/public_html/vendor/codeigniter4/framework/system/CodeIgniter.php(824): App\Controllers\Telegram->index()
#7 /home/xkynpbah/public_html/vendor/codeigniter4/framework/system/CodeIgniter.php(410): CodeIgniter\CodeIgniter->runController(Object(App\Controllers\Telegram))
#8 /home/xkynpbah/public_html/vendor/codeigniter4/framework/system/CodeIgniter.php(318): CodeIgniter\CodeIgniter->handleRequest(NULL, Object(Config\Cache), false)
#9 /home/xkynpbah/public_html/index.php(37): CodeIgniter\CodeIgniter->run()
#10 {main}
ERROR - 2026-07-26 16:07:39 --> Telegram controller called
ERROR - 2026-07-26 16:07:39 --> Telegram Bot Token not set in .env
ERROR - 2026-07-26 16:07:54 --> Telegram controller called
ERROR - 2026-07-26 16:07:54 --> Table 'xkynpbah_titoo.telegram_premium' doesn't exist
CRITICAL - 2026-07-26 16:07:54 --> Table 'xkynpbah_titoo.telegram_premium' doesn't exist
#0 /home/xkynpbah/public_html/vendor/codeigniter4/framework/system/Database/MySQLi/Connection.php(292): mysqli->query('SELECT COUNT(*)...', 0)
#1 /home/xkynpbah/public_html/vendor/codeigniter4/framework/system/Database/BaseConnection.php(670): CodeIgniter\Database\MySQLi\Connection->execute('SELECT COUNT(*)...')
#2 /home/xkynpbah/public_html/vendor/codeigniter4/framework/system/Database/BaseConnection.php(598): CodeIgniter\Database\BaseConnection->simpleQuery('SELECT COUNT(*)...')
#3 /home/xkynpbah/public_html/vendor/codeigniter4/framework/system/Database/BaseBuilder.php(1527): CodeIgniter\Database\BaseConnection->query('SELECT COUNT(*)...', Array, false)
#4 /home/xkynpbah/public_html/app/Controllers/Telegram.php(165): CodeIgniter\Database\BaseBuilder->countAllResults()
#5 /home/xkynpbah/public_html/app/Controllers/Telegram.php(124): App\Controllers\Telegram->askForResetConfirmation(6719727245, 6719727245, Object(stdClass), 'akashbabu', Object(stdClass))
#6 /home/xkynpbah/public_html/vendor/codeigniter4/framework/system/CodeIgniter.php(824): App\Controllers\Telegram->index()
#7 /home/xkynpbah/public_html/vendor/codeigniter4/framework/system/CodeIgniter.php(410): CodeIgniter\CodeIgniter->runController(Object(App\Controllers\Telegram))
#8 /home/xkynpbah/public_html/vendor/codeigniter4/framework/system/CodeIgniter.php(318): CodeIgniter\CodeIgniter->handleRequest(NULL, Object(Config\Cache), false)
#9 /home/xkynpbah/public_html/index.php(37): CodeIgniter\CodeIgniter->run()
#10 {main}
ERROR - 2026-07-26 16:09:44 --> Telegram controller called
ERROR - 2026-07-26 16:09:44 --> Table 'xkynpbah_titoo.telegram_premium' doesn't exist
CRITICAL - 2026-07-26 16:09:44 --> Table 'xkynpbah_titoo.telegram_premium' doesn't exist
#0 /home/xkynpbah/public_html/vendor/codeigniter4/framework/system/Database/MySQLi/Connection.php(292): mysqli->query('SELECT COUNT(*)...', 0)
#1 /home/xkynpbah/public_html/vendor/codeigniter4/framework/system/Database/BaseConnection.php(670): CodeIgniter\Database\MySQLi\Connection->execute('SELECT COUNT(*)...')
#2 /home/xkynpbah/public_html/vendor/codeigniter4/framework/system/Database/BaseConnection.php(598): CodeIgniter\Database\BaseConnection->simpleQuery('SELECT COUNT(*)...')
#3 /home/xkynpbah/public_html/vendor/codeigniter4/framework/system/Database/BaseBuilder.php(1527): CodeIgniter\Database\BaseConnection->query('SELECT COUNT(*)...', Array, false)
#4 /home/xkynpbah/public_html/app/Controllers/Telegram.php(165): CodeIgniter\Database\BaseBuilder->countAllResults()
#5 /home/xkynpbah/public_html/app/Controllers/Telegram.php(124): App\Controllers\Telegram->askForResetConfirmation(6719727245, 6719727245, Object(stdClass), 'akashbabu', Object(stdClass))
#6 /home/xkynpbah/public_html/vendor/codeigniter4/framework/system/CodeIgniter.php(824): App\Controllers\Telegram->index()
#7 /home/xkynpbah/public_html/vendor/codeigniter4/framework/system/CodeIgniter.php(410): CodeIgniter\CodeIgniter->runController(Object(App\Controllers\Telegram))
#8 /home/xkynpbah/public_html/vendor/codeigniter4/framework/system/CodeIgniter.php(318): CodeIgniter\CodeIgniter->handleRequest(NULL, Object(Config\Cache), false)
#9 /home/xkynpbah/public_html/index.php(37): CodeIgniter\CodeIgniter->run()
#10 {main}
ERROR - 2026-07-26 16:11:11 --> Telegram controller called
ERROR - 2026-07-26 16:11:11 --> Table 'xkynpbah_titoo.telegram_premium' doesn't exist
CRITICAL - 2026-07-26 16:11:11 --> Table 'xkynpbah_titoo.telegram_premium' doesn't exist
#0 /home/xkynpbah/public_html/vendor/codeigniter4/framework/system/Database/MySQLi/Connection.php(292): mysqli->query('SELECT COUNT(*)...', 0)
#1 /home/xkynpbah/public_html/vendor/codeigniter4/framework/system/Database/BaseConnection.php(670): CodeIgniter\Database\MySQLi\Connection->execute('SELECT COUNT(*)...')
#2 /home/xkynpbah/public_html/vendor/codeigniter4/framework/system/Database/BaseConnection.php(598): CodeIgniter\Database\BaseConnection->simpleQuery('SELECT COUNT(*)...')
#3 /home/xkynpbah/public_html/vendor/codeigniter4/framework/system/Database/BaseBuilder.php(1527): CodeIgniter\Database\BaseConnection->query('SELECT COUNT(*)...', Array, false)
#4 /home/xkynpbah/public_html/app/Controllers/Telegram.php(165): CodeIgniter\Database\BaseBuilder->countAllResults()
#5 /home/xkynpbah/public_html/app/Controllers/Telegram.php(124): App\Controllers\Telegram->askForResetConfirmation(6719727245, 6719727245, Object(stdClass), 'akashbabu', Object(stdClass))
#6 /home/xkynpbah/public_html/vendor/codeigniter4/framework/system/CodeIgniter.php(824): App\Controllers\Telegram->index()
#7 /home/xkynpbah/public_html/vendor/codeigniter4/framework/system/CodeIgniter.php(410): CodeIgniter\CodeIgniter->runController(Object(App\Controllers\Telegram))
#8 /home/xkynpbah/public_html/vendor/codeigniter4/framework/system/CodeIgniter.php(318): CodeIgniter\CodeIgniter->handleRequest(NULL, Object(Config\Cache), false)
#9 /home/xkynpbah/public_html/index.php(37): CodeIgniter\CodeIgniter->run()
#10 {main}
ERROR - 2026-07-26 16:12:20 --> Telegram controller called
ERROR - 2026-07-26 16:12:20 --> Table 'xkynpbah_titoo.telegram_premium' doesn't exist
CRITICAL - 2026-07-26 16:12:20 --> Table 'xkynpbah_titoo.telegram_premium' doesn't exist
#0 /home/xkynpbah/public_html/vendor/codeigniter4/framework/system/Database/MySQLi/Connection.php(292): mysqli->query('SELECT COUNT(*)...', 0)
#1 /home/xkynpbah/public_html/vendor/codeigniter4/framework/system/Database/BaseConnection.php(670): CodeIgniter\Database\MySQLi\Connection->execute('SELECT COUNT(*)...')
#2 /home/xkynpbah/public_html/vendor/codeigniter4/framework/system/Database/BaseConnection.php(598): CodeIgniter\Database\BaseConnection->simpleQuery('SELECT COUNT(*)...')
#3 /home/xkynpbah/public_html/vendor/codeigniter4/framework/system/Database/BaseBuilder.php(1527): CodeIgniter\Database\BaseConnection->query('SELECT COUNT(*)...', Array, false)
#4 /home/xkynpbah/public_html/app/Controllers/Telegram.php(165): CodeIgniter\Database\BaseBuilder->countAllResults()
#5 /home/xkynpbah/public_html/app/Controllers/Telegram.php(124): App\Controllers\Telegram->askForResetConfirmation(6719727245, 6719727245, Object(stdClass), 'akashbabu', Object(stdClass))
#6 /home/xkynpbah/public_html/vendor/codeigniter4/framework/system/CodeIgniter.php(824): App\Controllers\Telegram->index()
#7 /home/xkynpbah/public_html/vendor/codeigniter4/framework/system/CodeIgniter.php(410): CodeIgniter\CodeIgniter->runController(Object(App\Controllers\Telegram))
#8 /home/xkynpbah/public_html/vendor/codeigniter4/framework/system/CodeIgniter.php(318): CodeIgniter\CodeIgniter->handleRequest(NULL, Object(Config\Cache), false)
#9 /home/xkynpbah/public_html/index.php(37): CodeIgniter\CodeIgniter->run()
#10 {main}
ERROR - 2026-07-26 16:13:51 --> Telegram controller called
ERROR - 2026-07-26 16:13:51 --> Table 'xkynpbah_titoo.telegram_premium' doesn't exist
CRITICAL - 2026-07-26 16:13:51 --> Table 'xkynpbah_titoo.telegram_premium' doesn't exist
#0 /home/xkynpbah/public_html/vendor/codeigniter4/framework/system/Database/MySQLi/Connection.php(292): mysqli->query('SELECT COUNT(*)...', 0)
#1 /home/xkynpbah/public_html/vendor/codeigniter4/framework/system/Database/BaseConnection.php(670): CodeIgniter\Database\MySQLi\Connection->execute('SELECT COUNT(*)...')
#2 /home/xkynpbah/public_html/vendor/codeigniter4/framework/system/Database/BaseConnection.php(598): CodeIgniter\Database\BaseConnection->simpleQuery('SELECT COUNT(*)...')
#3 /home/xkynpbah/public_html/vendor/codeigniter4/framework/system/Database/BaseBuilder.php(1527): CodeIgniter\Database\BaseConnection->query('SELECT COUNT(*)...', Array, false)
#4 /home/xkynpbah/public_html/app/Controllers/Telegram.php(165): CodeIgniter\Database\BaseBuilder->countAllResults()
#5 /home/xkynpbah/public_html/app/Controllers/Telegram.php(124): App\Controllers\Telegram->askForResetConfirmation(6719727245, 6719727245, Object(stdClass), 'akashbabu', Object(stdClass))
#6 /home/xkynpbah/public_html/vendor/codeigniter4/framework/system/CodeIgniter.php(824): App\Controllers\Telegram->index()
#7 /home/xkynpbah/public_html/vendor/codeigniter4/framework/system/CodeIgniter.php(410): CodeIgniter\CodeIgniter->runController(Object(App\Controllers\Telegram))
#8 /home/xkynpbah/public_html/vendor/codeigniter4/framework/system/CodeIgniter.php(318): CodeIgniter\CodeIgniter->handleRequest(NULL, Object(Config\Cache), false)
#9 /home/xkynpbah/public_html/index.php(37): CodeIgniter\CodeIgniter->run()
#10 {main}
ERROR - 2026-07-26 16:14:56 --> Telegram controller called
ERROR - 2026-07-26 16:14:56 --> Table 'xkynpbah_titoo.telegram_premium' doesn't exist
CRITICAL - 2026-07-26 16:14:56 --> Table 'xkynpbah_titoo.telegram_premium' doesn't exist
#0 /home/xkynpbah/public_html/vendor/codeigniter4/framework/system/Database/MySQLi/Connection.php(292): mysqli->query('SELECT COUNT(*)...', 0)
#1 /home/xkynpbah/public_html/vendor/codeigniter4/framework/system/Database/BaseConnection.php(670): CodeIgniter\Database\MySQLi\Connection->execute('SELECT COUNT(*)...')
#2 /home/xkynpbah/public_html/vendor/codeigniter4/framework/system/Database/BaseConnection.php(598): CodeIgniter\Database\BaseConnection->simpleQuery('SELECT COUNT(*)...')
#3 /home/xkynpbah/public_html/vendor/codeigniter4/framework/system/Database/BaseBuilder.php(1527): CodeIgniter\Database\BaseConnection->query('SELECT COUNT(*)...', Array, false)
#4 /home/xkynpbah/public_html/app/Controllers/Telegram.php(165): CodeIgniter\Database\BaseBuilder->countAllResults()
#5 /home/xkynpbah/public_html/app/Controllers/Telegram.php(124): App\Controllers\Telegram->askForResetConfirmation(6719727245, 6719727245, Object(stdClass), 'akashbabu', Object(stdClass))
#6 /home/xkynpbah/public_html/vendor/codeigniter4/framework/system/CodeIgniter.php(824): App\Controllers\Telegram->index()
#7 /home/xkynpbah/public_html/vendor/codeigniter4/framework/system/CodeIgniter.php(410): CodeIgniter\CodeIgniter->runController(Object(App\Controllers\Telegram))
#8 /home/xkynpbah/public_html/vendor/codeigniter4/framework/system/CodeIgniter.php(318): CodeIgniter\CodeIgniter->handleRequest(NULL, Object(Config\Cache), false)
#9 /home/xkynpbah/public_html/index.php(37): CodeIgniter\CodeIgniter->run()
#10 {main}
ERROR - 2026-07-26 16:16:51 --> Telegram controller called
ERROR - 2026-07-26 16:16:51 --> Table 'xkynpbah_titoo.telegram_premium' doesn't exist
CRITICAL - 2026-07-26 16:16:51 --> Table 'xkynpbah_titoo.telegram_premium' doesn't exist
#0 /home/xkynpbah/public_html/vendor/codeigniter4/framework/system/Database/MySQLi/Connection.php(292): mysqli->query('SELECT COUNT(*)...', 0)
#1 /home/xkynpbah/public_html/vendor/codeigniter4/framework/system/Database/BaseConnection.php(670): CodeIgniter\Database\MySQLi\Connection->execute('SELECT COUNT(*)...')
#2 /home/xkynpbah/public_html/vendor/codeigniter4/framework/system/Database/BaseConnection.php(598): CodeIgniter\Database\BaseConnection->simpleQuery('SELECT COUNT(*)...')
#3 /home/xkynpbah/public_html/vendor/codeigniter4/framework/system/Database/BaseBuilder.php(1527): CodeIgniter\Database\BaseConnection->query('SELECT COUNT(*)...', Array, false)
#4 /home/xkynpbah/public_html/app/Controllers/Telegram.php(165): CodeIgniter\Database\BaseBuilder->countAllResults()
#5 /home/xkynpbah/public_html/app/Controllers/Telegram.php(124): App\Controllers\Telegram->askForResetConfirmation(6719727245, 6719727245, Object(stdClass), 'akashbabu', Object(stdClass))
#6 /home/xkynpbah/public_html/vendor/codeigniter4/framework/system/CodeIgniter.php(824): App\Controllers\Telegram->index()
#7 /home/xkynpbah/public_html/vendor/codeigniter4/framework/system/CodeIgniter.php(410): CodeIgniter\CodeIgniter->runController(Object(App\Controllers\Telegram))
#8 /home/xkynpbah/public_html/vendor/codeigniter4/framework/system/CodeIgniter.php(318): CodeIgniter\CodeIgniter->handleRequest(NULL, Object(Config\Cache), false)
#9 /home/xkynpbah/public_html/index.php(37): CodeIgniter\CodeIgniter->run()
#10 {main}
ERROR - 2026-07-26 16:18:49 --> Telegram controller called
ERROR - 2026-07-26 16:18:49 --> Table 'xkynpbah_titoo.telegram_premium' doesn't exist
CRITICAL - 2026-07-26 16:18:49 --> Table 'xkynpbah_titoo.telegram_premium' doesn't exist
#0 /home/xkynpbah/public_html/vendor/codeigniter4/framework/system/Database/MySQLi/Connection.php(292): mysqli->query('SELECT COUNT(*)...', 0)
#1 /home/xkynpbah/public_html/vendor/codeigniter4/framework/system/Database/BaseConnection.php(670): CodeIgniter\Database\MySQLi\Connection->execute('SELECT COUNT(*)...')
#2 /home/xkynpbah/public_html/vendor/codeigniter4/framework/system/Database/BaseConnection.php(598): CodeIgniter\Database\BaseConnection->simpleQuery('SELECT COUNT(*)...')
#3 /home/xkynpbah/public_html/vendor/codeigniter4/framework/system/Database/BaseBuilder.php(1527): CodeIgniter\Database\BaseConnection->query('SELECT COUNT(*)...', Array, false)
#4 /home/xkynpbah/public_html/app/Controllers/Telegram.php(165): CodeIgniter\Database\BaseBuilder->countAllResults()
#5 /home/xkynpbah/public_html/app/Controllers/Telegram.php(124): App\Controllers\Telegram->askForResetConfirmation(6719727245, 6719727245, Object(stdClass), 'akashbabu', Object(stdClass))
#6 /home/xkynpbah/public_html/vendor/codeigniter4/framework/system/CodeIgniter.php(824): App\Controllers\Telegram->index()
#7 /home/xkynpbah/public_html/vendor/codeigniter4/framework/system/CodeIgniter.php(410): CodeIgniter\CodeIgniter->runController(Object(App\Controllers\Telegram))
#8 /home/xkynpbah/public_html/vendor/codeigniter4/framework/system/CodeIgniter.php(318): CodeIgniter\CodeIgniter->handleRequest(NULL, Object(Config\Cache), false)
#9 /home/xkynpbah/public_html/index.php(37): CodeIgniter\CodeIgniter->run()
#10 {main}
ERROR - 2026-07-26 16:20:49 --> Telegram controller called
ERROR - 2026-07-26 16:20:49 --> Table 'xkynpbah_titoo.telegram_premium' doesn't exist
CRITICAL - 2026-07-26 16:20:49 --> Table 'xkynpbah_titoo.telegram_premium' doesn't exist
#0 /home/xkynpbah/public_html/vendor/codeigniter4/framework/system/Database/MySQLi/Connection.php(292): mysqli->query('SELECT COUNT(*)...', 0)
#1 /home/xkynpbah/public_html/vendor/codeigniter4/framework/system/Database/BaseConnection.php(670): CodeIgniter\Database\MySQLi\Connection->execute('SELECT COUNT(*)...')
#2 /home/xkynpbah/public_html/vendor/codeigniter4/framework/system/Database/BaseConnection.php(598): CodeIgniter\Database\BaseConnection->simpleQuery('SELECT COUNT(*)...')
#3 /home/xkynpbah/public_html/vendor/codeigniter4/framework/system/Database/BaseBuilder.php(1527): CodeIgniter\Database\BaseConnection->query('SELECT COUNT(*)...', Array, false)
#4 /home/xkynpbah/public_html/app/Controllers/Telegram.php(165): CodeIgniter\Database\BaseBuilder->countAllResults()
#5 /home/xkynpbah/public_html/app/Controllers/Telegram.php(124): App\Controllers\Telegram->askForResetConfirmation(6719727245, 6719727245, Object(stdClass), 'akashbabu', Object(stdClass))
#6 /home/xkynpbah/public_html/vendor/codeigniter4/framework/system/CodeIgniter.php(824): App\Controllers\Telegram->index()
#7 /home/xkynpbah/public_html/vendor/codeigniter4/framework/system/CodeIgniter.php(410): CodeIgniter\CodeIgniter->runController(Object(App\Controllers\Telegram))
#8 /home/xkynpbah/public_html/vendor/codeigniter4/framework/system/CodeIgniter.php(318): CodeIgniter\CodeIgniter->handleRequest(NULL, Object(Config\Cache), false)
#9 /home/xkynpbah/public_html/index.php(37): CodeIgniter\CodeIgniter->run()
#10 {main}
ERROR - 2026-07-26 16:22:45 --> Telegram controller called
ERROR - 2026-07-26 16:22:45 --> Table 'xkynpbah_titoo.telegram_premium' doesn't exist
CRITICAL - 2026-07-26 16:22:45 --> Table 'xkynpbah_titoo.telegram_premium' doesn't exist
#0 /home/xkynpbah/public_html/vendor/codeigniter4/framework/system/Database/MySQLi/Connection.php(292): mysqli->query('SELECT COUNT(*)...', 0)
#1 /home/xkynpbah/public_html/vendor/codeigniter4/framework/system/Database/BaseConnection.php(670): CodeIgniter\Database\MySQLi\Connection->execute('SELECT COUNT(*)...')
#2 /home/xkynpbah/public_html/vendor/codeigniter4/framework/system/Database/BaseConnection.php(598): CodeIgniter\Database\BaseConnection->simpleQuery('SELECT COUNT(*)...')
#3 /home/xkynpbah/public_html/vendor/codeigniter4/framework/system/Database/BaseBuilder.php(1527): CodeIgniter\Database\BaseConnection->query('SELECT COUNT(*)...', Array, false)
#4 /home/xkynpbah/public_html/app/Controllers/Telegram.php(165): CodeIgniter\Database\BaseBuilder->countAllResults()
#5 /home/xkynpbah/public_html/app/Controllers/Telegram.php(124): App\Controllers\Telegram->askForResetConfirmation(6719727245, 6719727245, Object(stdClass), 'akashbabu', Object(stdClass))
#6 /home/xkynpbah/public_html/vendor/codeigniter4/framework/system/CodeIgniter.php(824): App\Controllers\Telegram->index()
#7 /home/xkynpbah/public_html/vendor/codeigniter4/framework/system/CodeIgniter.php(410): CodeIgniter\CodeIgniter->runController(Object(App\Controllers\Telegram))
#8 /home/xkynpbah/public_html/vendor/codeigniter4/framework/system/CodeIgniter.php(318): CodeIgniter\CodeIgniter->handleRequest(NULL, Object(Config\Cache), false)
#9 /home/xkynpbah/public_html/index.php(37): CodeIgniter\CodeIgniter->run()
#10 {main}
ERROR - 2026-07-26 16:24:18 --> Telegram controller called
ERROR - 2026-07-26 16:24:18 --> Table 'xkynpbah_titoo.telegram_premium' doesn't exist
CRITICAL - 2026-07-26 16:24:18 --> Table 'xkynpbah_titoo.telegram_premium' doesn't exist
#0 /home/xkynpbah/public_html/vendor/codeigniter4/framework/system/Database/MySQLi/Connection.php(292): mysqli->query('SELECT COUNT(*)...', 0)
#1 /home/xkynpbah/public_html/vendor/codeigniter4/framework/system/Database/BaseConnection.php(670): CodeIgniter\Database\MySQLi\Connection->execute('SELECT COUNT(*)...')
#2 /home/xkynpbah/public_html/vendor/codeigniter4/framework/system/Database/BaseConnection.php(598): CodeIgniter\Database\BaseConnection->simpleQuery('SELECT COUNT(*)...')
#3 /home/xkynpbah/public_html/vendor/codeigniter4/framework/system/Database/BaseBuilder.php(1527): CodeIgniter\Database\BaseConnection->query('SELECT COUNT(*)...', Array, false)
#4 /home/xkynpbah/public_html/app/Controllers/Telegram.php(165): CodeIgniter\Database\BaseBuilder->countAllResults()
#5 /home/xkynpbah/public_html/app/Controllers/Telegram.php(124): App\Controllers\Telegram->askForResetConfirmation(6719727245, 6719727245, Object(stdClass), 'akashbabu', Object(stdClass))
#6 /home/xkynpbah/public_html/vendor/codeigniter4/framework/system/CodeIgniter.php(824): App\Controllers\Telegram->index()
#7 /home/xkynpbah/public_html/vendor/codeigniter4/framework/system/CodeIgniter.php(410): CodeIgniter\CodeIgniter->runController(Object(App\Controllers\Telegram))
#8 /home/xkynpbah/public_html/vendor/codeigniter4/framework/system/CodeIgniter.php(318): CodeIgniter\CodeIgniter->handleRequest(NULL, Object(Config\Cache), false)
#9 /home/xkynpbah/public_html/index.php(37): CodeIgniter\CodeIgniter->run()
#10 {main}
ERROR - 2026-07-26 16:25:56 --> Telegram controller called
ERROR - 2026-07-26 16:25:56 --> Table 'xkynpbah_titoo.telegram_premium' doesn't exist
CRITICAL - 2026-07-26 16:25:56 --> Table 'xkynpbah_titoo.telegram_premium' doesn't exist
#0 /home/xkynpbah/public_html/vendor/codeigniter4/framework/system/Database/MySQLi/Connection.php(292): mysqli->query('SELECT COUNT(*)...', 0)
#1 /home/xkynpbah/public_html/vendor/codeigniter4/framework/system/Database/BaseConnection.php(670): CodeIgniter\Database\MySQLi\Connection->execute('SELECT COUNT(*)...')
#2 /home/xkynpbah/public_html/vendor/codeigniter4/framework/system/Database/BaseConnection.php(598): CodeIgniter\Database\BaseConnection->simpleQuery('SELECT COUNT(*)...')
#3 /home/xkynpbah/public_html/vendor/codeigniter4/framework/system/Database/BaseBuilder.php(1527): CodeIgniter\Database\BaseConnection->query('SELECT COUNT(*)...', Array, false)
#4 /home/xkynpbah/public_html/app/Controllers/Telegram.php(165): CodeIgniter\Database\BaseBuilder->countAllResults()
#5 /home/xkynpbah/public_html/app/Controllers/Telegram.php(124): App\Controllers\Telegram->askForResetConfirmation(6719727245, 6719727245, Object(stdClass), 'akashbabu', Object(stdClass))
#6 /home/xkynpbah/public_html/vendor/codeigniter4/framework/system/CodeIgniter.php(824): App\Controllers\Telegram->index()
#7 /home/xkynpbah/public_html/vendor/codeigniter4/framework/system/CodeIgniter.php(410): CodeIgniter\CodeIgniter->runController(Object(App\Controllers\Telegram))
#8 /home/xkynpbah/public_html/vendor/codeigniter4/framework/system/CodeIgniter.php(318): CodeIgniter\CodeIgniter->handleRequest(NULL, Object(Config\Cache), false)
#9 /home/xkynpbah/public_html/index.php(37): CodeIgniter\CodeIgniter->run()
#10 {main}
ERROR - 2026-07-26 16:27:01 --> Telegram controller called
ERROR - 2026-07-26 16:27:01 --> Table 'xkynpbah_titoo.telegram_premium' doesn't exist
CRITICAL - 2026-07-26 16:27:01 --> Table 'xkynpbah_titoo.telegram_premium' doesn't exist
#0 /home/xkynpbah/public_html/vendor/codeigniter4/framework/system/Database/MySQLi/Connection.php(292): mysqli->query('SELECT COUNT(*)...', 0)
#1 /home/xkynpbah/public_html/vendor/codeigniter4/framework/system/Database/BaseConnection.php(670): CodeIgniter\Database\MySQLi\Connection->execute('SELECT COUNT(*)...')
#2 /home/xkynpbah/public_html/vendor/codeigniter4/framework/system/Database/BaseConnection.php(598): CodeIgniter\Database\BaseConnection->simpleQuery('SELECT COUNT(*)...')
#3 /home/xkynpbah/public_html/vendor/codeigniter4/framework/system/Database/BaseBuilder.php(1527): CodeIgniter\Database\BaseConnection->query('SELECT COUNT(*)...', Array, false)
#4 /home/xkynpbah/public_html/app/Controllers/Telegram.php(165): CodeIgniter\Database\BaseBuilder->countAllResults()
#5 /home/xkynpbah/public_html/app/Controllers/Telegram.php(124): App\Controllers\Telegram->askForResetConfirmation(6719727245, 6719727245, Object(stdClass), 'akashbabu', Object(stdClass))
#6 /home/xkynpbah/public_html/vendor/codeigniter4/framework/system/CodeIgniter.php(824): App\Controllers\Telegram->index()
#7 /home/xkynpbah/public_html/vendor/codeigniter4/framework/system/CodeIgniter.php(410): CodeIgniter\CodeIgniter->runController(Object(App\Controllers\Telegram))
#8 /home/xkynpbah/public_html/vendor/codeigniter4/framework/system/CodeIgniter.php(318): CodeIgniter\CodeIgniter->handleRequest(NULL, Object(Config\Cache), false)
#9 /home/xkynpbah/public_html/index.php(37): CodeIgniter\CodeIgniter->run()
#10 {main}
ERROR - 2026-07-26 16:28:37 --> Telegram controller called
ERROR - 2026-07-26 16:28:37 --> Table 'xkynpbah_titoo.telegram_premium' doesn't exist
CRITICAL - 2026-07-26 16:28:37 --> Table 'xkynpbah_titoo.telegram_premium' doesn't exist
#0 /home/xkynpbah/public_html/vendor/codeigniter4/framework/system/Database/MySQLi/Connection.php(292): mysqli->query('SELECT COUNT(*)...', 0)
#1 /home/xkynpbah/public_html/vendor/codeigniter4/framework/system/Database/BaseConnection.php(670): CodeIgniter\Database\MySQLi\Connection->execute('SELECT COUNT(*)...')
#2 /home/xkynpbah/public_html/vendor/codeigniter4/framework/system/Database/BaseConnection.php(598): CodeIgniter\Database\BaseConnection->simpleQuery('SELECT COUNT(*)...')
#3 /home/xkynpbah/public_html/vendor/codeigniter4/framework/system/Database/BaseBuilder.php(1527): CodeIgniter\Database\BaseConnection->query('SELECT COUNT(*)...', Array, false)
#4 /home/xkynpbah/public_html/app/Controllers/Telegram.php(165): CodeIgniter\Database\BaseBuilder->countAllResults()
#5 /home/xkynpbah/public_html/app/Controllers/Telegram.php(124): App\Controllers\Telegram->askForResetConfirmation(6719727245, 6719727245, Object(stdClass), 'akashbabu', Object(stdClass))
#6 /home/xkynpbah/public_html/vendor/codeigniter4/framework/system/CodeIgniter.php(824): App\Controllers\Telegram->index()
#7 /home/xkynpbah/public_html/vendor/codeigniter4/framework/system/CodeIgniter.php(410): CodeIgniter\CodeIgniter->runController(Object(App\Controllers\Telegram))
#8 /home/xkynpbah/public_html/vendor/codeigniter4/framework/system/CodeIgniter.php(318): CodeIgniter\CodeIgniter->handleRequest(NULL, Object(Config\Cache), false)
#9 /home/xkynpbah/public_html/index.php(37): CodeIgniter\CodeIgniter->run()
#10 {main}
ERROR - 2026-07-26 16:29:51 --> Telegram controller called
ERROR - 2026-07-26 16:29:51 --> Table 'xkynpbah_titoo.telegram_premium' doesn't exist
CRITICAL - 2026-07-26 16:29:51 --> Table 'xkynpbah_titoo.telegram_premium' doesn't exist
#0 /home/xkynpbah/public_html/vendor/codeigniter4/framework/system/Database/MySQLi/Connection.php(292): mysqli->query('SELECT COUNT(*)...', 0)
#1 /home/xkynpbah/public_html/vendor/codeigniter4/framework/system/Database/BaseConnection.php(670): CodeIgniter\Database\MySQLi\Connection->execute('SELECT COUNT(*)...')
#2 /home/xkynpbah/public_html/vendor/codeigniter4/framework/system/Database/BaseConnection.php(598): CodeIgniter\Database\BaseConnection->simpleQuery('SELECT COUNT(*)...')
#3 /home/xkynpbah/public_html/vendor/codeigniter4/framework/system/Database/BaseBuilder.php(1527): CodeIgniter\Database\BaseConnection->query('SELECT COUNT(*)...', Array, false)
#4 /home/xkynpbah/public_html/app/Controllers/Telegram.php(165): CodeIgniter\Database\BaseBuilder->countAllResults()
#5 /home/xkynpbah/public_html/app/Controllers/Telegram.php(124): App\Controllers\Telegram->askForResetConfirmation(6719727245, 6719727245, Object(stdClass), 'akashbabu', Object(stdClass))
#6 /home/xkynpbah/public_html/vendor/codeigniter4/framework/system/CodeIgniter.php(824): App\Controllers\Telegram->index()
#7 /home/xkynpbah/public_html/vendor/codeigniter4/framework/system/CodeIgniter.php(410): CodeIgniter\CodeIgniter->runController(Object(App\Controllers\Telegram))
#8 /home/xkynpbah/public_html/vendor/codeigniter4/framework/system/CodeIgniter.php(318): CodeIgniter\CodeIgniter->handleRequest(NULL, Object(Config\Cache), false)
#9 /home/xkynpbah/public_html/index.php(37): CodeIgniter\CodeIgniter->run()
#10 {main}
ERROR - 2026-07-26 16:30:58 --> Telegram controller called
ERROR - 2026-07-26 16:30:58 --> Table 'xkynpbah_titoo.telegram_premium' doesn't exist
CRITICAL - 2026-07-26 16:30:58 --> Table 'xkynpbah_titoo.telegram_premium' doesn't exist
#0 /home/xkynpbah/public_html/vendor/codeigniter4/framework/system/Database/MySQLi/Connection.php(292): mysqli->query('SELECT COUNT(*)...', 0)
#1 /home/xkynpbah/public_html/vendor/codeigniter4/framework/system/Database/BaseConnection.php(670): CodeIgniter\Database\MySQLi\Connection->execute('SELECT COUNT(*)...')
#2 /home/xkynpbah/public_html/vendor/codeigniter4/framework/system/Database/BaseConnection.php(598): CodeIgniter\Database\BaseConnection->simpleQuery('SELECT COUNT(*)...')
#3 /home/xkynpbah/public_html/vendor/codeigniter4/framework/system/Database/BaseBuilder.php(1527): CodeIgniter\Database\BaseConnection->query('SELECT COUNT(*)...', Array, false)
#4 /home/xkynpbah/public_html/app/Controllers/Telegram.php(165): CodeIgniter\Database\BaseBuilder->countAllResults()
#5 /home/xkynpbah/public_html/app/Controllers/Telegram.php(124): App\Controllers\Telegram->askForResetConfirmation(6719727245, 6719727245, Object(stdClass), 'akashbabu', Object(stdClass))
#6 /home/xkynpbah/public_html/vendor/codeigniter4/framework/system/CodeIgniter.php(824): App\Controllers\Telegram->index()
#7 /home/xkynpbah/public_html/vendor/codeigniter4/framework/system/CodeIgniter.php(410): CodeIgniter\CodeIgniter->runController(Object(App\Controllers\Telegram))
#8 /home/xkynpbah/public_html/vendor/codeigniter4/framework/system/CodeIgniter.php(318): CodeIgniter\CodeIgniter->handleRequest(NULL, Object(Config\Cache), false)
#9 /home/xkynpbah/public_html/index.php(37): CodeIgniter\CodeIgniter->run()
#10 {main}
ERROR - 2026-07-26 16:32:51 --> Telegram controller called
ERROR - 2026-07-26 16:32:51 --> Table 'xkynpbah_titoo.telegram_premium' doesn't exist
CRITICAL - 2026-07-26 16:32:51 --> Table 'xkynpbah_titoo.telegram_premium' doesn't exist
#0 /home/xkynpbah/public_html/vendor/codeigniter4/framework/system/Database/MySQLi/Connection.php(292): mysqli->query('SELECT COUNT(*)...', 0)
#1 /home/xkynpbah/public_html/vendor/codeigniter4/framework/system/Database/BaseConnection.php(670): CodeIgniter\Database\MySQLi\Connection->execute('SELECT COUNT(*)...')
#2 /home/xkynpbah/public_html/vendor/codeigniter4/framework/system/Database/BaseConnection.php(598): CodeIgniter\Database\BaseConnection->simpleQuery('SELECT COUNT(*)...')
#3 /home/xkynpbah/public_html/vendor/codeigniter4/framework/system/Database/BaseBuilder.php(1527): CodeIgniter\Database\BaseConnection->query('SELECT COUNT(*)...', Array, false)
#4 /home/xkynpbah/public_html/app/Controllers/Telegram.php(165): CodeIgniter\Database\BaseBuilder->countAllResults()
#5 /home/xkynpbah/public_html/app/Controllers/Telegram.php(124): App\Controllers\Telegram->askForResetConfirmation(6719727245, 6719727245, Object(stdClass), 'akashbabu', Object(stdClass))
#6 /home/xkynpbah/public_html/vendor/codeigniter4/framework/system/CodeIgniter.php(824): App\Controllers\Telegram->index()
#7 /home/xkynpbah/public_html/vendor/codeigniter4/framework/system/CodeIgniter.php(410): CodeIgniter\CodeIgniter->runController(Object(App\Controllers\Telegram))
#8 /home/xkynpbah/public_html/vendor/codeigniter4/framework/system/CodeIgniter.php(318): CodeIgniter\CodeIgniter->handleRequest(NULL, Object(Config\Cache), false)
#9 /home/xkynpbah/public_html/index.php(37): CodeIgniter\CodeIgniter->run()
#10 {main}
ERROR - 2026-07-26 16:33:54 --> Telegram controller called
ERROR - 2026-07-26 16:33:54 --> Table 'xkynpbah_titoo.telegram_premium' doesn't exist
CRITICAL - 2026-07-26 16:33:54 --> Table 'xkynpbah_titoo.telegram_premium' doesn't exist
#0 /home/xkynpbah/public_html/vendor/codeigniter4/framework/system/Database/MySQLi/Connection.php(292): mysqli->query('SELECT COUNT(*)...', 0)
#1 /home/xkynpbah/public_html/vendor/codeigniter4/framework/system/Database/BaseConnection.php(670): CodeIgniter\Database\MySQLi\Connection->execute('SELECT COUNT(*)...')
#2 /home/xkynpbah/public_html/vendor/codeigniter4/framework/system/Database/BaseConnection.php(598): CodeIgniter\Database\BaseConnection->simpleQuery('SELECT COUNT(*)...')
#3 /home/xkynpbah/public_html/vendor/codeigniter4/framework/system/Database/BaseBuilder.php(1527): CodeIgniter\Database\BaseConnection->query('SELECT COUNT(*)...', Array, false)
#4 /home/xkynpbah/public_html/app/Controllers/Telegram.php(165): CodeIgniter\Database\BaseBuilder->countAllResults()
#5 /home/xkynpbah/public_html/app/Controllers/Telegram.php(124): App\Controllers\Telegram->askForResetConfirmation(6719727245, 6719727245, Object(stdClass), 'akashbabu', Object(stdClass))
#6 /home/xkynpbah/public_html/vendor/codeigniter4/framework/system/CodeIgniter.php(824): App\Controllers\Telegram->index()
#7 /home/xkynpbah/public_html/vendor/codeigniter4/framework/system/CodeIgniter.php(410): CodeIgniter\CodeIgniter->runController(Object(App\Controllers\Telegram))
#8 /home/xkynpbah/public_html/vendor/codeigniter4/framework/system/CodeIgniter.php(318): CodeIgniter\CodeIgniter->handleRequest(NULL, Object(Config\Cache), false)
#9 /home/xkynpbah/public_html/index.php(37): CodeIgniter\CodeIgniter->run()
#10 {main}
ERROR - 2026-07-26 16:35:47 --> Telegram controller called
ERROR - 2026-07-26 16:35:47 --> Table 'xkynpbah_titoo.telegram_premium' doesn't exist
CRITICAL - 2026-07-26 16:35:47 --> Table 'xkynpbah_titoo.telegram_premium' doesn't exist
#0 /home/xkynpbah/public_html/vendor/codeigniter4/framework/system/Database/MySQLi/Connection.php(292): mysqli->query('SELECT COUNT(*)...', 0)
#1 /home/xkynpbah/public_html/vendor/codeigniter4/framework/system/Database/BaseConnection.php(670): CodeIgniter\Database\MySQLi\Connection->execute('SELECT COUNT(*)...')
#2 /home/xkynpbah/public_html/vendor/codeigniter4/framework/system/Database/BaseConnection.php(598): CodeIgniter\Database\BaseConnection->simpleQuery('SELECT COUNT(*)...')
#3 /home/xkynpbah/public_html/vendor/codeigniter4/framework/system/Database/BaseBuilder.php(1527): CodeIgniter\Database\BaseConnection->query('SELECT COUNT(*)...', Array, false)
#4 /home/xkynpbah/public_html/app/Controllers/Telegram.php(165): CodeIgniter\Database\BaseBuilder->countAllResults()
#5 /home/xkynpbah/public_html/app/Controllers/Telegram.php(124): App\Controllers\Telegram->askForResetConfirmation(6719727245, 6719727245, Object(stdClass), 'akashbabu', Object(stdClass))
#6 /home/xkynpbah/public_html/vendor/codeigniter4/framework/system/CodeIgniter.php(824): App\Controllers\Telegram->index()
#7 /home/xkynpbah/public_html/vendor/codeigniter4/framework/system/CodeIgniter.php(410): CodeIgniter\CodeIgniter->runController(Object(App\Controllers\Telegram))
#8 /home/xkynpbah/public_html/vendor/codeigniter4/framework/system/CodeIgniter.php(318): CodeIgniter\CodeIgniter->handleRequest(NULL, Object(Config\Cache), false)
#9 /home/xkynpbah/public_html/index.php(37): CodeIgniter\CodeIgniter->run()
#10 {main}
ERROR - 2026-07-26 16:37:17 --> Telegram controller called
ERROR - 2026-07-26 16:37:17 --> Table 'xkynpbah_titoo.telegram_premium' doesn't exist
CRITICAL - 2026-07-26 16:37:17 --> Table 'xkynpbah_titoo.telegram_premium' doesn't exist
#0 /home/xkynpbah/public_html/vendor/codeigniter4/framework/system/Database/MySQLi/Connection.php(292): mysqli->query('SELECT COUNT(*)...', 0)
#1 /home/xkynpbah/public_html/vendor/codeigniter4/framework/system/Database/BaseConnection.php(670): CodeIgniter\Database\MySQLi\Connection->execute('SELECT COUNT(*)...')
#2 /home/xkynpbah/public_html/vendor/codeigniter4/framework/system/Database/BaseConnection.php(598): CodeIgniter\Database\BaseConnection->simpleQuery('SELECT COUNT(*)...')
#3 /home/xkynpbah/public_html/vendor/codeigniter4/framework/system/Database/BaseBuilder.php(1527): CodeIgniter\Database\BaseConnection->query('SELECT COUNT(*)...', Array, false)
#4 /home/xkynpbah/public_html/app/Controllers/Telegram.php(165): CodeIgniter\Database\BaseBuilder->countAllResults()
#5 /home/xkynpbah/public_html/app/Controllers/Telegram.php(124): App\Controllers\Telegram->askForResetConfirmation(6719727245, 6719727245, Object(stdClass), 'akashbabu', Object(stdClass))
#6 /home/xkynpbah/public_html/vendor/codeigniter4/framework/system/CodeIgniter.php(824): App\Controllers\Telegram->index()
#7 /home/xkynpbah/public_html/vendor/codeigniter4/framework/system/CodeIgniter.php(410): CodeIgniter\CodeIgniter->runController(Object(App\Controllers\Telegram))
#8 /home/xkynpbah/public_html/vendor/codeigniter4/framework/system/CodeIgniter.php(318): CodeIgniter\CodeIgniter->handleRequest(NULL, Object(Config\Cache), false)
#9 /home/xkynpbah/public_html/index.php(37): CodeIgniter\CodeIgniter->run()
#10 {main}
ERROR - 2026-07-26 16:38:18 --> Telegram controller called
ERROR - 2026-07-26 16:38:18 --> Table 'xkynpbah_titoo.telegram_premium' doesn't exist
CRITICAL - 2026-07-26 16:38:18 --> Table 'xkynpbah_titoo.telegram_premium' doesn't exist
#0 /home/xkynpbah/public_html/vendor/codeigniter4/framework/system/Database/MySQLi/Connection.php(292): mysqli->query('SELECT COUNT(*)...', 0)
#1 /home/xkynpbah/public_html/vendor/codeigniter4/framework/system/Database/BaseConnection.php(670): CodeIgniter\Database\MySQLi\Connection->execute('SELECT COUNT(*)...')
#2 /home/xkynpbah/public_html/vendor/codeigniter4/framework/system/Database/BaseConnection.php(598): CodeIgniter\Database\BaseConnection->simpleQuery('SELECT COUNT(*)...')
#3 /home/xkynpbah/public_html/vendor/codeigniter4/framework/system/Database/BaseBuilder.php(1527): CodeIgniter\Database\BaseConnection->query('SELECT COUNT(*)...', Array, false)
#4 /home/xkynpbah/public_html/app/Controllers/Telegram.php(165): CodeIgniter\Database\BaseBuilder->countAllResults()
#5 /home/xkynpbah/public_html/app/Controllers/Telegram.php(124): App\Controllers\Telegram->askForResetConfirmation(6719727245, 6719727245, Object(stdClass), 'akashbabu', Object(stdClass))
#6 /home/xkynpbah/public_html/vendor/codeigniter4/framework/system/CodeIgniter.php(824): App\Controllers\Telegram->index()
#7 /home/xkynpbah/public_html/vendor/codeigniter4/framework/system/CodeIgniter.php(410): CodeIgniter\CodeIgniter->runController(Object(App\Controllers\Telegram))
#8 /home/xkynpbah/public_html/vendor/codeigniter4/framework/system/CodeIgniter.php(318): CodeIgniter\CodeIgniter->handleRequest(NULL, Object(Config\Cache), false)
#9 /home/xkynpbah/public_html/index.php(37): CodeIgniter\CodeIgniter->run()
#10 {main}
ERROR - 2026-07-26 16:39:18 --> Telegram controller called
ERROR - 2026-07-26 16:39:18 --> Table 'xkynpbah_titoo.telegram_premium' doesn't exist
CRITICAL - 2026-07-26 16:39:18 --> Table 'xkynpbah_titoo.telegram_premium' doesn't exist
#0 /home/xkynpbah/public_html/vendor/codeigniter4/framework/system/Database/MySQLi/Connection.php(292): mysqli->query('SELECT COUNT(*)...', 0)
#1 /home/xkynpbah/public_html/vendor/codeigniter4/framework/system/Database/BaseConnection.php(670): CodeIgniter\Database\MySQLi\Connection->execute('SELECT COUNT(*)...')
#2 /home/xkynpbah/public_html/vendor/codeigniter4/framework/system/Database/BaseConnection.php(598): CodeIgniter\Database\BaseConnection->simpleQuery('SELECT COUNT(*)...')
#3 /home/xkynpbah/public_html/vendor/codeigniter4/framework/system/Database/BaseBuilder.php(1527): CodeIgniter\Database\BaseConnection->query('SELECT COUNT(*)...', Array, false)
#4 /home/xkynpbah/public_html/app/Controllers/Telegram.php(165): CodeIgniter\Database\BaseBuilder->countAllResults()
#5 /home/xkynpbah/public_html/app/Controllers/Telegram.php(124): App\Controllers\Telegram->askForResetConfirmation(6719727245, 6719727245, Object(stdClass), 'akashbabu', Object(stdClass))
#6 /home/xkynpbah/public_html/vendor/codeigniter4/framework/system/CodeIgniter.php(824): App\Controllers\Telegram->index()
#7 /home/xkynpbah/public_html/vendor/codeigniter4/framework/system/CodeIgniter.php(410): CodeIgniter\CodeIgniter->runController(Object(App\Controllers\Telegram))
#8 /home/xkynpbah/public_html/vendor/codeigniter4/framework/system/CodeIgniter.php(318): CodeIgniter\CodeIgniter->handleRequest(NULL, Object(Config\Cache), false)
#9 /home/xkynpbah/public_html/index.php(37): CodeIgniter\CodeIgniter->run()
#10 {main}
ERROR - 2026-07-26 16:40:41 --> Telegram controller called
ERROR - 2026-07-26 16:40:41 --> Table 'xkynpbah_titoo.telegram_premium' doesn't exist
CRITICAL - 2026-07-26 16:40:41 --> Table 'xkynpbah_titoo.telegram_premium' doesn't exist
#0 /home/xkynpbah/public_html/vendor/codeigniter4/framework/system/Database/MySQLi/Connection.php(292): mysqli->query('SELECT COUNT(*)...', 0)
#1 /home/xkynpbah/public_html/vendor/codeigniter4/framework/system/Database/BaseConnection.php(670): CodeIgniter\Database\MySQLi\Connection->execute('SELECT COUNT(*)...')
#2 /home/xkynpbah/public_html/vendor/codeigniter4/framework/system/Database/BaseConnection.php(598): CodeIgniter\Database\BaseConnection->simpleQuery('SELECT COUNT(*)...')
#3 /home/xkynpbah/public_html/vendor/codeigniter4/framework/system/Database/BaseBuilder.php(1527): CodeIgniter\Database\BaseConnection->query('SELECT COUNT(*)...', Array, false)
#4 /home/xkynpbah/public_html/app/Controllers/Telegram.php(165): CodeIgniter\Database\BaseBuilder->countAllResults()
#5 /home/xkynpbah/public_html/app/Controllers/Telegram.php(124): App\Controllers\Telegram->askForResetConfirmation(6719727245, 6719727245, Object(stdClass), 'akashbabu', Object(stdClass))
#6 /home/xkynpbah/public_html/vendor/codeigniter4/framework/system/CodeIgniter.php(824): App\Controllers\Telegram->index()
#7 /home/xkynpbah/public_html/vendor/codeigniter4/framework/system/CodeIgniter.php(410): CodeIgniter\CodeIgniter->runController(Object(App\Controllers\Telegram))
#8 /home/xkynpbah/public_html/vendor/codeigniter4/framework/system/CodeIgniter.php(318): CodeIgniter\CodeIgniter->handleRequest(NULL, Object(Config\Cache), false)
#9 /home/xkynpbah/public_html/index.php(37): CodeIgniter\CodeIgniter->run()
#10 {main}
ERROR - 2026-07-26 16:42:05 --> Telegram controller called
ERROR - 2026-07-26 16:42:05 --> Table 'xkynpbah_titoo.telegram_premium' doesn't exist
CRITICAL - 2026-07-26 16:42:05 --> Table 'xkynpbah_titoo.telegram_premium' doesn't exist
#0 /home/xkynpbah/public_html/vendor/codeigniter4/framework/system/Database/MySQLi/Connection.php(292): mysqli->query('SELECT COUNT(*)...', 0)
#1 /home/xkynpbah/public_html/vendor/codeigniter4/framework/system/Database/BaseConnection.php(670): CodeIgniter\Database\MySQLi\Connection->execute('SELECT COUNT(*)...')
#2 /home/xkynpbah/public_html/vendor/codeigniter4/framework/system/Database/BaseConnection.php(598): CodeIgniter\Database\BaseConnection->simpleQuery('SELECT COUNT(*)...')
#3 /home/xkynpbah/public_html/vendor/codeigniter4/framework/system/Database/BaseBuilder.php(1527): CodeIgniter\Database\BaseConnection->query('SELECT COUNT(*)...', Array, false)
#4 /home/xkynpbah/public_html/app/Controllers/Telegram.php(165): CodeIgniter\Database\BaseBuilder->countAllResults()
#5 /home/xkynpbah/public_html/app/Controllers/Telegram.php(124): App\Controllers\Telegram->askForResetConfirmation(6719727245, 6719727245, Object(stdClass), 'akashbabu', Object(stdClass))
#6 /home/xkynpbah/public_html/vendor/codeigniter4/framework/system/CodeIgniter.php(824): App\Controllers\Telegram->index()
#7 /home/xkynpbah/public_html/vendor/codeigniter4/framework/system/CodeIgniter.php(410): CodeIgniter\CodeIgniter->runController(Object(App\Controllers\Telegram))
#8 /home/xkynpbah/public_html/vendor/codeigniter4/framework/system/CodeIgniter.php(318): CodeIgniter\CodeIgniter->handleRequest(NULL, Object(Config\Cache), false)
#9 /home/xkynpbah/public_html/index.php(37): CodeIgniter\CodeIgniter->run()
#10 {main}
ERROR - 2026-07-26 16:43:38 --> Telegram controller called
ERROR - 2026-07-26 16:43:38 --> Table 'xkynpbah_titoo.telegram_premium' doesn't exist
CRITICAL - 2026-07-26 16:43:38 --> Table 'xkynpbah_titoo.telegram_premium' doesn't exist
#0 /home/xkynpbah/public_html/vendor/codeigniter4/framework/system/Database/MySQLi/Connection.php(292): mysqli->query('SELECT COUNT(*)...', 0)
#1 /home/xkynpbah/public_html/vendor/codeigniter4/framework/system/Database/BaseConnection.php(670): CodeIgniter\Database\MySQLi\Connection->execute('SELECT COUNT(*)...')
#2 /home/xkynpbah/public_html/vendor/codeigniter4/framework/system/Database/BaseConnection.php(598): CodeIgniter\Database\BaseConnection->simpleQuery('SELECT COUNT(*)...')
#3 /home/xkynpbah/public_html/vendor/codeigniter4/framework/system/Database/BaseBuilder.php(1527): CodeIgniter\Database\BaseConnection->query('SELECT COUNT(*)...', Array, false)
#4 /home/xkynpbah/public_html/app/Controllers/Telegram.php(165): CodeIgniter\Database\BaseBuilder->countAllResults()
#5 /home/xkynpbah/public_html/app/Controllers/Telegram.php(124): App\Controllers\Telegram->askForResetConfirmation(6719727245, 6719727245, Object(stdClass), 'akashbabu', Object(stdClass))
#6 /home/xkynpbah/public_html/vendor/codeigniter4/framework/system/CodeIgniter.php(824): App\Controllers\Telegram->index()
#7 /home/xkynpbah/public_html/vendor/codeigniter4/framework/system/CodeIgniter.php(410): CodeIgniter\CodeIgniter->runController(Object(App\Controllers\Telegram))
#8 /home/xkynpbah/public_html/vendor/codeigniter4/framework/system/CodeIgniter.php(318): CodeIgniter\CodeIgniter->handleRequest(NULL, Object(Config\Cache), false)
#9 /home/xkynpbah/public_html/index.php(37): CodeIgniter\CodeIgniter->run()
#10 {main}
ERROR - 2026-07-26 16:45:18 --> Telegram controller called
ERROR - 2026-07-26 16:45:18 --> Table 'xkynpbah_titoo.telegram_premium' doesn't exist
CRITICAL - 2026-07-26 16:45:18 --> Table 'xkynpbah_titoo.telegram_premium' doesn't exist
#0 /home/xkynpbah/public_html/vendor/codeigniter4/framework/system/Database/MySQLi/Connection.php(292): mysqli->query('SELECT COUNT(*)...', 0)
#1 /home/xkynpbah/public_html/vendor/codeigniter4/framework/system/Database/BaseConnection.php(670): CodeIgniter\Database\MySQLi\Connection->execute('SELECT COUNT(*)...')
#2 /home/xkynpbah/public_html/vendor/codeigniter4/framework/system/Database/BaseConnection.php(598): CodeIgniter\Database\BaseConnection->simpleQuery('SELECT COUNT(*)...')
#3 /home/xkynpbah/public_html/vendor/codeigniter4/framework/system/Database/BaseBuilder.php(1527): CodeIgniter\Database\BaseConnection->query('SELECT COUNT(*)...', Array, false)
#4 /home/xkynpbah/public_html/app/Controllers/Telegram.php(165): CodeIgniter\Database\BaseBuilder->countAllResults()
#5 /home/xkynpbah/public_html/app/Controllers/Telegram.php(124): App\Controllers\Telegram->askForResetConfirmation(6719727245, 6719727245, Object(stdClass), 'akashbabu', Object(stdClass))
#6 /home/xkynpbah/public_html/vendor/codeigniter4/framework/system/CodeIgniter.php(824): App\Controllers\Telegram->index()
#7 /home/xkynpbah/public_html/vendor/codeigniter4/framework/system/CodeIgniter.php(410): CodeIgniter\CodeIgniter->runController(Object(App\Controllers\Telegram))
#8 /home/xkynpbah/public_html/vendor/codeigniter4/framework/system/CodeIgniter.php(318): CodeIgniter\CodeIgniter->handleRequest(NULL, Object(Config\Cache), false)
#9 /home/xkynpbah/public_html/index.php(37): CodeIgniter\CodeIgniter->run()
#10 {main}
ERROR - 2026-07-26 16:46:56 --> Telegram controller called
ERROR - 2026-07-26 16:46:56 --> Table 'xkynpbah_titoo.telegram_premium' doesn't exist
CRITICAL - 2026-07-26 16:46:56 --> Table 'xkynpbah_titoo.telegram_premium' doesn't exist
#0 /home/xkynpbah/public_html/vendor/codeigniter4/framework/system/Database/MySQLi/Connection.php(292): mysqli->query('SELECT COUNT(*)...', 0)
#1 /home/xkynpbah/public_html/vendor/codeigniter4/framework/system/Database/BaseConnection.php(670): CodeIgniter\Database\MySQLi\Connection->execute('SELECT COUNT(*)...')
#2 /home/xkynpbah/public_html/vendor/codeigniter4/framework/system/Database/BaseConnection.php(598): CodeIgniter\Database\BaseConnection->simpleQuery('SELECT COUNT(*)...')
#3 /home/xkynpbah/public_html/vendor/codeigniter4/framework/system/Database/BaseBuilder.php(1527): CodeIgniter\Database\BaseConnection->query('SELECT COUNT(*)...', Array, false)
#4 /home/xkynpbah/public_html/app/Controllers/Telegram.php(165): CodeIgniter\Database\BaseBuilder->countAllResults()
#5 /home/xkynpbah/public_html/app/Controllers/Telegram.php(124): App\Controllers\Telegram->askForResetConfirmation(6719727245, 6719727245, Object(stdClass), 'akashbabu', Object(stdClass))
#6 /home/xkynpbah/public_html/vendor/codeigniter4/framework/system/CodeIgniter.php(824): App\Controllers\Telegram->index()
#7 /home/xkynpbah/public_html/vendor/codeigniter4/framework/system/CodeIgniter.php(410): CodeIgniter\CodeIgniter->runController(Object(App\Controllers\Telegram))
#8 /home/xkynpbah/public_html/vendor/codeigniter4/framework/system/CodeIgniter.php(318): CodeIgniter\CodeIgniter->handleRequest(NULL, Object(Config\Cache), false)
#9 /home/xkynpbah/public_html/index.php(37): CodeIgniter\CodeIgniter->run()
#10 {main}
ERROR - 2026-07-26 16:48:38 --> Telegram controller called
ERROR - 2026-07-26 16:48:38 --> Table 'xkynpbah_titoo.telegram_premium' doesn't exist
CRITICAL - 2026-07-26 16:48:38 --> Table 'xkynpbah_titoo.telegram_premium' doesn't exist
#0 /home/xkynpbah/public_html/vendor/codeigniter4/framework/system/Database/MySQLi/Connection.php(292): mysqli->query('SELECT COUNT(*)...', 0)
#1 /home/xkynpbah/public_html/vendor/codeigniter4/framework/system/Database/BaseConnection.php(670): CodeIgniter\Database\MySQLi\Connection->execute('SELECT COUNT(*)...')
#2 /home/xkynpbah/public_html/vendor/codeigniter4/framework/system/Database/BaseConnection.php(598): CodeIgniter\Database\BaseConnection->simpleQuery('SELECT COUNT(*)...')
#3 /home/xkynpbah/public_html/vendor/codeigniter4/framework/system/Database/BaseBuilder.php(1527): CodeIgniter\Database\BaseConnection->query('SELECT COUNT(*)...', Array, false)
#4 /home/xkynpbah/public_html/app/Controllers/Telegram.php(165): CodeIgniter\Database\BaseBuilder->countAllResults()
#5 /home/xkynpbah/public_html/app/Controllers/Telegram.php(124): App\Controllers\Telegram->askForResetConfirmation(6719727245, 6719727245, Object(stdClass), 'akashbabu', Object(stdClass))
#6 /home/xkynpbah/public_html/vendor/codeigniter4/framework/system/CodeIgniter.php(824): App\Controllers\Telegram->index()
#7 /home/xkynpbah/public_html/vendor/codeigniter4/framework/system/CodeIgniter.php(410): CodeIgniter\CodeIgniter->runController(Object(App\Controllers\Telegram))
#8 /home/xkynpbah/public_html/vendor/codeigniter4/framework/system/CodeIgniter.php(318): CodeIgniter\CodeIgniter->handleRequest(NULL, Object(Config\Cache), false)
#9 /home/xkynpbah/public_html/index.php(37): CodeIgniter\CodeIgniter->run()
#10 {main}
ERROR - 2026-07-26 16:49:57 --> Telegram controller called
ERROR - 2026-07-26 16:49:57 --> Table 'xkynpbah_titoo.telegram_premium' doesn't exist
CRITICAL - 2026-07-26 16:49:57 --> Table 'xkynpbah_titoo.telegram_premium' doesn't exist
#0 /home/xkynpbah/public_html/vendor/codeigniter4/framework/system/Database/MySQLi/Connection.php(292): mysqli->query('SELECT COUNT(*)...', 0)
#1 /home/xkynpbah/public_html/vendor/codeigniter4/framework/system/Database/BaseConnection.php(670): CodeIgniter\Database\MySQLi\Connection->execute('SELECT COUNT(*)...')
#2 /home/xkynpbah/public_html/vendor/codeigniter4/framework/system/Database/BaseConnection.php(598): CodeIgniter\Database\BaseConnection->simpleQuery('SELECT COUNT(*)...')
#3 /home/xkynpbah/public_html/vendor/codeigniter4/framework/system/Database/BaseBuilder.php(1527): CodeIgniter\Database\BaseConnection->query('SELECT COUNT(*)...', Array, false)
#4 /home/xkynpbah/public_html/app/Controllers/Telegram.php(165): CodeIgniter\Database\BaseBuilder->countAllResults()
#5 /home/xkynpbah/public_html/app/Controllers/Telegram.php(124): App\Controllers\Telegram->askForResetConfirmation(6719727245, 6719727245, Object(stdClass), 'akashbabu', Object(stdClass))
#6 /home/xkynpbah/public_html/vendor/codeigniter4/framework/system/CodeIgniter.php(824): App\Controllers\Telegram->index()
#7 /home/xkynpbah/public_html/vendor/codeigniter4/framework/system/CodeIgniter.php(410): CodeIgniter\CodeIgniter->runController(Object(App\Controllers\Telegram))
#8 /home/xkynpbah/public_html/vendor/codeigniter4/framework/system/CodeIgniter.php(318): CodeIgniter\CodeIgniter->handleRequest(NULL, Object(Config\Cache), false)
#9 /home/xkynpbah/public_html/index.php(37): CodeIgniter\CodeIgniter->run()
#10 {main}
ERROR - 2026-07-26 16:51:09 --> Telegram controller called
ERROR - 2026-07-26 16:51:09 --> Table 'xkynpbah_titoo.telegram_premium' doesn't exist
CRITICAL - 2026-07-26 16:51:09 --> Table 'xkynpbah_titoo.telegram_premium' doesn't exist
#0 /home/xkynpbah/public_html/vendor/codeigniter4/framework/system/Database/MySQLi/Connection.php(292): mysqli->query('SELECT COUNT(*)...', 0)
#1 /home/xkynpbah/public_html/vendor/codeigniter4/framework/system/Database/BaseConnection.php(670): CodeIgniter\Database\MySQLi\Connection->execute('SELECT COUNT(*)...')
#2 /home/xkynpbah/public_html/vendor/codeigniter4/framework/system/Database/BaseConnection.php(598): CodeIgniter\Database\BaseConnection->simpleQuery('SELECT COUNT(*)...')
#3 /home/xkynpbah/public_html/vendor/codeigniter4/framework/system/Database/BaseBuilder.php(1527): CodeIgniter\Database\BaseConnection->query('SELECT COUNT(*)...', Array, false)
#4 /home/xkynpbah/public_html/app/Controllers/Telegram.php(165): CodeIgniter\Database\BaseBuilder->countAllResults()
#5 /home/xkynpbah/public_html/app/Controllers/Telegram.php(124): App\Controllers\Telegram->askForResetConfirmation(6719727245, 6719727245, Object(stdClass), 'akashbabu', Object(stdClass))
#6 /home/xkynpbah/public_html/vendor/codeigniter4/framework/system/CodeIgniter.php(824): App\Controllers\Telegram->index()
#7 /home/xkynpbah/public_html/vendor/codeigniter4/framework/system/CodeIgniter.php(410): CodeIgniter\CodeIgniter->runController(Object(App\Controllers\Telegram))
#8 /home/xkynpbah/public_html/vendor/codeigniter4/framework/system/CodeIgniter.php(318): CodeIgniter\CodeIgniter->handleRequest(NULL, Object(Config\Cache), false)
#9 /home/xkynpbah/public_html/index.php(37): CodeIgniter\CodeIgniter->run()
#10 {main}
ERROR - 2026-07-26 16:52:20 --> Telegram controller called
ERROR - 2026-07-26 16:52:20 --> Table 'xkynpbah_titoo.telegram_premium' doesn't exist
CRITICAL - 2026-07-26 16:52:20 --> Table 'xkynpbah_titoo.telegram_premium' doesn't exist
#0 /home/xkynpbah/public_html/vendor/codeigniter4/framework/system/Database/MySQLi/Connection.php(292): mysqli->query('SELECT COUNT(*)...', 0)
#1 /home/xkynpbah/public_html/vendor/codeigniter4/framework/system/Database/BaseConnection.php(670): CodeIgniter\Database\MySQLi\Connection->execute('SELECT COUNT(*)...')
#2 /home/xkynpbah/public_html/vendor/codeigniter4/framework/system/Database/BaseConnection.php(598): CodeIgniter\Database\BaseConnection->simpleQuery('SELECT COUNT(*)...')
#3 /home/xkynpbah/public_html/vendor/codeigniter4/framework/system/Database/BaseBuilder.php(1527): CodeIgniter\Database\BaseConnection->query('SELECT COUNT(*)...', Array, false)
#4 /home/xkynpbah/public_html/app/Controllers/Telegram.php(165): CodeIgniter\Database\BaseBuilder->countAllResults()
#5 /home/xkynpbah/public_html/app/Controllers/Telegram.php(124): App\Controllers\Telegram->askForResetConfirmation(6719727245, 6719727245, Object(stdClass), 'akashbabu', Object(stdClass))
#6 /home/xkynpbah/public_html/vendor/codeigniter4/framework/system/CodeIgniter.php(824): App\Controllers\Telegram->index()
#7 /home/xkynpbah/public_html/vendor/codeigniter4/framework/system/CodeIgniter.php(410): CodeIgniter\CodeIgniter->runController(Object(App\Controllers\Telegram))
#8 /home/xkynpbah/public_html/vendor/codeigniter4/framework/system/CodeIgniter.php(318): CodeIgniter\CodeIgniter->handleRequest(NULL, Object(Config\Cache), false)
#9 /home/xkynpbah/public_html/index.php(37): CodeIgniter\CodeIgniter->run()
#10 {main}
ERROR - 2026-07-26 16:53:55 --> Telegram controller called
ERROR - 2026-07-26 16:53:55 --> Table 'xkynpbah_titoo.telegram_premium' doesn't exist
CRITICAL - 2026-07-26 16:53:55 --> Table 'xkynpbah_titoo.telegram_premium' doesn't exist
#0 /home/xkynpbah/public_html/vendor/codeigniter4/framework/system/Database/MySQLi/Connection.php(292): mysqli->query('SELECT COUNT(*)...', 0)
#1 /home/xkynpbah/public_html/vendor/codeigniter4/framework/system/Database/BaseConnection.php(670): CodeIgniter\Database\MySQLi\Connection->execute('SELECT COUNT(*)...')
#2 /home/xkynpbah/public_html/vendor/codeigniter4/framework/system/Database/BaseConnection.php(598): CodeIgniter\Database\BaseConnection->simpleQuery('SELECT COUNT(*)...')
#3 /home/xkynpbah/public_html/vendor/codeigniter4/framework/system/Database/BaseBuilder.php(1527): CodeIgniter\Database\BaseConnection->query('SELECT COUNT(*)...', Array, false)
#4 /home/xkynpbah/public_html/app/Controllers/Telegram.php(165): CodeIgniter\Database\BaseBuilder->countAllResults()
#5 /home/xkynpbah/public_html/app/Controllers/Telegram.php(124): App\Controllers\Telegram->askForResetConfirmation(6719727245, 6719727245, Object(stdClass), 'akashbabu', Object(stdClass))
#6 /home/xkynpbah/public_html/vendor/codeigniter4/framework/system/CodeIgniter.php(824): App\Controllers\Telegram->index()
#7 /home/xkynpbah/public_html/vendor/codeigniter4/framework/system/CodeIgniter.php(410): CodeIgniter\CodeIgniter->runController(Object(App\Controllers\Telegram))
#8 /home/xkynpbah/public_html/vendor/codeigniter4/framework/system/CodeIgniter.php(318): CodeIgniter\CodeIgniter->handleRequest(NULL, Object(Config\Cache), false)
#9 /home/xkynpbah/public_html/index.php(37): CodeIgniter\CodeIgniter->run()
#10 {main}
ERROR - 2026-07-26 16:55:50 --> Telegram controller called
ERROR - 2026-07-26 16:55:50 --> Table 'xkynpbah_titoo.telegram_premium' doesn't exist
CRITICAL - 2026-07-26 16:55:50 --> Table 'xkynpbah_titoo.telegram_premium' doesn't exist
#0 /home/xkynpbah/public_html/vendor/codeigniter4/framework/system/Database/MySQLi/Connection.php(292): mysqli->query('SELECT COUNT(*)...', 0)
#1 /home/xkynpbah/public_html/vendor/codeigniter4/framework/system/Database/BaseConnection.php(670): CodeIgniter\Database\MySQLi\Connection->execute('SELECT COUNT(*)...')
#2 /home/xkynpbah/public_html/vendor/codeigniter4/framework/system/Database/BaseConnection.php(598): CodeIgniter\Database\BaseConnection->simpleQuery('SELECT COUNT(*)...')
#3 /home/xkynpbah/public_html/vendor/codeigniter4/framework/system/Database/BaseBuilder.php(1527): CodeIgniter\Database\BaseConnection->query('SELECT COUNT(*)...', Array, false)
#4 /home/xkynpbah/public_html/app/Controllers/Telegram.php(165): CodeIgniter\Database\BaseBuilder->countAllResults()
#5 /home/xkynpbah/public_html/app/Controllers/Telegram.php(124): App\Controllers\Telegram->askForResetConfirmation(6719727245, 6719727245, Object(stdClass), 'akashbabu', Object(stdClass))
#6 /home/xkynpbah/public_html/vendor/codeigniter4/framework/system/CodeIgniter.php(824): App\Controllers\Telegram->index()
#7 /home/xkynpbah/public_html/vendor/codeigniter4/framework/system/CodeIgniter.php(410): CodeIgniter\CodeIgniter->runController(Object(App\Controllers\Telegram))
#8 /home/xkynpbah/public_html/vendor/codeigniter4/framework/system/CodeIgniter.php(318): CodeIgniter\CodeIgniter->handleRequest(NULL, Object(Config\Cache), false)
#9 /home/xkynpbah/public_html/index.php(37): CodeIgniter\CodeIgniter->run()
#10 {main}
ERROR - 2026-07-26 16:57:00 --> Telegram controller called
ERROR - 2026-07-26 16:57:00 --> Table 'xkynpbah_titoo.telegram_premium' doesn't exist
CRITICAL - 2026-07-26 16:57:00 --> Table 'xkynpbah_titoo.telegram_premium' doesn't exist
#0 /home/xkynpbah/public_html/vendor/codeigniter4/framework/system/Database/MySQLi/Connection.php(292): mysqli->query('SELECT COUNT(*)...', 0)
#1 /home/xkynpbah/public_html/vendor/codeigniter4/framework/system/Database/BaseConnection.php(670): CodeIgniter\Database\MySQLi\Connection->execute('SELECT COUNT(*)...')
#2 /home/xkynpbah/public_html/vendor/codeigniter4/framework/system/Database/BaseConnection.php(598): CodeIgniter\Database\BaseConnection->simpleQuery('SELECT COUNT(*)...')
#3 /home/xkynpbah/public_html/vendor/codeigniter4/framework/system/Database/BaseBuilder.php(1527): CodeIgniter\Database\BaseConnection->query('SELECT COUNT(*)...', Array, false)
#4 /home/xkynpbah/public_html/app/Controllers/Telegram.php(165): CodeIgniter\Database\BaseBuilder->countAllResults()
#5 /home/xkynpbah/public_html/app/Controllers/Telegram.php(124): App\Controllers\Telegram->askForResetConfirmation(6719727245, 6719727245, Object(stdClass), 'akashbabu', Object(stdClass))
#6 /home/xkynpbah/public_html/vendor/codeigniter4/framework/system/CodeIgniter.php(824): App\Controllers\Telegram->index()
#7 /home/xkynpbah/public_html/vendor/codeigniter4/framework/system/CodeIgniter.php(410): CodeIgniter\CodeIgniter->runController(Object(App\Controllers\Telegram))
#8 /home/xkynpbah/public_html/vendor/codeigniter4/framework/system/CodeIgniter.php(318): CodeIgniter\CodeIgniter->handleRequest(NULL, Object(Config\Cache), false)
#9 /home/xkynpbah/public_html/index.php(37): CodeIgniter\CodeIgniter->run()
#10 {main}
ERROR - 2026-07-26 16:58:35 --> Telegram controller called
ERROR - 2026-07-26 16:58:35 --> Table 'xkynpbah_titoo.telegram_premium' doesn't exist
CRITICAL - 2026-07-26 16:58:35 --> Table 'xkynpbah_titoo.telegram_premium' doesn't exist
#0 /home/xkynpbah/public_html/vendor/codeigniter4/framework/system/Database/MySQLi/Connection.php(292): mysqli->query('SELECT COUNT(*)...', 0)
#1 /home/xkynpbah/public_html/vendor/codeigniter4/framework/system/Database/BaseConnection.php(670): CodeIgniter\Database\MySQLi\Connection->execute('SELECT COUNT(*)...')
#2 /home/xkynpbah/public_html/vendor/codeigniter4/framework/system/Database/BaseConnection.php(598): CodeIgniter\Database\BaseConnection->simpleQuery('SELECT COUNT(*)...')
#3 /home/xkynpbah/public_html/vendor/codeigniter4/framework/system/Database/BaseBuilder.php(1527): CodeIgniter\Database\BaseConnection->query('SELECT COUNT(*)...', Array, false)
#4 /home/xkynpbah/public_html/app/Controllers/Telegram.php(165): CodeIgniter\Database\BaseBuilder->countAllResults()
#5 /home/xkynpbah/public_html/app/Controllers/Telegram.php(124): App\Controllers\Telegram->askForResetConfirmation(6719727245, 6719727245, Object(stdClass), 'akashbabu', Object(stdClass))
#6 /home/xkynpbah/public_html/vendor/codeigniter4/framework/system/CodeIgniter.php(824): App\Controllers\Telegram->index()
#7 /home/xkynpbah/public_html/vendor/codeigniter4/framework/system/CodeIgniter.php(410): CodeIgniter\CodeIgniter->runController(Object(App\Controllers\Telegram))
#8 /home/xkynpbah/public_html/vendor/codeigniter4/framework/system/CodeIgniter.php(318): CodeIgniter\CodeIgniter->handleRequest(NULL, Object(Config\Cache), false)
#9 /home/xkynpbah/public_html/index.php(37): CodeIgniter\CodeIgniter->run()
#10 {main}
ERROR - 2026-07-26 17:00:03 --> Telegram controller called
ERROR - 2026-07-26 17:00:03 --> Table 'xkynpbah_titoo.telegram_premium' doesn't exist
CRITICAL - 2026-07-26 17:00:03 --> Table 'xkynpbah_titoo.telegram_premium' doesn't exist
#0 /home/xkynpbah/public_html/vendor/codeigniter4/framework/system/Database/MySQLi/Connection.php(292): mysqli->query('SELECT COUNT(*)...', 0)
#1 /home/xkynpbah/public_html/vendor/codeigniter4/framework/system/Database/BaseConnection.php(670): CodeIgniter\Database\MySQLi\Connection->execute('SELECT COUNT(*)...')
#2 /home/xkynpbah/public_html/vendor/codeigniter4/framework/system/Database/BaseConnection.php(598): CodeIgniter\Database\BaseConnection->simpleQuery('SELECT COUNT(*)...')
#3 /home/xkynpbah/public_html/vendor/codeigniter4/framework/system/Database/BaseBuilder.php(1527): CodeIgniter\Database\BaseConnection->query('SELECT COUNT(*)...', Array, false)
#4 /home/xkynpbah/public_html/app/Controllers/Telegram.php(165): CodeIgniter\Database\BaseBuilder->countAllResults()
#5 /home/xkynpbah/public_html/app/Controllers/Telegram.php(124): App\Controllers\Telegram->askForResetConfirmation(6719727245, 6719727245, Object(stdClass), 'akashbabu', Object(stdClass))
#6 /home/xkynpbah/public_html/vendor/codeigniter4/framework/system/CodeIgniter.php(824): App\Controllers\Telegram->index()
#7 /home/xkynpbah/public_html/vendor/codeigniter4/framework/system/CodeIgniter.php(410): CodeIgniter\CodeIgniter->runController(Object(App\Controllers\Telegram))
#8 /home/xkynpbah/public_html/vendor/codeigniter4/framework/system/CodeIgniter.php(318): CodeIgniter\CodeIgniter->handleRequest(NULL, Object(Config\Cache), false)
#9 /home/xkynpbah/public_html/index.php(37): CodeIgniter\CodeIgniter->run()
#10 {main}
ERROR - 2026-07-26 17:01:35 --> Telegram controller called
ERROR - 2026-07-26 17:01:35 --> Table 'xkynpbah_titoo.telegram_premium' doesn't exist
CRITICAL - 2026-07-26 17:01:35 --> Table 'xkynpbah_titoo.telegram_premium' doesn't exist
#0 /home/xkynpbah/public_html/vendor/codeigniter4/framework/system/Database/MySQLi/Connection.php(292): mysqli->query('SELECT COUNT(*)...', 0)
#1 /home/xkynpbah/public_html/vendor/codeigniter4/framework/system/Database/BaseConnection.php(670): CodeIgniter\Database\MySQLi\Connection->execute('SELECT COUNT(*)...')
#2 /home/xkynpbah/public_html/vendor/codeigniter4/framework/system/Database/BaseConnection.php(598): CodeIgniter\Database\BaseConnection->simpleQuery('SELECT COUNT(*)...')
#3 /home/xkynpbah/public_html/vendor/codeigniter4/framework/system/Database/BaseBuilder.php(1527): CodeIgniter\Database\BaseConnection->query('SELECT COUNT(*)...', Array, false)
#4 /home/xkynpbah/public_html/app/Controllers/Telegram.php(165): CodeIgniter\Database\BaseBuilder->countAllResults()
#5 /home/xkynpbah/public_html/app/Controllers/Telegram.php(124): App\Controllers\Telegram->askForResetConfirmation(6719727245, 6719727245, Object(stdClass), 'akashbabu', Object(stdClass))
#6 /home/xkynpbah/public_html/vendor/codeigniter4/framework/system/CodeIgniter.php(824): App\Controllers\Telegram->index()
#7 /home/xkynpbah/public_html/vendor/codeigniter4/framework/system/CodeIgniter.php(410): CodeIgniter\CodeIgniter->runController(Object(App\Controllers\Telegram))
#8 /home/xkynpbah/public_html/vendor/codeigniter4/framework/system/CodeIgniter.php(318): CodeIgniter\CodeIgniter->handleRequest(NULL, Object(Config\Cache), false)
#9 /home/xkynpbah/public_html/index.php(37): CodeIgniter\CodeIgniter->run()
#10 {main}
ERROR - 2026-07-26 17:02:35 --> Telegram controller called
ERROR - 2026-07-26 17:02:35 --> Table 'xkynpbah_titoo.telegram_premium' doesn't exist
CRITICAL - 2026-07-26 17:02:35 --> Table 'xkynpbah_titoo.telegram_premium' doesn't exist
#0 /home/xkynpbah/public_html/vendor/codeigniter4/framework/system/Database/MySQLi/Connection.php(292): mysqli->query('SELECT COUNT(*)...', 0)
#1 /home/xkynpbah/public_html/vendor/codeigniter4/framework/system/Database/BaseConnection.php(670): CodeIgniter\Database\MySQLi\Connection->execute('SELECT COUNT(*)...')
#2 /home/xkynpbah/public_html/vendor/codeigniter4/framework/system/Database/BaseConnection.php(598): CodeIgniter\Database\BaseConnection->simpleQuery('SELECT COUNT(*)...')
#3 /home/xkynpbah/public_html/vendor/codeigniter4/framework/system/Database/BaseBuilder.php(1527): CodeIgniter\Database\BaseConnection->query('SELECT COUNT(*)...', Array, false)
#4 /home/xkynpbah/public_html/app/Controllers/Telegram.php(165): CodeIgniter\Database\BaseBuilder->countAllResults()
#5 /home/xkynpbah/public_html/app/Controllers/Telegram.php(124): App\Controllers\Telegram->askForResetConfirmation(6719727245, 6719727245, Object(stdClass), 'akashbabu', Object(stdClass))
#6 /home/xkynpbah/public_html/vendor/codeigniter4/framework/system/CodeIgniter.php(824): App\Controllers\Telegram->index()
#7 /home/xkynpbah/public_html/vendor/codeigniter4/framework/system/CodeIgniter.php(410): CodeIgniter\CodeIgniter->runController(Object(App\Controllers\Telegram))
#8 /home/xkynpbah/public_html/vendor/codeigniter4/framework/system/CodeIgniter.php(318): CodeIgniter\CodeIgniter->handleRequest(NULL, Object(Config\Cache), false)
#9 /home/xkynpbah/public_html/index.php(37): CodeIgniter\CodeIgniter->run()
#10 {main}
ERROR - 2026-07-26 17:04:23 --> Telegram controller called
ERROR - 2026-07-26 17:04:23 --> Table 'xkynpbah_titoo.telegram_premium' doesn't exist
CRITICAL - 2026-07-26 17:04:23 --> Table 'xkynpbah_titoo.telegram_premium' doesn't exist
#0 /home/xkynpbah/public_html/vendor/codeigniter4/framework/system/Database/MySQLi/Connection.php(292): mysqli->query('SELECT COUNT(*)...', 0)
#1 /home/xkynpbah/public_html/vendor/codeigniter4/framework/system/Database/BaseConnection.php(670): CodeIgniter\Database\MySQLi\Connection->execute('SELECT COUNT(*)...')
#2 /home/xkynpbah/public_html/vendor/codeigniter4/framework/system/Database/BaseConnection.php(598): CodeIgniter\Database\BaseConnection->simpleQuery('SELECT COUNT(*)...')
#3 /home/xkynpbah/public_html/vendor/codeigniter4/framework/system/Database/BaseBuilder.php(1527): CodeIgniter\Database\BaseConnection->query('SELECT COUNT(*)...', Array, false)
#4 /home/xkynpbah/public_html/app/Controllers/Telegram.php(165): CodeIgniter\Database\BaseBuilder->countAllResults()
#5 /home/xkynpbah/public_html/app/Controllers/Telegram.php(124): App\Controllers\Telegram->askForResetConfirmation(6719727245, 6719727245, Object(stdClass), 'akashbabu', Object(stdClass))
#6 /home/xkynpbah/public_html/vendor/codeigniter4/framework/system/CodeIgniter.php(824): App\Controllers\Telegram->index()
#7 /home/xkynpbah/public_html/vendor/codeigniter4/framework/system/CodeIgniter.php(410): CodeIgniter\CodeIgniter->runController(Object(App\Controllers\Telegram))
#8 /home/xkynpbah/public_html/vendor/codeigniter4/framework/system/CodeIgniter.php(318): CodeIgniter\CodeIgniter->handleRequest(NULL, Object(Config\Cache), false)
#9 /home/xkynpbah/public_html/index.php(37): CodeIgniter\CodeIgniter->run()
#10 {main}
ERROR - 2026-07-26 17:06:12 --> Telegram controller called
ERROR - 2026-07-26 17:06:12 --> Table 'xkynpbah_titoo.telegram_premium' doesn't exist
CRITICAL - 2026-07-26 17:06:12 --> Table 'xkynpbah_titoo.telegram_premium' doesn't exist
#0 /home/xkynpbah/public_html/vendor/codeigniter4/framework/system/Database/MySQLi/Connection.php(292): mysqli->query('SELECT COUNT(*)...', 0)
#1 /home/xkynpbah/public_html/vendor/codeigniter4/framework/system/Database/BaseConnection.php(670): CodeIgniter\Database\MySQLi\Connection->execute('SELECT COUNT(*)...')
#2 /home/xkynpbah/public_html/vendor/codeigniter4/framework/system/Database/BaseConnection.php(598): CodeIgniter\Database\BaseConnection->simpleQuery('SELECT COUNT(*)...')
#3 /home/xkynpbah/public_html/vendor/codeigniter4/framework/system/Database/BaseBuilder.php(1527): CodeIgniter\Database\BaseConnection->query('SELECT COUNT(*)...', Array, false)
#4 /home/xkynpbah/public_html/app/Controllers/Telegram.php(165): CodeIgniter\Database\BaseBuilder->countAllResults()
#5 /home/xkynpbah/public_html/app/Controllers/Telegram.php(124): App\Controllers\Telegram->askForResetConfirmation(6719727245, 6719727245, Object(stdClass), 'akashbabu', Object(stdClass))
#6 /home/xkynpbah/public_html/vendor/codeigniter4/framework/system/CodeIgniter.php(824): App\Controllers\Telegram->index()
#7 /home/xkynpbah/public_html/vendor/codeigniter4/framework/system/CodeIgniter.php(410): CodeIgniter\CodeIgniter->runController(Object(App\Controllers\Telegram))
#8 /home/xkynpbah/public_html/vendor/codeigniter4/framework/system/CodeIgniter.php(318): CodeIgniter\CodeIgniter->handleRequest(NULL, Object(Config\Cache), false)
#9 /home/xkynpbah/public_html/index.php(37): CodeIgniter\CodeIgniter->run()
#10 {main}
ERROR - 2026-07-26 17:07:48 --> Telegram controller called
ERROR - 2026-07-26 17:07:48 --> Table 'xkynpbah_titoo.telegram_premium' doesn't exist
CRITICAL - 2026-07-26 17:07:48 --> Table 'xkynpbah_titoo.telegram_premium' doesn't exist
#0 /home/xkynpbah/public_html/vendor/codeigniter4/framework/system/Database/MySQLi/Connection.php(292): mysqli->query('SELECT COUNT(*)...', 0)
#1 /home/xkynpbah/public_html/vendor/codeigniter4/framework/system/Database/BaseConnection.php(670): CodeIgniter\Database\MySQLi\Connection->execute('SELECT COUNT(*)...')
#2 /home/xkynpbah/public_html/vendor/codeigniter4/framework/system/Database/BaseConnection.php(598): CodeIgniter\Database\BaseConnection->simpleQuery('SELECT COUNT(*)...')
#3 /home/xkynpbah/public_html/vendor/codeigniter4/framework/system/Database/BaseBuilder.php(1527): CodeIgniter\Database\BaseConnection->query('SELECT COUNT(*)...', Array, false)
#4 /home/xkynpbah/public_html/app/Controllers/Telegram.php(165): CodeIgniter\Database\BaseBuilder->countAllResults()
#5 /home/xkynpbah/public_html/app/Controllers/Telegram.php(124): App\Controllers\Telegram->askForResetConfirmation(6719727245, 6719727245, Object(stdClass), 'akashbabu', Object(stdClass))
#6 /home/xkynpbah/public_html/vendor/codeigniter4/framework/system/CodeIgniter.php(824): App\Controllers\Telegram->index()
#7 /home/xkynpbah/public_html/vendor/codeigniter4/framework/system/CodeIgniter.php(410): CodeIgniter\CodeIgniter->runController(Object(App\Controllers\Telegram))
#8 /home/xkynpbah/public_html/vendor/codeigniter4/framework/system/CodeIgniter.php(318): CodeIgniter\CodeIgniter->handleRequest(NULL, Object(Config\Cache), false)
#9 /home/xkynpbah/public_html/index.php(37): CodeIgniter\CodeIgniter->run()
#10 {main}
ERROR - 2026-07-26 17:09:42 --> Telegram controller called
ERROR - 2026-07-26 17:09:42 --> Table 'xkynpbah_titoo.telegram_premium' doesn't exist
CRITICAL - 2026-07-26 17:09:42 --> Table 'xkynpbah_titoo.telegram_premium' doesn't exist
#0 /home/xkynpbah/public_html/vendor/codeigniter4/framework/system/Database/MySQLi/Connection.php(292): mysqli->query('SELECT COUNT(*)...', 0)
#1 /home/xkynpbah/public_html/vendor/codeigniter4/framework/system/Database/BaseConnection.php(670): CodeIgniter\Database\MySQLi\Connection->execute('SELECT COUNT(*)...')
#2 /home/xkynpbah/public_html/vendor/codeigniter4/framework/system/Database/BaseConnection.php(598): CodeIgniter\Database\BaseConnection->simpleQuery('SELECT COUNT(*)...')
#3 /home/xkynpbah/public_html/vendor/codeigniter4/framework/system/Database/BaseBuilder.php(1527): CodeIgniter\Database\BaseConnection->query('SELECT COUNT(*)...', Array, false)
#4 /home/xkynpbah/public_html/app/Controllers/Telegram.php(165): CodeIgniter\Database\BaseBuilder->countAllResults()
#5 /home/xkynpbah/public_html/app/Controllers/Telegram.php(124): App\Controllers\Telegram->askForResetConfirmation(6719727245, 6719727245, Object(stdClass), 'akashbabu', Object(stdClass))
#6 /home/xkynpbah/public_html/vendor/codeigniter4/framework/system/CodeIgniter.php(824): App\Controllers\Telegram->index()
#7 /home/xkynpbah/public_html/vendor/codeigniter4/framework/system/CodeIgniter.php(410): CodeIgniter\CodeIgniter->runController(Object(App\Controllers\Telegram))
#8 /home/xkynpbah/public_html/vendor/codeigniter4/framework/system/CodeIgniter.php(318): CodeIgniter\CodeIgniter->handleRequest(NULL, Object(Config\Cache), false)
#9 /home/xkynpbah/public_html/index.php(37): CodeIgniter\CodeIgniter->run()
#10 {main}
ERROR - 2026-07-26 17:11:00 --> Telegram controller called
ERROR - 2026-07-26 17:11:00 --> Table 'xkynpbah_titoo.telegram_premium' doesn't exist
CRITICAL - 2026-07-26 17:11:00 --> Table 'xkynpbah_titoo.telegram_premium' doesn't exist
#0 /home/xkynpbah/public_html/vendor/codeigniter4/framework/system/Database/MySQLi/Connection.php(292): mysqli->query('SELECT COUNT(*)...', 0)
#1 /home/xkynpbah/public_html/vendor/codeigniter4/framework/system/Database/BaseConnection.php(670): CodeIgniter\Database\MySQLi\Connection->execute('SELECT COUNT(*)...')
#2 /home/xkynpbah/public_html/vendor/codeigniter4/framework/system/Database/BaseConnection.php(598): CodeIgniter\Database\BaseConnection->simpleQuery('SELECT COUNT(*)...')
#3 /home/xkynpbah/public_html/vendor/codeigniter4/framework/system/Database/BaseBuilder.php(1527): CodeIgniter\Database\BaseConnection->query('SELECT COUNT(*)...', Array, false)
#4 /home/xkynpbah/public_html/app/Controllers/Telegram.php(165): CodeIgniter\Database\BaseBuilder->countAllResults()
#5 /home/xkynpbah/public_html/app/Controllers/Telegram.php(124): App\Controllers\Telegram->askForResetConfirmation(6719727245, 6719727245, Object(stdClass), 'akashbabu', Object(stdClass))
#6 /home/xkynpbah/public_html/vendor/codeigniter4/framework/system/CodeIgniter.php(824): App\Controllers\Telegram->index()
#7 /home/xkynpbah/public_html/vendor/codeigniter4/framework/system/CodeIgniter.php(410): CodeIgniter\CodeIgniter->runController(Object(App\Controllers\Telegram))
#8 /home/xkynpbah/public_html/vendor/codeigniter4/framework/system/CodeIgniter.php(318): CodeIgniter\CodeIgniter->handleRequest(NULL, Object(Config\Cache), false)
#9 /home/xkynpbah/public_html/index.php(37): CodeIgniter\CodeIgniter->run()
#10 {main}
ERROR - 2026-07-26 17:12:40 --> Telegram controller called
ERROR - 2026-07-26 17:12:40 --> Table 'xkynpbah_titoo.telegram_premium' doesn't exist
CRITICAL - 2026-07-26 17:12:40 --> Table 'xkynpbah_titoo.telegram_premium' doesn't exist
#0 /home/xkynpbah/public_html/vendor/codeigniter4/framework/system/Database/MySQLi/Connection.php(292): mysqli->query('SELECT COUNT(*)...', 0)
#1 /home/xkynpbah/public_html/vendor/codeigniter4/framework/system/Database/BaseConnection.php(670): CodeIgniter\Database\MySQLi\Connection->execute('SELECT COUNT(*)...')
#2 /home/xkynpbah/public_html/vendor/codeigniter4/framework/system/Database/BaseConnection.php(598): CodeIgniter\Database\BaseConnection->simpleQuery('SELECT COUNT(*)...')
#3 /home/xkynpbah/public_html/vendor/codeigniter4/framework/system/Database/BaseBuilder.php(1527): CodeIgniter\Database\BaseConnection->query('SELECT COUNT(*)...', Array, false)
#4 /home/xkynpbah/public_html/app/Controllers/Telegram.php(165): CodeIgniter\Database\BaseBuilder->countAllResults()
#5 /home/xkynpbah/public_html/app/Controllers/Telegram.php(124): App\Controllers\Telegram->askForResetConfirmation(6719727245, 6719727245, Object(stdClass), 'akashbabu', Object(stdClass))
#6 /home/xkynpbah/public_html/vendor/codeigniter4/framework/system/CodeIgniter.php(824): App\Controllers\Telegram->index()
#7 /home/xkynpbah/public_html/vendor/codeigniter4/framework/system/CodeIgniter.php(410): CodeIgniter\CodeIgniter->runController(Object(App\Controllers\Telegram))
#8 /home/xkynpbah/public_html/vendor/codeigniter4/framework/system/CodeIgniter.php(318): CodeIgniter\CodeIgniter->handleRequest(NULL, Object(Config\Cache), false)
#9 /home/xkynpbah/public_html/index.php(37): CodeIgniter\CodeIgniter->run()
#10 {main}
ERROR - 2026-07-26 17:14:07 --> Telegram controller called
ERROR - 2026-07-26 17:14:07 --> Table 'xkynpbah_titoo.telegram_premium' doesn't exist
CRITICAL - 2026-07-26 17:14:07 --> Table 'xkynpbah_titoo.telegram_premium' doesn't exist
#0 /home/xkynpbah/public_html/vendor/codeigniter4/framework/system/Database/MySQLi/Connection.php(292): mysqli->query('SELECT COUNT(*)...', 0)
#1 /home/xkynpbah/public_html/vendor/codeigniter4/framework/system/Database/BaseConnection.php(670): CodeIgniter\Database\MySQLi\Connection->execute('SELECT COUNT(*)...')
#2 /home/xkynpbah/public_html/vendor/codeigniter4/framework/system/Database/BaseConnection.php(598): CodeIgniter\Database\BaseConnection->simpleQuery('SELECT COUNT(*)...')
#3 /home/xkynpbah/public_html/vendor/codeigniter4/framework/system/Database/BaseBuilder.php(1527): CodeIgniter\Database\BaseConnection->query('SELECT COUNT(*)...', Array, false)
#4 /home/xkynpbah/public_html/app/Controllers/Telegram.php(165): CodeIgniter\Database\BaseBuilder->countAllResults()
#5 /home/xkynpbah/public_html/app/Controllers/Telegram.php(124): App\Controllers\Telegram->askForResetConfirmation(6719727245, 6719727245, Object(stdClass), 'akashbabu', Object(stdClass))
#6 /home/xkynpbah/public_html/vendor/codeigniter4/framework/system/CodeIgniter.php(824): App\Controllers\Telegram->index()
#7 /home/xkynpbah/public_html/vendor/codeigniter4/framework/system/CodeIgniter.php(410): CodeIgniter\CodeIgniter->runController(Object(App\Controllers\Telegram))
#8 /home/xkynpbah/public_html/vendor/codeigniter4/framework/system/CodeIgniter.php(318): CodeIgniter\CodeIgniter->handleRequest(NULL, Object(Config\Cache), false)
#9 /home/xkynpbah/public_html/index.php(37): CodeIgniter\CodeIgniter->run()
#10 {main}
ERROR - 2026-07-26 17:15:46 --> Telegram controller called
ERROR - 2026-07-26 17:15:46 --> Table 'xkynpbah_titoo.telegram_premium' doesn't exist
CRITICAL - 2026-07-26 17:15:46 --> Table 'xkynpbah_titoo.telegram_premium' doesn't exist
#0 /home/xkynpbah/public_html/vendor/codeigniter4/framework/system/Database/MySQLi/Connection.php(292): mysqli->query('SELECT COUNT(*)...', 0)
#1 /home/xkynpbah/public_html/vendor/codeigniter4/framework/system/Database/BaseConnection.php(670): CodeIgniter\Database\MySQLi\Connection->execute('SELECT COUNT(*)...')
#2 /home/xkynpbah/public_html/vendor/codeigniter4/framework/system/Database/BaseConnection.php(598): CodeIgniter\Database\BaseConnection->simpleQuery('SELECT COUNT(*)...')
#3 /home/xkynpbah/public_html/vendor/codeigniter4/framework/system/Database/BaseBuilder.php(1527): CodeIgniter\Database\BaseConnection->query('SELECT COUNT(*)...', Array, false)
#4 /home/xkynpbah/public_html/app/Controllers/Telegram.php(165): CodeIgniter\Database\BaseBuilder->countAllResults()
#5 /home/xkynpbah/public_html/app/Controllers/Telegram.php(124): App\Controllers\Telegram->askForResetConfirmation(6719727245, 6719727245, Object(stdClass), 'akashbabu', Object(stdClass))
#6 /home/xkynpbah/public_html/vendor/codeigniter4/framework/system/CodeIgniter.php(824): App\Controllers\Telegram->index()
#7 /home/xkynpbah/public_html/vendor/codeigniter4/framework/system/CodeIgniter.php(410): CodeIgniter\CodeIgniter->runController(Object(App\Controllers\Telegram))
#8 /home/xkynpbah/public_html/vendor/codeigniter4/framework/system/CodeIgniter.php(318): CodeIgniter\CodeIgniter->handleRequest(NULL, Object(Config\Cache), false)
#9 /home/xkynpbah/public_html/index.php(37): CodeIgniter\CodeIgniter->run()
#10 {main}
ERROR - 2026-07-26 17:16:47 --> Telegram controller called
ERROR - 2026-07-26 17:16:47 --> Table 'xkynpbah_titoo.telegram_premium' doesn't exist
CRITICAL - 2026-07-26 17:16:47 --> Table 'xkynpbah_titoo.telegram_premium' doesn't exist
#0 /home/xkynpbah/public_html/vendor/codeigniter4/framework/system/Database/MySQLi/Connection.php(292): mysqli->query('SELECT COUNT(*)...', 0)
#1 /home/xkynpbah/public_html/vendor/codeigniter4/framework/system/Database/BaseConnection.php(670): CodeIgniter\Database\MySQLi\Connection->execute('SELECT COUNT(*)...')
#2 /home/xkynpbah/public_html/vendor/codeigniter4/framework/system/Database/BaseConnection.php(598): CodeIgniter\Database\BaseConnection->simpleQuery('SELECT COUNT(*)...')
#3 /home/xkynpbah/public_html/vendor/codeigniter4/framework/system/Database/BaseBuilder.php(1527): CodeIgniter\Database\BaseConnection->query('SELECT COUNT(*)...', Array, false)
#4 /home/xkynpbah/public_html/app/Controllers/Telegram.php(165): CodeIgniter\Database\BaseBuilder->countAllResults()
#5 /home/xkynpbah/public_html/app/Controllers/Telegram.php(124): App\Controllers\Telegram->askForResetConfirmation(6719727245, 6719727245, Object(stdClass), 'akashbabu', Object(stdClass))
#6 /home/xkynpbah/public_html/vendor/codeigniter4/framework/system/CodeIgniter.php(824): App\Controllers\Telegram->index()
#7 /home/xkynpbah/public_html/vendor/codeigniter4/framework/system/CodeIgniter.php(410): CodeIgniter\CodeIgniter->runController(Object(App\Controllers\Telegram))
#8 /home/xkynpbah/public_html/vendor/codeigniter4/framework/system/CodeIgniter.php(318): CodeIgniter\CodeIgniter->handleRequest(NULL, Object(Config\Cache), false)
#9 /home/xkynpbah/public_html/index.php(37): CodeIgniter\CodeIgniter->run()
#10 {main}
ERROR - 2026-07-26 17:17:50 --> Telegram controller called
ERROR - 2026-07-26 17:17:50 --> Table 'xkynpbah_titoo.telegram_premium' doesn't exist
CRITICAL - 2026-07-26 17:17:50 --> Table 'xkynpbah_titoo.telegram_premium' doesn't exist
#0 /home/xkynpbah/public_html/vendor/codeigniter4/framework/system/Database/MySQLi/Connection.php(292): mysqli->query('SELECT COUNT(*)...', 0)
#1 /home/xkynpbah/public_html/vendor/codeigniter4/framework/system/Database/BaseConnection.php(670): CodeIgniter\Database\MySQLi\Connection->execute('SELECT COUNT(*)...')
#2 /home/xkynpbah/public_html/vendor/codeigniter4/framework/system/Database/BaseConnection.php(598): CodeIgniter\Database\BaseConnection->simpleQuery('SELECT COUNT(*)...')
#3 /home/xkynpbah/public_html/vendor/codeigniter4/framework/system/Database/BaseBuilder.php(1527): CodeIgniter\Database\BaseConnection->query('SELECT COUNT(*)...', Array, false)
#4 /home/xkynpbah/public_html/app/Controllers/Telegram.php(165): CodeIgniter\Database\BaseBuilder->countAllResults()
#5 /home/xkynpbah/public_html/app/Controllers/Telegram.php(124): App\Controllers\Telegram->askForResetConfirmation(6719727245, 6719727245, Object(stdClass), 'akashbabu', Object(stdClass))
#6 /home/xkynpbah/public_html/vendor/codeigniter4/framework/system/CodeIgniter.php(824): App\Controllers\Telegram->index()
#7 /home/xkynpbah/public_html/vendor/codeigniter4/framework/system/CodeIgniter.php(410): CodeIgniter\CodeIgniter->runController(Object(App\Controllers\Telegram))
#8 /home/xkynpbah/public_html/vendor/codeigniter4/framework/system/CodeIgniter.php(318): CodeIgniter\CodeIgniter->handleRequest(NULL, Object(Config\Cache), false)
#9 /home/xkynpbah/public_html/index.php(37): CodeIgniter\CodeIgniter->run()
#10 {main}
ERROR - 2026-07-26 17:19:41 --> Telegram controller called
ERROR - 2026-07-26 17:19:41 --> Table 'xkynpbah_titoo.telegram_premium' doesn't exist
CRITICAL - 2026-07-26 17:19:41 --> Table 'xkynpbah_titoo.telegram_premium' doesn't exist
#0 /home/xkynpbah/public_html/vendor/codeigniter4/framework/system/Database/MySQLi/Connection.php(292): mysqli->query('SELECT COUNT(*)...', 0)
#1 /home/xkynpbah/public_html/vendor/codeigniter4/framework/system/Database/BaseConnection.php(670): CodeIgniter\Database\MySQLi\Connection->execute('SELECT COUNT(*)...')
#2 /home/xkynpbah/public_html/vendor/codeigniter4/framework/system/Database/BaseConnection.php(598): CodeIgniter\Database\BaseConnection->simpleQuery('SELECT COUNT(*)...')
#3 /home/xkynpbah/public_html/vendor/codeigniter4/framework/system/Database/BaseBuilder.php(1527): CodeIgniter\Database\BaseConnection->query('SELECT COUNT(*)...', Array, false)
#4 /home/xkynpbah/public_html/app/Controllers/Telegram.php(165): CodeIgniter\Database\BaseBuilder->countAllResults()
#5 /home/xkynpbah/public_html/app/Controllers/Telegram.php(124): App\Controllers\Telegram->askForResetConfirmation(6719727245, 6719727245, Object(stdClass), 'akashbabu', Object(stdClass))
#6 /home/xkynpbah/public_html/vendor/codeigniter4/framework/system/CodeIgniter.php(824): App\Controllers\Telegram->index()
#7 /home/xkynpbah/public_html/vendor/codeigniter4/framework/system/CodeIgniter.php(410): CodeIgniter\CodeIgniter->runController(Object(App\Controllers\Telegram))
#8 /home/xkynpbah/public_html/vendor/codeigniter4/framework/system/CodeIgniter.php(318): CodeIgniter\CodeIgniter->handleRequest(NULL, Object(Config\Cache), false)
#9 /home/xkynpbah/public_html/index.php(37): CodeIgniter\CodeIgniter->run()
#10 {main}
ERROR - 2026-07-26 17:21:42 --> Telegram controller called
ERROR - 2026-07-26 17:21:42 --> Table 'xkynpbah_titoo.telegram_premium' doesn't exist
CRITICAL - 2026-07-26 17:21:42 --> Table 'xkynpbah_titoo.telegram_premium' doesn't exist
#0 /home/xkynpbah/public_html/vendor/codeigniter4/framework/system/Database/MySQLi/Connection.php(292): mysqli->query('SELECT COUNT(*)...', 0)
#1 /home/xkynpbah/public_html/vendor/codeigniter4/framework/system/Database/BaseConnection.php(670): CodeIgniter\Database\MySQLi\Connection->execute('SELECT COUNT(*)...')
#2 /home/xkynpbah/public_html/vendor/codeigniter4/framework/system/Database/BaseConnection.php(598): CodeIgniter\Database\BaseConnection->simpleQuery('SELECT COUNT(*)...')
#3 /home/xkynpbah/public_html/vendor/codeigniter4/framework/system/Database/BaseBuilder.php(1527): CodeIgniter\Database\BaseConnection->query('SELECT COUNT(*)...', Array, false)
#4 /home/xkynpbah/public_html/app/Controllers/Telegram.php(165): CodeIgniter\Database\BaseBuilder->countAllResults()
#5 /home/xkynpbah/public_html/app/Controllers/Telegram.php(124): App\Controllers\Telegram->askForResetConfirmation(6719727245, 6719727245, Object(stdClass), 'akashbabu', Object(stdClass))
#6 /home/xkynpbah/public_html/vendor/codeigniter4/framework/system/CodeIgniter.php(824): App\Controllers\Telegram->index()
#7 /home/xkynpbah/public_html/vendor/codeigniter4/framework/system/CodeIgniter.php(410): CodeIgniter\CodeIgniter->runController(Object(App\Controllers\Telegram))
#8 /home/xkynpbah/public_html/vendor/codeigniter4/framework/system/CodeIgniter.php(318): CodeIgniter\CodeIgniter->handleRequest(NULL, Object(Config\Cache), false)
#9 /home/xkynpbah/public_html/index.php(37): CodeIgniter\CodeIgniter->run()
#10 {main}
ERROR - 2026-07-26 17:23:03 --> Telegram controller called
ERROR - 2026-07-26 17:23:03 --> Table 'xkynpbah_titoo.telegram_premium' doesn't exist
CRITICAL - 2026-07-26 17:23:03 --> Table 'xkynpbah_titoo.telegram_premium' doesn't exist
#0 /home/xkynpbah/public_html/vendor/codeigniter4/framework/system/Database/MySQLi/Connection.php(292): mysqli->query('SELECT COUNT(*)...', 0)
#1 /home/xkynpbah/public_html/vendor/codeigniter4/framework/system/Database/BaseConnection.php(670): CodeIgniter\Database\MySQLi\Connection->execute('SELECT COUNT(*)...')
#2 /home/xkynpbah/public_html/vendor/codeigniter4/framework/system/Database/BaseConnection.php(598): CodeIgniter\Database\BaseConnection->simpleQuery('SELECT COUNT(*)...')
#3 /home/xkynpbah/public_html/vendor/codeigniter4/framework/system/Database/BaseBuilder.php(1527): CodeIgniter\Database\BaseConnection->query('SELECT COUNT(*)...', Array, false)
#4 /home/xkynpbah/public_html/app/Controllers/Telegram.php(165): CodeIgniter\Database\BaseBuilder->countAllResults()
#5 /home/xkynpbah/public_html/app/Controllers/Telegram.php(124): App\Controllers\Telegram->askForResetConfirmation(6719727245, 6719727245, Object(stdClass), 'akashbabu', Object(stdClass))
#6 /home/xkynpbah/public_html/vendor/codeigniter4/framework/system/CodeIgniter.php(824): App\Controllers\Telegram->index()
#7 /home/xkynpbah/public_html/vendor/codeigniter4/framework/system/CodeIgniter.php(410): CodeIgniter\CodeIgniter->runController(Object(App\Controllers\Telegram))
#8 /home/xkynpbah/public_html/vendor/codeigniter4/framework/system/CodeIgniter.php(318): CodeIgniter\CodeIgniter->handleRequest(NULL, Object(Config\Cache), false)
#9 /home/xkynpbah/public_html/index.php(37): CodeIgniter\CodeIgniter->run()
#10 {main}
ERROR - 2026-07-26 17:24:25 --> Telegram controller called
ERROR - 2026-07-26 17:24:25 --> Table 'xkynpbah_titoo.telegram_premium' doesn't exist
CRITICAL - 2026-07-26 17:24:25 --> Table 'xkynpbah_titoo.telegram_premium' doesn't exist
#0 /home/xkynpbah/public_html/vendor/codeigniter4/framework/system/Database/MySQLi/Connection.php(292): mysqli->query('SELECT COUNT(*)...', 0)
#1 /home/xkynpbah/public_html/vendor/codeigniter4/framework/system/Database/BaseConnection.php(670): CodeIgniter\Database\MySQLi\Connection->execute('SELECT COUNT(*)...')
#2 /home/xkynpbah/public_html/vendor/codeigniter4/framework/system/Database/BaseConnection.php(598): CodeIgniter\Database\BaseConnection->simpleQuery('SELECT COUNT(*)...')
#3 /home/xkynpbah/public_html/vendor/codeigniter4/framework/system/Database/BaseBuilder.php(1527): CodeIgniter\Database\BaseConnection->query('SELECT COUNT(*)...', Array, false)
#4 /home/xkynpbah/public_html/app/Controllers/Telegram.php(165): CodeIgniter\Database\BaseBuilder->countAllResults()
#5 /home/xkynpbah/public_html/app/Controllers/Telegram.php(124): App\Controllers\Telegram->askForResetConfirmation(6719727245, 6719727245, Object(stdClass), 'akashbabu', Object(stdClass))
#6 /home/xkynpbah/public_html/vendor/codeigniter4/framework/system/CodeIgniter.php(824): App\Controllers\Telegram->index()
#7 /home/xkynpbah/public_html/vendor/codeigniter4/framework/system/CodeIgniter.php(410): CodeIgniter\CodeIgniter->runController(Object(App\Controllers\Telegram))
#8 /home/xkynpbah/public_html/vendor/codeigniter4/framework/system/CodeIgniter.php(318): CodeIgniter\CodeIgniter->handleRequest(NULL, Object(Config\Cache), false)
#9 /home/xkynpbah/public_html/index.php(37): CodeIgniter\CodeIgniter->run()
#10 {main}
ERROR - 2026-07-26 17:26:13 --> Telegram controller called
ERROR - 2026-07-26 17:26:13 --> Table 'xkynpbah_titoo.telegram_premium' doesn't exist
CRITICAL - 2026-07-26 17:26:13 --> Table 'xkynpbah_titoo.telegram_premium' doesn't exist
#0 /home/xkynpbah/public_html/vendor/codeigniter4/framework/system/Database/MySQLi/Connection.php(292): mysqli->query('SELECT COUNT(*)...', 0)
#1 /home/xkynpbah/public_html/vendor/codeigniter4/framework/system/Database/BaseConnection.php(670): CodeIgniter\Database\MySQLi\Connection->execute('SELECT COUNT(*)...')
#2 /home/xkynpbah/public_html/vendor/codeigniter4/framework/system/Database/BaseConnection.php(598): CodeIgniter\Database\BaseConnection->simpleQuery('SELECT COUNT(*)...')
#3 /home/xkynpbah/public_html/vendor/codeigniter4/framework/system/Database/BaseBuilder.php(1527): CodeIgniter\Database\BaseConnection->query('SELECT COUNT(*)...', Array, false)
#4 /home/xkynpbah/public_html/app/Controllers/Telegram.php(165): CodeIgniter\Database\BaseBuilder->countAllResults()
#5 /home/xkynpbah/public_html/app/Controllers/Telegram.php(124): App\Controllers\Telegram->askForResetConfirmation(6719727245, 6719727245, Object(stdClass), 'akashbabu', Object(stdClass))
#6 /home/xkynpbah/public_html/vendor/codeigniter4/framework/system/CodeIgniter.php(824): App\Controllers\Telegram->index()
#7 /home/xkynpbah/public_html/vendor/codeigniter4/framework/system/CodeIgniter.php(410): CodeIgniter\CodeIgniter->runController(Object(App\Controllers\Telegram))
#8 /home/xkynpbah/public_html/vendor/codeigniter4/framework/system/CodeIgniter.php(318): CodeIgniter\CodeIgniter->handleRequest(NULL, Object(Config\Cache), false)
#9 /home/xkynpbah/public_html/index.php(37): CodeIgniter\CodeIgniter->run()
#10 {main}
ERROR - 2026-07-26 17:28:09 --> Telegram controller called
ERROR - 2026-07-26 17:28:09 --> Table 'xkynpbah_titoo.telegram_premium' doesn't exist
CRITICAL - 2026-07-26 17:28:09 --> Table 'xkynpbah_titoo.telegram_premium' doesn't exist
#0 /home/xkynpbah/public_html/vendor/codeigniter4/framework/system/Database/MySQLi/Connection.php(292): mysqli->query('SELECT COUNT(*)...', 0)
#1 /home/xkynpbah/public_html/vendor/codeigniter4/framework/system/Database/BaseConnection.php(670): CodeIgniter\Database\MySQLi\Connection->execute('SELECT COUNT(*)...')
#2 /home/xkynpbah/public_html/vendor/codeigniter4/framework/system/Database/BaseConnection.php(598): CodeIgniter\Database\BaseConnection->simpleQuery('SELECT COUNT(*)...')
#3 /home/xkynpbah/public_html/vendor/codeigniter4/framework/system/Database/BaseBuilder.php(1527): CodeIgniter\Database\BaseConnection->query('SELECT COUNT(*)...', Array, false)
#4 /home/xkynpbah/public_html/app/Controllers/Telegram.php(165): CodeIgniter\Database\BaseBuilder->countAllResults()
#5 /home/xkynpbah/public_html/app/Controllers/Telegram.php(124): App\Controllers\Telegram->askForResetConfirmation(6719727245, 6719727245, Object(stdClass), 'akashbabu', Object(stdClass))
#6 /home/xkynpbah/public_html/vendor/codeigniter4/framework/system/CodeIgniter.php(824): App\Controllers\Telegram->index()
#7 /home/xkynpbah/public_html/vendor/codeigniter4/framework/system/CodeIgniter.php(410): CodeIgniter\CodeIgniter->runController(Object(App\Controllers\Telegram))
#8 /home/xkynpbah/public_html/vendor/codeigniter4/framework/system/CodeIgniter.php(318): CodeIgniter\CodeIgniter->handleRequest(NULL, Object(Config\Cache), false)
#9 /home/xkynpbah/public_html/index.php(37): CodeIgniter\CodeIgniter->run()
#10 {main}
ERROR - 2026-07-26 17:29:21 --> Telegram controller called
ERROR - 2026-07-26 17:29:21 --> Table 'xkynpbah_titoo.telegram_premium' doesn't exist
CRITICAL - 2026-07-26 17:29:21 --> Table 'xkynpbah_titoo.telegram_premium' doesn't exist
#0 /home/xkynpbah/public_html/vendor/codeigniter4/framework/system/Database/MySQLi/Connection.php(292): mysqli->query('SELECT COUNT(*)...', 0)
#1 /home/xkynpbah/public_html/vendor/codeigniter4/framework/system/Database/BaseConnection.php(670): CodeIgniter\Database\MySQLi\Connection->execute('SELECT COUNT(*)...')
#2 /home/xkynpbah/public_html/vendor/codeigniter4/framework/system/Database/BaseConnection.php(598): CodeIgniter\Database\BaseConnection->simpleQuery('SELECT COUNT(*)...')
#3 /home/xkynpbah/public_html/vendor/codeigniter4/framework/system/Database/BaseBuilder.php(1527): CodeIgniter\Database\BaseConnection->query('SELECT COUNT(*)...', Array, false)
#4 /home/xkynpbah/public_html/app/Controllers/Telegram.php(165): CodeIgniter\Database\BaseBuilder->countAllResults()
#5 /home/xkynpbah/public_html/app/Controllers/Telegram.php(124): App\Controllers\Telegram->askForResetConfirmation(6719727245, 6719727245, Object(stdClass), 'akashbabu', Object(stdClass))
#6 /home/xkynpbah/public_html/vendor/codeigniter4/framework/system/CodeIgniter.php(824): App\Controllers\Telegram->index()
#7 /home/xkynpbah/public_html/vendor/codeigniter4/framework/system/CodeIgniter.php(410): CodeIgniter\CodeIgniter->runController(Object(App\Controllers\Telegram))
#8 /home/xkynpbah/public_html/vendor/codeigniter4/framework/system/CodeIgniter.php(318): CodeIgniter\CodeIgniter->handleRequest(NULL, Object(Config\Cache), false)
#9 /home/xkynpbah/public_html/index.php(37): CodeIgniter\CodeIgniter->run()
#10 {main}
ERROR - 2026-07-26 17:30:53 --> Telegram controller called
ERROR - 2026-07-26 17:30:53 --> Table 'xkynpbah_titoo.telegram_premium' doesn't exist
CRITICAL - 2026-07-26 17:30:53 --> Table 'xkynpbah_titoo.telegram_premium' doesn't exist
#0 /home/xkynpbah/public_html/vendor/codeigniter4/framework/system/Database/MySQLi/Connection.php(292): mysqli->query('SELECT COUNT(*)...', 0)
#1 /home/xkynpbah/public_html/vendor/codeigniter4/framework/system/Database/BaseConnection.php(670): CodeIgniter\Database\MySQLi\Connection->execute('SELECT COUNT(*)...')
#2 /home/xkynpbah/public_html/vendor/codeigniter4/framework/system/Database/BaseConnection.php(598): CodeIgniter\Database\BaseConnection->simpleQuery('SELECT COUNT(*)...')
#3 /home/xkynpbah/public_html/vendor/codeigniter4/framework/system/Database/BaseBuilder.php(1527): CodeIgniter\Database\BaseConnection->query('SELECT COUNT(*)...', Array, false)
#4 /home/xkynpbah/public_html/app/Controllers/Telegram.php(165): CodeIgniter\Database\BaseBuilder->countAllResults()
#5 /home/xkynpbah/public_html/app/Controllers/Telegram.php(124): App\Controllers\Telegram->askForResetConfirmation(6719727245, 6719727245, Object(stdClass), 'akashbabu', Object(stdClass))
#6 /home/xkynpbah/public_html/vendor/codeigniter4/framework/system/CodeIgniter.php(824): App\Controllers\Telegram->index()
#7 /home/xkynpbah/public_html/vendor/codeigniter4/framework/system/CodeIgniter.php(410): CodeIgniter\CodeIgniter->runController(Object(App\Controllers\Telegram))
#8 /home/xkynpbah/public_html/vendor/codeigniter4/framework/system/CodeIgniter.php(318): CodeIgniter\CodeIgniter->handleRequest(NULL, Object(Config\Cache), false)
#9 /home/xkynpbah/public_html/index.php(37): CodeIgniter\CodeIgniter->run()
#10 {main}
ERROR - 2026-07-26 17:32:38 --> Telegram controller called
ERROR - 2026-07-26 17:32:38 --> Table 'xkynpbah_titoo.telegram_premium' doesn't exist
CRITICAL - 2026-07-26 17:32:38 --> Table 'xkynpbah_titoo.telegram_premium' doesn't exist
#0 /home/xkynpbah/public_html/vendor/codeigniter4/framework/system/Database/MySQLi/Connection.php(292): mysqli->query('SELECT COUNT(*)...', 0)
#1 /home/xkynpbah/public_html/vendor/codeigniter4/framework/system/Database/BaseConnection.php(670): CodeIgniter\Database\MySQLi\Connection->execute('SELECT COUNT(*)...')
#2 /home/xkynpbah/public_html/vendor/codeigniter4/framework/system/Database/BaseConnection.php(598): CodeIgniter\Database\BaseConnection->simpleQuery('SELECT COUNT(*)...')
#3 /home/xkynpbah/public_html/vendor/codeigniter4/framework/system/Database/BaseBuilder.php(1527): CodeIgniter\Database\BaseConnection->query('SELECT COUNT(*)...', Array, false)
#4 /home/xkynpbah/public_html/app/Controllers/Telegram.php(165): CodeIgniter\Database\BaseBuilder->countAllResults()
#5 /home/xkynpbah/public_html/app/Controllers/Telegram.php(124): App\Controllers\Telegram->askForResetConfirmation(6719727245, 6719727245, Object(stdClass), 'akashbabu', Object(stdClass))
#6 /home/xkynpbah/public_html/vendor/codeigniter4/framework/system/CodeIgniter.php(824): App\Controllers\Telegram->index()
#7 /home/xkynpbah/public_html/vendor/codeigniter4/framework/system/CodeIgniter.php(410): CodeIgniter\CodeIgniter->runController(Object(App\Controllers\Telegram))
#8 /home/xkynpbah/public_html/vendor/codeigniter4/framework/system/CodeIgniter.php(318): CodeIgniter\CodeIgniter->handleRequest(NULL, Object(Config\Cache), false)
#9 /home/xkynpbah/public_html/index.php(37): CodeIgniter\CodeIgniter->run()
#10 {main}
ERROR - 2026-07-26 17:33:50 --> Telegram controller called
ERROR - 2026-07-26 17:33:50 --> Table 'xkynpbah_titoo.telegram_premium' doesn't exist
CRITICAL - 2026-07-26 17:33:50 --> Table 'xkynpbah_titoo.telegram_premium' doesn't exist
#0 /home/xkynpbah/public_html/vendor/codeigniter4/framework/system/Database/MySQLi/Connection.php(292): mysqli->query('SELECT COUNT(*)...', 0)
#1 /home/xkynpbah/public_html/vendor/codeigniter4/framework/system/Database/BaseConnection.php(670): CodeIgniter\Database\MySQLi\Connection->execute('SELECT COUNT(*)...')
#2 /home/xkynpbah/public_html/vendor/codeigniter4/framework/system/Database/BaseConnection.php(598): CodeIgniter\Database\BaseConnection->simpleQuery('SELECT COUNT(*)...')
#3 /home/xkynpbah/public_html/vendor/codeigniter4/framework/system/Database/BaseBuilder.php(1527): CodeIgniter\Database\BaseConnection->query('SELECT COUNT(*)...', Array, false)
#4 /home/xkynpbah/public_html/app/Controllers/Telegram.php(165): CodeIgniter\Database\BaseBuilder->countAllResults()
#5 /home/xkynpbah/public_html/app/Controllers/Telegram.php(124): App\Controllers\Telegram->askForResetConfirmation(6719727245, 6719727245, Object(stdClass), 'akashbabu', Object(stdClass))
#6 /home/xkynpbah/public_html/vendor/codeigniter4/framework/system/CodeIgniter.php(824): App\Controllers\Telegram->index()
#7 /home/xkynpbah/public_html/vendor/codeigniter4/framework/system/CodeIgniter.php(410): CodeIgniter\CodeIgniter->runController(Object(App\Controllers\Telegram))
#8 /home/xkynpbah/public_html/vendor/codeigniter4/framework/system/CodeIgniter.php(318): CodeIgniter\CodeIgniter->handleRequest(NULL, Object(Config\Cache), false)
#9 /home/xkynpbah/public_html/index.php(37): CodeIgniter\CodeIgniter->run()
#10 {main}
ERROR - 2026-07-26 17:35:30 --> Telegram controller called
ERROR - 2026-07-26 17:35:30 --> Table 'xkynpbah_titoo.telegram_premium' doesn't exist
CRITICAL - 2026-07-26 17:35:30 --> Table 'xkynpbah_titoo.telegram_premium' doesn't exist
#0 /home/xkynpbah/public_html/vendor/codeigniter4/framework/system/Database/MySQLi/Connection.php(292): mysqli->query('SELECT COUNT(*)...', 0)
#1 /home/xkynpbah/public_html/vendor/codeigniter4/framework/system/Database/BaseConnection.php(670): CodeIgniter\Database\MySQLi\Connection->execute('SELECT COUNT(*)...')
#2 /home/xkynpbah/public_html/vendor/codeigniter4/framework/system/Database/BaseConnection.php(598): CodeIgniter\Database\BaseConnection->simpleQuery('SELECT COUNT(*)...')
#3 /home/xkynpbah/public_html/vendor/codeigniter4/framework/system/Database/BaseBuilder.php(1527): CodeIgniter\Database\BaseConnection->query('SELECT COUNT(*)...', Array, false)
#4 /home/xkynpbah/public_html/app/Controllers/Telegram.php(165): CodeIgniter\Database\BaseBuilder->countAllResults()
#5 /home/xkynpbah/public_html/app/Controllers/Telegram.php(124): App\Controllers\Telegram->askForResetConfirmation(6719727245, 6719727245, Object(stdClass), 'akashbabu', Object(stdClass))
#6 /home/xkynpbah/public_html/vendor/codeigniter4/framework/system/CodeIgniter.php(824): App\Controllers\Telegram->index()
#7 /home/xkynpbah/public_html/vendor/codeigniter4/framework/system/CodeIgniter.php(410): CodeIgniter\CodeIgniter->runController(Object(App\Controllers\Telegram))
#8 /home/xkynpbah/public_html/vendor/codeigniter4/framework/system/CodeIgniter.php(318): CodeIgniter\CodeIgniter->handleRequest(NULL, Object(Config\Cache), false)
#9 /home/xkynpbah/public_html/index.php(37): CodeIgniter\CodeIgniter->run()
#10 {main}
ERROR - 2026-07-26 17:37:13 --> Telegram controller called
ERROR - 2026-07-26 17:37:13 --> Table 'xkynpbah_titoo.telegram_premium' doesn't exist
CRITICAL - 2026-07-26 17:37:13 --> Table 'xkynpbah_titoo.telegram_premium' doesn't exist
#0 /home/xkynpbah/public_html/vendor/codeigniter4/framework/system/Database/MySQLi/Connection.php(292): mysqli->query('SELECT COUNT(*)...', 0)
#1 /home/xkynpbah/public_html/vendor/codeigniter4/framework/system/Database/BaseConnection.php(670): CodeIgniter\Database\MySQLi\Connection->execute('SELECT COUNT(*)...')
#2 /home/xkynpbah/public_html/vendor/codeigniter4/framework/system/Database/BaseConnection.php(598): CodeIgniter\Database\BaseConnection->simpleQuery('SELECT COUNT(*)...')
#3 /home/xkynpbah/public_html/vendor/codeigniter4/framework/system/Database/BaseBuilder.php(1527): CodeIgniter\Database\BaseConnection->query('SELECT COUNT(*)...', Array, false)
#4 /home/xkynpbah/public_html/app/Controllers/Telegram.php(165): CodeIgniter\Database\BaseBuilder->countAllResults()
#5 /home/xkynpbah/public_html/app/Controllers/Telegram.php(124): App\Controllers\Telegram->askForResetConfirmation(6719727245, 6719727245, Object(stdClass), 'akashbabu', Object(stdClass))
#6 /home/xkynpbah/public_html/vendor/codeigniter4/framework/system/CodeIgniter.php(824): App\Controllers\Telegram->index()
#7 /home/xkynpbah/public_html/vendor/codeigniter4/framework/system/CodeIgniter.php(410): CodeIgniter\CodeIgniter->runController(Object(App\Controllers\Telegram))
#8 /home/xkynpbah/public_html/vendor/codeigniter4/framework/system/CodeIgniter.php(318): CodeIgniter\CodeIgniter->handleRequest(NULL, Object(Config\Cache), false)
#9 /home/xkynpbah/public_html/index.php(37): CodeIgniter\CodeIgniter->run()
#10 {main}
ERROR - 2026-07-26 17:39:05 --> Telegram controller called
ERROR - 2026-07-26 17:39:05 --> Table 'xkynpbah_titoo.telegram_premium' doesn't exist
CRITICAL - 2026-07-26 17:39:05 --> Table 'xkynpbah_titoo.telegram_premium' doesn't exist
#0 /home/xkynpbah/public_html/vendor/codeigniter4/framework/system/Database/MySQLi/Connection.php(292): mysqli->query('SELECT COUNT(*)...', 0)
#1 /home/xkynpbah/public_html/vendor/codeigniter4/framework/system/Database/BaseConnection.php(670): CodeIgniter\Database\MySQLi\Connection->execute('SELECT COUNT(*)...')
#2 /home/xkynpbah/public_html/vendor/codeigniter4/framework/system/Database/BaseConnection.php(598): CodeIgniter\Database\BaseConnection->simpleQuery('SELECT COUNT(*)...')
#3 /home/xkynpbah/public_html/vendor/codeigniter4/framework/system/Database/BaseBuilder.php(1527): CodeIgniter\Database\BaseConnection->query('SELECT COUNT(*)...', Array, false)
#4 /home/xkynpbah/public_html/app/Controllers/Telegram.php(165): CodeIgniter\Database\BaseBuilder->countAllResults()
#5 /home/xkynpbah/public_html/app/Controllers/Telegram.php(124): App\Controllers\Telegram->askForResetConfirmation(6719727245, 6719727245, Object(stdClass), 'akashbabu', Object(stdClass))
#6 /home/xkynpbah/public_html/vendor/codeigniter4/framework/system/CodeIgniter.php(824): App\Controllers\Telegram->index()
#7 /home/xkynpbah/public_html/vendor/codeigniter4/framework/system/CodeIgniter.php(410): CodeIgniter\CodeIgniter->runController(Object(App\Controllers\Telegram))
#8 /home/xkynpbah/public_html/vendor/codeigniter4/framework/system/CodeIgniter.php(318): CodeIgniter\CodeIgniter->handleRequest(NULL, Object(Config\Cache), false)
#9 /home/xkynpbah/public_html/index.php(37): CodeIgniter\CodeIgniter->run()
#10 {main}
ERROR - 2026-07-26 17:40:39 --> Telegram controller called
ERROR - 2026-07-26 17:40:39 --> Table 'xkynpbah_titoo.telegram_premium' doesn't exist
CRITICAL - 2026-07-26 17:40:39 --> Table 'xkynpbah_titoo.telegram_premium' doesn't exist
#0 /home/xkynpbah/public_html/vendor/codeigniter4/framework/system/Database/MySQLi/Connection.php(292): mysqli->query('SELECT COUNT(*)...', 0)
#1 /home/xkynpbah/public_html/vendor/codeigniter4/framework/system/Database/BaseConnection.php(670): CodeIgniter\Database\MySQLi\Connection->execute('SELECT COUNT(*)...')
#2 /home/xkynpbah/public_html/vendor/codeigniter4/framework/system/Database/BaseConnection.php(598): CodeIgniter\Database\BaseConnection->simpleQuery('SELECT COUNT(*)...')
#3 /home/xkynpbah/public_html/vendor/codeigniter4/framework/system/Database/BaseBuilder.php(1527): CodeIgniter\Database\BaseConnection->query('SELECT COUNT(*)...', Array, false)
#4 /home/xkynpbah/public_html/app/Controllers/Telegram.php(165): CodeIgniter\Database\BaseBuilder->countAllResults()
#5 /home/xkynpbah/public_html/app/Controllers/Telegram.php(124): App\Controllers\Telegram->askForResetConfirmation(6719727245, 6719727245, Object(stdClass), 'akashbabu', Object(stdClass))
#6 /home/xkynpbah/public_html/vendor/codeigniter4/framework/system/CodeIgniter.php(824): App\Controllers\Telegram->index()
#7 /home/xkynpbah/public_html/vendor/codeigniter4/framework/system/CodeIgniter.php(410): CodeIgniter\CodeIgniter->runController(Object(App\Controllers\Telegram))
#8 /home/xkynpbah/public_html/vendor/codeigniter4/framework/system/CodeIgniter.php(318): CodeIgniter\CodeIgniter->handleRequest(NULL, Object(Config\Cache), false)
#9 /home/xkynpbah/public_html/index.php(37): CodeIgniter\CodeIgniter->run()
#10 {main}
ERROR - 2026-07-26 17:42:32 --> Telegram controller called
ERROR - 2026-07-26 17:42:32 --> Table 'xkynpbah_titoo.telegram_premium' doesn't exist
CRITICAL - 2026-07-26 17:42:32 --> Table 'xkynpbah_titoo.telegram_premium' doesn't exist
#0 /home/xkynpbah/public_html/vendor/codeigniter4/framework/system/Database/MySQLi/Connection.php(292): mysqli->query('SELECT COUNT(*)...', 0)
#1 /home/xkynpbah/public_html/vendor/codeigniter4/framework/system/Database/BaseConnection.php(670): CodeIgniter\Database\MySQLi\Connection->execute('SELECT COUNT(*)...')
#2 /home/xkynpbah/public_html/vendor/codeigniter4/framework/system/Database/BaseConnection.php(598): CodeIgniter\Database\BaseConnection->simpleQuery('SELECT COUNT(*)...')
#3 /home/xkynpbah/public_html/vendor/codeigniter4/framework/system/Database/BaseBuilder.php(1527): CodeIgniter\Database\BaseConnection->query('SELECT COUNT(*)...', Array, false)
#4 /home/xkynpbah/public_html/app/Controllers/Telegram.php(165): CodeIgniter\Database\BaseBuilder->countAllResults()
#5 /home/xkynpbah/public_html/app/Controllers/Telegram.php(124): App\Controllers\Telegram->askForResetConfirmation(6719727245, 6719727245, Object(stdClass), 'akashbabu', Object(stdClass))
#6 /home/xkynpbah/public_html/vendor/codeigniter4/framework/system/CodeIgniter.php(824): App\Controllers\Telegram->index()
#7 /home/xkynpbah/public_html/vendor/codeigniter4/framework/system/CodeIgniter.php(410): CodeIgniter\CodeIgniter->runController(Object(App\Controllers\Telegram))
#8 /home/xkynpbah/public_html/vendor/codeigniter4/framework/system/CodeIgniter.php(318): CodeIgniter\CodeIgniter->handleRequest(NULL, Object(Config\Cache), false)
#9 /home/xkynpbah/public_html/index.php(37): CodeIgniter\CodeIgniter->run()
#10 {main}
ERROR - 2026-07-26 17:43:57 --> Telegram controller called
ERROR - 2026-07-26 17:43:57 --> Table 'xkynpbah_titoo.telegram_premium' doesn't exist
CRITICAL - 2026-07-26 17:43:57 --> Table 'xkynpbah_titoo.telegram_premium' doesn't exist
#0 /home/xkynpbah/public_html/vendor/codeigniter4/framework/system/Database/MySQLi/Connection.php(292): mysqli->query('SELECT COUNT(*)...', 0)
#1 /home/xkynpbah/public_html/vendor/codeigniter4/framework/system/Database/BaseConnection.php(670): CodeIgniter\Database\MySQLi\Connection->execute('SELECT COUNT(*)...')
#2 /home/xkynpbah/public_html/vendor/codeigniter4/framework/system/Database/BaseConnection.php(598): CodeIgniter\Database\BaseConnection->simpleQuery('SELECT COUNT(*)...')
#3 /home/xkynpbah/public_html/vendor/codeigniter4/framework/system/Database/BaseBuilder.php(1527): CodeIgniter\Database\BaseConnection->query('SELECT COUNT(*)...', Array, false)
#4 /home/xkynpbah/public_html/app/Controllers/Telegram.php(165): CodeIgniter\Database\BaseBuilder->countAllResults()
#5 /home/xkynpbah/public_html/app/Controllers/Telegram.php(124): App\Controllers\Telegram->askForResetConfirmation(6719727245, 6719727245, Object(stdClass), 'akashbabu', Object(stdClass))
#6 /home/xkynpbah/public_html/vendor/codeigniter4/framework/system/CodeIgniter.php(824): App\Controllers\Telegram->index()
#7 /home/xkynpbah/public_html/vendor/codeigniter4/framework/system/CodeIgniter.php(410): CodeIgniter\CodeIgniter->runController(Object(App\Controllers\Telegram))
#8 /home/xkynpbah/public_html/vendor/codeigniter4/framework/system/CodeIgniter.php(318): CodeIgniter\CodeIgniter->handleRequest(NULL, Object(Config\Cache), false)
#9 /home/xkynpbah/public_html/index.php(37): CodeIgniter\CodeIgniter->run()
#10 {main}
ERROR - 2026-07-26 17:44:58 --> Telegram controller called
ERROR - 2026-07-26 17:44:58 --> Table 'xkynpbah_titoo.telegram_premium' doesn't exist
CRITICAL - 2026-07-26 17:44:58 --> Table 'xkynpbah_titoo.telegram_premium' doesn't exist
#0 /home/xkynpbah/public_html/vendor/codeigniter4/framework/system/Database/MySQLi/Connection.php(292): mysqli->query('SELECT COUNT(*)...', 0)
#1 /home/xkynpbah/public_html/vendor/codeigniter4/framework/system/Database/BaseConnection.php(670): CodeIgniter\Database\MySQLi\Connection->execute('SELECT COUNT(*)...')
#2 /home/xkynpbah/public_html/vendor/codeigniter4/framework/system/Database/BaseConnection.php(598): CodeIgniter\Database\BaseConnection->simpleQuery('SELECT COUNT(*)...')
#3 /home/xkynpbah/public_html/vendor/codeigniter4/framework/system/Database/BaseBuilder.php(1527): CodeIgniter\Database\BaseConnection->query('SELECT COUNT(*)...', Array, false)
#4 /home/xkynpbah/public_html/app/Controllers/Telegram.php(165): CodeIgniter\Database\BaseBuilder->countAllResults()
#5 /home/xkynpbah/public_html/app/Controllers/Telegram.php(124): App\Controllers\Telegram->askForResetConfirmation(6719727245, 6719727245, Object(stdClass), 'akashbabu', Object(stdClass))
#6 /home/xkynpbah/public_html/vendor/codeigniter4/framework/system/CodeIgniter.php(824): App\Controllers\Telegram->index()
#7 /home/xkynpbah/public_html/vendor/codeigniter4/framework/system/CodeIgniter.php(410): CodeIgniter\CodeIgniter->runController(Object(App\Controllers\Telegram))
#8 /home/xkynpbah/public_html/vendor/codeigniter4/framework/system/CodeIgniter.php(318): CodeIgniter\CodeIgniter->handleRequest(NULL, Object(Config\Cache), false)
#9 /home/xkynpbah/public_html/index.php(37): CodeIgniter\CodeIgniter->run()
#10 {main}
ERROR - 2026-07-26 17:46:13 --> Telegram controller called
ERROR - 2026-07-26 17:46:13 --> Table 'xkynpbah_titoo.telegram_premium' doesn't exist
CRITICAL - 2026-07-26 17:46:13 --> Table 'xkynpbah_titoo.telegram_premium' doesn't exist
#0 /home/xkynpbah/public_html/vendor/codeigniter4/framework/system/Database/MySQLi/Connection.php(292): mysqli->query('SELECT COUNT(*)...', 0)
#1 /home/xkynpbah/public_html/vendor/codeigniter4/framework/system/Database/BaseConnection.php(670): CodeIgniter\Database\MySQLi\Connection->execute('SELECT COUNT(*)...')
#2 /home/xkynpbah/public_html/vendor/codeigniter4/framework/system/Database/BaseConnection.php(598): CodeIgniter\Database\BaseConnection->simpleQuery('SELECT COUNT(*)...')
#3 /home/xkynpbah/public_html/vendor/codeigniter4/framework/system/Database/BaseBuilder.php(1527): CodeIgniter\Database\BaseConnection->query('SELECT COUNT(*)...', Array, false)
#4 /home/xkynpbah/public_html/app/Controllers/Telegram.php(165): CodeIgniter\Database\BaseBuilder->countAllResults()
#5 /home/xkynpbah/public_html/app/Controllers/Telegram.php(124): App\Controllers\Telegram->askForResetConfirmation(6719727245, 6719727245, Object(stdClass), 'akashbabu', Object(stdClass))
#6 /home/xkynpbah/public_html/vendor/codeigniter4/framework/system/CodeIgniter.php(824): App\Controllers\Telegram->index()
#7 /home/xkynpbah/public_html/vendor/codeigniter4/framework/system/CodeIgniter.php(410): CodeIgniter\CodeIgniter->runController(Object(App\Controllers\Telegram))
#8 /home/xkynpbah/public_html/vendor/codeigniter4/framework/system/CodeIgniter.php(318): CodeIgniter\CodeIgniter->handleRequest(NULL, Object(Config\Cache), false)
#9 /home/xkynpbah/public_html/index.php(37): CodeIgniter\CodeIgniter->run()
#10 {main}
ERROR - 2026-07-26 17:47:38 --> Telegram controller called
ERROR - 2026-07-26 17:47:38 --> Table 'xkynpbah_titoo.telegram_premium' doesn't exist
CRITICAL - 2026-07-26 17:47:38 --> Table 'xkynpbah_titoo.telegram_premium' doesn't exist
#0 /home/xkynpbah/public_html/vendor/codeigniter4/framework/system/Database/MySQLi/Connection.php(292): mysqli->query('SELECT COUNT(*)...', 0)
#1 /home/xkynpbah/public_html/vendor/codeigniter4/framework/system/Database/BaseConnection.php(670): CodeIgniter\Database\MySQLi\Connection->execute('SELECT COUNT(*)...')
#2 /home/xkynpbah/public_html/vendor/codeigniter4/framework/system/Database/BaseConnection.php(598): CodeIgniter\Database\BaseConnection->simpleQuery('SELECT COUNT(*)...')
#3 /home/xkynpbah/public_html/vendor/codeigniter4/framework/system/Database/BaseBuilder.php(1527): CodeIgniter\Database\BaseConnection->query('SELECT COUNT(*)...', Array, false)
#4 /home/xkynpbah/public_html/app/Controllers/Telegram.php(165): CodeIgniter\Database\BaseBuilder->countAllResults()
#5 /home/xkynpbah/public_html/app/Controllers/Telegram.php(124): App\Controllers\Telegram->askForResetConfirmation(6719727245, 6719727245, Object(stdClass), 'akashbabu', Object(stdClass))
#6 /home/xkynpbah/public_html/vendor/codeigniter4/framework/system/CodeIgniter.php(824): App\Controllers\Telegram->index()
#7 /home/xkynpbah/public_html/vendor/codeigniter4/framework/system/CodeIgniter.php(410): CodeIgniter\CodeIgniter->runController(Object(App\Controllers\Telegram))
#8 /home/xkynpbah/public_html/vendor/codeigniter4/framework/system/CodeIgniter.php(318): CodeIgniter\CodeIgniter->handleRequest(NULL, Object(Config\Cache), false)
#9 /home/xkynpbah/public_html/index.php(37): CodeIgniter\CodeIgniter->run()
#10 {main}
ERROR - 2026-07-26 17:49:00 --> Telegram controller called
ERROR - 2026-07-26 17:49:00 --> Table 'xkynpbah_titoo.telegram_premium' doesn't exist
CRITICAL - 2026-07-26 17:49:00 --> Table 'xkynpbah_titoo.telegram_premium' doesn't exist
#0 /home/xkynpbah/public_html/vendor/codeigniter4/framework/system/Database/MySQLi/Connection.php(292): mysqli->query('SELECT COUNT(*)...', 0)
#1 /home/xkynpbah/public_html/vendor/codeigniter4/framework/system/Database/BaseConnection.php(670): CodeIgniter\Database\MySQLi\Connection->execute('SELECT COUNT(*)...')
#2 /home/xkynpbah/public_html/vendor/codeigniter4/framework/system/Database/BaseConnection.php(598): CodeIgniter\Database\BaseConnection->simpleQuery('SELECT COUNT(*)...')
#3 /home/xkynpbah/public_html/vendor/codeigniter4/framework/system/Database/BaseBuilder.php(1527): CodeIgniter\Database\BaseConnection->query('SELECT COUNT(*)...', Array, false)
#4 /home/xkynpbah/public_html/app/Controllers/Telegram.php(165): CodeIgniter\Database\BaseBuilder->countAllResults()
#5 /home/xkynpbah/public_html/app/Controllers/Telegram.php(124): App\Controllers\Telegram->askForResetConfirmation(6719727245, 6719727245, Object(stdClass), 'akashbabu', Object(stdClass))
#6 /home/xkynpbah/public_html/vendor/codeigniter4/framework/system/CodeIgniter.php(824): App\Controllers\Telegram->index()
#7 /home/xkynpbah/public_html/vendor/codeigniter4/framework/system/CodeIgniter.php(410): CodeIgniter\CodeIgniter->runController(Object(App\Controllers\Telegram))
#8 /home/xkynpbah/public_html/vendor/codeigniter4/framework/system/CodeIgniter.php(318): CodeIgniter\CodeIgniter->handleRequest(NULL, Object(Config\Cache), false)
#9 /home/xkynpbah/public_html/index.php(37): CodeIgniter\CodeIgniter->run()
#10 {main}
ERROR - 2026-07-26 17:50:11 --> Telegram controller called
ERROR - 2026-07-26 17:50:11 --> Table 'xkynpbah_titoo.telegram_premium' doesn't exist
CRITICAL - 2026-07-26 17:50:11 --> Table 'xkynpbah_titoo.telegram_premium' doesn't exist
#0 /home/xkynpbah/public_html/vendor/codeigniter4/framework/system/Database/MySQLi/Connection.php(292): mysqli->query('SELECT COUNT(*)...', 0)
#1 /home/xkynpbah/public_html/vendor/codeigniter4/framework/system/Database/BaseConnection.php(670): CodeIgniter\Database\MySQLi\Connection->execute('SELECT COUNT(*)...')
#2 /home/xkynpbah/public_html/vendor/codeigniter4/framework/system/Database/BaseConnection.php(598): CodeIgniter\Database\BaseConnection->simpleQuery('SELECT COUNT(*)...')
#3 /home/xkynpbah/public_html/vendor/codeigniter4/framework/system/Database/BaseBuilder.php(1527): CodeIgniter\Database\BaseConnection->query('SELECT COUNT(*)...', Array, false)
#4 /home/xkynpbah/public_html/app/Controllers/Telegram.php(165): CodeIgniter\Database\BaseBuilder->countAllResults()
#5 /home/xkynpbah/public_html/app/Controllers/Telegram.php(124): App\Controllers\Telegram->askForResetConfirmation(6719727245, 6719727245, Object(stdClass), 'akashbabu', Object(stdClass))
#6 /home/xkynpbah/public_html/vendor/codeigniter4/framework/system/CodeIgniter.php(824): App\Controllers\Telegram->index()
#7 /home/xkynpbah/public_html/vendor/codeigniter4/framework/system/CodeIgniter.php(410): CodeIgniter\CodeIgniter->runController(Object(App\Controllers\Telegram))
#8 /home/xkynpbah/public_html/vendor/codeigniter4/framework/system/CodeIgniter.php(318): CodeIgniter\CodeIgniter->handleRequest(NULL, Object(Config\Cache), false)
#9 /home/xkynpbah/public_html/index.php(37): CodeIgniter\CodeIgniter->run()
#10 {main}
ERROR - 2026-07-26 17:52:12 --> Telegram controller called
ERROR - 2026-07-26 17:52:12 --> Table 'xkynpbah_titoo.telegram_premium' doesn't exist
CRITICAL - 2026-07-26 17:52:12 --> Table 'xkynpbah_titoo.telegram_premium' doesn't exist
#0 /home/xkynpbah/public_html/vendor/codeigniter4/framework/system/Database/MySQLi/Connection.php(292): mysqli->query('SELECT COUNT(*)...', 0)
#1 /home/xkynpbah/public_html/vendor/codeigniter4/framework/system/Database/BaseConnection.php(670): CodeIgniter\Database\MySQLi\Connection->execute('SELECT COUNT(*)...')
#2 /home/xkynpbah/public_html/vendor/codeigniter4/framework/system/Database/BaseConnection.php(598): CodeIgniter\Database\BaseConnection->simpleQuery('SELECT COUNT(*)...')
#3 /home/xkynpbah/public_html/vendor/codeigniter4/framework/system/Database/BaseBuilder.php(1527): CodeIgniter\Database\BaseConnection->query('SELECT COUNT(*)...', Array, false)
#4 /home/xkynpbah/public_html/app/Controllers/Telegram.php(165): CodeIgniter\Database\BaseBuilder->countAllResults()
#5 /home/xkynpbah/public_html/app/Controllers/Telegram.php(124): App\Controllers\Telegram->askForResetConfirmation(6719727245, 6719727245, Object(stdClass), 'akashbabu', Object(stdClass))
#6 /home/xkynpbah/public_html/vendor/codeigniter4/framework/system/CodeIgniter.php(824): App\Controllers\Telegram->index()
#7 /home/xkynpbah/public_html/vendor/codeigniter4/framework/system/CodeIgniter.php(410): CodeIgniter\CodeIgniter->runController(Object(App\Controllers\Telegram))
#8 /home/xkynpbah/public_html/vendor/codeigniter4/framework/system/CodeIgniter.php(318): CodeIgniter\CodeIgniter->handleRequest(NULL, Object(Config\Cache), false)
#9 /home/xkynpbah/public_html/index.php(37): CodeIgniter\CodeIgniter->run()
#10 {main}
ERROR - 2026-07-26 17:53:29 --> Telegram controller called
ERROR - 2026-07-26 17:53:29 --> Table 'xkynpbah_titoo.telegram_premium' doesn't exist
CRITICAL - 2026-07-26 17:53:29 --> Table 'xkynpbah_titoo.telegram_premium' doesn't exist
#0 /home/xkynpbah/public_html/vendor/codeigniter4/framework/system/Database/MySQLi/Connection.php(292): mysqli->query('SELECT COUNT(*)...', 0)
#1 /home/xkynpbah/public_html/vendor/codeigniter4/framework/system/Database/BaseConnection.php(670): CodeIgniter\Database\MySQLi\Connection->execute('SELECT COUNT(*)...')
#2 /home/xkynpbah/public_html/vendor/codeigniter4/framework/system/Database/BaseConnection.php(598): CodeIgniter\Database\BaseConnection->simpleQuery('SELECT COUNT(*)...')
#3 /home/xkynpbah/public_html/vendor/codeigniter4/framework/system/Database/BaseBuilder.php(1527): CodeIgniter\Database\BaseConnection->query('SELECT COUNT(*)...', Array, false)
#4 /home/xkynpbah/public_html/app/Controllers/Telegram.php(165): CodeIgniter\Database\BaseBuilder->countAllResults()
#5 /home/xkynpbah/public_html/app/Controllers/Telegram.php(124): App\Controllers\Telegram->askForResetConfirmation(6719727245, 6719727245, Object(stdClass), 'akashbabu', Object(stdClass))
#6 /home/xkynpbah/public_html/vendor/codeigniter4/framework/system/CodeIgniter.php(824): App\Controllers\Telegram->index()
#7 /home/xkynpbah/public_html/vendor/codeigniter4/framework/system/CodeIgniter.php(410): CodeIgniter\CodeIgniter->runController(Object(App\Controllers\Telegram))
#8 /home/xkynpbah/public_html/vendor/codeigniter4/framework/system/CodeIgniter.php(318): CodeIgniter\CodeIgniter->handleRequest(NULL, Object(Config\Cache), false)
#9 /home/xkynpbah/public_html/index.php(37): CodeIgniter\CodeIgniter->run()
#10 {main}
ERROR - 2026-07-26 17:55:11 --> Telegram controller called
ERROR - 2026-07-26 17:55:11 --> Table 'xkynpbah_titoo.telegram_premium' doesn't exist
CRITICAL - 2026-07-26 17:55:11 --> Table 'xkynpbah_titoo.telegram_premium' doesn't exist
#0 /home/xkynpbah/public_html/vendor/codeigniter4/framework/system/Database/MySQLi/Connection.php(292): mysqli->query('SELECT COUNT(*)...', 0)
#1 /home/xkynpbah/public_html/vendor/codeigniter4/framework/system/Database/BaseConnection.php(670): CodeIgniter\Database\MySQLi\Connection->execute('SELECT COUNT(*)...')
#2 /home/xkynpbah/public_html/vendor/codeigniter4/framework/system/Database/BaseConnection.php(598): CodeIgniter\Database\BaseConnection->simpleQuery('SELECT COUNT(*)...')
#3 /home/xkynpbah/public_html/vendor/codeigniter4/framework/system/Database/BaseBuilder.php(1527): CodeIgniter\Database\BaseConnection->query('SELECT COUNT(*)...', Array, false)
#4 /home/xkynpbah/public_html/app/Controllers/Telegram.php(165): CodeIgniter\Database\BaseBuilder->countAllResults()
#5 /home/xkynpbah/public_html/app/Controllers/Telegram.php(124): App\Controllers\Telegram->askForResetConfirmation(6719727245, 6719727245, Object(stdClass), 'akashbabu', Object(stdClass))
#6 /home/xkynpbah/public_html/vendor/codeigniter4/framework/system/CodeIgniter.php(824): App\Controllers\Telegram->index()
#7 /home/xkynpbah/public_html/vendor/codeigniter4/framework/system/CodeIgniter.php(410): CodeIgniter\CodeIgniter->runController(Object(App\Controllers\Telegram))
#8 /home/xkynpbah/public_html/vendor/codeigniter4/framework/system/CodeIgniter.php(318): CodeIgniter\CodeIgniter->handleRequest(NULL, Object(Config\Cache), false)
#9 /home/xkynpbah/public_html/index.php(37): CodeIgniter\CodeIgniter->run()
#10 {main}
ERROR - 2026-07-26 17:56:24 --> Telegram controller called
ERROR - 2026-07-26 17:56:24 --> Table 'xkynpbah_titoo.telegram_premium' doesn't exist
CRITICAL - 2026-07-26 17:56:24 --> Table 'xkynpbah_titoo.telegram_premium' doesn't exist
#0 /home/xkynpbah/public_html/vendor/codeigniter4/framework/system/Database/MySQLi/Connection.php(292): mysqli->query('SELECT COUNT(*)...', 0)
#1 /home/xkynpbah/public_html/vendor/codeigniter4/framework/system/Database/BaseConnection.php(670): CodeIgniter\Database\MySQLi\Connection->execute('SELECT COUNT(*)...')
#2 /home/xkynpbah/public_html/vendor/codeigniter4/framework/system/Database/BaseConnection.php(598): CodeIgniter\Database\BaseConnection->simpleQuery('SELECT COUNT(*)...')
#3 /home/xkynpbah/public_html/vendor/codeigniter4/framework/system/Database/BaseBuilder.php(1527): CodeIgniter\Database\BaseConnection->query('SELECT COUNT(*)...', Array, false)
#4 /home/xkynpbah/public_html/app/Controllers/Telegram.php(165): CodeIgniter\Database\BaseBuilder->countAllResults()
#5 /home/xkynpbah/public_html/app/Controllers/Telegram.php(124): App\Controllers\Telegram->askForResetConfirmation(6719727245, 6719727245, Object(stdClass), 'akashbabu', Object(stdClass))
#6 /home/xkynpbah/public_html/vendor/codeigniter4/framework/system/CodeIgniter.php(824): App\Controllers\Telegram->index()
#7 /home/xkynpbah/public_html/vendor/codeigniter4/framework/system/CodeIgniter.php(410): CodeIgniter\CodeIgniter->runController(Object(App\Controllers\Telegram))
#8 /home/xkynpbah/public_html/vendor/codeigniter4/framework/system/CodeIgniter.php(318): CodeIgniter\CodeIgniter->handleRequest(NULL, Object(Config\Cache), false)
#9 /home/xkynpbah/public_html/index.php(37): CodeIgniter\CodeIgniter->run()
#10 {main}
ERROR - 2026-07-26 17:57:38 --> Telegram controller called
ERROR - 2026-07-26 17:57:38 --> Table 'xkynpbah_titoo.telegram_premium' doesn't exist
CRITICAL - 2026-07-26 17:57:38 --> Table 'xkynpbah_titoo.telegram_premium' doesn't exist
#0 /home/xkynpbah/public_html/vendor/codeigniter4/framework/system/Database/MySQLi/Connection.php(292): mysqli->query('SELECT COUNT(*)...', 0)
#1 /home/xkynpbah/public_html/vendor/codeigniter4/framework/system/Database/BaseConnection.php(670): CodeIgniter\Database\MySQLi\Connection->execute('SELECT COUNT(*)...')
#2 /home/xkynpbah/public_html/vendor/codeigniter4/framework/system/Database/BaseConnection.php(598): CodeIgniter\Database\BaseConnection->simpleQuery('SELECT COUNT(*)...')
#3 /home/xkynpbah/public_html/vendor/codeigniter4/framework/system/Database/BaseBuilder.php(1527): CodeIgniter\Database\BaseConnection->query('SELECT COUNT(*)...', Array, false)
#4 /home/xkynpbah/public_html/app/Controllers/Telegram.php(165): CodeIgniter\Database\BaseBuilder->countAllResults()
#5 /home/xkynpbah/public_html/app/Controllers/Telegram.php(124): App\Controllers\Telegram->askForResetConfirmation(6719727245, 6719727245, Object(stdClass), 'akashbabu', Object(stdClass))
#6 /home/xkynpbah/public_html/vendor/codeigniter4/framework/system/CodeIgniter.php(824): App\Controllers\Telegram->index()
#7 /home/xkynpbah/public_html/vendor/codeigniter4/framework/system/CodeIgniter.php(410): CodeIgniter\CodeIgniter->runController(Object(App\Controllers\Telegram))
#8 /home/xkynpbah/public_html/vendor/codeigniter4/framework/system/CodeIgniter.php(318): CodeIgniter\CodeIgniter->handleRequest(NULL, Object(Config\Cache), false)
#9 /home/xkynpbah/public_html/index.php(37): CodeIgniter\CodeIgniter->run()
#10 {main}
ERROR - 2026-07-26 17:58:47 --> Telegram controller called
ERROR - 2026-07-26 17:58:47 --> Table 'xkynpbah_titoo.telegram_premium' doesn't exist
CRITICAL - 2026-07-26 17:58:47 --> Table 'xkynpbah_titoo.telegram_premium' doesn't exist
#0 /home/xkynpbah/public_html/vendor/codeigniter4/framework/system/Database/MySQLi/Connection.php(292): mysqli->query('SELECT COUNT(*)...', 0)
#1 /home/xkynpbah/public_html/vendor/codeigniter4/framework/system/Database/BaseConnection.php(670): CodeIgniter\Database\MySQLi\Connection->execute('SELECT COUNT(*)...')
#2 /home/xkynpbah/public_html/vendor/codeigniter4/framework/system/Database/BaseConnection.php(598): CodeIgniter\Database\BaseConnection->simpleQuery('SELECT COUNT(*)...')
#3 /home/xkynpbah/public_html/vendor/codeigniter4/framework/system/Database/BaseBuilder.php(1527): CodeIgniter\Database\BaseConnection->query('SELECT COUNT(*)...', Array, false)
#4 /home/xkynpbah/public_html/app/Controllers/Telegram.php(165): CodeIgniter\Database\BaseBuilder->countAllResults()
#5 /home/xkynpbah/public_html/app/Controllers/Telegram.php(124): App\Controllers\Telegram->askForResetConfirmation(6719727245, 6719727245, Object(stdClass), 'akashbabu', Object(stdClass))
#6 /home/xkynpbah/public_html/vendor/codeigniter4/framework/system/CodeIgniter.php(824): App\Controllers\Telegram->index()
#7 /home/xkynpbah/public_html/vendor/codeigniter4/framework/system/CodeIgniter.php(410): CodeIgniter\CodeIgniter->runController(Object(App\Controllers\Telegram))
#8 /home/xkynpbah/public_html/vendor/codeigniter4/framework/system/CodeIgniter.php(318): CodeIgniter\CodeIgniter->handleRequest(NULL, Object(Config\Cache), false)
#9 /home/xkynpbah/public_html/index.php(37): CodeIgniter\CodeIgniter->run()
#10 {main}
ERROR - 2026-07-26 18:00:20 --> Telegram controller called
ERROR - 2026-07-26 18:00:20 --> Table 'xkynpbah_titoo.telegram_premium' doesn't exist
CRITICAL - 2026-07-26 18:00:20 --> Table 'xkynpbah_titoo.telegram_premium' doesn't exist
#0 /home/xkynpbah/public_html/vendor/codeigniter4/framework/system/Database/MySQLi/Connection.php(292): mysqli->query('SELECT COUNT(*)...', 0)
#1 /home/xkynpbah/public_html/vendor/codeigniter4/framework/system/Database/BaseConnection.php(670): CodeIgniter\Database\MySQLi\Connection->execute('SELECT COUNT(*)...')
#2 /home/xkynpbah/public_html/vendor/codeigniter4/framework/system/Database/BaseConnection.php(598): CodeIgniter\Database\BaseConnection->simpleQuery('SELECT COUNT(*)...')
#3 /home/xkynpbah/public_html/vendor/codeigniter4/framework/system/Database/BaseBuilder.php(1527): CodeIgniter\Database\BaseConnection->query('SELECT COUNT(*)...', Array, false)
#4 /home/xkynpbah/public_html/app/Controllers/Telegram.php(165): CodeIgniter\Database\BaseBuilder->countAllResults()
#5 /home/xkynpbah/public_html/app/Controllers/Telegram.php(124): App\Controllers\Telegram->askForResetConfirmation(6719727245, 6719727245, Object(stdClass), 'akashbabu', Object(stdClass))
#6 /home/xkynpbah/public_html/vendor/codeigniter4/framework/system/CodeIgniter.php(824): App\Controllers\Telegram->index()
#7 /home/xkynpbah/public_html/vendor/codeigniter4/framework/system/CodeIgniter.php(410): CodeIgniter\CodeIgniter->runController(Object(App\Controllers\Telegram))
#8 /home/xkynpbah/public_html/vendor/codeigniter4/framework/system/CodeIgniter.php(318): CodeIgniter\CodeIgniter->handleRequest(NULL, Object(Config\Cache), false)
#9 /home/xkynpbah/public_html/index.php(37): CodeIgniter\CodeIgniter->run()
#10 {main}
ERROR - 2026-07-26 18:02:06 --> Telegram controller called
ERROR - 2026-07-26 18:02:06 --> Table 'xkynpbah_titoo.telegram_premium' doesn't exist
CRITICAL - 2026-07-26 18:02:06 --> Table 'xkynpbah_titoo.telegram_premium' doesn't exist
#0 /home/xkynpbah/public_html/vendor/codeigniter4/framework/system/Database/MySQLi/Connection.php(292): mysqli->query('SELECT COUNT(*)...', 0)
#1 /home/xkynpbah/public_html/vendor/codeigniter4/framework/system/Database/BaseConnection.php(670): CodeIgniter\Database\MySQLi\Connection->execute('SELECT COUNT(*)...')
#2 /home/xkynpbah/public_html/vendor/codeigniter4/framework/system/Database/BaseConnection.php(598): CodeIgniter\Database\BaseConnection->simpleQuery('SELECT COUNT(*)...')
#3 /home/xkynpbah/public_html/vendor/codeigniter4/framework/system/Database/BaseBuilder.php(1527): CodeIgniter\Database\BaseConnection->query('SELECT COUNT(*)...', Array, false)
#4 /home/xkynpbah/public_html/app/Controllers/Telegram.php(165): CodeIgniter\Database\BaseBuilder->countAllResults()
#5 /home/xkynpbah/public_html/app/Controllers/Telegram.php(124): App\Controllers\Telegram->askForResetConfirmation(6719727245, 6719727245, Object(stdClass), 'akashbabu', Object(stdClass))
#6 /home/xkynpbah/public_html/vendor/codeigniter4/framework/system/CodeIgniter.php(824): App\Controllers\Telegram->index()
#7 /home/xkynpbah/public_html/vendor/codeigniter4/framework/system/CodeIgniter.php(410): CodeIgniter\CodeIgniter->runController(Object(App\Controllers\Telegram))
#8 /home/xkynpbah/public_html/vendor/codeigniter4/framework/system/CodeIgniter.php(318): CodeIgniter\CodeIgniter->handleRequest(NULL, Object(Config\Cache), false)
#9 /home/xkynpbah/public_html/index.php(37): CodeIgniter\CodeIgniter->run()
#10 {main}
ERROR - 2026-07-26 18:03:46 --> Telegram controller called
ERROR - 2026-07-26 18:03:46 --> Table 'xkynpbah_titoo.telegram_premium' doesn't exist
CRITICAL - 2026-07-26 18:03:46 --> Table 'xkynpbah_titoo.telegram_premium' doesn't exist
#0 /home/xkynpbah/public_html/vendor/codeigniter4/framework/system/Database/MySQLi/Connection.php(292): mysqli->query('SELECT COUNT(*)...', 0)
#1 /home/xkynpbah/public_html/vendor/codeigniter4/framework/system/Database/BaseConnection.php(670): CodeIgniter\Database\MySQLi\Connection->execute('SELECT COUNT(*)...')
#2 /home/xkynpbah/public_html/vendor/codeigniter4/framework/system/Database/BaseConnection.php(598): CodeIgniter\Database\BaseConnection->simpleQuery('SELECT COUNT(*)...')
#3 /home/xkynpbah/public_html/vendor/codeigniter4/framework/system/Database/BaseBuilder.php(1527): CodeIgniter\Database\BaseConnection->query('SELECT COUNT(*)...', Array, false)
#4 /home/xkynpbah/public_html/app/Controllers/Telegram.php(165): CodeIgniter\Database\BaseBuilder->countAllResults()
#5 /home/xkynpbah/public_html/app/Controllers/Telegram.php(124): App\Controllers\Telegram->askForResetConfirmation(6719727245, 6719727245, Object(stdClass), 'akashbabu', Object(stdClass))
#6 /home/xkynpbah/public_html/vendor/codeigniter4/framework/system/CodeIgniter.php(824): App\Controllers\Telegram->index()
#7 /home/xkynpbah/public_html/vendor/codeigniter4/framework/system/CodeIgniter.php(410): CodeIgniter\CodeIgniter->runController(Object(App\Controllers\Telegram))
#8 /home/xkynpbah/public_html/vendor/codeigniter4/framework/system/CodeIgniter.php(318): CodeIgniter\CodeIgniter->handleRequest(NULL, Object(Config\Cache), false)
#9 /home/xkynpbah/public_html/index.php(37): CodeIgniter\CodeIgniter->run()
#10 {main}
ERROR - 2026-07-26 18:04:47 --> Telegram controller called
ERROR - 2026-07-26 18:04:47 --> Table 'xkynpbah_titoo.telegram_premium' doesn't exist
CRITICAL - 2026-07-26 18:04:47 --> Table 'xkynpbah_titoo.telegram_premium' doesn't exist
#0 /home/xkynpbah/public_html/vendor/codeigniter4/framework/system/Database/MySQLi/Connection.php(292): mysqli->query('SELECT COUNT(*)...', 0)
#1 /home/xkynpbah/public_html/vendor/codeigniter4/framework/system/Database/BaseConnection.php(670): CodeIgniter\Database\MySQLi\Connection->execute('SELECT COUNT(*)...')
#2 /home/xkynpbah/public_html/vendor/codeigniter4/framework/system/Database/BaseConnection.php(598): CodeIgniter\Database\BaseConnection->simpleQuery('SELECT COUNT(*)...')
#3 /home/xkynpbah/public_html/vendor/codeigniter4/framework/system/Database/BaseBuilder.php(1527): CodeIgniter\Database\BaseConnection->query('SELECT COUNT(*)...', Array, false)
#4 /home/xkynpbah/public_html/app/Controllers/Telegram.php(165): CodeIgniter\Database\BaseBuilder->countAllResults()
#5 /home/xkynpbah/public_html/app/Controllers/Telegram.php(124): App\Controllers\Telegram->askForResetConfirmation(6719727245, 6719727245, Object(stdClass), 'akashbabu', Object(stdClass))
#6 /home/xkynpbah/public_html/vendor/codeigniter4/framework/system/CodeIgniter.php(824): App\Controllers\Telegram->index()
#7 /home/xkynpbah/public_html/vendor/codeigniter4/framework/system/CodeIgniter.php(410): CodeIgniter\CodeIgniter->runController(Object(App\Controllers\Telegram))
#8 /home/xkynpbah/public_html/vendor/codeigniter4/framework/system/CodeIgniter.php(318): CodeIgniter\CodeIgniter->handleRequest(NULL, Object(Config\Cache), false)
#9 /home/xkynpbah/public_html/index.php(37): CodeIgniter\CodeIgniter->run()
#10 {main}
ERROR - 2026-07-26 18:06:29 --> Telegram controller called
ERROR - 2026-07-26 18:06:29 --> Table 'xkynpbah_titoo.telegram_premium' doesn't exist
CRITICAL - 2026-07-26 18:06:29 --> Table 'xkynpbah_titoo.telegram_premium' doesn't exist
#0 /home/xkynpbah/public_html/vendor/codeigniter4/framework/system/Database/MySQLi/Connection.php(292): mysqli->query('SELECT COUNT(*)...', 0)
#1 /home/xkynpbah/public_html/vendor/codeigniter4/framework/system/Database/BaseConnection.php(670): CodeIgniter\Database\MySQLi\Connection->execute('SELECT COUNT(*)...')
#2 /home/xkynpbah/public_html/vendor/codeigniter4/framework/system/Database/BaseConnection.php(598): CodeIgniter\Database\BaseConnection->simpleQuery('SELECT COUNT(*)...')
#3 /home/xkynpbah/public_html/vendor/codeigniter4/framework/system/Database/BaseBuilder.php(1527): CodeIgniter\Database\BaseConnection->query('SELECT COUNT(*)...', Array, false)
#4 /home/xkynpbah/public_html/app/Controllers/Telegram.php(165): CodeIgniter\Database\BaseBuilder->countAllResults()
#5 /home/xkynpbah/public_html/app/Controllers/Telegram.php(124): App\Controllers\Telegram->askForResetConfirmation(6719727245, 6719727245, Object(stdClass), 'akashbabu', Object(stdClass))
#6 /home/xkynpbah/public_html/vendor/codeigniter4/framework/system/CodeIgniter.php(824): App\Controllers\Telegram->index()
#7 /home/xkynpbah/public_html/vendor/codeigniter4/framework/system/CodeIgniter.php(410): CodeIgniter\CodeIgniter->runController(Object(App\Controllers\Telegram))
#8 /home/xkynpbah/public_html/vendor/codeigniter4/framework/system/CodeIgniter.php(318): CodeIgniter\CodeIgniter->handleRequest(NULL, Object(Config\Cache), false)
#9 /home/xkynpbah/public_html/index.php(37): CodeIgniter\CodeIgniter->run()
#10 {main}
ERROR - 2026-07-26 18:07:38 --> Telegram controller called
ERROR - 2026-07-26 18:07:38 --> Table 'xkynpbah_titoo.telegram_premium' doesn't exist
CRITICAL - 2026-07-26 18:07:38 --> Table 'xkynpbah_titoo.telegram_premium' doesn't exist
#0 /home/xkynpbah/public_html/vendor/codeigniter4/framework/system/Database/MySQLi/Connection.php(292): mysqli->query('SELECT COUNT(*)...', 0)
#1 /home/xkynpbah/public_html/vendor/codeigniter4/framework/system/Database/BaseConnection.php(670): CodeIgniter\Database\MySQLi\Connection->execute('SELECT COUNT(*)...')
#2 /home/xkynpbah/public_html/vendor/codeigniter4/framework/system/Database/BaseConnection.php(598): CodeIgniter\Database\BaseConnection->simpleQuery('SELECT COUNT(*)...')
#3 /home/xkynpbah/public_html/vendor/codeigniter4/framework/system/Database/BaseBuilder.php(1527): CodeIgniter\Database\BaseConnection->query('SELECT COUNT(*)...', Array, false)
#4 /home/xkynpbah/public_html/app/Controllers/Telegram.php(165): CodeIgniter\Database\BaseBuilder->countAllResults()
#5 /home/xkynpbah/public_html/app/Controllers/Telegram.php(124): App\Controllers\Telegram->askForResetConfirmation(6719727245, 6719727245, Object(stdClass), 'akashbabu', Object(stdClass))
#6 /home/xkynpbah/public_html/vendor/codeigniter4/framework/system/CodeIgniter.php(824): App\Controllers\Telegram->index()
#7 /home/xkynpbah/public_html/vendor/codeigniter4/framework/system/CodeIgniter.php(410): CodeIgniter\CodeIgniter->runController(Object(App\Controllers\Telegram))
#8 /home/xkynpbah/public_html/vendor/codeigniter4/framework/system/CodeIgniter.php(318): CodeIgniter\CodeIgniter->handleRequest(NULL, Object(Config\Cache), false)
#9 /home/xkynpbah/public_html/index.php(37): CodeIgniter\CodeIgniter->run()
#10 {main}
ERROR - 2026-07-26 18:09:36 --> Telegram controller called
ERROR - 2026-07-26 18:09:36 --> Table 'xkynpbah_titoo.telegram_premium' doesn't exist
CRITICAL - 2026-07-26 18:09:36 --> Table 'xkynpbah_titoo.telegram_premium' doesn't exist
#0 /home/xkynpbah/public_html/vendor/codeigniter4/framework/system/Database/MySQLi/Connection.php(292): mysqli->query('SELECT COUNT(*)...', 0)
#1 /home/xkynpbah/public_html/vendor/codeigniter4/framework/system/Database/BaseConnection.php(670): CodeIgniter\Database\MySQLi\Connection->execute('SELECT COUNT(*)...')
#2 /home/xkynpbah/public_html/vendor/codeigniter4/framework/system/Database/BaseConnection.php(598): CodeIgniter\Database\BaseConnection->simpleQuery('SELECT COUNT(*)...')
#3 /home/xkynpbah/public_html/vendor/codeigniter4/framework/system/Database/BaseBuilder.php(1527): CodeIgniter\Database\BaseConnection->query('SELECT COUNT(*)...', Array, false)
#4 /home/xkynpbah/public_html/app/Controllers/Telegram.php(165): CodeIgniter\Database\BaseBuilder->countAllResults()
#5 /home/xkynpbah/public_html/app/Controllers/Telegram.php(124): App\Controllers\Telegram->askForResetConfirmation(6719727245, 6719727245, Object(stdClass), 'akashbabu', Object(stdClass))
#6 /home/xkynpbah/public_html/vendor/codeigniter4/framework/system/CodeIgniter.php(824): App\Controllers\Telegram->index()
#7 /home/xkynpbah/public_html/vendor/codeigniter4/framework/system/CodeIgniter.php(410): CodeIgniter\CodeIgniter->runController(Object(App\Controllers\Telegram))
#8 /home/xkynpbah/public_html/vendor/codeigniter4/framework/system/CodeIgniter.php(318): CodeIgniter\CodeIgniter->handleRequest(NULL, Object(Config\Cache), false)
#9 /home/xkynpbah/public_html/index.php(37): CodeIgniter\CodeIgniter->run()
#10 {main}
ERROR - 2026-07-26 18:11:10 --> Telegram controller called
ERROR - 2026-07-26 18:11:10 --> Table 'xkynpbah_titoo.telegram_premium' doesn't exist
CRITICAL - 2026-07-26 18:11:10 --> Table 'xkynpbah_titoo.telegram_premium' doesn't exist
#0 /home/xkynpbah/public_html/vendor/codeigniter4/framework/system/Database/MySQLi/Connection.php(292): mysqli->query('SELECT COUNT(*)...', 0)
#1 /home/xkynpbah/public_html/vendor/codeigniter4/framework/system/Database/BaseConnection.php(670): CodeIgniter\Database\MySQLi\Connection->execute('SELECT COUNT(*)...')
#2 /home/xkynpbah/public_html/vendor/codeigniter4/framework/system/Database/BaseConnection.php(598): CodeIgniter\Database\BaseConnection->simpleQuery('SELECT COUNT(*)...')
#3 /home/xkynpbah/public_html/vendor/codeigniter4/framework/system/Database/BaseBuilder.php(1527): CodeIgniter\Database\BaseConnection->query('SELECT COUNT(*)...', Array, false)
#4 /home/xkynpbah/public_html/app/Controllers/Telegram.php(165): CodeIgniter\Database\BaseBuilder->countAllResults()
#5 /home/xkynpbah/public_html/app/Controllers/Telegram.php(124): App\Controllers\Telegram->askForResetConfirmation(6719727245, 6719727245, Object(stdClass), 'akashbabu', Object(stdClass))
#6 /home/xkynpbah/public_html/vendor/codeigniter4/framework/system/CodeIgniter.php(824): App\Controllers\Telegram->index()
#7 /home/xkynpbah/public_html/vendor/codeigniter4/framework/system/CodeIgniter.php(410): CodeIgniter\CodeIgniter->runController(Object(App\Controllers\Telegram))
#8 /home/xkynpbah/public_html/vendor/codeigniter4/framework/system/CodeIgniter.php(318): CodeIgniter\CodeIgniter->handleRequest(NULL, Object(Config\Cache), false)
#9 /home/xkynpbah/public_html/index.php(37): CodeIgniter\CodeIgniter->run()
#10 {main}
ERROR - 2026-07-26 18:13:03 --> Telegram controller called
ERROR - 2026-07-26 18:13:03 --> Table 'xkynpbah_titoo.telegram_premium' doesn't exist
CRITICAL - 2026-07-26 18:13:03 --> Table 'xkynpbah_titoo.telegram_premium' doesn't exist
#0 /home/xkynpbah/public_html/vendor/codeigniter4/framework/system/Database/MySQLi/Connection.php(292): mysqli->query('SELECT COUNT(*)...', 0)
#1 /home/xkynpbah/public_html/vendor/codeigniter4/framework/system/Database/BaseConnection.php(670): CodeIgniter\Database\MySQLi\Connection->execute('SELECT COUNT(*)...')
#2 /home/xkynpbah/public_html/vendor/codeigniter4/framework/system/Database/BaseConnection.php(598): CodeIgniter\Database\BaseConnection->simpleQuery('SELECT COUNT(*)...')
#3 /home/xkynpbah/public_html/vendor/codeigniter4/framework/system/Database/BaseBuilder.php(1527): CodeIgniter\Database\BaseConnection->query('SELECT COUNT(*)...', Array, false)
#4 /home/xkynpbah/public_html/app/Controllers/Telegram.php(165): CodeIgniter\Database\BaseBuilder->countAllResults()
#5 /home/xkynpbah/public_html/app/Controllers/Telegram.php(124): App\Controllers\Telegram->askForResetConfirmation(6719727245, 6719727245, Object(stdClass), 'akashbabu', Object(stdClass))
#6 /home/xkynpbah/public_html/vendor/codeigniter4/framework/system/CodeIgniter.php(824): App\Controllers\Telegram->index()
#7 /home/xkynpbah/public_html/vendor/codeigniter4/framework/system/CodeIgniter.php(410): CodeIgniter\CodeIgniter->runController(Object(App\Controllers\Telegram))
#8 /home/xkynpbah/public_html/vendor/codeigniter4/framework/system/CodeIgniter.php(318): CodeIgniter\CodeIgniter->handleRequest(NULL, Object(Config\Cache), false)
#9 /home/xkynpbah/public_html/index.php(37): CodeIgniter\CodeIgniter->run()
#10 {main}
ERROR - 2026-07-26 18:14:54 --> Telegram controller called
ERROR - 2026-07-26 18:14:54 --> Table 'xkynpbah_titoo.telegram_premium' doesn't exist
CRITICAL - 2026-07-26 18:14:54 --> Table 'xkynpbah_titoo.telegram_premium' doesn't exist
#0 /home/xkynpbah/public_html/vendor/codeigniter4/framework/system/Database/MySQLi/Connection.php(292): mysqli->query('SELECT COUNT(*)...', 0)
#1 /home/xkynpbah/public_html/vendor/codeigniter4/framework/system/Database/BaseConnection.php(670): CodeIgniter\Database\MySQLi\Connection->execute('SELECT COUNT(*)...')
#2 /home/xkynpbah/public_html/vendor/codeigniter4/framework/system/Database/BaseConnection.php(598): CodeIgniter\Database\BaseConnection->simpleQuery('SELECT COUNT(*)...')
#3 /home/xkynpbah/public_html/vendor/codeigniter4/framework/system/Database/BaseBuilder.php(1527): CodeIgniter\Database\BaseConnection->query('SELECT COUNT(*)...', Array, false)
#4 /home/xkynpbah/public_html/app/Controllers/Telegram.php(165): CodeIgniter\Database\BaseBuilder->countAllResults()
#5 /home/xkynpbah/public_html/app/Controllers/Telegram.php(124): App\Controllers\Telegram->askForResetConfirmation(6719727245, 6719727245, Object(stdClass), 'akashbabu', Object(stdClass))
#6 /home/xkynpbah/public_html/vendor/codeigniter4/framework/system/CodeIgniter.php(824): App\Controllers\Telegram->index()
#7 /home/xkynpbah/public_html/vendor/codeigniter4/framework/system/CodeIgniter.php(410): CodeIgniter\CodeIgniter->runController(Object(App\Controllers\Telegram))
#8 /home/xkynpbah/public_html/vendor/codeigniter4/framework/system/CodeIgniter.php(318): CodeIgniter\CodeIgniter->handleRequest(NULL, Object(Config\Cache), false)
#9 /home/xkynpbah/public_html/index.php(37): CodeIgniter\CodeIgniter->run()
#10 {main}
ERROR - 2026-07-26 18:16:39 --> Telegram controller called
ERROR - 2026-07-26 18:16:39 --> Table 'xkynpbah_titoo.telegram_premium' doesn't exist
CRITICAL - 2026-07-26 18:16:39 --> Table 'xkynpbah_titoo.telegram_premium' doesn't exist
#0 /home/xkynpbah/public_html/vendor/codeigniter4/framework/system/Database/MySQLi/Connection.php(292): mysqli->query('SELECT COUNT(*)...', 0)
#1 /home/xkynpbah/public_html/vendor/codeigniter4/framework/system/Database/BaseConnection.php(670): CodeIgniter\Database\MySQLi\Connection->execute('SELECT COUNT(*)...')
#2 /home/xkynpbah/public_html/vendor/codeigniter4/framework/system/Database/BaseConnection.php(598): CodeIgniter\Database\BaseConnection->simpleQuery('SELECT COUNT(*)...')
#3 /home/xkynpbah/public_html/vendor/codeigniter4/framework/system/Database/BaseBuilder.php(1527): CodeIgniter\Database\BaseConnection->query('SELECT COUNT(*)...', Array, false)
#4 /home/xkynpbah/public_html/app/Controllers/Telegram.php(165): CodeIgniter\Database\BaseBuilder->countAllResults()
#5 /home/xkynpbah/public_html/app/Controllers/Telegram.php(124): App\Controllers\Telegram->askForResetConfirmation(6719727245, 6719727245, Object(stdClass), 'akashbabu', Object(stdClass))
#6 /home/xkynpbah/public_html/vendor/codeigniter4/framework/system/CodeIgniter.php(824): App\Controllers\Telegram->index()
#7 /home/xkynpbah/public_html/vendor/codeigniter4/framework/system/CodeIgniter.php(410): CodeIgniter\CodeIgniter->runController(Object(App\Controllers\Telegram))
#8 /home/xkynpbah/public_html/vendor/codeigniter4/framework/system/CodeIgniter.php(318): CodeIgniter\CodeIgniter->handleRequest(NULL, Object(Config\Cache), false)
#9 /home/xkynpbah/public_html/index.php(37): CodeIgniter\CodeIgniter->run()
#10 {main}
ERROR - 2026-07-26 18:18:35 --> Telegram controller called
ERROR - 2026-07-26 18:18:35 --> Table 'xkynpbah_titoo.telegram_premium' doesn't exist
CRITICAL - 2026-07-26 18:18:35 --> Table 'xkynpbah_titoo.telegram_premium' doesn't exist
#0 /home/xkynpbah/public_html/vendor/codeigniter4/framework/system/Database/MySQLi/Connection.php(292): mysqli->query('SELECT COUNT(*)...', 0)
#1 /home/xkynpbah/public_html/vendor/codeigniter4/framework/system/Database/BaseConnection.php(670): CodeIgniter\Database\MySQLi\Connection->execute('SELECT COUNT(*)...')
#2 /home/xkynpbah/public_html/vendor/codeigniter4/framework/system/Database/BaseConnection.php(598): CodeIgniter\Database\BaseConnection->simpleQuery('SELECT COUNT(*)...')
#3 /home/xkynpbah/public_html/vendor/codeigniter4/framework/system/Database/BaseBuilder.php(1527): CodeIgniter\Database\BaseConnection->query('SELECT COUNT(*)...', Array, false)
#4 /home/xkynpbah/public_html/app/Controllers/Telegram.php(165): CodeIgniter\Database\BaseBuilder->countAllResults()
#5 /home/xkynpbah/public_html/app/Controllers/Telegram.php(124): App\Controllers\Telegram->askForResetConfirmation(6719727245, 6719727245, Object(stdClass), 'akashbabu', Object(stdClass))
#6 /home/xkynpbah/public_html/vendor/codeigniter4/framework/system/CodeIgniter.php(824): App\Controllers\Telegram->index()
#7 /home/xkynpbah/public_html/vendor/codeigniter4/framework/system/CodeIgniter.php(410): CodeIgniter\CodeIgniter->runController(Object(App\Controllers\Telegram))
#8 /home/xkynpbah/public_html/vendor/codeigniter4/framework/system/CodeIgniter.php(318): CodeIgniter\CodeIgniter->handleRequest(NULL, Object(Config\Cache), false)
#9 /home/xkynpbah/public_html/index.php(37): CodeIgniter\CodeIgniter->run()
#10 {main}
ERROR - 2026-07-26 18:20:35 --> Telegram controller called
ERROR - 2026-07-26 18:20:35 --> Table 'xkynpbah_titoo.telegram_premium' doesn't exist
CRITICAL - 2026-07-26 18:20:35 --> Table 'xkynpbah_titoo.telegram_premium' doesn't exist
#0 /home/xkynpbah/public_html/vendor/codeigniter4/framework/system/Database/MySQLi/Connection.php(292): mysqli->query('SELECT COUNT(*)...', 0)
#1 /home/xkynpbah/public_html/vendor/codeigniter4/framework/system/Database/BaseConnection.php(670): CodeIgniter\Database\MySQLi\Connection->execute('SELECT COUNT(*)...')
#2 /home/xkynpbah/public_html/vendor/codeigniter4/framework/system/Database/BaseConnection.php(598): CodeIgniter\Database\BaseConnection->simpleQuery('SELECT COUNT(*)...')
#3 /home/xkynpbah/public_html/vendor/codeigniter4/framework/system/Database/BaseBuilder.php(1527): CodeIgniter\Database\BaseConnection->query('SELECT COUNT(*)...', Array, false)
#4 /home/xkynpbah/public_html/app/Controllers/Telegram.php(165): CodeIgniter\Database\BaseBuilder->countAllResults()
#5 /home/xkynpbah/public_html/app/Controllers/Telegram.php(124): App\Controllers\Telegram->askForResetConfirmation(6719727245, 6719727245, Object(stdClass), 'akashbabu', Object(stdClass))
#6 /home/xkynpbah/public_html/vendor/codeigniter4/framework/system/CodeIgniter.php(824): App\Controllers\Telegram->index()
#7 /home/xkynpbah/public_html/vendor/codeigniter4/framework/system/CodeIgniter.php(410): CodeIgniter\CodeIgniter->runController(Object(App\Controllers\Telegram))
#8 /home/xkynpbah/public_html/vendor/codeigniter4/framework/system/CodeIgniter.php(318): CodeIgniter\CodeIgniter->handleRequest(NULL, Object(Config\Cache), false)
#9 /home/xkynpbah/public_html/index.php(37): CodeIgniter\CodeIgniter->run()
#10 {main}
ERROR - 2026-07-26 18:22:14 --> Telegram controller called
ERROR - 2026-07-26 18:22:14 --> Table 'xkynpbah_titoo.telegram_premium' doesn't exist
CRITICAL - 2026-07-26 18:22:14 --> Table 'xkynpbah_titoo.telegram_premium' doesn't exist
#0 /home/xkynpbah/public_html/vendor/codeigniter4/framework/system/Database/MySQLi/Connection.php(292): mysqli->query('SELECT COUNT(*)...', 0)
#1 /home/xkynpbah/public_html/vendor/codeigniter4/framework/system/Database/BaseConnection.php(670): CodeIgniter\Database\MySQLi\Connection->execute('SELECT COUNT(*)...')
#2 /home/xkynpbah/public_html/vendor/codeigniter4/framework/system/Database/BaseConnection.php(598): CodeIgniter\Database\BaseConnection->simpleQuery('SELECT COUNT(*)...')
#3 /home/xkynpbah/public_html/vendor/codeigniter4/framework/system/Database/BaseBuilder.php(1527): CodeIgniter\Database\BaseConnection->query('SELECT COUNT(*)...', Array, false)
#4 /home/xkynpbah/public_html/app/Controllers/Telegram.php(165): CodeIgniter\Database\BaseBuilder->countAllResults()
#5 /home/xkynpbah/public_html/app/Controllers/Telegram.php(124): App\Controllers\Telegram->askForResetConfirmation(6719727245, 6719727245, Object(stdClass), 'akashbabu', Object(stdClass))
#6 /home/xkynpbah/public_html/vendor/codeigniter4/framework/system/CodeIgniter.php(824): App\Controllers\Telegram->index()
#7 /home/xkynpbah/public_html/vendor/codeigniter4/framework/system/CodeIgniter.php(410): CodeIgniter\CodeIgniter->runController(Object(App\Controllers\Telegram))
#8 /home/xkynpbah/public_html/vendor/codeigniter4/framework/system/CodeIgniter.php(318): CodeIgniter\CodeIgniter->handleRequest(NULL, Object(Config\Cache), false)
#9 /home/xkynpbah/public_html/index.php(37): CodeIgniter\CodeIgniter->run()
#10 {main}
ERROR - 2026-07-26 18:23:43 --> Telegram controller called
ERROR - 2026-07-26 18:23:43 --> Table 'xkynpbah_titoo.telegram_premium' doesn't exist
CRITICAL - 2026-07-26 18:23:43 --> Table 'xkynpbah_titoo.telegram_premium' doesn't exist
#0 /home/xkynpbah/public_html/vendor/codeigniter4/framework/system/Database/MySQLi/Connection.php(292): mysqli->query('SELECT COUNT(*)...', 0)
#1 /home/xkynpbah/public_html/vendor/codeigniter4/framework/system/Database/BaseConnection.php(670): CodeIgniter\Database\MySQLi\Connection->execute('SELECT COUNT(*)...')
#2 /home/xkynpbah/public_html/vendor/codeigniter4/framework/system/Database/BaseConnection.php(598): CodeIgniter\Database\BaseConnection->simpleQuery('SELECT COUNT(*)...')
#3 /home/xkynpbah/public_html/vendor/codeigniter4/framework/system/Database/BaseBuilder.php(1527): CodeIgniter\Database\BaseConnection->query('SELECT COUNT(*)...', Array, false)
#4 /home/xkynpbah/public_html/app/Controllers/Telegram.php(165): CodeIgniter\Database\BaseBuilder->countAllResults()
#5 /home/xkynpbah/public_html/app/Controllers/Telegram.php(124): App\Controllers\Telegram->askForResetConfirmation(6719727245, 6719727245, Object(stdClass), 'akashbabu', Object(stdClass))
#6 /home/xkynpbah/public_html/vendor/codeigniter4/framework/system/CodeIgniter.php(824): App\Controllers\Telegram->index()
#7 /home/xkynpbah/public_html/vendor/codeigniter4/framework/system/CodeIgniter.php(410): CodeIgniter\CodeIgniter->runController(Object(App\Controllers\Telegram))
#8 /home/xkynpbah/public_html/vendor/codeigniter4/framework/system/CodeIgniter.php(318): CodeIgniter\CodeIgniter->handleRequest(NULL, Object(Config\Cache), false)
#9 /home/xkynpbah/public_html/index.php(37): CodeIgniter\CodeIgniter->run()
#10 {main}
ERROR - 2026-07-26 18:25:18 --> Telegram controller called
ERROR - 2026-07-26 18:25:18 --> Table 'xkynpbah_titoo.telegram_premium' doesn't exist
CRITICAL - 2026-07-26 18:25:18 --> Table 'xkynpbah_titoo.telegram_premium' doesn't exist
#0 /home/xkynpbah/public_html/vendor/codeigniter4/framework/system/Database/MySQLi/Connection.php(292): mysqli->query('SELECT COUNT(*)...', 0)
#1 /home/xkynpbah/public_html/vendor/codeigniter4/framework/system/Database/BaseConnection.php(670): CodeIgniter\Database\MySQLi\Connection->execute('SELECT COUNT(*)...')
#2 /home/xkynpbah/public_html/vendor/codeigniter4/framework/system/Database/BaseConnection.php(598): CodeIgniter\Database\BaseConnection->simpleQuery('SELECT COUNT(*)...')
#3 /home/xkynpbah/public_html/vendor/codeigniter4/framework/system/Database/BaseBuilder.php(1527): CodeIgniter\Database\BaseConnection->query('SELECT COUNT(*)...', Array, false)
#4 /home/xkynpbah/public_html/app/Controllers/Telegram.php(165): CodeIgniter\Database\BaseBuilder->countAllResults()
#5 /home/xkynpbah/public_html/app/Controllers/Telegram.php(124): App\Controllers\Telegram->askForResetConfirmation(6719727245, 6719727245, Object(stdClass), 'akashbabu', Object(stdClass))
#6 /home/xkynpbah/public_html/vendor/codeigniter4/framework/system/CodeIgniter.php(824): App\Controllers\Telegram->index()
#7 /home/xkynpbah/public_html/vendor/codeigniter4/framework/system/CodeIgniter.php(410): CodeIgniter\CodeIgniter->runController(Object(App\Controllers\Telegram))
#8 /home/xkynpbah/public_html/vendor/codeigniter4/framework/system/CodeIgniter.php(318): CodeIgniter\CodeIgniter->handleRequest(NULL, Object(Config\Cache), false)
#9 /home/xkynpbah/public_html/index.php(37): CodeIgniter\CodeIgniter->run()
#10 {main}
ERROR - 2026-07-26 18:26:53 --> Telegram controller called
ERROR - 2026-07-26 18:26:53 --> Table 'xkynpbah_titoo.telegram_premium' doesn't exist
CRITICAL - 2026-07-26 18:26:53 --> Table 'xkynpbah_titoo.telegram_premium' doesn't exist
#0 /home/xkynpbah/public_html/vendor/codeigniter4/framework/system/Database/MySQLi/Connection.php(292): mysqli->query('SELECT COUNT(*)...', 0)
#1 /home/xkynpbah/public_html/vendor/codeigniter4/framework/system/Database/BaseConnection.php(670): CodeIgniter\Database\MySQLi\Connection->execute('SELECT COUNT(*)...')
#2 /home/xkynpbah/public_html/vendor/codeigniter4/framework/system/Database/BaseConnection.php(598): CodeIgniter\Database\BaseConnection->simpleQuery('SELECT COUNT(*)...')
#3 /home/xkynpbah/public_html/vendor/codeigniter4/framework/system/Database/BaseBuilder.php(1527): CodeIgniter\Database\BaseConnection->query('SELECT COUNT(*)...', Array, false)
#4 /home/xkynpbah/public_html/app/Controllers/Telegram.php(165): CodeIgniter\Database\BaseBuilder->countAllResults()
#5 /home/xkynpbah/public_html/app/Controllers/Telegram.php(124): App\Controllers\Telegram->askForResetConfirmation(6719727245, 6719727245, Object(stdClass), 'akashbabu', Object(stdClass))
#6 /home/xkynpbah/public_html/vendor/codeigniter4/framework/system/CodeIgniter.php(824): App\Controllers\Telegram->index()
#7 /home/xkynpbah/public_html/vendor/codeigniter4/framework/system/CodeIgniter.php(410): CodeIgniter\CodeIgniter->runController(Object(App\Controllers\Telegram))
#8 /home/xkynpbah/public_html/vendor/codeigniter4/framework/system/CodeIgniter.php(318): CodeIgniter\CodeIgniter->handleRequest(NULL, Object(Config\Cache), false)
#9 /home/xkynpbah/public_html/index.php(37): CodeIgniter\CodeIgniter->run()
#10 {main}
ERROR - 2026-07-26 18:28:18 --> Telegram controller called
ERROR - 2026-07-26 18:28:18 --> Table 'xkynpbah_titoo.telegram_premium' doesn't exist
CRITICAL - 2026-07-26 18:28:18 --> Table 'xkynpbah_titoo.telegram_premium' doesn't exist
#0 /home/xkynpbah/public_html/vendor/codeigniter4/framework/system/Database/MySQLi/Connection.php(292): mysqli->query('SELECT COUNT(*)...', 0)
#1 /home/xkynpbah/public_html/vendor/codeigniter4/framework/system/Database/BaseConnection.php(670): CodeIgniter\Database\MySQLi\Connection->execute('SELECT COUNT(*)...')
#2 /home/xkynpbah/public_html/vendor/codeigniter4/framework/system/Database/BaseConnection.php(598): CodeIgniter\Database\BaseConnection->simpleQuery('SELECT COUNT(*)...')
#3 /home/xkynpbah/public_html/vendor/codeigniter4/framework/system/Database/BaseBuilder.php(1527): CodeIgniter\Database\BaseConnection->query('SELECT COUNT(*)...', Array, false)
#4 /home/xkynpbah/public_html/app/Controllers/Telegram.php(165): CodeIgniter\Database\BaseBuilder->countAllResults()
#5 /home/xkynpbah/public_html/app/Controllers/Telegram.php(124): App\Controllers\Telegram->askForResetConfirmation(6719727245, 6719727245, Object(stdClass), 'akashbabu', Object(stdClass))
#6 /home/xkynpbah/public_html/vendor/codeigniter4/framework/system/CodeIgniter.php(824): App\Controllers\Telegram->index()
#7 /home/xkynpbah/public_html/vendor/codeigniter4/framework/system/CodeIgniter.php(410): CodeIgniter\CodeIgniter->runController(Object(App\Controllers\Telegram))
#8 /home/xkynpbah/public_html/vendor/codeigniter4/framework/system/CodeIgniter.php(318): CodeIgniter\CodeIgniter->handleRequest(NULL, Object(Config\Cache), false)
#9 /home/xkynpbah/public_html/index.php(37): CodeIgniter\CodeIgniter->run()
#10 {main}
ERROR - 2026-07-26 18:29:28 --> Telegram controller called
ERROR - 2026-07-26 18:29:28 --> Table 'xkynpbah_titoo.telegram_premium' doesn't exist
CRITICAL - 2026-07-26 18:29:28 --> Table 'xkynpbah_titoo.telegram_premium' doesn't exist
#0 /home/xkynpbah/public_html/vendor/codeigniter4/framework/system/Database/MySQLi/Connection.php(292): mysqli->query('SELECT COUNT(*)...', 0)
#1 /home/xkynpbah/public_html/vendor/codeigniter4/framework/system/Database/BaseConnection.php(670): CodeIgniter\Database\MySQLi\Connection->execute('SELECT COUNT(*)...')
#2 /home/xkynpbah/public_html/vendor/codeigniter4/framework/system/Database/BaseConnection.php(598): CodeIgniter\Database\BaseConnection->simpleQuery('SELECT COUNT(*)...')
#3 /home/xkynpbah/public_html/vendor/codeigniter4/framework/system/Database/BaseBuilder.php(1527): CodeIgniter\Database\BaseConnection->query('SELECT COUNT(*)...', Array, false)
#4 /home/xkynpbah/public_html/app/Controllers/Telegram.php(165): CodeIgniter\Database\BaseBuilder->countAllResults()
#5 /home/xkynpbah/public_html/app/Controllers/Telegram.php(124): App\Controllers\Telegram->askForResetConfirmation(6719727245, 6719727245, Object(stdClass), 'akashbabu', Object(stdClass))
#6 /home/xkynpbah/public_html/vendor/codeigniter4/framework/system/CodeIgniter.php(824): App\Controllers\Telegram->index()
#7 /home/xkynpbah/public_html/vendor/codeigniter4/framework/system/CodeIgniter.php(410): CodeIgniter\CodeIgniter->runController(Object(App\Controllers\Telegram))
#8 /home/xkynpbah/public_html/vendor/codeigniter4/framework/system/CodeIgniter.php(318): CodeIgniter\CodeIgniter->handleRequest(NULL, Object(Config\Cache), false)
#9 /home/xkynpbah/public_html/index.php(37): CodeIgniter\CodeIgniter->run()
#10 {main}
ERROR - 2026-07-26 18:30:33 --> Telegram controller called
ERROR - 2026-07-26 18:30:33 --> Table 'xkynpbah_titoo.telegram_premium' doesn't exist
CRITICAL - 2026-07-26 18:30:33 --> Table 'xkynpbah_titoo.telegram_premium' doesn't exist
#0 /home/xkynpbah/public_html/vendor/codeigniter4/framework/system/Database/MySQLi/Connection.php(292): mysqli->query('SELECT COUNT(*)...', 0)
#1 /home/xkynpbah/public_html/vendor/codeigniter4/framework/system/Database/BaseConnection.php(670): CodeIgniter\Database\MySQLi\Connection->execute('SELECT COUNT(*)...')
#2 /home/xkynpbah/public_html/vendor/codeigniter4/framework/system/Database/BaseConnection.php(598): CodeIgniter\Database\BaseConnection->simpleQuery('SELECT COUNT(*)...')
#3 /home/xkynpbah/public_html/vendor/codeigniter4/framework/system/Database/BaseBuilder.php(1527): CodeIgniter\Database\BaseConnection->query('SELECT COUNT(*)...', Array, false)
#4 /home/xkynpbah/public_html/app/Controllers/Telegram.php(165): CodeIgniter\Database\BaseBuilder->countAllResults()
#5 /home/xkynpbah/public_html/app/Controllers/Telegram.php(124): App\Controllers\Telegram->askForResetConfirmation(6719727245, 6719727245, Object(stdClass), 'akashbabu', Object(stdClass))
#6 /home/xkynpbah/public_html/vendor/codeigniter4/framework/system/CodeIgniter.php(824): App\Controllers\Telegram->index()
#7 /home/xkynpbah/public_html/vendor/codeigniter4/framework/system/CodeIgniter.php(410): CodeIgniter\CodeIgniter->runController(Object(App\Controllers\Telegram))
#8 /home/xkynpbah/public_html/vendor/codeigniter4/framework/system/CodeIgniter.php(318): CodeIgniter\CodeIgniter->handleRequest(NULL, Object(Config\Cache), false)
#9 /home/xkynpbah/public_html/index.php(37): CodeIgniter\CodeIgniter->run()
#10 {main}
ERROR - 2026-07-26 18:32:06 --> Telegram controller called
ERROR - 2026-07-26 18:32:06 --> Table 'xkynpbah_titoo.telegram_premium' doesn't exist
CRITICAL - 2026-07-26 18:32:06 --> Table 'xkynpbah_titoo.telegram_premium' doesn't exist
#0 /home/xkynpbah/public_html/vendor/codeigniter4/framework/system/Database/MySQLi/Connection.php(292): mysqli->query('SELECT COUNT(*)...', 0)
#1 /home/xkynpbah/public_html/vendor/codeigniter4/framework/system/Database/BaseConnection.php(670): CodeIgniter\Database\MySQLi\Connection->execute('SELECT COUNT(*)...')
#2 /home/xkynpbah/public_html/vendor/codeigniter4/framework/system/Database/BaseConnection.php(598): CodeIgniter\Database\BaseConnection->simpleQuery('SELECT COUNT(*)...')
#3 /home/xkynpbah/public_html/vendor/codeigniter4/framework/system/Database/BaseBuilder.php(1527): CodeIgniter\Database\BaseConnection->query('SELECT COUNT(*)...', Array, false)
#4 /home/xkynpbah/public_html/app/Controllers/Telegram.php(165): CodeIgniter\Database\BaseBuilder->countAllResults()
#5 /home/xkynpbah/public_html/app/Controllers/Telegram.php(124): App\Controllers\Telegram->askForResetConfirmation(6719727245, 6719727245, Object(stdClass), 'akashbabu', Object(stdClass))
#6 /home/xkynpbah/public_html/vendor/codeigniter4/framework/system/CodeIgniter.php(824): App\Controllers\Telegram->index()
#7 /home/xkynpbah/public_html/vendor/codeigniter4/framework/system/CodeIgniter.php(410): CodeIgniter\CodeIgniter->runController(Object(App\Controllers\Telegram))
#8 /home/xkynpbah/public_html/vendor/codeigniter4/framework/system/CodeIgniter.php(318): CodeIgniter\CodeIgniter->handleRequest(NULL, Object(Config\Cache), false)
#9 /home/xkynpbah/public_html/index.php(37): CodeIgniter\CodeIgniter->run()
#10 {main}
ERROR - 2026-07-26 18:33:12 --> Telegram controller called
ERROR - 2026-07-26 18:33:12 --> Table 'xkynpbah_titoo.telegram_premium' doesn't exist
CRITICAL - 2026-07-26 18:33:12 --> Table 'xkynpbah_titoo.telegram_premium' doesn't exist
#0 /home/xkynpbah/public_html/vendor/codeigniter4/framework/system/Database/MySQLi/Connection.php(292): mysqli->query('SELECT COUNT(*)...', 0)
#1 /home/xkynpbah/public_html/vendor/codeigniter4/framework/system/Database/BaseConnection.php(670): CodeIgniter\Database\MySQLi\Connection->execute('SELECT COUNT(*)...')
#2 /home/xkynpbah/public_html/vendor/codeigniter4/framework/system/Database/BaseConnection.php(598): CodeIgniter\Database\BaseConnection->simpleQuery('SELECT COUNT(*)...')
#3 /home/xkynpbah/public_html/vendor/codeigniter4/framework/system/Database/BaseBuilder.php(1527): CodeIgniter\Database\BaseConnection->query('SELECT COUNT(*)...', Array, false)
#4 /home/xkynpbah/public_html/app/Controllers/Telegram.php(165): CodeIgniter\Database\BaseBuilder->countAllResults()
#5 /home/xkynpbah/public_html/app/Controllers/Telegram.php(124): App\Controllers\Telegram->askForResetConfirmation(6719727245, 6719727245, Object(stdClass), 'akashbabu', Object(stdClass))
#6 /home/xkynpbah/public_html/vendor/codeigniter4/framework/system/CodeIgniter.php(824): App\Controllers\Telegram->index()
#7 /home/xkynpbah/public_html/vendor/codeigniter4/framework/system/CodeIgniter.php(410): CodeIgniter\CodeIgniter->runController(Object(App\Controllers\Telegram))
#8 /home/xkynpbah/public_html/vendor/codeigniter4/framework/system/CodeIgniter.php(318): CodeIgniter\CodeIgniter->handleRequest(NULL, Object(Config\Cache), false)
#9 /home/xkynpbah/public_html/index.php(37): CodeIgniter\CodeIgniter->run()
#10 {main}
ERROR - 2026-07-26 18:34:23 --> Telegram controller called
ERROR - 2026-07-26 18:34:23 --> Table 'xkynpbah_titoo.telegram_premium' doesn't exist
CRITICAL - 2026-07-26 18:34:23 --> Table 'xkynpbah_titoo.telegram_premium' doesn't exist
#0 /home/xkynpbah/public_html/vendor/codeigniter4/framework/system/Database/MySQLi/Connection.php(292): mysqli->query('SELECT COUNT(*)...', 0)
#1 /home/xkynpbah/public_html/vendor/codeigniter4/framework/system/Database/BaseConnection.php(670): CodeIgniter\Database\MySQLi\Connection->execute('SELECT COUNT(*)...')
#2 /home/xkynpbah/public_html/vendor/codeigniter4/framework/system/Database/BaseConnection.php(598): CodeIgniter\Database\BaseConnection->simpleQuery('SELECT COUNT(*)...')
#3 /home/xkynpbah/public_html/vendor/codeigniter4/framework/system/Database/BaseBuilder.php(1527): CodeIgniter\Database\BaseConnection->query('SELECT COUNT(*)...', Array, false)
#4 /home/xkynpbah/public_html/app/Controllers/Telegram.php(165): CodeIgniter\Database\BaseBuilder->countAllResults()
#5 /home/xkynpbah/public_html/app/Controllers/Telegram.php(124): App\Controllers\Telegram->askForResetConfirmation(6719727245, 6719727245, Object(stdClass), 'akashbabu', Object(stdClass))
#6 /home/xkynpbah/public_html/vendor/codeigniter4/framework/system/CodeIgniter.php(824): App\Controllers\Telegram->index()
#7 /home/xkynpbah/public_html/vendor/codeigniter4/framework/system/CodeIgniter.php(410): CodeIgniter\CodeIgniter->runController(Object(App\Controllers\Telegram))
#8 /home/xkynpbah/public_html/vendor/codeigniter4/framework/system/CodeIgniter.php(318): CodeIgniter\CodeIgniter->handleRequest(NULL, Object(Config\Cache), false)
#9 /home/xkynpbah/public_html/index.php(37): CodeIgniter\CodeIgniter->run()
#10 {main}
ERROR - 2026-07-26 18:35:42 --> Telegram controller called
ERROR - 2026-07-26 18:35:42 --> Table 'xkynpbah_titoo.telegram_premium' doesn't exist
CRITICAL - 2026-07-26 18:35:42 --> Table 'xkynpbah_titoo.telegram_premium' doesn't exist
#0 /home/xkynpbah/public_html/vendor/codeigniter4/framework/system/Database/MySQLi/Connection.php(292): mysqli->query('SELECT COUNT(*)...', 0)
#1 /home/xkynpbah/public_html/vendor/codeigniter4/framework/system/Database/BaseConnection.php(670): CodeIgniter\Database\MySQLi\Connection->execute('SELECT COUNT(*)...')
#2 /home/xkynpbah/public_html/vendor/codeigniter4/framework/system/Database/BaseConnection.php(598): CodeIgniter\Database\BaseConnection->simpleQuery('SELECT COUNT(*)...')
#3 /home/xkynpbah/public_html/vendor/codeigniter4/framework/system/Database/BaseBuilder.php(1527): CodeIgniter\Database\BaseConnection->query('SELECT COUNT(*)...', Array, false)
#4 /home/xkynpbah/public_html/app/Controllers/Telegram.php(165): CodeIgniter\Database\BaseBuilder->countAllResults()
#5 /home/xkynpbah/public_html/app/Controllers/Telegram.php(124): App\Controllers\Telegram->askForResetConfirmation(6719727245, 6719727245, Object(stdClass), 'akashbabu', Object(stdClass))
#6 /home/xkynpbah/public_html/vendor/codeigniter4/framework/system/CodeIgniter.php(824): App\Controllers\Telegram->index()
#7 /home/xkynpbah/public_html/vendor/codeigniter4/framework/system/CodeIgniter.php(410): CodeIgniter\CodeIgniter->runController(Object(App\Controllers\Telegram))
#8 /home/xkynpbah/public_html/vendor/codeigniter4/framework/system/CodeIgniter.php(318): CodeIgniter\CodeIgniter->handleRequest(NULL, Object(Config\Cache), false)
#9 /home/xkynpbah/public_html/index.php(37): CodeIgniter\CodeIgniter->run()
#10 {main}
ERROR - 2026-07-26 18:37:04 --> Telegram controller called
ERROR - 2026-07-26 18:37:05 --> Table 'xkynpbah_titoo.telegram_premium' doesn't exist
CRITICAL - 2026-07-26 18:37:05 --> Table 'xkynpbah_titoo.telegram_premium' doesn't exist
#0 /home/xkynpbah/public_html/vendor/codeigniter4/framework/system/Database/MySQLi/Connection.php(292): mysqli->query('SELECT COUNT(*)...', 0)
#1 /home/xkynpbah/public_html/vendor/codeigniter4/framework/system/Database/BaseConnection.php(670): CodeIgniter\Database\MySQLi\Connection->execute('SELECT COUNT(*)...')
#2 /home/xkynpbah/public_html/vendor/codeigniter4/framework/system/Database/BaseConnection.php(598): CodeIgniter\Database\BaseConnection->simpleQuery('SELECT COUNT(*)...')
#3 /home/xkynpbah/public_html/vendor/codeigniter4/framework/system/Database/BaseBuilder.php(1527): CodeIgniter\Database\BaseConnection->query('SELECT COUNT(*)...', Array, false)
#4 /home/xkynpbah/public_html/app/Controllers/Telegram.php(165): CodeIgniter\Database\BaseBuilder->countAllResults()
#5 /home/xkynpbah/public_html/app/Controllers/Telegram.php(124): App\Controllers\Telegram->askForResetConfirmation(6719727245, 6719727245, Object(stdClass), 'akashbabu', Object(stdClass))
#6 /home/xkynpbah/public_html/vendor/codeigniter4/framework/system/CodeIgniter.php(824): App\Controllers\Telegram->index()
#7 /home/xkynpbah/public_html/vendor/codeigniter4/framework/system/CodeIgniter.php(410): CodeIgniter\CodeIgniter->runController(Object(App\Controllers\Telegram))
#8 /home/xkynpbah/public_html/vendor/codeigniter4/framework/system/CodeIgniter.php(318): CodeIgniter\CodeIgniter->handleRequest(NULL, Object(Config\Cache), false)
#9 /home/xkynpbah/public_html/index.php(37): CodeIgniter\CodeIgniter->run()
#10 {main}
ERROR - 2026-07-26 18:38:48 --> Telegram controller called
ERROR - 2026-07-26 18:38:48 --> Table 'xkynpbah_titoo.telegram_premium' doesn't exist
CRITICAL - 2026-07-26 18:38:48 --> Table 'xkynpbah_titoo.telegram_premium' doesn't exist
#0 /home/xkynpbah/public_html/vendor/codeigniter4/framework/system/Database/MySQLi/Connection.php(292): mysqli->query('SELECT COUNT(*)...', 0)
#1 /home/xkynpbah/public_html/vendor/codeigniter4/framework/system/Database/BaseConnection.php(670): CodeIgniter\Database\MySQLi\Connection->execute('SELECT COUNT(*)...')
#2 /home/xkynpbah/public_html/vendor/codeigniter4/framework/system/Database/BaseConnection.php(598): CodeIgniter\Database\BaseConnection->simpleQuery('SELECT COUNT(*)...')
#3 /home/xkynpbah/public_html/vendor/codeigniter4/framework/system/Database/BaseBuilder.php(1527): CodeIgniter\Database\BaseConnection->query('SELECT COUNT(*)...', Array, false)
#4 /home/xkynpbah/public_html/app/Controllers/Telegram.php(165): CodeIgniter\Database\BaseBuilder->countAllResults()
#5 /home/xkynpbah/public_html/app/Controllers/Telegram.php(124): App\Controllers\Telegram->askForResetConfirmation(6719727245, 6719727245, Object(stdClass), 'akashbabu', Object(stdClass))
#6 /home/xkynpbah/public_html/vendor/codeigniter4/framework/system/CodeIgniter.php(824): App\Controllers\Telegram->index()
#7 /home/xkynpbah/public_html/vendor/codeigniter4/framework/system/CodeIgniter.php(410): CodeIgniter\CodeIgniter->runController(Object(App\Controllers\Telegram))
#8 /home/xkynpbah/public_html/vendor/codeigniter4/framework/system/CodeIgniter.php(318): CodeIgniter\CodeIgniter->handleRequest(NULL, Object(Config\Cache), false)
#9 /home/xkynpbah/public_html/index.php(37): CodeIgniter\CodeIgniter->run()
#10 {main}
ERROR - 2026-07-26 18:40:17 --> Telegram controller called
ERROR - 2026-07-26 18:40:17 --> Table 'xkynpbah_titoo.telegram_premium' doesn't exist
CRITICAL - 2026-07-26 18:40:17 --> Table 'xkynpbah_titoo.telegram_premium' doesn't exist
#0 /home/xkynpbah/public_html/vendor/codeigniter4/framework/system/Database/MySQLi/Connection.php(292): mysqli->query('SELECT COUNT(*)...', 0)
#1 /home/xkynpbah/public_html/vendor/codeigniter4/framework/system/Database/BaseConnection.php(670): CodeIgniter\Database\MySQLi\Connection->execute('SELECT COUNT(*)...')
#2 /home/xkynpbah/public_html/vendor/codeigniter4/framework/system/Database/BaseConnection.php(598): CodeIgniter\Database\BaseConnection->simpleQuery('SELECT COUNT(*)...')
#3 /home/xkynpbah/public_html/vendor/codeigniter4/framework/system/Database/BaseBuilder.php(1527): CodeIgniter\Database\BaseConnection->query('SELECT COUNT(*)...', Array, false)
#4 /home/xkynpbah/public_html/app/Controllers/Telegram.php(165): CodeIgniter\Database\BaseBuilder->countAllResults()
#5 /home/xkynpbah/public_html/app/Controllers/Telegram.php(124): App\Controllers\Telegram->askForResetConfirmation(6719727245, 6719727245, Object(stdClass), 'akashbabu', Object(stdClass))
#6 /home/xkynpbah/public_html/vendor/codeigniter4/framework/system/CodeIgniter.php(824): App\Controllers\Telegram->index()
#7 /home/xkynpbah/public_html/vendor/codeigniter4/framework/system/CodeIgniter.php(410): CodeIgniter\CodeIgniter->runController(Object(App\Controllers\Telegram))
#8 /home/xkynpbah/public_html/vendor/codeigniter4/framework/system/CodeIgniter.php(318): CodeIgniter\CodeIgniter->handleRequest(NULL, Object(Config\Cache), false)
#9 /home/xkynpbah/public_html/index.php(37): CodeIgniter\CodeIgniter->run()
#10 {main}
ERROR - 2026-07-26 18:41:48 --> Telegram controller called
ERROR - 2026-07-26 18:41:48 --> Table 'xkynpbah_titoo.telegram_premium' doesn't exist
CRITICAL - 2026-07-26 18:41:48 --> Table 'xkynpbah_titoo.telegram_premium' doesn't exist
#0 /home/xkynpbah/public_html/vendor/codeigniter4/framework/system/Database/MySQLi/Connection.php(292): mysqli->query('SELECT COUNT(*)...', 0)
#1 /home/xkynpbah/public_html/vendor/codeigniter4/framework/system/Database/BaseConnection.php(670): CodeIgniter\Database\MySQLi\Connection->execute('SELECT COUNT(*)...')
#2 /home/xkynpbah/public_html/vendor/codeigniter4/framework/system/Database/BaseConnection.php(598): CodeIgniter\Database\BaseConnection->simpleQuery('SELECT COUNT(*)...')
#3 /home/xkynpbah/public_html/vendor/codeigniter4/framework/system/Database/BaseBuilder.php(1527): CodeIgniter\Database\BaseConnection->query('SELECT COUNT(*)...', Array, false)
#4 /home/xkynpbah/public_html/app/Controllers/Telegram.php(165): CodeIgniter\Database\BaseBuilder->countAllResults()
#5 /home/xkynpbah/public_html/app/Controllers/Telegram.php(124): App\Controllers\Telegram->askForResetConfirmation(6719727245, 6719727245, Object(stdClass), 'akashbabu', Object(stdClass))
#6 /home/xkynpbah/public_html/vendor/codeigniter4/framework/system/CodeIgniter.php(824): App\Controllers\Telegram->index()
#7 /home/xkynpbah/public_html/vendor/codeigniter4/framework/system/CodeIgniter.php(410): CodeIgniter\CodeIgniter->runController(Object(App\Controllers\Telegram))
#8 /home/xkynpbah/public_html/vendor/codeigniter4/framework/system/CodeIgniter.php(318): CodeIgniter\CodeIgniter->handleRequest(NULL, Object(Config\Cache), false)
#9 /home/xkynpbah/public_html/index.php(37): CodeIgniter\CodeIgniter->run()
#10 {main}
ERROR - 2026-07-26 18:43:03 --> Telegram controller called
ERROR - 2026-07-26 18:43:03 --> Table 'xkynpbah_titoo.telegram_premium' doesn't exist
CRITICAL - 2026-07-26 18:43:03 --> Table 'xkynpbah_titoo.telegram_premium' doesn't exist
#0 /home/xkynpbah/public_html/vendor/codeigniter4/framework/system/Database/MySQLi/Connection.php(292): mysqli->query('SELECT COUNT(*)...', 0)
#1 /home/xkynpbah/public_html/vendor/codeigniter4/framework/system/Database/BaseConnection.php(670): CodeIgniter\Database\MySQLi\Connection->execute('SELECT COUNT(*)...')
#2 /home/xkynpbah/public_html/vendor/codeigniter4/framework/system/Database/BaseConnection.php(598): CodeIgniter\Database\BaseConnection->simpleQuery('SELECT COUNT(*)...')
#3 /home/xkynpbah/public_html/vendor/codeigniter4/framework/system/Database/BaseBuilder.php(1527): CodeIgniter\Database\BaseConnection->query('SELECT COUNT(*)...', Array, false)
#4 /home/xkynpbah/public_html/app/Controllers/Telegram.php(165): CodeIgniter\Database\BaseBuilder->countAllResults()
#5 /home/xkynpbah/public_html/app/Controllers/Telegram.php(124): App\Controllers\Telegram->askForResetConfirmation(6719727245, 6719727245, Object(stdClass), 'akashbabu', Object(stdClass))
#6 /home/xkynpbah/public_html/vendor/codeigniter4/framework/system/CodeIgniter.php(824): App\Controllers\Telegram->index()
#7 /home/xkynpbah/public_html/vendor/codeigniter4/framework/system/CodeIgniter.php(410): CodeIgniter\CodeIgniter->runController(Object(App\Controllers\Telegram))
#8 /home/xkynpbah/public_html/vendor/codeigniter4/framework/system/CodeIgniter.php(318): CodeIgniter\CodeIgniter->handleRequest(NULL, Object(Config\Cache), false)
#9 /home/xkynpbah/public_html/index.php(37): CodeIgniter\CodeIgniter->run()
#10 {main}
ERROR - 2026-07-26 18:44:33 --> Telegram controller called
ERROR - 2026-07-26 18:44:33 --> Table 'xkynpbah_titoo.telegram_premium' doesn't exist
CRITICAL - 2026-07-26 18:44:33 --> Table 'xkynpbah_titoo.telegram_premium' doesn't exist
#0 /home/xkynpbah/public_html/vendor/codeigniter4/framework/system/Database/MySQLi/Connection.php(292): mysqli->query('SELECT COUNT(*)...', 0)
#1 /home/xkynpbah/public_html/vendor/codeigniter4/framework/system/Database/BaseConnection.php(670): CodeIgniter\Database\MySQLi\Connection->execute('SELECT COUNT(*)...')
#2 /home/xkynpbah/public_html/vendor/codeigniter4/framework/system/Database/BaseConnection.php(598): CodeIgniter\Database\BaseConnection->simpleQuery('SELECT COUNT(*)...')
#3 /home/xkynpbah/public_html/vendor/codeigniter4/framework/system/Database/BaseBuilder.php(1527): CodeIgniter\Database\BaseConnection->query('SELECT COUNT(*)...', Array, false)
#4 /home/xkynpbah/public_html/app/Controllers/Telegram.php(165): CodeIgniter\Database\BaseBuilder->countAllResults()
#5 /home/xkynpbah/public_html/app/Controllers/Telegram.php(124): App\Controllers\Telegram->askForResetConfirmation(6719727245, 6719727245, Object(stdClass), 'akashbabu', Object(stdClass))
#6 /home/xkynpbah/public_html/vendor/codeigniter4/framework/system/CodeIgniter.php(824): App\Controllers\Telegram->index()
#7 /home/xkynpbah/public_html/vendor/codeigniter4/framework/system/CodeIgniter.php(410): CodeIgniter\CodeIgniter->runController(Object(App\Controllers\Telegram))
#8 /home/xkynpbah/public_html/vendor/codeigniter4/framework/system/CodeIgniter.php(318): CodeIgniter\CodeIgniter->handleRequest(NULL, Object(Config\Cache), false)
#9 /home/xkynpbah/public_html/index.php(37): CodeIgniter\CodeIgniter->run()
#10 {main}
ERROR - 2026-07-26 18:45:40 --> Telegram controller called
ERROR - 2026-07-26 18:45:40 --> Table 'xkynpbah_titoo.telegram_premium' doesn't exist
CRITICAL - 2026-07-26 18:45:40 --> Table 'xkynpbah_titoo.telegram_premium' doesn't exist
#0 /home/xkynpbah/public_html/vendor/codeigniter4/framework/system/Database/MySQLi/Connection.php(292): mysqli->query('SELECT COUNT(*)...', 0)
#1 /home/xkynpbah/public_html/vendor/codeigniter4/framework/system/Database/BaseConnection.php(670): CodeIgniter\Database\MySQLi\Connection->execute('SELECT COUNT(*)...')
#2 /home/xkynpbah/public_html/vendor/codeigniter4/framework/system/Database/BaseConnection.php(598): CodeIgniter\Database\BaseConnection->simpleQuery('SELECT COUNT(*)...')
#3 /home/xkynpbah/public_html/vendor/codeigniter4/framework/system/Database/BaseBuilder.php(1527): CodeIgniter\Database\BaseConnection->query('SELECT COUNT(*)...', Array, false)
#4 /home/xkynpbah/public_html/app/Controllers/Telegram.php(165): CodeIgniter\Database\BaseBuilder->countAllResults()
#5 /home/xkynpbah/public_html/app/Controllers/Telegram.php(124): App\Controllers\Telegram->askForResetConfirmation(6719727245, 6719727245, Object(stdClass), 'akashbabu', Object(stdClass))
#6 /home/xkynpbah/public_html/vendor/codeigniter4/framework/system/CodeIgniter.php(824): App\Controllers\Telegram->index()
#7 /home/xkynpbah/public_html/vendor/codeigniter4/framework/system/CodeIgniter.php(410): CodeIgniter\CodeIgniter->runController(Object(App\Controllers\Telegram))
#8 /home/xkynpbah/public_html/vendor/codeigniter4/framework/system/CodeIgniter.php(318): CodeIgniter\CodeIgniter->handleRequest(NULL, Object(Config\Cache), false)
#9 /home/xkynpbah/public_html/index.php(37): CodeIgniter\CodeIgniter->run()
#10 {main}
ERROR - 2026-07-26 18:47:05 --> Telegram controller called
ERROR - 2026-07-26 18:47:05 --> Table 'xkynpbah_titoo.telegram_premium' doesn't exist
CRITICAL - 2026-07-26 18:47:05 --> Table 'xkynpbah_titoo.telegram_premium' doesn't exist
#0 /home/xkynpbah/public_html/vendor/codeigniter4/framework/system/Database/MySQLi/Connection.php(292): mysqli->query('SELECT COUNT(*)...', 0)
#1 /home/xkynpbah/public_html/vendor/codeigniter4/framework/system/Database/BaseConnection.php(670): CodeIgniter\Database\MySQLi\Connection->execute('SELECT COUNT(*)...')
#2 /home/xkynpbah/public_html/vendor/codeigniter4/framework/system/Database/BaseConnection.php(598): CodeIgniter\Database\BaseConnection->simpleQuery('SELECT COUNT(*)...')
#3 /home/xkynpbah/public_html/vendor/codeigniter4/framework/system/Database/BaseBuilder.php(1527): CodeIgniter\Database\BaseConnection->query('SELECT COUNT(*)...', Array, false)
#4 /home/xkynpbah/public_html/app/Controllers/Telegram.php(165): CodeIgniter\Database\BaseBuilder->countAllResults()
#5 /home/xkynpbah/public_html/app/Controllers/Telegram.php(124): App\Controllers\Telegram->askForResetConfirmation(6719727245, 6719727245, Object(stdClass), 'akashbabu', Object(stdClass))
#6 /home/xkynpbah/public_html/vendor/codeigniter4/framework/system/CodeIgniter.php(824): App\Controllers\Telegram->index()
#7 /home/xkynpbah/public_html/vendor/codeigniter4/framework/system/CodeIgniter.php(410): CodeIgniter\CodeIgniter->runController(Object(App\Controllers\Telegram))
#8 /home/xkynpbah/public_html/vendor/codeigniter4/framework/system/CodeIgniter.php(318): CodeIgniter\CodeIgniter->handleRequest(NULL, Object(Config\Cache), false)
#9 /home/xkynpbah/public_html/index.php(37): CodeIgniter\CodeIgniter->run()
#10 {main}
ERROR - 2026-07-26 18:48:06 --> Telegram controller called
ERROR - 2026-07-26 18:48:06 --> Table 'xkynpbah_titoo.telegram_premium' doesn't exist
CRITICAL - 2026-07-26 18:48:06 --> Table 'xkynpbah_titoo.telegram_premium' doesn't exist
#0 /home/xkynpbah/public_html/vendor/codeigniter4/framework/system/Database/MySQLi/Connection.php(292): mysqli->query('SELECT COUNT(*)...', 0)
#1 /home/xkynpbah/public_html/vendor/codeigniter4/framework/system/Database/BaseConnection.php(670): CodeIgniter\Database\MySQLi\Connection->execute('SELECT COUNT(*)...')
#2 /home/xkynpbah/public_html/vendor/codeigniter4/framework/system/Database/BaseConnection.php(598): CodeIgniter\Database\BaseConnection->simpleQuery('SELECT COUNT(*)...')
#3 /home/xkynpbah/public_html/vendor/codeigniter4/framework/system/Database/BaseBuilder.php(1527): CodeIgniter\Database\BaseConnection->query('SELECT COUNT(*)...', Array, false)
#4 /home/xkynpbah/public_html/app/Controllers/Telegram.php(165): CodeIgniter\Database\BaseBuilder->countAllResults()
#5 /home/xkynpbah/public_html/app/Controllers/Telegram.php(124): App\Controllers\Telegram->askForResetConfirmation(6719727245, 6719727245, Object(stdClass), 'akashbabu', Object(stdClass))
#6 /home/xkynpbah/public_html/vendor/codeigniter4/framework/system/CodeIgniter.php(824): App\Controllers\Telegram->index()
#7 /home/xkynpbah/public_html/vendor/codeigniter4/framework/system/CodeIgniter.php(410): CodeIgniter\CodeIgniter->runController(Object(App\Controllers\Telegram))
#8 /home/xkynpbah/public_html/vendor/codeigniter4/framework/system/CodeIgniter.php(318): CodeIgniter\CodeIgniter->handleRequest(NULL, Object(Config\Cache), false)
#9 /home/xkynpbah/public_html/index.php(37): CodeIgniter\CodeIgniter->run()
#10 {main}
ERROR - 2026-07-26 18:49:34 --> Telegram controller called
ERROR - 2026-07-26 18:49:34 --> Table 'xkynpbah_titoo.telegram_premium' doesn't exist
CRITICAL - 2026-07-26 18:49:34 --> Table 'xkynpbah_titoo.telegram_premium' doesn't exist
#0 /home/xkynpbah/public_html/vendor/codeigniter4/framework/system/Database/MySQLi/Connection.php(292): mysqli->query('SELECT COUNT(*)...', 0)
#1 /home/xkynpbah/public_html/vendor/codeigniter4/framework/system/Database/BaseConnection.php(670): CodeIgniter\Database\MySQLi\Connection->execute('SELECT COUNT(*)...')
#2 /home/xkynpbah/public_html/vendor/codeigniter4/framework/system/Database/BaseConnection.php(598): CodeIgniter\Database\BaseConnection->simpleQuery('SELECT COUNT(*)...')
#3 /home/xkynpbah/public_html/vendor/codeigniter4/framework/system/Database/BaseBuilder.php(1527): CodeIgniter\Database\BaseConnection->query('SELECT COUNT(*)...', Array, false)
#4 /home/xkynpbah/public_html/app/Controllers/Telegram.php(165): CodeIgniter\Database\BaseBuilder->countAllResults()
#5 /home/xkynpbah/public_html/app/Controllers/Telegram.php(124): App\Controllers\Telegram->askForResetConfirmation(6719727245, 6719727245, Object(stdClass), 'akashbabu', Object(stdClass))
#6 /home/xkynpbah/public_html/vendor/codeigniter4/framework/system/CodeIgniter.php(824): App\Controllers\Telegram->index()
#7 /home/xkynpbah/public_html/vendor/codeigniter4/framework/system/CodeIgniter.php(410): CodeIgniter\CodeIgniter->runController(Object(App\Controllers\Telegram))
#8 /home/xkynpbah/public_html/vendor/codeigniter4/framework/system/CodeIgniter.php(318): CodeIgniter\CodeIgniter->handleRequest(NULL, Object(Config\Cache), false)
#9 /home/xkynpbah/public_html/index.php(37): CodeIgniter\CodeIgniter->run()
#10 {main}
ERROR - 2026-07-26 18:51:03 --> Telegram controller called
ERROR - 2026-07-26 18:51:03 --> Table 'xkynpbah_titoo.telegram_premium' doesn't exist
CRITICAL - 2026-07-26 18:51:03 --> Table 'xkynpbah_titoo.telegram_premium' doesn't exist
#0 /home/xkynpbah/public_html/vendor/codeigniter4/framework/system/Database/MySQLi/Connection.php(292): mysqli->query('SELECT COUNT(*)...', 0)
#1 /home/xkynpbah/public_html/vendor/codeigniter4/framework/system/Database/BaseConnection.php(670): CodeIgniter\Database\MySQLi\Connection->execute('SELECT COUNT(*)...')
#2 /home/xkynpbah/public_html/vendor/codeigniter4/framework/system/Database/BaseConnection.php(598): CodeIgniter\Database\BaseConnection->simpleQuery('SELECT COUNT(*)...')
#3 /home/xkynpbah/public_html/vendor/codeigniter4/framework/system/Database/BaseBuilder.php(1527): CodeIgniter\Database\BaseConnection->query('SELECT COUNT(*)...', Array, false)
#4 /home/xkynpbah/public_html/app/Controllers/Telegram.php(165): CodeIgniter\Database\BaseBuilder->countAllResults()
#5 /home/xkynpbah/public_html/app/Controllers/Telegram.php(124): App\Controllers\Telegram->askForResetConfirmation(6719727245, 6719727245, Object(stdClass), 'akashbabu', Object(stdClass))
#6 /home/xkynpbah/public_html/vendor/codeigniter4/framework/system/CodeIgniter.php(824): App\Controllers\Telegram->index()
#7 /home/xkynpbah/public_html/vendor/codeigniter4/framework/system/CodeIgniter.php(410): CodeIgniter\CodeIgniter->runController(Object(App\Controllers\Telegram))
#8 /home/xkynpbah/public_html/vendor/codeigniter4/framework/system/CodeIgniter.php(318): CodeIgniter\CodeIgniter->handleRequest(NULL, Object(Config\Cache), false)
#9 /home/xkynpbah/public_html/index.php(37): CodeIgniter\CodeIgniter->run()
#10 {main}
ERROR - 2026-07-26 18:52:44 --> Telegram controller called
ERROR - 2026-07-26 18:52:44 --> Table 'xkynpbah_titoo.telegram_premium' doesn't exist
CRITICAL - 2026-07-26 18:52:44 --> Table 'xkynpbah_titoo.telegram_premium' doesn't exist
#0 /home/xkynpbah/public_html/vendor/codeigniter4/framework/system/Database/MySQLi/Connection.php(292): mysqli->query('SELECT COUNT(*)...', 0)
#1 /home/xkynpbah/public_html/vendor/codeigniter4/framework/system/Database/BaseConnection.php(670): CodeIgniter\Database\MySQLi\Connection->execute('SELECT COUNT(*)...')
#2 /home/xkynpbah/public_html/vendor/codeigniter4/framework/system/Database/BaseConnection.php(598): CodeIgniter\Database\BaseConnection->simpleQuery('SELECT COUNT(*)...')
#3 /home/xkynpbah/public_html/vendor/codeigniter4/framework/system/Database/BaseBuilder.php(1527): CodeIgniter\Database\BaseConnection->query('SELECT COUNT(*)...', Array, false)
#4 /home/xkynpbah/public_html/app/Controllers/Telegram.php(165): CodeIgniter\Database\BaseBuilder->countAllResults()
#5 /home/xkynpbah/public_html/app/Controllers/Telegram.php(124): App\Controllers\Telegram->askForResetConfirmation(6719727245, 6719727245, Object(stdClass), 'akashbabu', Object(stdClass))
#6 /home/xkynpbah/public_html/vendor/codeigniter4/framework/system/CodeIgniter.php(824): App\Controllers\Telegram->index()
#7 /home/xkynpbah/public_html/vendor/codeigniter4/framework/system/CodeIgniter.php(410): CodeIgniter\CodeIgniter->runController(Object(App\Controllers\Telegram))
#8 /home/xkynpbah/public_html/vendor/codeigniter4/framework/system/CodeIgniter.php(318): CodeIgniter\CodeIgniter->handleRequest(NULL, Object(Config\Cache), false)
#9 /home/xkynpbah/public_html/index.php(37): CodeIgniter\CodeIgniter->run()
#10 {main}
ERROR - 2026-07-26 18:54:08 --> Telegram controller called
ERROR - 2026-07-26 18:54:08 --> Table 'xkynpbah_titoo.telegram_premium' doesn't exist
CRITICAL - 2026-07-26 18:54:08 --> Table 'xkynpbah_titoo.telegram_premium' doesn't exist
#0 /home/xkynpbah/public_html/vendor/codeigniter4/framework/system/Database/MySQLi/Connection.php(292): mysqli->query('SELECT COUNT(*)...', 0)
#1 /home/xkynpbah/public_html/vendor/codeigniter4/framework/system/Database/BaseConnection.php(670): CodeIgniter\Database\MySQLi\Connection->execute('SELECT COUNT(*)...')
#2 /home/xkynpbah/public_html/vendor/codeigniter4/framework/system/Database/BaseConnection.php(598): CodeIgniter\Database\BaseConnection->simpleQuery('SELECT COUNT(*)...')
#3 /home/xkynpbah/public_html/vendor/codeigniter4/framework/system/Database/BaseBuilder.php(1527): CodeIgniter\Database\BaseConnection->query('SELECT COUNT(*)...', Array, false)
#4 /home/xkynpbah/public_html/app/Controllers/Telegram.php(165): CodeIgniter\Database\BaseBuilder->countAllResults()
#5 /home/xkynpbah/public_html/app/Controllers/Telegram.php(124): App\Controllers\Telegram->askForResetConfirmation(6719727245, 6719727245, Object(stdClass), 'akashbabu', Object(stdClass))
#6 /home/xkynpbah/public_html/vendor/codeigniter4/framework/system/CodeIgniter.php(824): App\Controllers\Telegram->index()
#7 /home/xkynpbah/public_html/vendor/codeigniter4/framework/system/CodeIgniter.php(410): CodeIgniter\CodeIgniter->runController(Object(App\Controllers\Telegram))
#8 /home/xkynpbah/public_html/vendor/codeigniter4/framework/system/CodeIgniter.php(318): CodeIgniter\CodeIgniter->handleRequest(NULL, Object(Config\Cache), false)
#9 /home/xkynpbah/public_html/index.php(37): CodeIgniter\CodeIgniter->run()
#10 {main}
ERROR - 2026-07-26 18:55:36 --> Telegram controller called
ERROR - 2026-07-26 18:55:36 --> Table 'xkynpbah_titoo.telegram_premium' doesn't exist
CRITICAL - 2026-07-26 18:55:36 --> Table 'xkynpbah_titoo.telegram_premium' doesn't exist
#0 /home/xkynpbah/public_html/vendor/codeigniter4/framework/system/Database/MySQLi/Connection.php(292): mysqli->query('SELECT COUNT(*)...', 0)
#1 /home/xkynpbah/public_html/vendor/codeigniter4/framework/system/Database/BaseConnection.php(670): CodeIgniter\Database\MySQLi\Connection->execute('SELECT COUNT(*)...')
#2 /home/xkynpbah/public_html/vendor/codeigniter4/framework/system/Database/BaseConnection.php(598): CodeIgniter\Database\BaseConnection->simpleQuery('SELECT COUNT(*)...')
#3 /home/xkynpbah/public_html/vendor/codeigniter4/framework/system/Database/BaseBuilder.php(1527): CodeIgniter\Database\BaseConnection->query('SELECT COUNT(*)...', Array, false)
#4 /home/xkynpbah/public_html/app/Controllers/Telegram.php(165): CodeIgniter\Database\BaseBuilder->countAllResults()
#5 /home/xkynpbah/public_html/app/Controllers/Telegram.php(124): App\Controllers\Telegram->askForResetConfirmation(6719727245, 6719727245, Object(stdClass), 'akashbabu', Object(stdClass))
#6 /home/xkynpbah/public_html/vendor/codeigniter4/framework/system/CodeIgniter.php(824): App\Controllers\Telegram->index()
#7 /home/xkynpbah/public_html/vendor/codeigniter4/framework/system/CodeIgniter.php(410): CodeIgniter\CodeIgniter->runController(Object(App\Controllers\Telegram))
#8 /home/xkynpbah/public_html/vendor/codeigniter4/framework/system/CodeIgniter.php(318): CodeIgniter\CodeIgniter->handleRequest(NULL, Object(Config\Cache), false)
#9 /home/xkynpbah/public_html/index.php(37): CodeIgniter\CodeIgniter->run()
#10 {main}
ERROR - 2026-07-26 18:57:19 --> Telegram controller called
ERROR - 2026-07-26 18:57:19 --> Table 'xkynpbah_titoo.telegram_premium' doesn't exist
CRITICAL - 2026-07-26 18:57:19 --> Table 'xkynpbah_titoo.telegram_premium' doesn't exist
#0 /home/xkynpbah/public_html/vendor/codeigniter4/framework/system/Database/MySQLi/Connection.php(292): mysqli->query('SELECT COUNT(*)...', 0)
#1 /home/xkynpbah/public_html/vendor/codeigniter4/framework/system/Database/BaseConnection.php(670): CodeIgniter\Database\MySQLi\Connection->execute('SELECT COUNT(*)...')
#2 /home/xkynpbah/public_html/vendor/codeigniter4/framework/system/Database/BaseConnection.php(598): CodeIgniter\Database\BaseConnection->simpleQuery('SELECT COUNT(*)...')
#3 /home/xkynpbah/public_html/vendor/codeigniter4/framework/system/Database/BaseBuilder.php(1527): CodeIgniter\Database\BaseConnection->query('SELECT COUNT(*)...', Array, false)
#4 /home/xkynpbah/public_html/app/Controllers/Telegram.php(165): CodeIgniter\Database\BaseBuilder->countAllResults()
#5 /home/xkynpbah/public_html/app/Controllers/Telegram.php(124): App\Controllers\Telegram->askForResetConfirmation(6719727245, 6719727245, Object(stdClass), 'akashbabu', Object(stdClass))
#6 /home/xkynpbah/public_html/vendor/codeigniter4/framework/system/CodeIgniter.php(824): App\Controllers\Telegram->index()
#7 /home/xkynpbah/public_html/vendor/codeigniter4/framework/system/CodeIgniter.php(410): CodeIgniter\CodeIgniter->runController(Object(App\Controllers\Telegram))
#8 /home/xkynpbah/public_html/vendor/codeigniter4/framework/system/CodeIgniter.php(318): CodeIgniter\CodeIgniter->handleRequest(NULL, Object(Config\Cache), false)
#9 /home/xkynpbah/public_html/index.php(37): CodeIgniter\CodeIgniter->run()
#10 {main}
ERROR - 2026-07-26 18:58:54 --> Telegram controller called
ERROR - 2026-07-26 18:58:54 --> Table 'xkynpbah_titoo.telegram_premium' doesn't exist
CRITICAL - 2026-07-26 18:58:54 --> Table 'xkynpbah_titoo.telegram_premium' doesn't exist
#0 /home/xkynpbah/public_html/vendor/codeigniter4/framework/system/Database/MySQLi/Connection.php(292): mysqli->query('SELECT COUNT(*)...', 0)
#1 /home/xkynpbah/public_html/vendor/codeigniter4/framework/system/Database/BaseConnection.php(670): CodeIgniter\Database\MySQLi\Connection->execute('SELECT COUNT(*)...')
#2 /home/xkynpbah/public_html/vendor/codeigniter4/framework/system/Database/BaseConnection.php(598): CodeIgniter\Database\BaseConnection->simpleQuery('SELECT COUNT(*)...')
#3 /home/xkynpbah/public_html/vendor/codeigniter4/framework/system/Database/BaseBuilder.php(1527): CodeIgniter\Database\BaseConnection->query('SELECT COUNT(*)...', Array, false)
#4 /home/xkynpbah/public_html/app/Controllers/Telegram.php(165): CodeIgniter\Database\BaseBuilder->countAllResults()
#5 /home/xkynpbah/public_html/app/Controllers/Telegram.php(124): App\Controllers\Telegram->askForResetConfirmation(6719727245, 6719727245, Object(stdClass), 'akashbabu', Object(stdClass))
#6 /home/xkynpbah/public_html/vendor/codeigniter4/framework/system/CodeIgniter.php(824): App\Controllers\Telegram->index()
#7 /home/xkynpbah/public_html/vendor/codeigniter4/framework/system/CodeIgniter.php(410): CodeIgniter\CodeIgniter->runController(Object(App\Controllers\Telegram))
#8 /home/xkynpbah/public_html/vendor/codeigniter4/framework/system/CodeIgniter.php(318): CodeIgniter\CodeIgniter->handleRequest(NULL, Object(Config\Cache), false)
#9 /home/xkynpbah/public_html/index.php(37): CodeIgniter\CodeIgniter->run()
#10 {main}
ERROR - 2026-07-26 19:00:28 --> Telegram controller called
ERROR - 2026-07-26 19:00:28 --> Table 'xkynpbah_titoo.telegram_premium' doesn't exist
CRITICAL - 2026-07-26 19:00:28 --> Table 'xkynpbah_titoo.telegram_premium' doesn't exist
#0 /home/xkynpbah/public_html/vendor/codeigniter4/framework/system/Database/MySQLi/Connection.php(292): mysqli->query('SELECT COUNT(*)...', 0)
#1 /home/xkynpbah/public_html/vendor/codeigniter4/framework/system/Database/BaseConnection.php(670): CodeIgniter\Database\MySQLi\Connection->execute('SELECT COUNT(*)...')
#2 /home/xkynpbah/public_html/vendor/codeigniter4/framework/system/Database/BaseConnection.php(598): CodeIgniter\Database\BaseConnection->simpleQuery('SELECT COUNT(*)...')
#3 /home/xkynpbah/public_html/vendor/codeigniter4/framework/system/Database/BaseBuilder.php(1527): CodeIgniter\Database\BaseConnection->query('SELECT COUNT(*)...', Array, false)
#4 /home/xkynpbah/public_html/app/Controllers/Telegram.php(165): CodeIgniter\Database\BaseBuilder->countAllResults()
#5 /home/xkynpbah/public_html/app/Controllers/Telegram.php(124): App\Controllers\Telegram->askForResetConfirmation(6719727245, 6719727245, Object(stdClass), 'akashbabu', Object(stdClass))
#6 /home/xkynpbah/public_html/vendor/codeigniter4/framework/system/CodeIgniter.php(824): App\Controllers\Telegram->index()
#7 /home/xkynpbah/public_html/vendor/codeigniter4/framework/system/CodeIgniter.php(410): CodeIgniter\CodeIgniter->runController(Object(App\Controllers\Telegram))
#8 /home/xkynpbah/public_html/vendor/codeigniter4/framework/system/CodeIgniter.php(318): CodeIgniter\CodeIgniter->handleRequest(NULL, Object(Config\Cache), false)
#9 /home/xkynpbah/public_html/index.php(37): CodeIgniter\CodeIgniter->run()
#10 {main}
ERROR - 2026-07-26 19:02:27 --> Telegram controller called
ERROR - 2026-07-26 19:02:27 --> Table 'xkynpbah_titoo.telegram_premium' doesn't exist
CRITICAL - 2026-07-26 19:02:27 --> Table 'xkynpbah_titoo.telegram_premium' doesn't exist
#0 /home/xkynpbah/public_html/vendor/codeigniter4/framework/system/Database/MySQLi/Connection.php(292): mysqli->query('SELECT COUNT(*)...', 0)
#1 /home/xkynpbah/public_html/vendor/codeigniter4/framework/system/Database/BaseConnection.php(670): CodeIgniter\Database\MySQLi\Connection->execute('SELECT COUNT(*)...')
#2 /home/xkynpbah/public_html/vendor/codeigniter4/framework/system/Database/BaseConnection.php(598): CodeIgniter\Database\BaseConnection->simpleQuery('SELECT COUNT(*)...')
#3 /home/xkynpbah/public_html/vendor/codeigniter4/framework/system/Database/BaseBuilder.php(1527): CodeIgniter\Database\BaseConnection->query('SELECT COUNT(*)...', Array, false)
#4 /home/xkynpbah/public_html/app/Controllers/Telegram.php(165): CodeIgniter\Database\BaseBuilder->countAllResults()
#5 /home/xkynpbah/public_html/app/Controllers/Telegram.php(124): App\Controllers\Telegram->askForResetConfirmation(6719727245, 6719727245, Object(stdClass), 'akashbabu', Object(stdClass))
#6 /home/xkynpbah/public_html/vendor/codeigniter4/framework/system/CodeIgniter.php(824): App\Controllers\Telegram->index()
#7 /home/xkynpbah/public_html/vendor/codeigniter4/framework/system/CodeIgniter.php(410): CodeIgniter\CodeIgniter->runController(Object(App\Controllers\Telegram))
#8 /home/xkynpbah/public_html/vendor/codeigniter4/framework/system/CodeIgniter.php(318): CodeIgniter\CodeIgniter->handleRequest(NULL, Object(Config\Cache), false)
#9 /home/xkynpbah/public_html/index.php(37): CodeIgniter\CodeIgniter->run()
#10 {main}
ERROR - 2026-07-26 19:03:47 --> Telegram controller called
ERROR - 2026-07-26 19:03:47 --> Table 'xkynpbah_titoo.telegram_premium' doesn't exist
CRITICAL - 2026-07-26 19:03:47 --> Table 'xkynpbah_titoo.telegram_premium' doesn't exist
#0 /home/xkynpbah/public_html/vendor/codeigniter4/framework/system/Database/MySQLi/Connection.php(292): mysqli->query('SELECT COUNT(*)...', 0)
#1 /home/xkynpbah/public_html/vendor/codeigniter4/framework/system/Database/BaseConnection.php(670): CodeIgniter\Database\MySQLi\Connection->execute('SELECT COUNT(*)...')
#2 /home/xkynpbah/public_html/vendor/codeigniter4/framework/system/Database/BaseConnection.php(598): CodeIgniter\Database\BaseConnection->simpleQuery('SELECT COUNT(*)...')
#3 /home/xkynpbah/public_html/vendor/codeigniter4/framework/system/Database/BaseBuilder.php(1527): CodeIgniter\Database\BaseConnection->query('SELECT COUNT(*)...', Array, false)
#4 /home/xkynpbah/public_html/app/Controllers/Telegram.php(165): CodeIgniter\Database\BaseBuilder->countAllResults()
#5 /home/xkynpbah/public_html/app/Controllers/Telegram.php(124): App\Controllers\Telegram->askForResetConfirmation(6719727245, 6719727245, Object(stdClass), 'akashbabu', Object(stdClass))
#6 /home/xkynpbah/public_html/vendor/codeigniter4/framework/system/CodeIgniter.php(824): App\Controllers\Telegram->index()
#7 /home/xkynpbah/public_html/vendor/codeigniter4/framework/system/CodeIgniter.php(410): CodeIgniter\CodeIgniter->runController(Object(App\Controllers\Telegram))
#8 /home/xkynpbah/public_html/vendor/codeigniter4/framework/system/CodeIgniter.php(318): CodeIgniter\CodeIgniter->handleRequest(NULL, Object(Config\Cache), false)
#9 /home/xkynpbah/public_html/index.php(37): CodeIgniter\CodeIgniter->run()
#10 {main}
ERROR - 2026-07-26 19:05:21 --> Telegram controller called
ERROR - 2026-07-26 19:05:21 --> Table 'xkynpbah_titoo.telegram_premium' doesn't exist
CRITICAL - 2026-07-26 19:05:21 --> Table 'xkynpbah_titoo.telegram_premium' doesn't exist
#0 /home/xkynpbah/public_html/vendor/codeigniter4/framework/system/Database/MySQLi/Connection.php(292): mysqli->query('SELECT COUNT(*)...', 0)
#1 /home/xkynpbah/public_html/vendor/codeigniter4/framework/system/Database/BaseConnection.php(670): CodeIgniter\Database\MySQLi\Connection->execute('SELECT COUNT(*)...')
#2 /home/xkynpbah/public_html/vendor/codeigniter4/framework/system/Database/BaseConnection.php(598): CodeIgniter\Database\BaseConnection->simpleQuery('SELECT COUNT(*)...')
#3 /home/xkynpbah/public_html/vendor/codeigniter4/framework/system/Database/BaseBuilder.php(1527): CodeIgniter\Database\BaseConnection->query('SELECT COUNT(*)...', Array, false)
#4 /home/xkynpbah/public_html/app/Controllers/Telegram.php(165): CodeIgniter\Database\BaseBuilder->countAllResults()
#5 /home/xkynpbah/public_html/app/Controllers/Telegram.php(124): App\Controllers\Telegram->askForResetConfirmation(6719727245, 6719727245, Object(stdClass), 'akashbabu', Object(stdClass))
#6 /home/xkynpbah/public_html/vendor/codeigniter4/framework/system/CodeIgniter.php(824): App\Controllers\Telegram->index()
#7 /home/xkynpbah/public_html/vendor/codeigniter4/framework/system/CodeIgniter.php(410): CodeIgniter\CodeIgniter->runController(Object(App\Controllers\Telegram))
#8 /home/xkynpbah/public_html/vendor/codeigniter4/framework/system/CodeIgniter.php(318): CodeIgniter\CodeIgniter->handleRequest(NULL, Object(Config\Cache), false)
#9 /home/xkynpbah/public_html/index.php(37): CodeIgniter\CodeIgniter->run()
#10 {main}
ERROR - 2026-07-26 19:07:04 --> Telegram controller called
ERROR - 2026-07-26 19:07:04 --> Table 'xkynpbah_titoo.telegram_premium' doesn't exist
CRITICAL - 2026-07-26 19:07:04 --> Table 'xkynpbah_titoo.telegram_premium' doesn't exist
#0 /home/xkynpbah/public_html/vendor/codeigniter4/framework/system/Database/MySQLi/Connection.php(292): mysqli->query('SELECT COUNT(*)...', 0)
#1 /home/xkynpbah/public_html/vendor/codeigniter4/framework/system/Database/BaseConnection.php(670): CodeIgniter\Database\MySQLi\Connection->execute('SELECT COUNT(*)...')
#2 /home/xkynpbah/public_html/vendor/codeigniter4/framework/system/Database/BaseConnection.php(598): CodeIgniter\Database\BaseConnection->simpleQuery('SELECT COUNT(*)...')
#3 /home/xkynpbah/public_html/vendor/codeigniter4/framework/system/Database/BaseBuilder.php(1527): CodeIgniter\Database\BaseConnection->query('SELECT COUNT(*)...', Array, false)
#4 /home/xkynpbah/public_html/app/Controllers/Telegram.php(165): CodeIgniter\Database\BaseBuilder->countAllResults()
#5 /home/xkynpbah/public_html/app/Controllers/Telegram.php(124): App\Controllers\Telegram->askForResetConfirmation(6719727245, 6719727245, Object(stdClass), 'akashbabu', Object(stdClass))
#6 /home/xkynpbah/public_html/vendor/codeigniter4/framework/system/CodeIgniter.php(824): App\Controllers\Telegram->index()
#7 /home/xkynpbah/public_html/vendor/codeigniter4/framework/system/CodeIgniter.php(410): CodeIgniter\CodeIgniter->runController(Object(App\Controllers\Telegram))
#8 /home/xkynpbah/public_html/vendor/codeigniter4/framework/system/CodeIgniter.php(318): CodeIgniter\CodeIgniter->handleRequest(NULL, Object(Config\Cache), false)
#9 /home/xkynpbah/public_html/index.php(37): CodeIgniter\CodeIgniter->run()
#10 {main}
ERROR - 2026-07-26 19:08:54 --> Telegram controller called
ERROR - 2026-07-26 19:08:54 --> Table 'xkynpbah_titoo.telegram_premium' doesn't exist
CRITICAL - 2026-07-26 19:08:54 --> Table 'xkynpbah_titoo.telegram_premium' doesn't exist
#0 /home/xkynpbah/public_html/vendor/codeigniter4/framework/system/Database/MySQLi/Connection.php(292): mysqli->query('SELECT COUNT(*)...', 0)
#1 /home/xkynpbah/public_html/vendor/codeigniter4/framework/system/Database/BaseConnection.php(670): CodeIgniter\Database\MySQLi\Connection->execute('SELECT COUNT(*)...')
#2 /home/xkynpbah/public_html/vendor/codeigniter4/framework/system/Database/BaseConnection.php(598): CodeIgniter\Database\BaseConnection->simpleQuery('SELECT COUNT(*)...')
#3 /home/xkynpbah/public_html/vendor/codeigniter4/framework/system/Database/BaseBuilder.php(1527): CodeIgniter\Database\BaseConnection->query('SELECT COUNT(*)...', Array, false)
#4 /home/xkynpbah/public_html/app/Controllers/Telegram.php(165): CodeIgniter\Database\BaseBuilder->countAllResults()
#5 /home/xkynpbah/public_html/app/Controllers/Telegram.php(124): App\Controllers\Telegram->askForResetConfirmation(6719727245, 6719727245, Object(stdClass), 'akashbabu', Object(stdClass))
#6 /home/xkynpbah/public_html/vendor/codeigniter4/framework/system/CodeIgniter.php(824): App\Controllers\Telegram->index()
#7 /home/xkynpbah/public_html/vendor/codeigniter4/framework/system/CodeIgniter.php(410): CodeIgniter\CodeIgniter->runController(Object(App\Controllers\Telegram))
#8 /home/xkynpbah/public_html/vendor/codeigniter4/framework/system/CodeIgniter.php(318): CodeIgniter\CodeIgniter->handleRequest(NULL, Object(Config\Cache), false)
#9 /home/xkynpbah/public_html/index.php(37): CodeIgniter\CodeIgniter->run()
#10 {main}
ERROR - 2026-07-26 19:10:01 --> Telegram controller called
ERROR - 2026-07-26 19:10:01 --> Table 'xkynpbah_titoo.telegram_premium' doesn't exist
CRITICAL - 2026-07-26 19:10:01 --> Table 'xkynpbah_titoo.telegram_premium' doesn't exist
#0 /home/xkynpbah/public_html/vendor/codeigniter4/framework/system/Database/MySQLi/Connection.php(292): mysqli->query('SELECT COUNT(*)...', 0)
#1 /home/xkynpbah/public_html/vendor/codeigniter4/framework/system/Database/BaseConnection.php(670): CodeIgniter\Database\MySQLi\Connection->execute('SELECT COUNT(*)...')
#2 /home/xkynpbah/public_html/vendor/codeigniter4/framework/system/Database/BaseConnection.php(598): CodeIgniter\Database\BaseConnection->simpleQuery('SELECT COUNT(*)...')
#3 /home/xkynpbah/public_html/vendor/codeigniter4/framework/system/Database/BaseBuilder.php(1527): CodeIgniter\Database\BaseConnection->query('SELECT COUNT(*)...', Array, false)
#4 /home/xkynpbah/public_html/app/Controllers/Telegram.php(165): CodeIgniter\Database\BaseBuilder->countAllResults()
#5 /home/xkynpbah/public_html/app/Controllers/Telegram.php(124): App\Controllers\Telegram->askForResetConfirmation(6719727245, 6719727245, Object(stdClass), 'akashbabu', Object(stdClass))
#6 /home/xkynpbah/public_html/vendor/codeigniter4/framework/system/CodeIgniter.php(824): App\Controllers\Telegram->index()
#7 /home/xkynpbah/public_html/vendor/codeigniter4/framework/system/CodeIgniter.php(410): CodeIgniter\CodeIgniter->runController(Object(App\Controllers\Telegram))
#8 /home/xkynpbah/public_html/vendor/codeigniter4/framework/system/CodeIgniter.php(318): CodeIgniter\CodeIgniter->handleRequest(NULL, Object(Config\Cache), false)
#9 /home/xkynpbah/public_html/index.php(37): CodeIgniter\CodeIgniter->run()
#10 {main}
ERROR - 2026-07-26 19:11:32 --> Telegram controller called
ERROR - 2026-07-26 19:11:32 --> Table 'xkynpbah_titoo.telegram_premium' doesn't exist
CRITICAL - 2026-07-26 19:11:32 --> Table 'xkynpbah_titoo.telegram_premium' doesn't exist
#0 /home/xkynpbah/public_html/vendor/codeigniter4/framework/system/Database/MySQLi/Connection.php(292): mysqli->query('SELECT COUNT(*)...', 0)
#1 /home/xkynpbah/public_html/vendor/codeigniter4/framework/system/Database/BaseConnection.php(670): CodeIgniter\Database\MySQLi\Connection->execute('SELECT COUNT(*)...')
#2 /home/xkynpbah/public_html/vendor/codeigniter4/framework/system/Database/BaseConnection.php(598): CodeIgniter\Database\BaseConnection->simpleQuery('SELECT COUNT(*)...')
#3 /home/xkynpbah/public_html/vendor/codeigniter4/framework/system/Database/BaseBuilder.php(1527): CodeIgniter\Database\BaseConnection->query('SELECT COUNT(*)...', Array, false)
#4 /home/xkynpbah/public_html/app/Controllers/Telegram.php(165): CodeIgniter\Database\BaseBuilder->countAllResults()
#5 /home/xkynpbah/public_html/app/Controllers/Telegram.php(124): App\Controllers\Telegram->askForResetConfirmation(6719727245, 6719727245, Object(stdClass), 'akashbabu', Object(stdClass))
#6 /home/xkynpbah/public_html/vendor/codeigniter4/framework/system/CodeIgniter.php(824): App\Controllers\Telegram->index()
#7 /home/xkynpbah/public_html/vendor/codeigniter4/framework/system/CodeIgniter.php(410): CodeIgniter\CodeIgniter->runController(Object(App\Controllers\Telegram))
#8 /home/xkynpbah/public_html/vendor/codeigniter4/framework/system/CodeIgniter.php(318): CodeIgniter\CodeIgniter->handleRequest(NULL, Object(Config\Cache), false)
#9 /home/xkynpbah/public_html/index.php(37): CodeIgniter\CodeIgniter->run()
#10 {main}
ERROR - 2026-07-26 19:13:17 --> Telegram controller called
ERROR - 2026-07-26 19:13:17 --> Table 'xkynpbah_titoo.telegram_premium' doesn't exist
CRITICAL - 2026-07-26 19:13:17 --> Table 'xkynpbah_titoo.telegram_premium' doesn't exist
#0 /home/xkynpbah/public_html/vendor/codeigniter4/framework/system/Database/MySQLi/Connection.php(292): mysqli->query('SELECT COUNT(*)...', 0)
#1 /home/xkynpbah/public_html/vendor/codeigniter4/framework/system/Database/BaseConnection.php(670): CodeIgniter\Database\MySQLi\Connection->execute('SELECT COUNT(*)...')
#2 /home/xkynpbah/public_html/vendor/codeigniter4/framework/system/Database/BaseConnection.php(598): CodeIgniter\Database\BaseConnection->simpleQuery('SELECT COUNT(*)...')
#3 /home/xkynpbah/public_html/vendor/codeigniter4/framework/system/Database/BaseBuilder.php(1527): CodeIgniter\Database\BaseConnection->query('SELECT COUNT(*)...', Array, false)
#4 /home/xkynpbah/public_html/app/Controllers/Telegram.php(165): CodeIgniter\Database\BaseBuilder->countAllResults()
#5 /home/xkynpbah/public_html/app/Controllers/Telegram.php(124): App\Controllers\Telegram->askForResetConfirmation(6719727245, 6719727245, Object(stdClass), 'akashbabu', Object(stdClass))
#6 /home/xkynpbah/public_html/vendor/codeigniter4/framework/system/CodeIgniter.php(824): App\Controllers\Telegram->index()
#7 /home/xkynpbah/public_html/vendor/codeigniter4/framework/system/CodeIgniter.php(410): CodeIgniter\CodeIgniter->runController(Object(App\Controllers\Telegram))
#8 /home/xkynpbah/public_html/vendor/codeigniter4/framework/system/CodeIgniter.php(318): CodeIgniter\CodeIgniter->handleRequest(NULL, Object(Config\Cache), false)
#9 /home/xkynpbah/public_html/index.php(37): CodeIgniter\CodeIgniter->run()
#10 {main}
ERROR - 2026-07-26 19:15:07 --> Telegram controller called
ERROR - 2026-07-26 19:15:07 --> Table 'xkynpbah_titoo.telegram_premium' doesn't exist
CRITICAL - 2026-07-26 19:15:07 --> Table 'xkynpbah_titoo.telegram_premium' doesn't exist
#0 /home/xkynpbah/public_html/vendor/codeigniter4/framework/system/Database/MySQLi/Connection.php(292): mysqli->query('SELECT COUNT(*)...', 0)
#1 /home/xkynpbah/public_html/vendor/codeigniter4/framework/system/Database/BaseConnection.php(670): CodeIgniter\Database\MySQLi\Connection->execute('SELECT COUNT(*)...')
#2 /home/xkynpbah/public_html/vendor/codeigniter4/framework/system/Database/BaseConnection.php(598): CodeIgniter\Database\BaseConnection->simpleQuery('SELECT COUNT(*)...')
#3 /home/xkynpbah/public_html/vendor/codeigniter4/framework/system/Database/BaseBuilder.php(1527): CodeIgniter\Database\BaseConnection->query('SELECT COUNT(*)...', Array, false)
#4 /home/xkynpbah/public_html/app/Controllers/Telegram.php(165): CodeIgniter\Database\BaseBuilder->countAllResults()
#5 /home/xkynpbah/public_html/app/Controllers/Telegram.php(124): App\Controllers\Telegram->askForResetConfirmation(6719727245, 6719727245, Object(stdClass), 'akashbabu', Object(stdClass))
#6 /home/xkynpbah/public_html/vendor/codeigniter4/framework/system/CodeIgniter.php(824): App\Controllers\Telegram->index()
#7 /home/xkynpbah/public_html/vendor/codeigniter4/framework/system/CodeIgniter.php(410): CodeIgniter\CodeIgniter->runController(Object(App\Controllers\Telegram))
#8 /home/xkynpbah/public_html/vendor/codeigniter4/framework/system/CodeIgniter.php(318): CodeIgniter\CodeIgniter->handleRequest(NULL, Object(Config\Cache), false)
#9 /home/xkynpbah/public_html/index.php(37): CodeIgniter\CodeIgniter->run()
#10 {main}
ERROR - 2026-07-26 19:16:51 --> Telegram controller called
ERROR - 2026-07-26 19:16:51 --> Table 'xkynpbah_titoo.telegram_premium' doesn't exist
CRITICAL - 2026-07-26 19:16:51 --> Table 'xkynpbah_titoo.telegram_premium' doesn't exist
#0 /home/xkynpbah/public_html/vendor/codeigniter4/framework/system/Database/MySQLi/Connection.php(292): mysqli->query('SELECT COUNT(*)...', 0)
#1 /home/xkynpbah/public_html/vendor/codeigniter4/framework/system/Database/BaseConnection.php(670): CodeIgniter\Database\MySQLi\Connection->execute('SELECT COUNT(*)...')
#2 /home/xkynpbah/public_html/vendor/codeigniter4/framework/system/Database/BaseConnection.php(598): CodeIgniter\Database\BaseConnection->simpleQuery('SELECT COUNT(*)...')
#3 /home/xkynpbah/public_html/vendor/codeigniter4/framework/system/Database/BaseBuilder.php(1527): CodeIgniter\Database\BaseConnection->query('SELECT COUNT(*)...', Array, false)
#4 /home/xkynpbah/public_html/app/Controllers/Telegram.php(165): CodeIgniter\Database\BaseBuilder->countAllResults()
#5 /home/xkynpbah/public_html/app/Controllers/Telegram.php(124): App\Controllers\Telegram->askForResetConfirmation(6719727245, 6719727245, Object(stdClass), 'akashbabu', Object(stdClass))
#6 /home/xkynpbah/public_html/vendor/codeigniter4/framework/system/CodeIgniter.php(824): App\Controllers\Telegram->index()
#7 /home/xkynpbah/public_html/vendor/codeigniter4/framework/system/CodeIgniter.php(410): CodeIgniter\CodeIgniter->runController(Object(App\Controllers\Telegram))
#8 /home/xkynpbah/public_html/vendor/codeigniter4/framework/system/CodeIgniter.php(318): CodeIgniter\CodeIgniter->handleRequest(NULL, Object(Config\Cache), false)
#9 /home/xkynpbah/public_html/index.php(37): CodeIgniter\CodeIgniter->run()
#10 {main}
ERROR - 2026-07-26 19:18:44 --> Telegram controller called
ERROR - 2026-07-26 19:18:45 --> Table 'xkynpbah_titoo.telegram_premium' doesn't exist
CRITICAL - 2026-07-26 19:18:45 --> Table 'xkynpbah_titoo.telegram_premium' doesn't exist
#0 /home/xkynpbah/public_html/vendor/codeigniter4/framework/system/Database/MySQLi/Connection.php(292): mysqli->query('SELECT COUNT(*)...', 0)
#1 /home/xkynpbah/public_html/vendor/codeigniter4/framework/system/Database/BaseConnection.php(670): CodeIgniter\Database\MySQLi\Connection->execute('SELECT COUNT(*)...')
#2 /home/xkynpbah/public_html/vendor/codeigniter4/framework/system/Database/BaseConnection.php(598): CodeIgniter\Database\BaseConnection->simpleQuery('SELECT COUNT(*)...')
#3 /home/xkynpbah/public_html/vendor/codeigniter4/framework/system/Database/BaseBuilder.php(1527): CodeIgniter\Database\BaseConnection->query('SELECT COUNT(*)...', Array, false)
#4 /home/xkynpbah/public_html/app/Controllers/Telegram.php(165): CodeIgniter\Database\BaseBuilder->countAllResults()
#5 /home/xkynpbah/public_html/app/Controllers/Telegram.php(124): App\Controllers\Telegram->askForResetConfirmation(6719727245, 6719727245, Object(stdClass), 'akashbabu', Object(stdClass))
#6 /home/xkynpbah/public_html/vendor/codeigniter4/framework/system/CodeIgniter.php(824): App\Controllers\Telegram->index()
#7 /home/xkynpbah/public_html/vendor/codeigniter4/framework/system/CodeIgniter.php(410): CodeIgniter\CodeIgniter->runController(Object(App\Controllers\Telegram))
#8 /home/xkynpbah/public_html/vendor/codeigniter4/framework/system/CodeIgniter.php(318): CodeIgniter\CodeIgniter->handleRequest(NULL, Object(Config\Cache), false)
#9 /home/xkynpbah/public_html/index.php(37): CodeIgniter\CodeIgniter->run()
#10 {main}
ERROR - 2026-07-26 19:20:16 --> Telegram controller called
ERROR - 2026-07-26 19:20:16 --> Table 'xkynpbah_titoo.telegram_premium' doesn't exist
CRITICAL - 2026-07-26 19:20:16 --> Table 'xkynpbah_titoo.telegram_premium' doesn't exist
#0 /home/xkynpbah/public_html/vendor/codeigniter4/framework/system/Database/MySQLi/Connection.php(292): mysqli->query('SELECT COUNT(*)...', 0)
#1 /home/xkynpbah/public_html/vendor/codeigniter4/framework/system/Database/BaseConnection.php(670): CodeIgniter\Database\MySQLi\Connection->execute('SELECT COUNT(*)...')
#2 /home/xkynpbah/public_html/vendor/codeigniter4/framework/system/Database/BaseConnection.php(598): CodeIgniter\Database\BaseConnection->simpleQuery('SELECT COUNT(*)...')
#3 /home/xkynpbah/public_html/vendor/codeigniter4/framework/system/Database/BaseBuilder.php(1527): CodeIgniter\Database\BaseConnection->query('SELECT COUNT(*)...', Array, false)
#4 /home/xkynpbah/public_html/app/Controllers/Telegram.php(165): CodeIgniter\Database\BaseBuilder->countAllResults()
#5 /home/xkynpbah/public_html/app/Controllers/Telegram.php(124): App\Controllers\Telegram->askForResetConfirmation(6719727245, 6719727245, Object(stdClass), 'akashbabu', Object(stdClass))
#6 /home/xkynpbah/public_html/vendor/codeigniter4/framework/system/CodeIgniter.php(824): App\Controllers\Telegram->index()
#7 /home/xkynpbah/public_html/vendor/codeigniter4/framework/system/CodeIgniter.php(410): CodeIgniter\CodeIgniter->runController(Object(App\Controllers\Telegram))
#8 /home/xkynpbah/public_html/vendor/codeigniter4/framework/system/CodeIgniter.php(318): CodeIgniter\CodeIgniter->handleRequest(NULL, Object(Config\Cache), false)
#9 /home/xkynpbah/public_html/index.php(37): CodeIgniter\CodeIgniter->run()
#10 {main}
ERROR - 2026-07-26 19:21:33 --> Telegram controller called
ERROR - 2026-07-26 19:21:33 --> Table 'xkynpbah_titoo.telegram_premium' doesn't exist
CRITICAL - 2026-07-26 19:21:33 --> Table 'xkynpbah_titoo.telegram_premium' doesn't exist
#0 /home/xkynpbah/public_html/vendor/codeigniter4/framework/system/Database/MySQLi/Connection.php(292): mysqli->query('SELECT COUNT(*)...', 0)
#1 /home/xkynpbah/public_html/vendor/codeigniter4/framework/system/Database/BaseConnection.php(670): CodeIgniter\Database\MySQLi\Connection->execute('SELECT COUNT(*)...')
#2 /home/xkynpbah/public_html/vendor/codeigniter4/framework/system/Database/BaseConnection.php(598): CodeIgniter\Database\BaseConnection->simpleQuery('SELECT COUNT(*)...')
#3 /home/xkynpbah/public_html/vendor/codeigniter4/framework/system/Database/BaseBuilder.php(1527): CodeIgniter\Database\BaseConnection->query('SELECT COUNT(*)...', Array, false)
#4 /home/xkynpbah/public_html/app/Controllers/Telegram.php(165): CodeIgniter\Database\BaseBuilder->countAllResults()
#5 /home/xkynpbah/public_html/app/Controllers/Telegram.php(124): App\Controllers\Telegram->askForResetConfirmation(6719727245, 6719727245, Object(stdClass), 'akashbabu', Object(stdClass))
#6 /home/xkynpbah/public_html/vendor/codeigniter4/framework/system/CodeIgniter.php(824): App\Controllers\Telegram->index()
#7 /home/xkynpbah/public_html/vendor/codeigniter4/framework/system/CodeIgniter.php(410): CodeIgniter\CodeIgniter->runController(Object(App\Controllers\Telegram))
#8 /home/xkynpbah/public_html/vendor/codeigniter4/framework/system/CodeIgniter.php(318): CodeIgniter\CodeIgniter->handleRequest(NULL, Object(Config\Cache), false)
#9 /home/xkynpbah/public_html/index.php(37): CodeIgniter\CodeIgniter->run()
#10 {main}
ERROR - 2026-07-26 19:23:06 --> Telegram controller called
ERROR - 2026-07-26 19:23:06 --> Table 'xkynpbah_titoo.telegram_premium' doesn't exist
CRITICAL - 2026-07-26 19:23:06 --> Table 'xkynpbah_titoo.telegram_premium' doesn't exist
#0 /home/xkynpbah/public_html/vendor/codeigniter4/framework/system/Database/MySQLi/Connection.php(292): mysqli->query('SELECT COUNT(*)...', 0)
#1 /home/xkynpbah/public_html/vendor/codeigniter4/framework/system/Database/BaseConnection.php(670): CodeIgniter\Database\MySQLi\Connection->execute('SELECT COUNT(*)...')
#2 /home/xkynpbah/public_html/vendor/codeigniter4/framework/system/Database/BaseConnection.php(598): CodeIgniter\Database\BaseConnection->simpleQuery('SELECT COUNT(*)...')
#3 /home/xkynpbah/public_html/vendor/codeigniter4/framework/system/Database/BaseBuilder.php(1527): CodeIgniter\Database\BaseConnection->query('SELECT COUNT(*)...', Array, false)
#4 /home/xkynpbah/public_html/app/Controllers/Telegram.php(165): CodeIgniter\Database\BaseBuilder->countAllResults()
#5 /home/xkynpbah/public_html/app/Controllers/Telegram.php(124): App\Controllers\Telegram->askForResetConfirmation(6719727245, 6719727245, Object(stdClass), 'akashbabu', Object(stdClass))
#6 /home/xkynpbah/public_html/vendor/codeigniter4/framework/system/CodeIgniter.php(824): App\Controllers\Telegram->index()
#7 /home/xkynpbah/public_html/vendor/codeigniter4/framework/system/CodeIgniter.php(410): CodeIgniter\CodeIgniter->runController(Object(App\Controllers\Telegram))
#8 /home/xkynpbah/public_html/vendor/codeigniter4/framework/system/CodeIgniter.php(318): CodeIgniter\CodeIgniter->handleRequest(NULL, Object(Config\Cache), false)
#9 /home/xkynpbah/public_html/index.php(37): CodeIgniter\CodeIgniter->run()
#10 {main}
ERROR - 2026-07-26 19:25:00 --> Telegram controller called
ERROR - 2026-07-26 19:25:00 --> Table 'xkynpbah_titoo.telegram_premium' doesn't exist
CRITICAL - 2026-07-26 19:25:00 --> Table 'xkynpbah_titoo.telegram_premium' doesn't exist
#0 /home/xkynpbah/public_html/vendor/codeigniter4/framework/system/Database/MySQLi/Connection.php(292): mysqli->query('SELECT COUNT(*)...', 0)
#1 /home/xkynpbah/public_html/vendor/codeigniter4/framework/system/Database/BaseConnection.php(670): CodeIgniter\Database\MySQLi\Connection->execute('SELECT COUNT(*)...')
#2 /home/xkynpbah/public_html/vendor/codeigniter4/framework/system/Database/BaseConnection.php(598): CodeIgniter\Database\BaseConnection->simpleQuery('SELECT COUNT(*)...')
#3 /home/xkynpbah/public_html/vendor/codeigniter4/framework/system/Database/BaseBuilder.php(1527): CodeIgniter\Database\BaseConnection->query('SELECT COUNT(*)...', Array, false)
#4 /home/xkynpbah/public_html/app/Controllers/Telegram.php(165): CodeIgniter\Database\BaseBuilder->countAllResults()
#5 /home/xkynpbah/public_html/app/Controllers/Telegram.php(124): App\Controllers\Telegram->askForResetConfirmation(6719727245, 6719727245, Object(stdClass), 'akashbabu', Object(stdClass))
#6 /home/xkynpbah/public_html/vendor/codeigniter4/framework/system/CodeIgniter.php(824): App\Controllers\Telegram->index()
#7 /home/xkynpbah/public_html/vendor/codeigniter4/framework/system/CodeIgniter.php(410): CodeIgniter\CodeIgniter->runController(Object(App\Controllers\Telegram))
#8 /home/xkynpbah/public_html/vendor/codeigniter4/framework/system/CodeIgniter.php(318): CodeIgniter\CodeIgniter->handleRequest(NULL, Object(Config\Cache), false)
#9 /home/xkynpbah/public_html/index.php(37): CodeIgniter\CodeIgniter->run()
#10 {main}
ERROR - 2026-07-26 19:26:29 --> Telegram controller called
ERROR - 2026-07-26 19:26:29 --> Table 'xkynpbah_titoo.telegram_premium' doesn't exist
CRITICAL - 2026-07-26 19:26:29 --> Table 'xkynpbah_titoo.telegram_premium' doesn't exist
#0 /home/xkynpbah/public_html/vendor/codeigniter4/framework/system/Database/MySQLi/Connection.php(292): mysqli->query('SELECT COUNT(*)...', 0)
#1 /home/xkynpbah/public_html/vendor/codeigniter4/framework/system/Database/BaseConnection.php(670): CodeIgniter\Database\MySQLi\Connection->execute('SELECT COUNT(*)...')
#2 /home/xkynpbah/public_html/vendor/codeigniter4/framework/system/Database/BaseConnection.php(598): CodeIgniter\Database\BaseConnection->simpleQuery('SELECT COUNT(*)...')
#3 /home/xkynpbah/public_html/vendor/codeigniter4/framework/system/Database/BaseBuilder.php(1527): CodeIgniter\Database\BaseConnection->query('SELECT COUNT(*)...', Array, false)
#4 /home/xkynpbah/public_html/app/Controllers/Telegram.php(165): CodeIgniter\Database\BaseBuilder->countAllResults()
#5 /home/xkynpbah/public_html/app/Controllers/Telegram.php(124): App\Controllers\Telegram->askForResetConfirmation(6719727245, 6719727245, Object(stdClass), 'akashbabu', Object(stdClass))
#6 /home/xkynpbah/public_html/vendor/codeigniter4/framework/system/CodeIgniter.php(824): App\Controllers\Telegram->index()
#7 /home/xkynpbah/public_html/vendor/codeigniter4/framework/system/CodeIgniter.php(410): CodeIgniter\CodeIgniter->runController(Object(App\Controllers\Telegram))
#8 /home/xkynpbah/public_html/vendor/codeigniter4/framework/system/CodeIgniter.php(318): CodeIgniter\CodeIgniter->handleRequest(NULL, Object(Config\Cache), false)
#9 /home/xkynpbah/public_html/index.php(37): CodeIgniter\CodeIgniter->run()
#10 {main}
ERROR - 2026-07-26 19:28:00 --> Telegram controller called
ERROR - 2026-07-26 19:28:00 --> Table 'xkynpbah_titoo.telegram_premium' doesn't exist
CRITICAL - 2026-07-26 19:28:00 --> Table 'xkynpbah_titoo.telegram_premium' doesn't exist
#0 /home/xkynpbah/public_html/vendor/codeigniter4/framework/system/Database/MySQLi/Connection.php(292): mysqli->query('SELECT COUNT(*)...', 0)
#1 /home/xkynpbah/public_html/vendor/codeigniter4/framework/system/Database/BaseConnection.php(670): CodeIgniter\Database\MySQLi\Connection->execute('SELECT COUNT(*)...')
#2 /home/xkynpbah/public_html/vendor/codeigniter4/framework/system/Database/BaseConnection.php(598): CodeIgniter\Database\BaseConnection->simpleQuery('SELECT COUNT(*)...')
#3 /home/xkynpbah/public_html/vendor/codeigniter4/framework/system/Database/BaseBuilder.php(1527): CodeIgniter\Database\BaseConnection->query('SELECT COUNT(*)...', Array, false)
#4 /home/xkynpbah/public_html/app/Controllers/Telegram.php(165): CodeIgniter\Database\BaseBuilder->countAllResults()
#5 /home/xkynpbah/public_html/app/Controllers/Telegram.php(124): App\Controllers\Telegram->askForResetConfirmation(6719727245, 6719727245, Object(stdClass), 'akashbabu', Object(stdClass))
#6 /home/xkynpbah/public_html/vendor/codeigniter4/framework/system/CodeIgniter.php(824): App\Controllers\Telegram->index()
#7 /home/xkynpbah/public_html/vendor/codeigniter4/framework/system/CodeIgniter.php(410): CodeIgniter\CodeIgniter->runController(Object(App\Controllers\Telegram))
#8 /home/xkynpbah/public_html/vendor/codeigniter4/framework/system/CodeIgniter.php(318): CodeIgniter\CodeIgniter->handleRequest(NULL, Object(Config\Cache), false)
#9 /home/xkynpbah/public_html/index.php(37): CodeIgniter\CodeIgniter->run()
#10 {main}
ERROR - 2026-07-26 19:29:04 --> Telegram controller called
ERROR - 2026-07-26 19:29:04 --> Table 'xkynpbah_titoo.telegram_premium' doesn't exist
CRITICAL - 2026-07-26 19:29:04 --> Table 'xkynpbah_titoo.telegram_premium' doesn't exist
#0 /home/xkynpbah/public_html/vendor/codeigniter4/framework/system/Database/MySQLi/Connection.php(292): mysqli->query('SELECT COUNT(*)...', 0)
#1 /home/xkynpbah/public_html/vendor/codeigniter4/framework/system/Database/BaseConnection.php(670): CodeIgniter\Database\MySQLi\Connection->execute('SELECT COUNT(*)...')
#2 /home/xkynpbah/public_html/vendor/codeigniter4/framework/system/Database/BaseConnection.php(598): CodeIgniter\Database\BaseConnection->simpleQuery('SELECT COUNT(*)...')
#3 /home/xkynpbah/public_html/vendor/codeigniter4/framework/system/Database/BaseBuilder.php(1527): CodeIgniter\Database\BaseConnection->query('SELECT COUNT(*)...', Array, false)
#4 /home/xkynpbah/public_html/app/Controllers/Telegram.php(165): CodeIgniter\Database\BaseBuilder->countAllResults()
#5 /home/xkynpbah/public_html/app/Controllers/Telegram.php(124): App\Controllers\Telegram->askForResetConfirmation(6719727245, 6719727245, Object(stdClass), 'akashbabu', Object(stdClass))
#6 /home/xkynpbah/public_html/vendor/codeigniter4/framework/system/CodeIgniter.php(824): App\Controllers\Telegram->index()
#7 /home/xkynpbah/public_html/vendor/codeigniter4/framework/system/CodeIgniter.php(410): CodeIgniter\CodeIgniter->runController(Object(App\Controllers\Telegram))
#8 /home/xkynpbah/public_html/vendor/codeigniter4/framework/system/CodeIgniter.php(318): CodeIgniter\CodeIgniter->handleRequest(NULL, Object(Config\Cache), false)
#9 /home/xkynpbah/public_html/index.php(37): CodeIgniter\CodeIgniter->run()
#10 {main}
ERROR - 2026-07-26 19:30:21 --> Telegram controller called
ERROR - 2026-07-26 19:30:21 --> Table 'xkynpbah_titoo.telegram_premium' doesn't exist
CRITICAL - 2026-07-26 19:30:21 --> Table 'xkynpbah_titoo.telegram_premium' doesn't exist
#0 /home/xkynpbah/public_html/vendor/codeigniter4/framework/system/Database/MySQLi/Connection.php(292): mysqli->query('SELECT COUNT(*)...', 0)
#1 /home/xkynpbah/public_html/vendor/codeigniter4/framework/system/Database/BaseConnection.php(670): CodeIgniter\Database\MySQLi\Connection->execute('SELECT COUNT(*)...')
#2 /home/xkynpbah/public_html/vendor/codeigniter4/framework/system/Database/BaseConnection.php(598): CodeIgniter\Database\BaseConnection->simpleQuery('SELECT COUNT(*)...')
#3 /home/xkynpbah/public_html/vendor/codeigniter4/framework/system/Database/BaseBuilder.php(1527): CodeIgniter\Database\BaseConnection->query('SELECT COUNT(*)...', Array, false)
#4 /home/xkynpbah/public_html/app/Controllers/Telegram.php(165): CodeIgniter\Database\BaseBuilder->countAllResults()
#5 /home/xkynpbah/public_html/app/Controllers/Telegram.php(124): App\Controllers\Telegram->askForResetConfirmation(6719727245, 6719727245, Object(stdClass), 'akashbabu', Object(stdClass))
#6 /home/xkynpbah/public_html/vendor/codeigniter4/framework/system/CodeIgniter.php(824): App\Controllers\Telegram->index()
#7 /home/xkynpbah/public_html/vendor/codeigniter4/framework/system/CodeIgniter.php(410): CodeIgniter\CodeIgniter->runController(Object(App\Controllers\Telegram))
#8 /home/xkynpbah/public_html/vendor/codeigniter4/framework/system/CodeIgniter.php(318): CodeIgniter\CodeIgniter->handleRequest(NULL, Object(Config\Cache), false)
#9 /home/xkynpbah/public_html/index.php(37): CodeIgniter\CodeIgniter->run()
#10 {main}
ERROR - 2026-07-26 19:31:27 --> Telegram controller called
ERROR - 2026-07-26 19:31:27 --> Table 'xkynpbah_titoo.telegram_premium' doesn't exist
CRITICAL - 2026-07-26 19:31:27 --> Table 'xkynpbah_titoo.telegram_premium' doesn't exist
#0 /home/xkynpbah/public_html/vendor/codeigniter4/framework/system/Database/MySQLi/Connection.php(292): mysqli->query('SELECT COUNT(*)...', 0)
#1 /home/xkynpbah/public_html/vendor/codeigniter4/framework/system/Database/BaseConnection.php(670): CodeIgniter\Database\MySQLi\Connection->execute('SELECT COUNT(*)...')
#2 /home/xkynpbah/public_html/vendor/codeigniter4/framework/system/Database/BaseConnection.php(598): CodeIgniter\Database\BaseConnection->simpleQuery('SELECT COUNT(*)...')
#3 /home/xkynpbah/public_html/vendor/codeigniter4/framework/system/Database/BaseBuilder.php(1527): CodeIgniter\Database\BaseConnection->query('SELECT COUNT(*)...', Array, false)
#4 /home/xkynpbah/public_html/app/Controllers/Telegram.php(165): CodeIgniter\Database\BaseBuilder->countAllResults()
#5 /home/xkynpbah/public_html/app/Controllers/Telegram.php(124): App\Controllers\Telegram->askForResetConfirmation(6719727245, 6719727245, Object(stdClass), 'akashbabu', Object(stdClass))
#6 /home/xkynpbah/public_html/vendor/codeigniter4/framework/system/CodeIgniter.php(824): App\Controllers\Telegram->index()
#7 /home/xkynpbah/public_html/vendor/codeigniter4/framework/system/CodeIgniter.php(410): CodeIgniter\CodeIgniter->runController(Object(App\Controllers\Telegram))
#8 /home/xkynpbah/public_html/vendor/codeigniter4/framework/system/CodeIgniter.php(318): CodeIgniter\CodeIgniter->handleRequest(NULL, Object(Config\Cache), false)
#9 /home/xkynpbah/public_html/index.php(37): CodeIgniter\CodeIgniter->run()
#10 {main}
ERROR - 2026-07-26 19:33:05 --> Telegram controller called
ERROR - 2026-07-26 19:33:05 --> Table 'xkynpbah_titoo.telegram_premium' doesn't exist
CRITICAL - 2026-07-26 19:33:05 --> Table 'xkynpbah_titoo.telegram_premium' doesn't exist
#0 /home/xkynpbah/public_html/vendor/codeigniter4/framework/system/Database/MySQLi/Connection.php(292): mysqli->query('SELECT COUNT(*)...', 0)
#1 /home/xkynpbah/public_html/vendor/codeigniter4/framework/system/Database/BaseConnection.php(670): CodeIgniter\Database\MySQLi\Connection->execute('SELECT COUNT(*)...')
#2 /home/xkynpbah/public_html/vendor/codeigniter4/framework/system/Database/BaseConnection.php(598): CodeIgniter\Database\BaseConnection->simpleQuery('SELECT COUNT(*)...')
#3 /home/xkynpbah/public_html/vendor/codeigniter4/framework/system/Database/BaseBuilder.php(1527): CodeIgniter\Database\BaseConnection->query('SELECT COUNT(*)...', Array, false)
#4 /home/xkynpbah/public_html/app/Controllers/Telegram.php(165): CodeIgniter\Database\BaseBuilder->countAllResults()
#5 /home/xkynpbah/public_html/app/Controllers/Telegram.php(124): App\Controllers\Telegram->askForResetConfirmation(6719727245, 6719727245, Object(stdClass), 'akashbabu', Object(stdClass))
#6 /home/xkynpbah/public_html/vendor/codeigniter4/framework/system/CodeIgniter.php(824): App\Controllers\Telegram->index()
#7 /home/xkynpbah/public_html/vendor/codeigniter4/framework/system/CodeIgniter.php(410): CodeIgniter\CodeIgniter->runController(Object(App\Controllers\Telegram))
#8 /home/xkynpbah/public_html/vendor/codeigniter4/framework/system/CodeIgniter.php(318): CodeIgniter\CodeIgniter->handleRequest(NULL, Object(Config\Cache), false)
#9 /home/xkynpbah/public_html/index.php(37): CodeIgniter\CodeIgniter->run()
#10 {main}
ERROR - 2026-07-26 19:34:53 --> Telegram controller called
ERROR - 2026-07-26 19:34:53 --> Table 'xkynpbah_titoo.telegram_premium' doesn't exist
CRITICAL - 2026-07-26 19:34:53 --> Table 'xkynpbah_titoo.telegram_premium' doesn't exist
#0 /home/xkynpbah/public_html/vendor/codeigniter4/framework/system/Database/MySQLi/Connection.php(292): mysqli->query('SELECT COUNT(*)...', 0)
#1 /home/xkynpbah/public_html/vendor/codeigniter4/framework/system/Database/BaseConnection.php(670): CodeIgniter\Database\MySQLi\Connection->execute('SELECT COUNT(*)...')
#2 /home/xkynpbah/public_html/vendor/codeigniter4/framework/system/Database/BaseConnection.php(598): CodeIgniter\Database\BaseConnection->simpleQuery('SELECT COUNT(*)...')
#3 /home/xkynpbah/public_html/vendor/codeigniter4/framework/system/Database/BaseBuilder.php(1527): CodeIgniter\Database\BaseConnection->query('SELECT COUNT(*)...', Array, false)
#4 /home/xkynpbah/public_html/app/Controllers/Telegram.php(165): CodeIgniter\Database\BaseBuilder->countAllResults()
#5 /home/xkynpbah/public_html/app/Controllers/Telegram.php(124): App\Controllers\Telegram->askForResetConfirmation(6719727245, 6719727245, Object(stdClass), 'akashbabu', Object(stdClass))
#6 /home/xkynpbah/public_html/vendor/codeigniter4/framework/system/CodeIgniter.php(824): App\Controllers\Telegram->index()
#7 /home/xkynpbah/public_html/vendor/codeigniter4/framework/system/CodeIgniter.php(410): CodeIgniter\CodeIgniter->runController(Object(App\Controllers\Telegram))
#8 /home/xkynpbah/public_html/vendor/codeigniter4/framework/system/CodeIgniter.php(318): CodeIgniter\CodeIgniter->handleRequest(NULL, Object(Config\Cache), false)
#9 /home/xkynpbah/public_html/index.php(37): CodeIgniter\CodeIgniter->run()
#10 {main}
ERROR - 2026-07-26 19:36:36 --> Telegram controller called
ERROR - 2026-07-26 19:36:36 --> Table 'xkynpbah_titoo.telegram_premium' doesn't exist
CRITICAL - 2026-07-26 19:36:36 --> Table 'xkynpbah_titoo.telegram_premium' doesn't exist
#0 /home/xkynpbah/public_html/vendor/codeigniter4/framework/system/Database/MySQLi/Connection.php(292): mysqli->query('SELECT COUNT(*)...', 0)
#1 /home/xkynpbah/public_html/vendor/codeigniter4/framework/system/Database/BaseConnection.php(670): CodeIgniter\Database\MySQLi\Connection->execute('SELECT COUNT(*)...')
#2 /home/xkynpbah/public_html/vendor/codeigniter4/framework/system/Database/BaseConnection.php(598): CodeIgniter\Database\BaseConnection->simpleQuery('SELECT COUNT(*)...')
#3 /home/xkynpbah/public_html/vendor/codeigniter4/framework/system/Database/BaseBuilder.php(1527): CodeIgniter\Database\BaseConnection->query('SELECT COUNT(*)...', Array, false)
#4 /home/xkynpbah/public_html/app/Controllers/Telegram.php(165): CodeIgniter\Database\BaseBuilder->countAllResults()
#5 /home/xkynpbah/public_html/app/Controllers/Telegram.php(124): App\Controllers\Telegram->askForResetConfirmation(6719727245, 6719727245, Object(stdClass), 'akashbabu', Object(stdClass))
#6 /home/xkynpbah/public_html/vendor/codeigniter4/framework/system/CodeIgniter.php(824): App\Controllers\Telegram->index()
#7 /home/xkynpbah/public_html/vendor/codeigniter4/framework/system/CodeIgniter.php(410): CodeIgniter\CodeIgniter->runController(Object(App\Controllers\Telegram))
#8 /home/xkynpbah/public_html/vendor/codeigniter4/framework/system/CodeIgniter.php(318): CodeIgniter\CodeIgniter->handleRequest(NULL, Object(Config\Cache), false)
#9 /home/xkynpbah/public_html/index.php(37): CodeIgniter\CodeIgniter->run()
#10 {main}
ERROR - 2026-07-26 19:38:28 --> Telegram controller called
ERROR - 2026-07-26 19:38:28 --> Table 'xkynpbah_titoo.telegram_premium' doesn't exist
CRITICAL - 2026-07-26 19:38:28 --> Table 'xkynpbah_titoo.telegram_premium' doesn't exist
#0 /home/xkynpbah/public_html/vendor/codeigniter4/framework/system/Database/MySQLi/Connection.php(292): mysqli->query('SELECT COUNT(*)...', 0)
#1 /home/xkynpbah/public_html/vendor/codeigniter4/framework/system/Database/BaseConnection.php(670): CodeIgniter\Database\MySQLi\Connection->execute('SELECT COUNT(*)...')
#2 /home/xkynpbah/public_html/vendor/codeigniter4/framework/system/Database/BaseConnection.php(598): CodeIgniter\Database\BaseConnection->simpleQuery('SELECT COUNT(*)...')
#3 /home/xkynpbah/public_html/vendor/codeigniter4/framework/system/Database/BaseBuilder.php(1527): CodeIgniter\Database\BaseConnection->query('SELECT COUNT(*)...', Array, false)
#4 /home/xkynpbah/public_html/app/Controllers/Telegram.php(165): CodeIgniter\Database\BaseBuilder->countAllResults()
#5 /home/xkynpbah/public_html/app/Controllers/Telegram.php(124): App\Controllers\Telegram->askForResetConfirmation(6719727245, 6719727245, Object(stdClass), 'akashbabu', Object(stdClass))
#6 /home/xkynpbah/public_html/vendor/codeigniter4/framework/system/CodeIgniter.php(824): App\Controllers\Telegram->index()
#7 /home/xkynpbah/public_html/vendor/codeigniter4/framework/system/CodeIgniter.php(410): CodeIgniter\CodeIgniter->runController(Object(App\Controllers\Telegram))
#8 /home/xkynpbah/public_html/vendor/codeigniter4/framework/system/CodeIgniter.php(318): CodeIgniter\CodeIgniter->handleRequest(NULL, Object(Config\Cache), false)
#9 /home/xkynpbah/public_html/index.php(37): CodeIgniter\CodeIgniter->run()
#10 {main}
ERROR - 2026-07-26 19:40:24 --> Telegram controller called
ERROR - 2026-07-26 19:40:24 --> Table 'xkynpbah_titoo.telegram_premium' doesn't exist
CRITICAL - 2026-07-26 19:40:24 --> Table 'xkynpbah_titoo.telegram_premium' doesn't exist
#0 /home/xkynpbah/public_html/vendor/codeigniter4/framework/system/Database/MySQLi/Connection.php(292): mysqli->query('SELECT COUNT(*)...', 0)
#1 /home/xkynpbah/public_html/vendor/codeigniter4/framework/system/Database/BaseConnection.php(670): CodeIgniter\Database\MySQLi\Connection->execute('SELECT COUNT(*)...')
#2 /home/xkynpbah/public_html/vendor/codeigniter4/framework/system/Database/BaseConnection.php(598): CodeIgniter\Database\BaseConnection->simpleQuery('SELECT COUNT(*)...')
#3 /home/xkynpbah/public_html/vendor/codeigniter4/framework/system/Database/BaseBuilder.php(1527): CodeIgniter\Database\BaseConnection->query('SELECT COUNT(*)...', Array, false)
#4 /home/xkynpbah/public_html/app/Controllers/Telegram.php(165): CodeIgniter\Database\BaseBuilder->countAllResults()
#5 /home/xkynpbah/public_html/app/Controllers/Telegram.php(124): App\Controllers\Telegram->askForResetConfirmation(6719727245, 6719727245, Object(stdClass), 'akashbabu', Object(stdClass))
#6 /home/xkynpbah/public_html/vendor/codeigniter4/framework/system/CodeIgniter.php(824): App\Controllers\Telegram->index()
#7 /home/xkynpbah/public_html/vendor/codeigniter4/framework/system/CodeIgniter.php(410): CodeIgniter\CodeIgniter->runController(Object(App\Controllers\Telegram))
#8 /home/xkynpbah/public_html/vendor/codeigniter4/framework/system/CodeIgniter.php(318): CodeIgniter\CodeIgniter->handleRequest(NULL, Object(Config\Cache), false)
#9 /home/xkynpbah/public_html/index.php(37): CodeIgniter\CodeIgniter->run()
#10 {main}
ERROR - 2026-07-26 19:42:00 --> Telegram controller called
ERROR - 2026-07-26 19:42:00 --> Table 'xkynpbah_titoo.telegram_premium' doesn't exist
CRITICAL - 2026-07-26 19:42:00 --> Table 'xkynpbah_titoo.telegram_premium' doesn't exist
#0 /home/xkynpbah/public_html/vendor/codeigniter4/framework/system/Database/MySQLi/Connection.php(292): mysqli->query('SELECT COUNT(*)...', 0)
#1 /home/xkynpbah/public_html/vendor/codeigniter4/framework/system/Database/BaseConnection.php(670): CodeIgniter\Database\MySQLi\Connection->execute('SELECT COUNT(*)...')
#2 /home/xkynpbah/public_html/vendor/codeigniter4/framework/system/Database/BaseConnection.php(598): CodeIgniter\Database\BaseConnection->simpleQuery('SELECT COUNT(*)...')
#3 /home/xkynpbah/public_html/vendor/codeigniter4/framework/system/Database/BaseBuilder.php(1527): CodeIgniter\Database\BaseConnection->query('SELECT COUNT(*)...', Array, false)
#4 /home/xkynpbah/public_html/app/Controllers/Telegram.php(165): CodeIgniter\Database\BaseBuilder->countAllResults()
#5 /home/xkynpbah/public_html/app/Controllers/Telegram.php(124): App\Controllers\Telegram->askForResetConfirmation(6719727245, 6719727245, Object(stdClass), 'akashbabu', Object(stdClass))
#6 /home/xkynpbah/public_html/vendor/codeigniter4/framework/system/CodeIgniter.php(824): App\Controllers\Telegram->index()
#7 /home/xkynpbah/public_html/vendor/codeigniter4/framework/system/CodeIgniter.php(410): CodeIgniter\CodeIgniter->runController(Object(App\Controllers\Telegram))
#8 /home/xkynpbah/public_html/vendor/codeigniter4/framework/system/CodeIgniter.php(318): CodeIgniter\CodeIgniter->handleRequest(NULL, Object(Config\Cache), false)
#9 /home/xkynpbah/public_html/index.php(37): CodeIgniter\CodeIgniter->run()
#10 {main}
ERROR - 2026-07-26 19:43:32 --> Telegram controller called
ERROR - 2026-07-26 19:43:32 --> Table 'xkynpbah_titoo.telegram_premium' doesn't exist
CRITICAL - 2026-07-26 19:43:32 --> Table 'xkynpbah_titoo.telegram_premium' doesn't exist
#0 /home/xkynpbah/public_html/vendor/codeigniter4/framework/system/Database/MySQLi/Connection.php(292): mysqli->query('SELECT COUNT(*)...', 0)
#1 /home/xkynpbah/public_html/vendor/codeigniter4/framework/system/Database/BaseConnection.php(670): CodeIgniter\Database\MySQLi\Connection->execute('SELECT COUNT(*)...')
#2 /home/xkynpbah/public_html/vendor/codeigniter4/framework/system/Database/BaseConnection.php(598): CodeIgniter\Database\BaseConnection->simpleQuery('SELECT COUNT(*)...')
#3 /home/xkynpbah/public_html/vendor/codeigniter4/framework/system/Database/BaseBuilder.php(1527): CodeIgniter\Database\BaseConnection->query('SELECT COUNT(*)...', Array, false)
#4 /home/xkynpbah/public_html/app/Controllers/Telegram.php(165): CodeIgniter\Database\BaseBuilder->countAllResults()
#5 /home/xkynpbah/public_html/app/Controllers/Telegram.php(124): App\Controllers\Telegram->askForResetConfirmation(6719727245, 6719727245, Object(stdClass), 'akashbabu', Object(stdClass))
#6 /home/xkynpbah/public_html/vendor/codeigniter4/framework/system/CodeIgniter.php(824): App\Controllers\Telegram->index()
#7 /home/xkynpbah/public_html/vendor/codeigniter4/framework/system/CodeIgniter.php(410): CodeIgniter\CodeIgniter->runController(Object(App\Controllers\Telegram))
#8 /home/xkynpbah/public_html/vendor/codeigniter4/framework/system/CodeIgniter.php(318): CodeIgniter\CodeIgniter->handleRequest(NULL, Object(Config\Cache), false)
#9 /home/xkynpbah/public_html/index.php(37): CodeIgniter\CodeIgniter->run()
#10 {main}
ERROR - 2026-07-26 19:44:44 --> Telegram controller called
ERROR - 2026-07-26 19:44:44 --> Table 'xkynpbah_titoo.telegram_premium' doesn't exist
CRITICAL - 2026-07-26 19:44:44 --> Table 'xkynpbah_titoo.telegram_premium' doesn't exist
#0 /home/xkynpbah/public_html/vendor/codeigniter4/framework/system/Database/MySQLi/Connection.php(292): mysqli->query('SELECT COUNT(*)...', 0)
#1 /home/xkynpbah/public_html/vendor/codeigniter4/framework/system/Database/BaseConnection.php(670): CodeIgniter\Database\MySQLi\Connection->execute('SELECT COUNT(*)...')
#2 /home/xkynpbah/public_html/vendor/codeigniter4/framework/system/Database/BaseConnection.php(598): CodeIgniter\Database\BaseConnection->simpleQuery('SELECT COUNT(*)...')
#3 /home/xkynpbah/public_html/vendor/codeigniter4/framework/system/Database/BaseBuilder.php(1527): CodeIgniter\Database\BaseConnection->query('SELECT COUNT(*)...', Array, false)
#4 /home/xkynpbah/public_html/app/Controllers/Telegram.php(165): CodeIgniter\Database\BaseBuilder->countAllResults()
#5 /home/xkynpbah/public_html/app/Controllers/Telegram.php(124): App\Controllers\Telegram->askForResetConfirmation(6719727245, 6719727245, Object(stdClass), 'akashbabu', Object(stdClass))
#6 /home/xkynpbah/public_html/vendor/codeigniter4/framework/system/CodeIgniter.php(824): App\Controllers\Telegram->index()
#7 /home/xkynpbah/public_html/vendor/codeigniter4/framework/system/CodeIgniter.php(410): CodeIgniter\CodeIgniter->runController(Object(App\Controllers\Telegram))
#8 /home/xkynpbah/public_html/vendor/codeigniter4/framework/system/CodeIgniter.php(318): CodeIgniter\CodeIgniter->handleRequest(NULL, Object(Config\Cache), false)
#9 /home/xkynpbah/public_html/index.php(37): CodeIgniter\CodeIgniter->run()
#10 {main}
ERROR - 2026-07-26 19:46:33 --> Telegram controller called
ERROR - 2026-07-26 19:46:33 --> Table 'xkynpbah_titoo.telegram_premium' doesn't exist
CRITICAL - 2026-07-26 19:46:33 --> Table 'xkynpbah_titoo.telegram_premium' doesn't exist
#0 /home/xkynpbah/public_html/vendor/codeigniter4/framework/system/Database/MySQLi/Connection.php(292): mysqli->query('SELECT COUNT(*)...', 0)
#1 /home/xkynpbah/public_html/vendor/codeigniter4/framework/system/Database/BaseConnection.php(670): CodeIgniter\Database\MySQLi\Connection->execute('SELECT COUNT(*)...')
#2 /home/xkynpbah/public_html/vendor/codeigniter4/framework/system/Database/BaseConnection.php(598): CodeIgniter\Database\BaseConnection->simpleQuery('SELECT COUNT(*)...')
#3 /home/xkynpbah/public_html/vendor/codeigniter4/framework/system/Database/BaseBuilder.php(1527): CodeIgniter\Database\BaseConnection->query('SELECT COUNT(*)...', Array, false)
#4 /home/xkynpbah/public_html/app/Controllers/Telegram.php(165): CodeIgniter\Database\BaseBuilder->countAllResults()
#5 /home/xkynpbah/public_html/app/Controllers/Telegram.php(124): App\Controllers\Telegram->askForResetConfirmation(6719727245, 6719727245, Object(stdClass), 'akashbabu', Object(stdClass))
#6 /home/xkynpbah/public_html/vendor/codeigniter4/framework/system/CodeIgniter.php(824): App\Controllers\Telegram->index()
#7 /home/xkynpbah/public_html/vendor/codeigniter4/framework/system/CodeIgniter.php(410): CodeIgniter\CodeIgniter->runController(Object(App\Controllers\Telegram))
#8 /home/xkynpbah/public_html/vendor/codeigniter4/framework/system/CodeIgniter.php(318): CodeIgniter\CodeIgniter->handleRequest(NULL, Object(Config\Cache), false)
#9 /home/xkynpbah/public_html/index.php(37): CodeIgniter\CodeIgniter->run()
#10 {main}
ERROR - 2026-07-26 19:47:46 --> Telegram controller called
ERROR - 2026-07-26 19:47:46 --> Table 'xkynpbah_titoo.telegram_premium' doesn't exist
CRITICAL - 2026-07-26 19:47:46 --> Table 'xkynpbah_titoo.telegram_premium' doesn't exist
#0 /home/xkynpbah/public_html/vendor/codeigniter4/framework/system/Database/MySQLi/Connection.php(292): mysqli->query('SELECT COUNT(*)...', 0)
#1 /home/xkynpbah/public_html/vendor/codeigniter4/framework/system/Database/BaseConnection.php(670): CodeIgniter\Database\MySQLi\Connection->execute('SELECT COUNT(*)...')
#2 /home/xkynpbah/public_html/vendor/codeigniter4/framework/system/Database/BaseConnection.php(598): CodeIgniter\Database\BaseConnection->simpleQuery('SELECT COUNT(*)...')
#3 /home/xkynpbah/public_html/vendor/codeigniter4/framework/system/Database/BaseBuilder.php(1527): CodeIgniter\Database\BaseConnection->query('SELECT COUNT(*)...', Array, false)
#4 /home/xkynpbah/public_html/app/Controllers/Telegram.php(165): CodeIgniter\Database\BaseBuilder->countAllResults()
#5 /home/xkynpbah/public_html/app/Controllers/Telegram.php(124): App\Controllers\Telegram->askForResetConfirmation(6719727245, 6719727245, Object(stdClass), 'akashbabu', Object(stdClass))
#6 /home/xkynpbah/public_html/vendor/codeigniter4/framework/system/CodeIgniter.php(824): App\Controllers\Telegram->index()
#7 /home/xkynpbah/public_html/vendor/codeigniter4/framework/system/CodeIgniter.php(410): CodeIgniter\CodeIgniter->runController(Object(App\Controllers\Telegram))
#8 /home/xkynpbah/public_html/vendor/codeigniter4/framework/system/CodeIgniter.php(318): CodeIgniter\CodeIgniter->handleRequest(NULL, Object(Config\Cache), false)
#9 /home/xkynpbah/public_html/index.php(37): CodeIgniter\CodeIgniter->run()
#10 {main}
ERROR - 2026-07-26 19:49:21 --> Telegram controller called
ERROR - 2026-07-26 19:49:21 --> Table 'xkynpbah_titoo.telegram_premium' doesn't exist
CRITICAL - 2026-07-26 19:49:21 --> Table 'xkynpbah_titoo.telegram_premium' doesn't exist
#0 /home/xkynpbah/public_html/vendor/codeigniter4/framework/system/Database/MySQLi/Connection.php(292): mysqli->query('SELECT COUNT(*)...', 0)
#1 /home/xkynpbah/public_html/vendor/codeigniter4/framework/system/Database/BaseConnection.php(670): CodeIgniter\Database\MySQLi\Connection->execute('SELECT COUNT(*)...')
#2 /home/xkynpbah/public_html/vendor/codeigniter4/framework/system/Database/BaseConnection.php(598): CodeIgniter\Database\BaseConnection->simpleQuery('SELECT COUNT(*)...')
#3 /home/xkynpbah/public_html/vendor/codeigniter4/framework/system/Database/BaseBuilder.php(1527): CodeIgniter\Database\BaseConnection->query('SELECT COUNT(*)...', Array, false)
#4 /home/xkynpbah/public_html/app/Controllers/Telegram.php(165): CodeIgniter\Database\BaseBuilder->countAllResults()
#5 /home/xkynpbah/public_html/app/Controllers/Telegram.php(124): App\Controllers\Telegram->askForResetConfirmation(6719727245, 6719727245, Object(stdClass), 'akashbabu', Object(stdClass))
#6 /home/xkynpbah/public_html/vendor/codeigniter4/framework/system/CodeIgniter.php(824): App\Controllers\Telegram->index()
#7 /home/xkynpbah/public_html/vendor/codeigniter4/framework/system/CodeIgniter.php(410): CodeIgniter\CodeIgniter->runController(Object(App\Controllers\Telegram))
#8 /home/xkynpbah/public_html/vendor/codeigniter4/framework/system/CodeIgniter.php(318): CodeIgniter\CodeIgniter->handleRequest(NULL, Object(Config\Cache), false)
#9 /home/xkynpbah/public_html/index.php(37): CodeIgniter\CodeIgniter->run()
#10 {main}
ERROR - 2026-07-26 19:50:49 --> Telegram controller called
ERROR - 2026-07-26 19:50:49 --> Table 'xkynpbah_titoo.telegram_premium' doesn't exist
CRITICAL - 2026-07-26 19:50:49 --> Table 'xkynpbah_titoo.telegram_premium' doesn't exist
#0 /home/xkynpbah/public_html/vendor/codeigniter4/framework/system/Database/MySQLi/Connection.php(292): mysqli->query('SELECT COUNT(*)...', 0)
#1 /home/xkynpbah/public_html/vendor/codeigniter4/framework/system/Database/BaseConnection.php(670): CodeIgniter\Database\MySQLi\Connection->execute('SELECT COUNT(*)...')
#2 /home/xkynpbah/public_html/vendor/codeigniter4/framework/system/Database/BaseConnection.php(598): CodeIgniter\Database\BaseConnection->simpleQuery('SELECT COUNT(*)...')
#3 /home/xkynpbah/public_html/vendor/codeigniter4/framework/system/Database/BaseBuilder.php(1527): CodeIgniter\Database\BaseConnection->query('SELECT COUNT(*)...', Array, false)
#4 /home/xkynpbah/public_html/app/Controllers/Telegram.php(165): CodeIgniter\Database\BaseBuilder->countAllResults()
#5 /home/xkynpbah/public_html/app/Controllers/Telegram.php(124): App\Controllers\Telegram->askForResetConfirmation(6719727245, 6719727245, Object(stdClass), 'akashbabu', Object(stdClass))
#6 /home/xkynpbah/public_html/vendor/codeigniter4/framework/system/CodeIgniter.php(824): App\Controllers\Telegram->index()
#7 /home/xkynpbah/public_html/vendor/codeigniter4/framework/system/CodeIgniter.php(410): CodeIgniter\CodeIgniter->runController(Object(App\Controllers\Telegram))
#8 /home/xkynpbah/public_html/vendor/codeigniter4/framework/system/CodeIgniter.php(318): CodeIgniter\CodeIgniter->handleRequest(NULL, Object(Config\Cache), false)
#9 /home/xkynpbah/public_html/index.php(37): CodeIgniter\CodeIgniter->run()
#10 {main}
ERROR - 2026-07-26 19:52:04 --> Telegram controller called
ERROR - 2026-07-26 19:52:04 --> Table 'xkynpbah_titoo.telegram_premium' doesn't exist
CRITICAL - 2026-07-26 19:52:04 --> Table 'xkynpbah_titoo.telegram_premium' doesn't exist
#0 /home/xkynpbah/public_html/vendor/codeigniter4/framework/system/Database/MySQLi/Connection.php(292): mysqli->query('SELECT COUNT(*)...', 0)
#1 /home/xkynpbah/public_html/vendor/codeigniter4/framework/system/Database/BaseConnection.php(670): CodeIgniter\Database\MySQLi\Connection->execute('SELECT COUNT(*)...')
#2 /home/xkynpbah/public_html/vendor/codeigniter4/framework/system/Database/BaseConnection.php(598): CodeIgniter\Database\BaseConnection->simpleQuery('SELECT COUNT(*)...')
#3 /home/xkynpbah/public_html/vendor/codeigniter4/framework/system/Database/BaseBuilder.php(1527): CodeIgniter\Database\BaseConnection->query('SELECT COUNT(*)...', Array, false)
#4 /home/xkynpbah/public_html/app/Controllers/Telegram.php(165): CodeIgniter\Database\BaseBuilder->countAllResults()
#5 /home/xkynpbah/public_html/app/Controllers/Telegram.php(124): App\Controllers\Telegram->askForResetConfirmation(6719727245, 6719727245, Object(stdClass), 'akashbabu', Object(stdClass))
#6 /home/xkynpbah/public_html/vendor/codeigniter4/framework/system/CodeIgniter.php(824): App\Controllers\Telegram->index()
#7 /home/xkynpbah/public_html/vendor/codeigniter4/framework/system/CodeIgniter.php(410): CodeIgniter\CodeIgniter->runController(Object(App\Controllers\Telegram))
#8 /home/xkynpbah/public_html/vendor/codeigniter4/framework/system/CodeIgniter.php(318): CodeIgniter\CodeIgniter->handleRequest(NULL, Object(Config\Cache), false)
#9 /home/xkynpbah/public_html/index.php(37): CodeIgniter\CodeIgniter->run()
#10 {main}
ERROR - 2026-07-26 19:53:08 --> Telegram controller called
ERROR - 2026-07-26 19:53:08 --> Table 'xkynpbah_titoo.telegram_premium' doesn't exist
CRITICAL - 2026-07-26 19:53:08 --> Table 'xkynpbah_titoo.telegram_premium' doesn't exist
#0 /home/xkynpbah/public_html/vendor/codeigniter4/framework/system/Database/MySQLi/Connection.php(292): mysqli->query('SELECT COUNT(*)...', 0)
#1 /home/xkynpbah/public_html/vendor/codeigniter4/framework/system/Database/BaseConnection.php(670): CodeIgniter\Database\MySQLi\Connection->execute('SELECT COUNT(*)...')
#2 /home/xkynpbah/public_html/vendor/codeigniter4/framework/system/Database/BaseConnection.php(598): CodeIgniter\Database\BaseConnection->simpleQuery('SELECT COUNT(*)...')
#3 /home/xkynpbah/public_html/vendor/codeigniter4/framework/system/Database/BaseBuilder.php(1527): CodeIgniter\Database\BaseConnection->query('SELECT COUNT(*)...', Array, false)
#4 /home/xkynpbah/public_html/app/Controllers/Telegram.php(165): CodeIgniter\Database\BaseBuilder->countAllResults()
#5 /home/xkynpbah/public_html/app/Controllers/Telegram.php(124): App\Controllers\Telegram->askForResetConfirmation(6719727245, 6719727245, Object(stdClass), 'akashbabu', Object(stdClass))
#6 /home/xkynpbah/public_html/vendor/codeigniter4/framework/system/CodeIgniter.php(824): App\Controllers\Telegram->index()
#7 /home/xkynpbah/public_html/vendor/codeigniter4/framework/system/CodeIgniter.php(410): CodeIgniter\CodeIgniter->runController(Object(App\Controllers\Telegram))
#8 /home/xkynpbah/public_html/vendor/codeigniter4/framework/system/CodeIgniter.php(318): CodeIgniter\CodeIgniter->handleRequest(NULL, Object(Config\Cache), false)
#9 /home/xkynpbah/public_html/index.php(37): CodeIgniter\CodeIgniter->run()
#10 {main}
ERROR - 2026-07-26 19:54:31 --> Telegram controller called
ERROR - 2026-07-26 19:54:31 --> Table 'xkynpbah_titoo.telegram_premium' doesn't exist
CRITICAL - 2026-07-26 19:54:31 --> Table 'xkynpbah_titoo.telegram_premium' doesn't exist
#0 /home/xkynpbah/public_html/vendor/codeigniter4/framework/system/Database/MySQLi/Connection.php(292): mysqli->query('SELECT COUNT(*)...', 0)
#1 /home/xkynpbah/public_html/vendor/codeigniter4/framework/system/Database/BaseConnection.php(670): CodeIgniter\Database\MySQLi\Connection->execute('SELECT COUNT(*)...')
#2 /home/xkynpbah/public_html/vendor/codeigniter4/framework/system/Database/BaseConnection.php(598): CodeIgniter\Database\BaseConnection->simpleQuery('SELECT COUNT(*)...')
#3 /home/xkynpbah/public_html/vendor/codeigniter4/framework/system/Database/BaseBuilder.php(1527): CodeIgniter\Database\BaseConnection->query('SELECT COUNT(*)...', Array, false)
#4 /home/xkynpbah/public_html/app/Controllers/Telegram.php(165): CodeIgniter\Database\BaseBuilder->countAllResults()
#5 /home/xkynpbah/public_html/app/Controllers/Telegram.php(124): App\Controllers\Telegram->askForResetConfirmation(6719727245, 6719727245, Object(stdClass), 'akashbabu', Object(stdClass))
#6 /home/xkynpbah/public_html/vendor/codeigniter4/framework/system/CodeIgniter.php(824): App\Controllers\Telegram->index()
#7 /home/xkynpbah/public_html/vendor/codeigniter4/framework/system/CodeIgniter.php(410): CodeIgniter\CodeIgniter->runController(Object(App\Controllers\Telegram))
#8 /home/xkynpbah/public_html/vendor/codeigniter4/framework/system/CodeIgniter.php(318): CodeIgniter\CodeIgniter->handleRequest(NULL, Object(Config\Cache), false)
#9 /home/xkynpbah/public_html/index.php(37): CodeIgniter\CodeIgniter->run()
#10 {main}
ERROR - 2026-07-26 19:56:20 --> Telegram controller called
ERROR - 2026-07-26 19:56:20 --> Table 'xkynpbah_titoo.telegram_premium' doesn't exist
CRITICAL - 2026-07-26 19:56:20 --> Table 'xkynpbah_titoo.telegram_premium' doesn't exist
#0 /home/xkynpbah/public_html/vendor/codeigniter4/framework/system/Database/MySQLi/Connection.php(292): mysqli->query('SELECT COUNT(*)...', 0)
#1 /home/xkynpbah/public_html/vendor/codeigniter4/framework/system/Database/BaseConnection.php(670): CodeIgniter\Database\MySQLi\Connection->execute('SELECT COUNT(*)...')
#2 /home/xkynpbah/public_html/vendor/codeigniter4/framework/system/Database/BaseConnection.php(598): CodeIgniter\Database\BaseConnection->simpleQuery('SELECT COUNT(*)...')
#3 /home/xkynpbah/public_html/vendor/codeigniter4/framework/system/Database/BaseBuilder.php(1527): CodeIgniter\Database\BaseConnection->query('SELECT COUNT(*)...', Array, false)
#4 /home/xkynpbah/public_html/app/Controllers/Telegram.php(165): CodeIgniter\Database\BaseBuilder->countAllResults()
#5 /home/xkynpbah/public_html/app/Controllers/Telegram.php(124): App\Controllers\Telegram->askForResetConfirmation(6719727245, 6719727245, Object(stdClass), 'akashbabu', Object(stdClass))
#6 /home/xkynpbah/public_html/vendor/codeigniter4/framework/system/CodeIgniter.php(824): App\Controllers\Telegram->index()
#7 /home/xkynpbah/public_html/vendor/codeigniter4/framework/system/CodeIgniter.php(410): CodeIgniter\CodeIgniter->runController(Object(App\Controllers\Telegram))
#8 /home/xkynpbah/public_html/vendor/codeigniter4/framework/system/CodeIgniter.php(318): CodeIgniter\CodeIgniter->handleRequest(NULL, Object(Config\Cache), false)
#9 /home/xkynpbah/public_html/index.php(37): CodeIgniter\CodeIgniter->run()
#10 {main}
ERROR - 2026-07-26 19:58:19 --> Telegram controller called
ERROR - 2026-07-26 19:58:19 --> Table 'xkynpbah_titoo.telegram_premium' doesn't exist
CRITICAL - 2026-07-26 19:58:19 --> Table 'xkynpbah_titoo.telegram_premium' doesn't exist
#0 /home/xkynpbah/public_html/vendor/codeigniter4/framework/system/Database/MySQLi/Connection.php(292): mysqli->query('SELECT COUNT(*)...', 0)
#1 /home/xkynpbah/public_html/vendor/codeigniter4/framework/system/Database/BaseConnection.php(670): CodeIgniter\Database\MySQLi\Connection->execute('SELECT COUNT(*)...')
#2 /home/xkynpbah/public_html/vendor/codeigniter4/framework/system/Database/BaseConnection.php(598): CodeIgniter\Database\BaseConnection->simpleQuery('SELECT COUNT(*)...')
#3 /home/xkynpbah/public_html/vendor/codeigniter4/framework/system/Database/BaseBuilder.php(1527): CodeIgniter\Database\BaseConnection->query('SELECT COUNT(*)...', Array, false)
#4 /home/xkynpbah/public_html/app/Controllers/Telegram.php(165): CodeIgniter\Database\BaseBuilder->countAllResults()
#5 /home/xkynpbah/public_html/app/Controllers/Telegram.php(124): App\Controllers\Telegram->askForResetConfirmation(6719727245, 6719727245, Object(stdClass), 'akashbabu', Object(stdClass))
#6 /home/xkynpbah/public_html/vendor/codeigniter4/framework/system/CodeIgniter.php(824): App\Controllers\Telegram->index()
#7 /home/xkynpbah/public_html/vendor/codeigniter4/framework/system/CodeIgniter.php(410): CodeIgniter\CodeIgniter->runController(Object(App\Controllers\Telegram))
#8 /home/xkynpbah/public_html/vendor/codeigniter4/framework/system/CodeIgniter.php(318): CodeIgniter\CodeIgniter->handleRequest(NULL, Object(Config\Cache), false)
#9 /home/xkynpbah/public_html/index.php(37): CodeIgniter\CodeIgniter->run()
#10 {main}
ERROR - 2026-07-26 19:59:32 --> Telegram controller called
ERROR - 2026-07-26 19:59:32 --> Table 'xkynpbah_titoo.telegram_premium' doesn't exist
CRITICAL - 2026-07-26 19:59:32 --> Table 'xkynpbah_titoo.telegram_premium' doesn't exist
#0 /home/xkynpbah/public_html/vendor/codeigniter4/framework/system/Database/MySQLi/Connection.php(292): mysqli->query('SELECT COUNT(*)...', 0)
#1 /home/xkynpbah/public_html/vendor/codeigniter4/framework/system/Database/BaseConnection.php(670): CodeIgniter\Database\MySQLi\Connection->execute('SELECT COUNT(*)...')
#2 /home/xkynpbah/public_html/vendor/codeigniter4/framework/system/Database/BaseConnection.php(598): CodeIgniter\Database\BaseConnection->simpleQuery('SELECT COUNT(*)...')
#3 /home/xkynpbah/public_html/vendor/codeigniter4/framework/system/Database/BaseBuilder.php(1527): CodeIgniter\Database\BaseConnection->query('SELECT COUNT(*)...', Array, false)
#4 /home/xkynpbah/public_html/app/Controllers/Telegram.php(165): CodeIgniter\Database\BaseBuilder->countAllResults()
#5 /home/xkynpbah/public_html/app/Controllers/Telegram.php(124): App\Controllers\Telegram->askForResetConfirmation(6719727245, 6719727245, Object(stdClass), 'akashbabu', Object(stdClass))
#6 /home/xkynpbah/public_html/vendor/codeigniter4/framework/system/CodeIgniter.php(824): App\Controllers\Telegram->index()
#7 /home/xkynpbah/public_html/vendor/codeigniter4/framework/system/CodeIgniter.php(410): CodeIgniter\CodeIgniter->runController(Object(App\Controllers\Telegram))
#8 /home/xkynpbah/public_html/vendor/codeigniter4/framework/system/CodeIgniter.php(318): CodeIgniter\CodeIgniter->handleRequest(NULL, Object(Config\Cache), false)
#9 /home/xkynpbah/public_html/index.php(37): CodeIgniter\CodeIgniter->run()
#10 {main}
ERROR - 2026-07-26 20:00:42 --> Telegram controller called
ERROR - 2026-07-26 20:00:42 --> Table 'xkynpbah_titoo.telegram_premium' doesn't exist
CRITICAL - 2026-07-26 20:00:42 --> Table 'xkynpbah_titoo.telegram_premium' doesn't exist
#0 /home/xkynpbah/public_html/vendor/codeigniter4/framework/system/Database/MySQLi/Connection.php(292): mysqli->query('SELECT COUNT(*)...', 0)
#1 /home/xkynpbah/public_html/vendor/codeigniter4/framework/system/Database/BaseConnection.php(670): CodeIgniter\Database\MySQLi\Connection->execute('SELECT COUNT(*)...')
#2 /home/xkynpbah/public_html/vendor/codeigniter4/framework/system/Database/BaseConnection.php(598): CodeIgniter\Database\BaseConnection->simpleQuery('SELECT COUNT(*)...')
#3 /home/xkynpbah/public_html/vendor/codeigniter4/framework/system/Database/BaseBuilder.php(1527): CodeIgniter\Database\BaseConnection->query('SELECT COUNT(*)...', Array, false)
#4 /home/xkynpbah/public_html/app/Controllers/Telegram.php(165): CodeIgniter\Database\BaseBuilder->countAllResults()
#5 /home/xkynpbah/public_html/app/Controllers/Telegram.php(124): App\Controllers\Telegram->askForResetConfirmation(6719727245, 6719727245, Object(stdClass), 'akashbabu', Object(stdClass))
#6 /home/xkynpbah/public_html/vendor/codeigniter4/framework/system/CodeIgniter.php(824): App\Controllers\Telegram->index()
#7 /home/xkynpbah/public_html/vendor/codeigniter4/framework/system/CodeIgniter.php(410): CodeIgniter\CodeIgniter->runController(Object(App\Controllers\Telegram))
#8 /home/xkynpbah/public_html/vendor/codeigniter4/framework/system/CodeIgniter.php(318): CodeIgniter\CodeIgniter->handleRequest(NULL, Object(Config\Cache), false)
#9 /home/xkynpbah/public_html/index.php(37): CodeIgniter\CodeIgniter->run()
#10 {main}
ERROR - 2026-07-26 20:02:03 --> Telegram controller called
ERROR - 2026-07-26 20:02:03 --> Table 'xkynpbah_titoo.telegram_premium' doesn't exist
CRITICAL - 2026-07-26 20:02:03 --> Table 'xkynpbah_titoo.telegram_premium' doesn't exist
#0 /home/xkynpbah/public_html/vendor/codeigniter4/framework/system/Database/MySQLi/Connection.php(292): mysqli->query('SELECT COUNT(*)...', 0)
#1 /home/xkynpbah/public_html/vendor/codeigniter4/framework/system/Database/BaseConnection.php(670): CodeIgniter\Database\MySQLi\Connection->execute('SELECT COUNT(*)...')
#2 /home/xkynpbah/public_html/vendor/codeigniter4/framework/system/Database/BaseConnection.php(598): CodeIgniter\Database\BaseConnection->simpleQuery('SELECT COUNT(*)...')
#3 /home/xkynpbah/public_html/vendor/codeigniter4/framework/system/Database/BaseBuilder.php(1527): CodeIgniter\Database\BaseConnection->query('SELECT COUNT(*)...', Array, false)
#4 /home/xkynpbah/public_html/app/Controllers/Telegram.php(165): CodeIgniter\Database\BaseBuilder->countAllResults()
#5 /home/xkynpbah/public_html/app/Controllers/Telegram.php(124): App\Controllers\Telegram->askForResetConfirmation(6719727245, 6719727245, Object(stdClass), 'akashbabu', Object(stdClass))
#6 /home/xkynpbah/public_html/vendor/codeigniter4/framework/system/CodeIgniter.php(824): App\Controllers\Telegram->index()
#7 /home/xkynpbah/public_html/vendor/codeigniter4/framework/system/CodeIgniter.php(410): CodeIgniter\CodeIgniter->runController(Object(App\Controllers\Telegram))
#8 /home/xkynpbah/public_html/vendor/codeigniter4/framework/system/CodeIgniter.php(318): CodeIgniter\CodeIgniter->handleRequest(NULL, Object(Config\Cache), false)
#9 /home/xkynpbah/public_html/index.php(37): CodeIgniter\CodeIgniter->run()
#10 {main}
ERROR - 2026-07-26 20:03:14 --> Telegram controller called
ERROR - 2026-07-26 20:03:14 --> Table 'xkynpbah_titoo.telegram_premium' doesn't exist
CRITICAL - 2026-07-26 20:03:14 --> Table 'xkynpbah_titoo.telegram_premium' doesn't exist
#0 /home/xkynpbah/public_html/vendor/codeigniter4/framework/system/Database/MySQLi/Connection.php(292): mysqli->query('SELECT COUNT(*)...', 0)
#1 /home/xkynpbah/public_html/vendor/codeigniter4/framework/system/Database/BaseConnection.php(670): CodeIgniter\Database\MySQLi\Connection->execute('SELECT COUNT(*)...')
#2 /home/xkynpbah/public_html/vendor/codeigniter4/framework/system/Database/BaseConnection.php(598): CodeIgniter\Database\BaseConnection->simpleQuery('SELECT COUNT(*)...')
#3 /home/xkynpbah/public_html/vendor/codeigniter4/framework/system/Database/BaseBuilder.php(1527): CodeIgniter\Database\BaseConnection->query('SELECT COUNT(*)...', Array, false)
#4 /home/xkynpbah/public_html/app/Controllers/Telegram.php(165): CodeIgniter\Database\BaseBuilder->countAllResults()
#5 /home/xkynpbah/public_html/app/Controllers/Telegram.php(124): App\Controllers\Telegram->askForResetConfirmation(6719727245, 6719727245, Object(stdClass), 'akashbabu', Object(stdClass))
#6 /home/xkynpbah/public_html/vendor/codeigniter4/framework/system/CodeIgniter.php(824): App\Controllers\Telegram->index()
#7 /home/xkynpbah/public_html/vendor/codeigniter4/framework/system/CodeIgniter.php(410): CodeIgniter\CodeIgniter->runController(Object(App\Controllers\Telegram))
#8 /home/xkynpbah/public_html/vendor/codeigniter4/framework/system/CodeIgniter.php(318): CodeIgniter\CodeIgniter->handleRequest(NULL, Object(Config\Cache), false)
#9 /home/xkynpbah/public_html/index.php(37): CodeIgniter\CodeIgniter->run()
#10 {main}
ERROR - 2026-07-26 20:04:32 --> Telegram controller called
ERROR - 2026-07-26 20:04:32 --> Table 'xkynpbah_titoo.telegram_premium' doesn't exist
CRITICAL - 2026-07-26 20:04:32 --> Table 'xkynpbah_titoo.telegram_premium' doesn't exist
#0 /home/xkynpbah/public_html/vendor/codeigniter4/framework/system/Database/MySQLi/Connection.php(292): mysqli->query('SELECT COUNT(*)...', 0)
#1 /home/xkynpbah/public_html/vendor/codeigniter4/framework/system/Database/BaseConnection.php(670): CodeIgniter\Database\MySQLi\Connection->execute('SELECT COUNT(*)...')
#2 /home/xkynpbah/public_html/vendor/codeigniter4/framework/system/Database/BaseConnection.php(598): CodeIgniter\Database\BaseConnection->simpleQuery('SELECT COUNT(*)...')
#3 /home/xkynpbah/public_html/vendor/codeigniter4/framework/system/Database/BaseBuilder.php(1527): CodeIgniter\Database\BaseConnection->query('SELECT COUNT(*)...', Array, false)
#4 /home/xkynpbah/public_html/app/Controllers/Telegram.php(165): CodeIgniter\Database\BaseBuilder->countAllResults()
#5 /home/xkynpbah/public_html/app/Controllers/Telegram.php(124): App\Controllers\Telegram->askForResetConfirmation(6719727245, 6719727245, Object(stdClass), 'akashbabu', Object(stdClass))
#6 /home/xkynpbah/public_html/vendor/codeigniter4/framework/system/CodeIgniter.php(824): App\Controllers\Telegram->index()
#7 /home/xkynpbah/public_html/vendor/codeigniter4/framework/system/CodeIgniter.php(410): CodeIgniter\CodeIgniter->runController(Object(App\Controllers\Telegram))
#8 /home/xkynpbah/public_html/vendor/codeigniter4/framework/system/CodeIgniter.php(318): CodeIgniter\CodeIgniter->handleRequest(NULL, Object(Config\Cache), false)
#9 /home/xkynpbah/public_html/index.php(37): CodeIgniter\CodeIgniter->run()
#10 {main}
ERROR - 2026-07-26 20:05:44 --> Telegram controller called
ERROR - 2026-07-26 20:05:44 --> Table 'xkynpbah_titoo.telegram_premium' doesn't exist
CRITICAL - 2026-07-26 20:05:44 --> Table 'xkynpbah_titoo.telegram_premium' doesn't exist
#0 /home/xkynpbah/public_html/vendor/codeigniter4/framework/system/Database/MySQLi/Connection.php(292): mysqli->query('SELECT COUNT(*)...', 0)
#1 /home/xkynpbah/public_html/vendor/codeigniter4/framework/system/Database/BaseConnection.php(670): CodeIgniter\Database\MySQLi\Connection->execute('SELECT COUNT(*)...')
#2 /home/xkynpbah/public_html/vendor/codeigniter4/framework/system/Database/BaseConnection.php(598): CodeIgniter\Database\BaseConnection->simpleQuery('SELECT COUNT(*)...')
#3 /home/xkynpbah/public_html/vendor/codeigniter4/framework/system/Database/BaseBuilder.php(1527): CodeIgniter\Database\BaseConnection->query('SELECT COUNT(*)...', Array, false)
#4 /home/xkynpbah/public_html/app/Controllers/Telegram.php(165): CodeIgniter\Database\BaseBuilder->countAllResults()
#5 /home/xkynpbah/public_html/app/Controllers/Telegram.php(124): App\Controllers\Telegram->askForResetConfirmation(6719727245, 6719727245, Object(stdClass), 'akashbabu', Object(stdClass))
#6 /home/xkynpbah/public_html/vendor/codeigniter4/framework/system/CodeIgniter.php(824): App\Controllers\Telegram->index()
#7 /home/xkynpbah/public_html/vendor/codeigniter4/framework/system/CodeIgniter.php(410): CodeIgniter\CodeIgniter->runController(Object(App\Controllers\Telegram))
#8 /home/xkynpbah/public_html/vendor/codeigniter4/framework/system/CodeIgniter.php(318): CodeIgniter\CodeIgniter->handleRequest(NULL, Object(Config\Cache), false)
#9 /home/xkynpbah/public_html/index.php(37): CodeIgniter\CodeIgniter->run()
#10 {main}
ERROR - 2026-07-26 20:06:56 --> Telegram controller called
ERROR - 2026-07-26 20:06:56 --> Table 'xkynpbah_titoo.telegram_premium' doesn't exist
CRITICAL - 2026-07-26 20:06:56 --> Table 'xkynpbah_titoo.telegram_premium' doesn't exist
#0 /home/xkynpbah/public_html/vendor/codeigniter4/framework/system/Database/MySQLi/Connection.php(292): mysqli->query('SELECT COUNT(*)...', 0)
#1 /home/xkynpbah/public_html/vendor/codeigniter4/framework/system/Database/BaseConnection.php(670): CodeIgniter\Database\MySQLi\Connection->execute('SELECT COUNT(*)...')
#2 /home/xkynpbah/public_html/vendor/codeigniter4/framework/system/Database/BaseConnection.php(598): CodeIgniter\Database\BaseConnection->simpleQuery('SELECT COUNT(*)...')
#3 /home/xkynpbah/public_html/vendor/codeigniter4/framework/system/Database/BaseBuilder.php(1527): CodeIgniter\Database\BaseConnection->query('SELECT COUNT(*)...', Array, false)
#4 /home/xkynpbah/public_html/app/Controllers/Telegram.php(165): CodeIgniter\Database\BaseBuilder->countAllResults()
#5 /home/xkynpbah/public_html/app/Controllers/Telegram.php(124): App\Controllers\Telegram->askForResetConfirmation(6719727245, 6719727245, Object(stdClass), 'akashbabu', Object(stdClass))
#6 /home/xkynpbah/public_html/vendor/codeigniter4/framework/system/CodeIgniter.php(824): App\Controllers\Telegram->index()
#7 /home/xkynpbah/public_html/vendor/codeigniter4/framework/system/CodeIgniter.php(410): CodeIgniter\CodeIgniter->runController(Object(App\Controllers\Telegram))
#8 /home/xkynpbah/public_html/vendor/codeigniter4/framework/system/CodeIgniter.php(318): CodeIgniter\CodeIgniter->handleRequest(NULL, Object(Config\Cache), false)
#9 /home/xkynpbah/public_html/index.php(37): CodeIgniter\CodeIgniter->run()
#10 {main}
ERROR - 2026-07-26 20:08:52 --> Telegram controller called
ERROR - 2026-07-26 20:08:52 --> Table 'xkynpbah_titoo.telegram_premium' doesn't exist
CRITICAL - 2026-07-26 20:08:52 --> Table 'xkynpbah_titoo.telegram_premium' doesn't exist
#0 /home/xkynpbah/public_html/vendor/codeigniter4/framework/system/Database/MySQLi/Connection.php(292): mysqli->query('SELECT COUNT(*)...', 0)
#1 /home/xkynpbah/public_html/vendor/codeigniter4/framework/system/Database/BaseConnection.php(670): CodeIgniter\Database\MySQLi\Connection->execute('SELECT COUNT(*)...')
#2 /home/xkynpbah/public_html/vendor/codeigniter4/framework/system/Database/BaseConnection.php(598): CodeIgniter\Database\BaseConnection->simpleQuery('SELECT COUNT(*)...')
#3 /home/xkynpbah/public_html/vendor/codeigniter4/framework/system/Database/BaseBuilder.php(1527): CodeIgniter\Database\BaseConnection->query('SELECT COUNT(*)...', Array, false)
#4 /home/xkynpbah/public_html/app/Controllers/Telegram.php(165): CodeIgniter\Database\BaseBuilder->countAllResults()
#5 /home/xkynpbah/public_html/app/Controllers/Telegram.php(124): App\Controllers\Telegram->askForResetConfirmation(6719727245, 6719727245, Object(stdClass), 'akashbabu', Object(stdClass))
#6 /home/xkynpbah/public_html/vendor/codeigniter4/framework/system/CodeIgniter.php(824): App\Controllers\Telegram->index()
#7 /home/xkynpbah/public_html/vendor/codeigniter4/framework/system/CodeIgniter.php(410): CodeIgniter\CodeIgniter->runController(Object(App\Controllers\Telegram))
#8 /home/xkynpbah/public_html/vendor/codeigniter4/framework/system/CodeIgniter.php(318): CodeIgniter\CodeIgniter->handleRequest(NULL, Object(Config\Cache), false)
#9 /home/xkynpbah/public_html/index.php(37): CodeIgniter\CodeIgniter->run()
#10 {main}
ERROR - 2026-07-26 20:10:12 --> Telegram controller called
ERROR - 2026-07-26 20:10:12 --> Table 'xkynpbah_titoo.telegram_premium' doesn't exist
CRITICAL - 2026-07-26 20:10:12 --> Table 'xkynpbah_titoo.telegram_premium' doesn't exist
#0 /home/xkynpbah/public_html/vendor/codeigniter4/framework/system/Database/MySQLi/Connection.php(292): mysqli->query('SELECT COUNT(*)...', 0)
#1 /home/xkynpbah/public_html/vendor/codeigniter4/framework/system/Database/BaseConnection.php(670): CodeIgniter\Database\MySQLi\Connection->execute('SELECT COUNT(*)...')
#2 /home/xkynpbah/public_html/vendor/codeigniter4/framework/system/Database/BaseConnection.php(598): CodeIgniter\Database\BaseConnection->simpleQuery('SELECT COUNT(*)...')
#3 /home/xkynpbah/public_html/vendor/codeigniter4/framework/system/Database/BaseBuilder.php(1527): CodeIgniter\Database\BaseConnection->query('SELECT COUNT(*)...', Array, false)
#4 /home/xkynpbah/public_html/app/Controllers/Telegram.php(165): CodeIgniter\Database\BaseBuilder->countAllResults()
#5 /home/xkynpbah/public_html/app/Controllers/Telegram.php(124): App\Controllers\Telegram->askForResetConfirmation(6719727245, 6719727245, Object(stdClass), 'akashbabu', Object(stdClass))
#6 /home/xkynpbah/public_html/vendor/codeigniter4/framework/system/CodeIgniter.php(824): App\Controllers\Telegram->index()
#7 /home/xkynpbah/public_html/vendor/codeigniter4/framework/system/CodeIgniter.php(410): CodeIgniter\CodeIgniter->runController(Object(App\Controllers\Telegram))
#8 /home/xkynpbah/public_html/vendor/codeigniter4/framework/system/CodeIgniter.php(318): CodeIgniter\CodeIgniter->handleRequest(NULL, Object(Config\Cache), false)
#9 /home/xkynpbah/public_html/index.php(37): CodeIgniter\CodeIgniter->run()
#10 {main}
ERROR - 2026-07-26 20:12:12 --> Telegram controller called
ERROR - 2026-07-26 20:12:12 --> Table 'xkynpbah_titoo.telegram_premium' doesn't exist
CRITICAL - 2026-07-26 20:12:12 --> Table 'xkynpbah_titoo.telegram_premium' doesn't exist
#0 /home/xkynpbah/public_html/vendor/codeigniter4/framework/system/Database/MySQLi/Connection.php(292): mysqli->query('SELECT COUNT(*)...', 0)
#1 /home/xkynpbah/public_html/vendor/codeigniter4/framework/system/Database/BaseConnection.php(670): CodeIgniter\Database\MySQLi\Connection->execute('SELECT COUNT(*)...')
#2 /home/xkynpbah/public_html/vendor/codeigniter4/framework/system/Database/BaseConnection.php(598): CodeIgniter\Database\BaseConnection->simpleQuery('SELECT COUNT(*)...')
#3 /home/xkynpbah/public_html/vendor/codeigniter4/framework/system/Database/BaseBuilder.php(1527): CodeIgniter\Database\BaseConnection->query('SELECT COUNT(*)...', Array, false)
#4 /home/xkynpbah/public_html/app/Controllers/Telegram.php(165): CodeIgniter\Database\BaseBuilder->countAllResults()
#5 /home/xkynpbah/public_html/app/Controllers/Telegram.php(124): App\Controllers\Telegram->askForResetConfirmation(6719727245, 6719727245, Object(stdClass), 'akashbabu', Object(stdClass))
#6 /home/xkynpbah/public_html/vendor/codeigniter4/framework/system/CodeIgniter.php(824): App\Controllers\Telegram->index()
#7 /home/xkynpbah/public_html/vendor/codeigniter4/framework/system/CodeIgniter.php(410): CodeIgniter\CodeIgniter->runController(Object(App\Controllers\Telegram))
#8 /home/xkynpbah/public_html/vendor/codeigniter4/framework/system/CodeIgniter.php(318): CodeIgniter\CodeIgniter->handleRequest(NULL, Object(Config\Cache), false)
#9 /home/xkynpbah/public_html/index.php(37): CodeIgniter\CodeIgniter->run()
#10 {main}
ERROR - 2026-07-26 20:13:15 --> Telegram controller called
ERROR - 2026-07-26 20:13:15 --> Table 'xkynpbah_titoo.telegram_premium' doesn't exist
CRITICAL - 2026-07-26 20:13:15 --> Table 'xkynpbah_titoo.telegram_premium' doesn't exist
#0 /home/xkynpbah/public_html/vendor/codeigniter4/framework/system/Database/MySQLi/Connection.php(292): mysqli->query('SELECT COUNT(*)...', 0)
#1 /home/xkynpbah/public_html/vendor/codeigniter4/framework/system/Database/BaseConnection.php(670): CodeIgniter\Database\MySQLi\Connection->execute('SELECT COUNT(*)...')
#2 /home/xkynpbah/public_html/vendor/codeigniter4/framework/system/Database/BaseConnection.php(598): CodeIgniter\Database\BaseConnection->simpleQuery('SELECT COUNT(*)...')
#3 /home/xkynpbah/public_html/vendor/codeigniter4/framework/system/Database/BaseBuilder.php(1527): CodeIgniter\Database\BaseConnection->query('SELECT COUNT(*)...', Array, false)
#4 /home/xkynpbah/public_html/app/Controllers/Telegram.php(165): CodeIgniter\Database\BaseBuilder->countAllResults()
#5 /home/xkynpbah/public_html/app/Controllers/Telegram.php(124): App\Controllers\Telegram->askForResetConfirmation(6719727245, 6719727245, Object(stdClass), 'akashbabu', Object(stdClass))
#6 /home/xkynpbah/public_html/vendor/codeigniter4/framework/system/CodeIgniter.php(824): App\Controllers\Telegram->index()
#7 /home/xkynpbah/public_html/vendor/codeigniter4/framework/system/CodeIgniter.php(410): CodeIgniter\CodeIgniter->runController(Object(App\Controllers\Telegram))
#8 /home/xkynpbah/public_html/vendor/codeigniter4/framework/system/CodeIgniter.php(318): CodeIgniter\CodeIgniter->handleRequest(NULL, Object(Config\Cache), false)
#9 /home/xkynpbah/public_html/index.php(37): CodeIgniter\CodeIgniter->run()
#10 {main}
ERROR - 2026-07-26 20:14:56 --> Telegram controller called
ERROR - 2026-07-26 20:14:56 --> Table 'xkynpbah_titoo.telegram_premium' doesn't exist
CRITICAL - 2026-07-26 20:14:56 --> Table 'xkynpbah_titoo.telegram_premium' doesn't exist
#0 /home/xkynpbah/public_html/vendor/codeigniter4/framework/system/Database/MySQLi/Connection.php(292): mysqli->query('SELECT COUNT(*)...', 0)
#1 /home/xkynpbah/public_html/vendor/codeigniter4/framework/system/Database/BaseConnection.php(670): CodeIgniter\Database\MySQLi\Connection->execute('SELECT COUNT(*)...')
#2 /home/xkynpbah/public_html/vendor/codeigniter4/framework/system/Database/BaseConnection.php(598): CodeIgniter\Database\BaseConnection->simpleQuery('SELECT COUNT(*)...')
#3 /home/xkynpbah/public_html/vendor/codeigniter4/framework/system/Database/BaseBuilder.php(1527): CodeIgniter\Database\BaseConnection->query('SELECT COUNT(*)...', Array, false)
#4 /home/xkynpbah/public_html/app/Controllers/Telegram.php(165): CodeIgniter\Database\BaseBuilder->countAllResults()
#5 /home/xkynpbah/public_html/app/Controllers/Telegram.php(124): App\Controllers\Telegram->askForResetConfirmation(6719727245, 6719727245, Object(stdClass), 'akashbabu', Object(stdClass))
#6 /home/xkynpbah/public_html/vendor/codeigniter4/framework/system/CodeIgniter.php(824): App\Controllers\Telegram->index()
#7 /home/xkynpbah/public_html/vendor/codeigniter4/framework/system/CodeIgniter.php(410): CodeIgniter\CodeIgniter->runController(Object(App\Controllers\Telegram))
#8 /home/xkynpbah/public_html/vendor/codeigniter4/framework/system/CodeIgniter.php(318): CodeIgniter\CodeIgniter->handleRequest(NULL, Object(Config\Cache), false)
#9 /home/xkynpbah/public_html/index.php(37): CodeIgniter\CodeIgniter->run()
#10 {main}
ERROR - 2026-07-26 20:15:56 --> Telegram controller called
ERROR - 2026-07-26 20:15:56 --> Table 'xkynpbah_titoo.telegram_premium' doesn't exist
CRITICAL - 2026-07-26 20:15:56 --> Table 'xkynpbah_titoo.telegram_premium' doesn't exist
#0 /home/xkynpbah/public_html/vendor/codeigniter4/framework/system/Database/MySQLi/Connection.php(292): mysqli->query('SELECT COUNT(*)...', 0)
#1 /home/xkynpbah/public_html/vendor/codeigniter4/framework/system/Database/BaseConnection.php(670): CodeIgniter\Database\MySQLi\Connection->execute('SELECT COUNT(*)...')
#2 /home/xkynpbah/public_html/vendor/codeigniter4/framework/system/Database/BaseConnection.php(598): CodeIgniter\Database\BaseConnection->simpleQuery('SELECT COUNT(*)...')
#3 /home/xkynpbah/public_html/vendor/codeigniter4/framework/system/Database/BaseBuilder.php(1527): CodeIgniter\Database\BaseConnection->query('SELECT COUNT(*)...', Array, false)
#4 /home/xkynpbah/public_html/app/Controllers/Telegram.php(165): CodeIgniter\Database\BaseBuilder->countAllResults()
#5 /home/xkynpbah/public_html/app/Controllers/Telegram.php(124): App\Controllers\Telegram->askForResetConfirmation(6719727245, 6719727245, Object(stdClass), 'akashbabu', Object(stdClass))
#6 /home/xkynpbah/public_html/vendor/codeigniter4/framework/system/CodeIgniter.php(824): App\Controllers\Telegram->index()
#7 /home/xkynpbah/public_html/vendor/codeigniter4/framework/system/CodeIgniter.php(410): CodeIgniter\CodeIgniter->runController(Object(App\Controllers\Telegram))
#8 /home/xkynpbah/public_html/vendor/codeigniter4/framework/system/CodeIgniter.php(318): CodeIgniter\CodeIgniter->handleRequest(NULL, Object(Config\Cache), false)
#9 /home/xkynpbah/public_html/index.php(37): CodeIgniter\CodeIgniter->run()
#10 {main}
ERROR - 2026-07-26 20:17:41 --> Telegram controller called
ERROR - 2026-07-26 20:17:41 --> Table 'xkynpbah_titoo.telegram_premium' doesn't exist
CRITICAL - 2026-07-26 20:17:41 --> Table 'xkynpbah_titoo.telegram_premium' doesn't exist
#0 /home/xkynpbah/public_html/vendor/codeigniter4/framework/system/Database/MySQLi/Connection.php(292): mysqli->query('SELECT COUNT(*)...', 0)
#1 /home/xkynpbah/public_html/vendor/codeigniter4/framework/system/Database/BaseConnection.php(670): CodeIgniter\Database\MySQLi\Connection->execute('SELECT COUNT(*)...')
#2 /home/xkynpbah/public_html/vendor/codeigniter4/framework/system/Database/BaseConnection.php(598): CodeIgniter\Database\BaseConnection->simpleQuery('SELECT COUNT(*)...')
#3 /home/xkynpbah/public_html/vendor/codeigniter4/framework/system/Database/BaseBuilder.php(1527): CodeIgniter\Database\BaseConnection->query('SELECT COUNT(*)...', Array, false)
#4 /home/xkynpbah/public_html/app/Controllers/Telegram.php(165): CodeIgniter\Database\BaseBuilder->countAllResults()
#5 /home/xkynpbah/public_html/app/Controllers/Telegram.php(124): App\Controllers\Telegram->askForResetConfirmation(6719727245, 6719727245, Object(stdClass), 'akashbabu', Object(stdClass))
#6 /home/xkynpbah/public_html/vendor/codeigniter4/framework/system/CodeIgniter.php(824): App\Controllers\Telegram->index()
#7 /home/xkynpbah/public_html/vendor/codeigniter4/framework/system/CodeIgniter.php(410): CodeIgniter\CodeIgniter->runController(Object(App\Controllers\Telegram))
#8 /home/xkynpbah/public_html/vendor/codeigniter4/framework/system/CodeIgniter.php(318): CodeIgniter\CodeIgniter->handleRequest(NULL, Object(Config\Cache), false)
#9 /home/xkynpbah/public_html/index.php(37): CodeIgniter\CodeIgniter->run()
#10 {main}
ERROR - 2026-07-26 20:19:35 --> Telegram controller called
ERROR - 2026-07-26 20:19:35 --> Table 'xkynpbah_titoo.telegram_premium' doesn't exist
CRITICAL - 2026-07-26 20:19:35 --> Table 'xkynpbah_titoo.telegram_premium' doesn't exist
#0 /home/xkynpbah/public_html/vendor/codeigniter4/framework/system/Database/MySQLi/Connection.php(292): mysqli->query('SELECT COUNT(*)...', 0)
#1 /home/xkynpbah/public_html/vendor/codeigniter4/framework/system/Database/BaseConnection.php(670): CodeIgniter\Database\MySQLi\Connection->execute('SELECT COUNT(*)...')
#2 /home/xkynpbah/public_html/vendor/codeigniter4/framework/system/Database/BaseConnection.php(598): CodeIgniter\Database\BaseConnection->simpleQuery('SELECT COUNT(*)...')
#3 /home/xkynpbah/public_html/vendor/codeigniter4/framework/system/Database/BaseBuilder.php(1527): CodeIgniter\Database\BaseConnection->query('SELECT COUNT(*)...', Array, false)
#4 /home/xkynpbah/public_html/app/Controllers/Telegram.php(165): CodeIgniter\Database\BaseBuilder->countAllResults()
#5 /home/xkynpbah/public_html/app/Controllers/Telegram.php(124): App\Controllers\Telegram->askForResetConfirmation(6719727245, 6719727245, Object(stdClass), 'akashbabu', Object(stdClass))
#6 /home/xkynpbah/public_html/vendor/codeigniter4/framework/system/CodeIgniter.php(824): App\Controllers\Telegram->index()
#7 /home/xkynpbah/public_html/vendor/codeigniter4/framework/system/CodeIgniter.php(410): CodeIgniter\CodeIgniter->runController(Object(App\Controllers\Telegram))
#8 /home/xkynpbah/public_html/vendor/codeigniter4/framework/system/CodeIgniter.php(318): CodeIgniter\CodeIgniter->handleRequest(NULL, Object(Config\Cache), false)
#9 /home/xkynpbah/public_html/index.php(37): CodeIgniter\CodeIgniter->run()
#10 {main}
ERROR - 2026-07-26 20:21:02 --> Telegram controller called
ERROR - 2026-07-26 20:21:02 --> Table 'xkynpbah_titoo.telegram_premium' doesn't exist
CRITICAL - 2026-07-26 20:21:02 --> Table 'xkynpbah_titoo.telegram_premium' doesn't exist
#0 /home/xkynpbah/public_html/vendor/codeigniter4/framework/system/Database/MySQLi/Connection.php(292): mysqli->query('SELECT COUNT(*)...', 0)
#1 /home/xkynpbah/public_html/vendor/codeigniter4/framework/system/Database/BaseConnection.php(670): CodeIgniter\Database\MySQLi\Connection->execute('SELECT COUNT(*)...')
#2 /home/xkynpbah/public_html/vendor/codeigniter4/framework/system/Database/BaseConnection.php(598): CodeIgniter\Database\BaseConnection->simpleQuery('SELECT COUNT(*)...')
#3 /home/xkynpbah/public_html/vendor/codeigniter4/framework/system/Database/BaseBuilder.php(1527): CodeIgniter\Database\BaseConnection->query('SELECT COUNT(*)...', Array, false)
#4 /home/xkynpbah/public_html/app/Controllers/Telegram.php(165): CodeIgniter\Database\BaseBuilder->countAllResults()
#5 /home/xkynpbah/public_html/app/Controllers/Telegram.php(124): App\Controllers\Telegram->askForResetConfirmation(6719727245, 6719727245, Object(stdClass), 'akashbabu', Object(stdClass))
#6 /home/xkynpbah/public_html/vendor/codeigniter4/framework/system/CodeIgniter.php(824): App\Controllers\Telegram->index()
#7 /home/xkynpbah/public_html/vendor/codeigniter4/framework/system/CodeIgniter.php(410): CodeIgniter\CodeIgniter->runController(Object(App\Controllers\Telegram))
#8 /home/xkynpbah/public_html/vendor/codeigniter4/framework/system/CodeIgniter.php(318): CodeIgniter\CodeIgniter->handleRequest(NULL, Object(Config\Cache), false)
#9 /home/xkynpbah/public_html/index.php(37): CodeIgniter\CodeIgniter->run()
#10 {main}
ERROR - 2026-07-26 20:22:27 --> Telegram controller called
ERROR - 2026-07-26 20:22:27 --> Table 'xkynpbah_titoo.telegram_premium' doesn't exist
CRITICAL - 2026-07-26 20:22:27 --> Table 'xkynpbah_titoo.telegram_premium' doesn't exist
#0 /home/xkynpbah/public_html/vendor/codeigniter4/framework/system/Database/MySQLi/Connection.php(292): mysqli->query('SELECT COUNT(*)...', 0)
#1 /home/xkynpbah/public_html/vendor/codeigniter4/framework/system/Database/BaseConnection.php(670): CodeIgniter\Database\MySQLi\Connection->execute('SELECT COUNT(*)...')
#2 /home/xkynpbah/public_html/vendor/codeigniter4/framework/system/Database/BaseConnection.php(598): CodeIgniter\Database\BaseConnection->simpleQuery('SELECT COUNT(*)...')
#3 /home/xkynpbah/public_html/vendor/codeigniter4/framework/system/Database/BaseBuilder.php(1527): CodeIgniter\Database\BaseConnection->query('SELECT COUNT(*)...', Array, false)
#4 /home/xkynpbah/public_html/app/Controllers/Telegram.php(165): CodeIgniter\Database\BaseBuilder->countAllResults()
#5 /home/xkynpbah/public_html/app/Controllers/Telegram.php(124): App\Controllers\Telegram->askForResetConfirmation(6719727245, 6719727245, Object(stdClass), 'akashbabu', Object(stdClass))
#6 /home/xkynpbah/public_html/vendor/codeigniter4/framework/system/CodeIgniter.php(824): App\Controllers\Telegram->index()
#7 /home/xkynpbah/public_html/vendor/codeigniter4/framework/system/CodeIgniter.php(410): CodeIgniter\CodeIgniter->runController(Object(App\Controllers\Telegram))
#8 /home/xkynpbah/public_html/vendor/codeigniter4/framework/system/CodeIgniter.php(318): CodeIgniter\CodeIgniter->handleRequest(NULL, Object(Config\Cache), false)
#9 /home/xkynpbah/public_html/index.php(37): CodeIgniter\CodeIgniter->run()
#10 {main}
ERROR - 2026-07-26 20:24:24 --> Telegram controller called
ERROR - 2026-07-26 20:24:24 --> Table 'xkynpbah_titoo.telegram_premium' doesn't exist
CRITICAL - 2026-07-26 20:24:24 --> Table 'xkynpbah_titoo.telegram_premium' doesn't exist
#0 /home/xkynpbah/public_html/vendor/codeigniter4/framework/system/Database/MySQLi/Connection.php(292): mysqli->query('SELECT COUNT(*)...', 0)
#1 /home/xkynpbah/public_html/vendor/codeigniter4/framework/system/Database/BaseConnection.php(670): CodeIgniter\Database\MySQLi\Connection->execute('SELECT COUNT(*)...')
#2 /home/xkynpbah/public_html/vendor/codeigniter4/framework/system/Database/BaseConnection.php(598): CodeIgniter\Database\BaseConnection->simpleQuery('SELECT COUNT(*)...')
#3 /home/xkynpbah/public_html/vendor/codeigniter4/framework/system/Database/BaseBuilder.php(1527): CodeIgniter\Database\BaseConnection->query('SELECT COUNT(*)...', Array, false)
#4 /home/xkynpbah/public_html/app/Controllers/Telegram.php(165): CodeIgniter\Database\BaseBuilder->countAllResults()
#5 /home/xkynpbah/public_html/app/Controllers/Telegram.php(124): App\Controllers\Telegram->askForResetConfirmation(6719727245, 6719727245, Object(stdClass), 'akashbabu', Object(stdClass))
#6 /home/xkynpbah/public_html/vendor/codeigniter4/framework/system/CodeIgniter.php(824): App\Controllers\Telegram->index()
#7 /home/xkynpbah/public_html/vendor/codeigniter4/framework/system/CodeIgniter.php(410): CodeIgniter\CodeIgniter->runController(Object(App\Controllers\Telegram))
#8 /home/xkynpbah/public_html/vendor/codeigniter4/framework/system/CodeIgniter.php(318): CodeIgniter\CodeIgniter->handleRequest(NULL, Object(Config\Cache), false)
#9 /home/xkynpbah/public_html/index.php(37): CodeIgniter\CodeIgniter->run()
#10 {main}
ERROR - 2026-07-26 20:26:24 --> Telegram controller called
ERROR - 2026-07-26 20:26:24 --> Table 'xkynpbah_titoo.telegram_premium' doesn't exist
CRITICAL - 2026-07-26 20:26:24 --> Table 'xkynpbah_titoo.telegram_premium' doesn't exist
#0 /home/xkynpbah/public_html/vendor/codeigniter4/framework/system/Database/MySQLi/Connection.php(292): mysqli->query('SELECT COUNT(*)...', 0)
#1 /home/xkynpbah/public_html/vendor/codeigniter4/framework/system/Database/BaseConnection.php(670): CodeIgniter\Database\MySQLi\Connection->execute('SELECT COUNT(*)...')
#2 /home/xkynpbah/public_html/vendor/codeigniter4/framework/system/Database/BaseConnection.php(598): CodeIgniter\Database\BaseConnection->simpleQuery('SELECT COUNT(*)...')
#3 /home/xkynpbah/public_html/vendor/codeigniter4/framework/system/Database/BaseBuilder.php(1527): CodeIgniter\Database\BaseConnection->query('SELECT COUNT(*)...', Array, false)
#4 /home/xkynpbah/public_html/app/Controllers/Telegram.php(165): CodeIgniter\Database\BaseBuilder->countAllResults()
#5 /home/xkynpbah/public_html/app/Controllers/Telegram.php(124): App\Controllers\Telegram->askForResetConfirmation(6719727245, 6719727245, Object(stdClass), 'akashbabu', Object(stdClass))
#6 /home/xkynpbah/public_html/vendor/codeigniter4/framework/system/CodeIgniter.php(824): App\Controllers\Telegram->index()
#7 /home/xkynpbah/public_html/vendor/codeigniter4/framework/system/CodeIgniter.php(410): CodeIgniter\CodeIgniter->runController(Object(App\Controllers\Telegram))
#8 /home/xkynpbah/public_html/vendor/codeigniter4/framework/system/CodeIgniter.php(318): CodeIgniter\CodeIgniter->handleRequest(NULL, Object(Config\Cache), false)
#9 /home/xkynpbah/public_html/index.php(37): CodeIgniter\CodeIgniter->run()
#10 {main}
ERROR - 2026-07-26 20:28:16 --> Telegram controller called
ERROR - 2026-07-26 20:28:16 --> Table 'xkynpbah_titoo.telegram_premium' doesn't exist
CRITICAL - 2026-07-26 20:28:16 --> Table 'xkynpbah_titoo.telegram_premium' doesn't exist
#0 /home/xkynpbah/public_html/vendor/codeigniter4/framework/system/Database/MySQLi/Connection.php(292): mysqli->query('SELECT COUNT(*)...', 0)
#1 /home/xkynpbah/public_html/vendor/codeigniter4/framework/system/Database/BaseConnection.php(670): CodeIgniter\Database\MySQLi\Connection->execute('SELECT COUNT(*)...')
#2 /home/xkynpbah/public_html/vendor/codeigniter4/framework/system/Database/BaseConnection.php(598): CodeIgniter\Database\BaseConnection->simpleQuery('SELECT COUNT(*)...')
#3 /home/xkynpbah/public_html/vendor/codeigniter4/framework/system/Database/BaseBuilder.php(1527): CodeIgniter\Database\BaseConnection->query('SELECT COUNT(*)...', Array, false)
#4 /home/xkynpbah/public_html/app/Controllers/Telegram.php(165): CodeIgniter\Database\BaseBuilder->countAllResults()
#5 /home/xkynpbah/public_html/app/Controllers/Telegram.php(124): App\Controllers\Telegram->askForResetConfirmation(6719727245, 6719727245, Object(stdClass), 'akashbabu', Object(stdClass))
#6 /home/xkynpbah/public_html/vendor/codeigniter4/framework/system/CodeIgniter.php(824): App\Controllers\Telegram->index()
#7 /home/xkynpbah/public_html/vendor/codeigniter4/framework/system/CodeIgniter.php(410): CodeIgniter\CodeIgniter->runController(Object(App\Controllers\Telegram))
#8 /home/xkynpbah/public_html/vendor/codeigniter4/framework/system/CodeIgniter.php(318): CodeIgniter\CodeIgniter->handleRequest(NULL, Object(Config\Cache), false)
#9 /home/xkynpbah/public_html/index.php(37): CodeIgniter\CodeIgniter->run()
#10 {main}
ERROR - 2026-07-26 20:29:24 --> Telegram controller called
ERROR - 2026-07-26 20:29:24 --> Table 'xkynpbah_titoo.telegram_premium' doesn't exist
CRITICAL - 2026-07-26 20:29:24 --> Table 'xkynpbah_titoo.telegram_premium' doesn't exist
#0 /home/xkynpbah/public_html/vendor/codeigniter4/framework/system/Database/MySQLi/Connection.php(292): mysqli->query('SELECT COUNT(*)...', 0)
#1 /home/xkynpbah/public_html/vendor/codeigniter4/framework/system/Database/BaseConnection.php(670): CodeIgniter\Database\MySQLi\Connection->execute('SELECT COUNT(*)...')
#2 /home/xkynpbah/public_html/vendor/codeigniter4/framework/system/Database/BaseConnection.php(598): CodeIgniter\Database\BaseConnection->simpleQuery('SELECT COUNT(*)...')
#3 /home/xkynpbah/public_html/vendor/codeigniter4/framework/system/Database/BaseBuilder.php(1527): CodeIgniter\Database\BaseConnection->query('SELECT COUNT(*)...', Array, false)
#4 /home/xkynpbah/public_html/app/Controllers/Telegram.php(165): CodeIgniter\Database\BaseBuilder->countAllResults()
#5 /home/xkynpbah/public_html/app/Controllers/Telegram.php(124): App\Controllers\Telegram->askForResetConfirmation(6719727245, 6719727245, Object(stdClass), 'akashbabu', Object(stdClass))
#6 /home/xkynpbah/public_html/vendor/codeigniter4/framework/system/CodeIgniter.php(824): App\Controllers\Telegram->index()
#7 /home/xkynpbah/public_html/vendor/codeigniter4/framework/system/CodeIgniter.php(410): CodeIgniter\CodeIgniter->runController(Object(App\Controllers\Telegram))
#8 /home/xkynpbah/public_html/vendor/codeigniter4/framework/system/CodeIgniter.php(318): CodeIgniter\CodeIgniter->handleRequest(NULL, Object(Config\Cache), false)
#9 /home/xkynpbah/public_html/index.php(37): CodeIgniter\CodeIgniter->run()
#10 {main}
ERROR - 2026-07-26 20:30:57 --> Telegram controller called
ERROR - 2026-07-26 20:30:57 --> Table 'xkynpbah_titoo.telegram_premium' doesn't exist
CRITICAL - 2026-07-26 20:30:57 --> Table 'xkynpbah_titoo.telegram_premium' doesn't exist
#0 /home/xkynpbah/public_html/vendor/codeigniter4/framework/system/Database/MySQLi/Connection.php(292): mysqli->query('SELECT COUNT(*)...', 0)
#1 /home/xkynpbah/public_html/vendor/codeigniter4/framework/system/Database/BaseConnection.php(670): CodeIgniter\Database\MySQLi\Connection->execute('SELECT COUNT(*)...')
#2 /home/xkynpbah/public_html/vendor/codeigniter4/framework/system/Database/BaseConnection.php(598): CodeIgniter\Database\BaseConnection->simpleQuery('SELECT COUNT(*)...')
#3 /home/xkynpbah/public_html/vendor/codeigniter4/framework/system/Database/BaseBuilder.php(1527): CodeIgniter\Database\BaseConnection->query('SELECT COUNT(*)...', Array, false)
#4 /home/xkynpbah/public_html/app/Controllers/Telegram.php(165): CodeIgniter\Database\BaseBuilder->countAllResults()
#5 /home/xkynpbah/public_html/app/Controllers/Telegram.php(124): App\Controllers\Telegram->askForResetConfirmation(6719727245, 6719727245, Object(stdClass), 'akashbabu', Object(stdClass))
#6 /home/xkynpbah/public_html/vendor/codeigniter4/framework/system/CodeIgniter.php(824): App\Controllers\Telegram->index()
#7 /home/xkynpbah/public_html/vendor/codeigniter4/framework/system/CodeIgniter.php(410): CodeIgniter\CodeIgniter->runController(Object(App\Controllers\Telegram))
#8 /home/xkynpbah/public_html/vendor/codeigniter4/framework/system/CodeIgniter.php(318): CodeIgniter\CodeIgniter->handleRequest(NULL, Object(Config\Cache), false)
#9 /home/xkynpbah/public_html/index.php(37): CodeIgniter\CodeIgniter->run()
#10 {main}
ERROR - 2026-07-26 20:32:29 --> Telegram controller called
ERROR - 2026-07-26 20:32:29 --> Table 'xkynpbah_titoo.telegram_premium' doesn't exist
CRITICAL - 2026-07-26 20:32:29 --> Table 'xkynpbah_titoo.telegram_premium' doesn't exist
#0 /home/xkynpbah/public_html/vendor/codeigniter4/framework/system/Database/MySQLi/Connection.php(292): mysqli->query('SELECT COUNT(*)...', 0)
#1 /home/xkynpbah/public_html/vendor/codeigniter4/framework/system/Database/BaseConnection.php(670): CodeIgniter\Database\MySQLi\Connection->execute('SELECT COUNT(*)...')
#2 /home/xkynpbah/public_html/vendor/codeigniter4/framework/system/Database/BaseConnection.php(598): CodeIgniter\Database\BaseConnection->simpleQuery('SELECT COUNT(*)...')
#3 /home/xkynpbah/public_html/vendor/codeigniter4/framework/system/Database/BaseBuilder.php(1527): CodeIgniter\Database\BaseConnection->query('SELECT COUNT(*)...', Array, false)
#4 /home/xkynpbah/public_html/app/Controllers/Telegram.php(165): CodeIgniter\Database\BaseBuilder->countAllResults()
#5 /home/xkynpbah/public_html/app/Controllers/Telegram.php(124): App\Controllers\Telegram->askForResetConfirmation(6719727245, 6719727245, Object(stdClass), 'akashbabu', Object(stdClass))
#6 /home/xkynpbah/public_html/vendor/codeigniter4/framework/system/CodeIgniter.php(824): App\Controllers\Telegram->index()
#7 /home/xkynpbah/public_html/vendor/codeigniter4/framework/system/CodeIgniter.php(410): CodeIgniter\CodeIgniter->runController(Object(App\Controllers\Telegram))
#8 /home/xkynpbah/public_html/vendor/codeigniter4/framework/system/CodeIgniter.php(318): CodeIgniter\CodeIgniter->handleRequest(NULL, Object(Config\Cache), false)
#9 /home/xkynpbah/public_html/index.php(37): CodeIgniter\CodeIgniter->run()
#10 {main}
ERROR - 2026-07-26 20:34:07 --> Telegram controller called
ERROR - 2026-07-26 20:34:07 --> Table 'xkynpbah_titoo.telegram_premium' doesn't exist
CRITICAL - 2026-07-26 20:34:07 --> Table 'xkynpbah_titoo.telegram_premium' doesn't exist
#0 /home/xkynpbah/public_html/vendor/codeigniter4/framework/system/Database/MySQLi/Connection.php(292): mysqli->query('SELECT COUNT(*)...', 0)
#1 /home/xkynpbah/public_html/vendor/codeigniter4/framework/system/Database/BaseConnection.php(670): CodeIgniter\Database\MySQLi\Connection->execute('SELECT COUNT(*)...')
#2 /home/xkynpbah/public_html/vendor/codeigniter4/framework/system/Database/BaseConnection.php(598): CodeIgniter\Database\BaseConnection->simpleQuery('SELECT COUNT(*)...')
#3 /home/xkynpbah/public_html/vendor/codeigniter4/framework/system/Database/BaseBuilder.php(1527): CodeIgniter\Database\BaseConnection->query('SELECT COUNT(*)...', Array, false)
#4 /home/xkynpbah/public_html/app/Controllers/Telegram.php(165): CodeIgniter\Database\BaseBuilder->countAllResults()
#5 /home/xkynpbah/public_html/app/Controllers/Telegram.php(124): App\Controllers\Telegram->askForResetConfirmation(6719727245, 6719727245, Object(stdClass), 'akashbabu', Object(stdClass))
#6 /home/xkynpbah/public_html/vendor/codeigniter4/framework/system/CodeIgniter.php(824): App\Controllers\Telegram->index()
#7 /home/xkynpbah/public_html/vendor/codeigniter4/framework/system/CodeIgniter.php(410): CodeIgniter\CodeIgniter->runController(Object(App\Controllers\Telegram))
#8 /home/xkynpbah/public_html/vendor/codeigniter4/framework/system/CodeIgniter.php(318): CodeIgniter\CodeIgniter->handleRequest(NULL, Object(Config\Cache), false)
#9 /home/xkynpbah/public_html/index.php(37): CodeIgniter\CodeIgniter->run()
#10 {main}
ERROR - 2026-07-26 20:35:13 --> Telegram controller called
ERROR - 2026-07-26 20:35:13 --> Table 'xkynpbah_titoo.telegram_premium' doesn't exist
CRITICAL - 2026-07-26 20:35:13 --> Table 'xkynpbah_titoo.telegram_premium' doesn't exist
#0 /home/xkynpbah/public_html/vendor/codeigniter4/framework/system/Database/MySQLi/Connection.php(292): mysqli->query('SELECT COUNT(*)...', 0)
#1 /home/xkynpbah/public_html/vendor/codeigniter4/framework/system/Database/BaseConnection.php(670): CodeIgniter\Database\MySQLi\Connection->execute('SELECT COUNT(*)...')
#2 /home/xkynpbah/public_html/vendor/codeigniter4/framework/system/Database/BaseConnection.php(598): CodeIgniter\Database\BaseConnection->simpleQuery('SELECT COUNT(*)...')
#3 /home/xkynpbah/public_html/vendor/codeigniter4/framework/system/Database/BaseBuilder.php(1527): CodeIgniter\Database\BaseConnection->query('SELECT COUNT(*)...', Array, false)
#4 /home/xkynpbah/public_html/app/Controllers/Telegram.php(165): CodeIgniter\Database\BaseBuilder->countAllResults()
#5 /home/xkynpbah/public_html/app/Controllers/Telegram.php(124): App\Controllers\Telegram->askForResetConfirmation(6719727245, 6719727245, Object(stdClass), 'akashbabu', Object(stdClass))
#6 /home/xkynpbah/public_html/vendor/codeigniter4/framework/system/CodeIgniter.php(824): App\Controllers\Telegram->index()
#7 /home/xkynpbah/public_html/vendor/codeigniter4/framework/system/CodeIgniter.php(410): CodeIgniter\CodeIgniter->runController(Object(App\Controllers\Telegram))
#8 /home/xkynpbah/public_html/vendor/codeigniter4/framework/system/CodeIgniter.php(318): CodeIgniter\CodeIgniter->handleRequest(NULL, Object(Config\Cache), false)
#9 /home/xkynpbah/public_html/index.php(37): CodeIgniter\CodeIgniter->run()
#10 {main}
ERROR - 2026-07-26 20:36:17 --> Telegram controller called
ERROR - 2026-07-26 20:36:17 --> Table 'xkynpbah_titoo.telegram_premium' doesn't exist
CRITICAL - 2026-07-26 20:36:17 --> Table 'xkynpbah_titoo.telegram_premium' doesn't exist
#0 /home/xkynpbah/public_html/vendor/codeigniter4/framework/system/Database/MySQLi/Connection.php(292): mysqli->query('SELECT COUNT(*)...', 0)
#1 /home/xkynpbah/public_html/vendor/codeigniter4/framework/system/Database/BaseConnection.php(670): CodeIgniter\Database\MySQLi\Connection->execute('SELECT COUNT(*)...')
#2 /home/xkynpbah/public_html/vendor/codeigniter4/framework/system/Database/BaseConnection.php(598): CodeIgniter\Database\BaseConnection->simpleQuery('SELECT COUNT(*)...')
#3 /home/xkynpbah/public_html/vendor/codeigniter4/framework/system/Database/BaseBuilder.php(1527): CodeIgniter\Database\BaseConnection->query('SELECT COUNT(*)...', Array, false)
#4 /home/xkynpbah/public_html/app/Controllers/Telegram.php(165): CodeIgniter\Database\BaseBuilder->countAllResults()
#5 /home/xkynpbah/public_html/app/Controllers/Telegram.php(124): App\Controllers\Telegram->askForResetConfirmation(6719727245, 6719727245, Object(stdClass), 'akashbabu', Object(stdClass))
#6 /home/xkynpbah/public_html/vendor/codeigniter4/framework/system/CodeIgniter.php(824): App\Controllers\Telegram->index()
#7 /home/xkynpbah/public_html/vendor/codeigniter4/framework/system/CodeIgniter.php(410): CodeIgniter\CodeIgniter->runController(Object(App\Controllers\Telegram))
#8 /home/xkynpbah/public_html/vendor/codeigniter4/framework/system/CodeIgniter.php(318): CodeIgniter\CodeIgniter->handleRequest(NULL, Object(Config\Cache), false)
#9 /home/xkynpbah/public_html/index.php(37): CodeIgniter\CodeIgniter->run()
#10 {main}
ERROR - 2026-07-26 20:37:30 --> Telegram controller called
ERROR - 2026-07-26 20:37:30 --> Table 'xkynpbah_titoo.telegram_premium' doesn't exist
CRITICAL - 2026-07-26 20:37:30 --> Table 'xkynpbah_titoo.telegram_premium' doesn't exist
#0 /home/xkynpbah/public_html/vendor/codeigniter4/framework/system/Database/MySQLi/Connection.php(292): mysqli->query('SELECT COUNT(*)...', 0)
#1 /home/xkynpbah/public_html/vendor/codeigniter4/framework/system/Database/BaseConnection.php(670): CodeIgniter\Database\MySQLi\Connection->execute('SELECT COUNT(*)...')
#2 /home/xkynpbah/public_html/vendor/codeigniter4/framework/system/Database/BaseConnection.php(598): CodeIgniter\Database\BaseConnection->simpleQuery('SELECT COUNT(*)...')
#3 /home/xkynpbah/public_html/vendor/codeigniter4/framework/system/Database/BaseBuilder.php(1527): CodeIgniter\Database\BaseConnection->query('SELECT COUNT(*)...', Array, false)
#4 /home/xkynpbah/public_html/app/Controllers/Telegram.php(165): CodeIgniter\Database\BaseBuilder->countAllResults()
#5 /home/xkynpbah/public_html/app/Controllers/Telegram.php(124): App\Controllers\Telegram->askForResetConfirmation(6719727245, 6719727245, Object(stdClass), 'akashbabu', Object(stdClass))
#6 /home/xkynpbah/public_html/vendor/codeigniter4/framework/system/CodeIgniter.php(824): App\Controllers\Telegram->index()
#7 /home/xkynpbah/public_html/vendor/codeigniter4/framework/system/CodeIgniter.php(410): CodeIgniter\CodeIgniter->runController(Object(App\Controllers\Telegram))
#8 /home/xkynpbah/public_html/vendor/codeigniter4/framework/system/CodeIgniter.php(318): CodeIgniter\CodeIgniter->handleRequest(NULL, Object(Config\Cache), false)
#9 /home/xkynpbah/public_html/index.php(37): CodeIgniter\CodeIgniter->run()
#10 {main}
ERROR - 2026-07-26 20:38:33 --> Telegram controller called
ERROR - 2026-07-26 20:38:33 --> Table 'xkynpbah_titoo.telegram_premium' doesn't exist
CRITICAL - 2026-07-26 20:38:33 --> Table 'xkynpbah_titoo.telegram_premium' doesn't exist
#0 /home/xkynpbah/public_html/vendor/codeigniter4/framework/system/Database/MySQLi/Connection.php(292): mysqli->query('SELECT COUNT(*)...', 0)
#1 /home/xkynpbah/public_html/vendor/codeigniter4/framework/system/Database/BaseConnection.php(670): CodeIgniter\Database\MySQLi\Connection->execute('SELECT COUNT(*)...')
#2 /home/xkynpbah/public_html/vendor/codeigniter4/framework/system/Database/BaseConnection.php(598): CodeIgniter\Database\BaseConnection->simpleQuery('SELECT COUNT(*)...')
#3 /home/xkynpbah/public_html/vendor/codeigniter4/framework/system/Database/BaseBuilder.php(1527): CodeIgniter\Database\BaseConnection->query('SELECT COUNT(*)...', Array, false)
#4 /home/xkynpbah/public_html/app/Controllers/Telegram.php(165): CodeIgniter\Database\BaseBuilder->countAllResults()
#5 /home/xkynpbah/public_html/app/Controllers/Telegram.php(124): App\Controllers\Telegram->askForResetConfirmation(6719727245, 6719727245, Object(stdClass), 'akashbabu', Object(stdClass))
#6 /home/xkynpbah/public_html/vendor/codeigniter4/framework/system/CodeIgniter.php(824): App\Controllers\Telegram->index()
#7 /home/xkynpbah/public_html/vendor/codeigniter4/framework/system/CodeIgniter.php(410): CodeIgniter\CodeIgniter->runController(Object(App\Controllers\Telegram))
#8 /home/xkynpbah/public_html/vendor/codeigniter4/framework/system/CodeIgniter.php(318): CodeIgniter\CodeIgniter->handleRequest(NULL, Object(Config\Cache), false)
#9 /home/xkynpbah/public_html/index.php(37): CodeIgniter\CodeIgniter->run()
#10 {main}
ERROR - 2026-07-26 20:40:16 --> Telegram controller called
ERROR - 2026-07-26 20:40:16 --> Table 'xkynpbah_titoo.telegram_premium' doesn't exist
CRITICAL - 2026-07-26 20:40:16 --> Table 'xkynpbah_titoo.telegram_premium' doesn't exist
#0 /home/xkynpbah/public_html/vendor/codeigniter4/framework/system/Database/MySQLi/Connection.php(292): mysqli->query('SELECT COUNT(*)...', 0)
#1 /home/xkynpbah/public_html/vendor/codeigniter4/framework/system/Database/BaseConnection.php(670): CodeIgniter\Database\MySQLi\Connection->execute('SELECT COUNT(*)...')
#2 /home/xkynpbah/public_html/vendor/codeigniter4/framework/system/Database/BaseConnection.php(598): CodeIgniter\Database\BaseConnection->simpleQuery('SELECT COUNT(*)...')
#3 /home/xkynpbah/public_html/vendor/codeigniter4/framework/system/Database/BaseBuilder.php(1527): CodeIgniter\Database\BaseConnection->query('SELECT COUNT(*)...', Array, false)
#4 /home/xkynpbah/public_html/app/Controllers/Telegram.php(165): CodeIgniter\Database\BaseBuilder->countAllResults()
#5 /home/xkynpbah/public_html/app/Controllers/Telegram.php(124): App\Controllers\Telegram->askForResetConfirmation(6719727245, 6719727245, Object(stdClass), 'akashbabu', Object(stdClass))
#6 /home/xkynpbah/public_html/vendor/codeigniter4/framework/system/CodeIgniter.php(824): App\Controllers\Telegram->index()
#7 /home/xkynpbah/public_html/vendor/codeigniter4/framework/system/CodeIgniter.php(410): CodeIgniter\CodeIgniter->runController(Object(App\Controllers\Telegram))
#8 /home/xkynpbah/public_html/vendor/codeigniter4/framework/system/CodeIgniter.php(318): CodeIgniter\CodeIgniter->handleRequest(NULL, Object(Config\Cache), false)
#9 /home/xkynpbah/public_html/index.php(37): CodeIgniter\CodeIgniter->run()
#10 {main}
ERROR - 2026-07-26 20:41:51 --> Telegram controller called
ERROR - 2026-07-26 20:41:51 --> Table 'xkynpbah_titoo.telegram_premium' doesn't exist
CRITICAL - 2026-07-26 20:41:51 --> Table 'xkynpbah_titoo.telegram_premium' doesn't exist
#0 /home/xkynpbah/public_html/vendor/codeigniter4/framework/system/Database/MySQLi/Connection.php(292): mysqli->query('SELECT COUNT(*)...', 0)
#1 /home/xkynpbah/public_html/vendor/codeigniter4/framework/system/Database/BaseConnection.php(670): CodeIgniter\Database\MySQLi\Connection->execute('SELECT COUNT(*)...')
#2 /home/xkynpbah/public_html/vendor/codeigniter4/framework/system/Database/BaseConnection.php(598): CodeIgniter\Database\BaseConnection->simpleQuery('SELECT COUNT(*)...')
#3 /home/xkynpbah/public_html/vendor/codeigniter4/framework/system/Database/BaseBuilder.php(1527): CodeIgniter\Database\BaseConnection->query('SELECT COUNT(*)...', Array, false)
#4 /home/xkynpbah/public_html/app/Controllers/Telegram.php(165): CodeIgniter\Database\BaseBuilder->countAllResults()
#5 /home/xkynpbah/public_html/app/Controllers/Telegram.php(124): App\Controllers\Telegram->askForResetConfirmation(6719727245, 6719727245, Object(stdClass), 'akashbabu', Object(stdClass))
#6 /home/xkynpbah/public_html/vendor/codeigniter4/framework/system/CodeIgniter.php(824): App\Controllers\Telegram->index()
#7 /home/xkynpbah/public_html/vendor/codeigniter4/framework/system/CodeIgniter.php(410): CodeIgniter\CodeIgniter->runController(Object(App\Controllers\Telegram))
#8 /home/xkynpbah/public_html/vendor/codeigniter4/framework/system/CodeIgniter.php(318): CodeIgniter\CodeIgniter->handleRequest(NULL, Object(Config\Cache), false)
#9 /home/xkynpbah/public_html/index.php(37): CodeIgniter\CodeIgniter->run()
#10 {main}
ERROR - 2026-07-26 20:43:45 --> Telegram controller called
ERROR - 2026-07-26 20:43:45 --> Table 'xkynpbah_titoo.telegram_premium' doesn't exist
CRITICAL - 2026-07-26 20:43:45 --> Table 'xkynpbah_titoo.telegram_premium' doesn't exist
#0 /home/xkynpbah/public_html/vendor/codeigniter4/framework/system/Database/MySQLi/Connection.php(292): mysqli->query('SELECT COUNT(*)...', 0)
#1 /home/xkynpbah/public_html/vendor/codeigniter4/framework/system/Database/BaseConnection.php(670): CodeIgniter\Database\MySQLi\Connection->execute('SELECT COUNT(*)...')
#2 /home/xkynpbah/public_html/vendor/codeigniter4/framework/system/Database/BaseConnection.php(598): CodeIgniter\Database\BaseConnection->simpleQuery('SELECT COUNT(*)...')
#3 /home/xkynpbah/public_html/vendor/codeigniter4/framework/system/Database/BaseBuilder.php(1527): CodeIgniter\Database\BaseConnection->query('SELECT COUNT(*)...', Array, false)
#4 /home/xkynpbah/public_html/app/Controllers/Telegram.php(165): CodeIgniter\Database\BaseBuilder->countAllResults()
#5 /home/xkynpbah/public_html/app/Controllers/Telegram.php(124): App\Controllers\Telegram->askForResetConfirmation(6719727245, 6719727245, Object(stdClass), 'akashbabu', Object(stdClass))
#6 /home/xkynpbah/public_html/vendor/codeigniter4/framework/system/CodeIgniter.php(824): App\Controllers\Telegram->index()
#7 /home/xkynpbah/public_html/vendor/codeigniter4/framework/system/CodeIgniter.php(410): CodeIgniter\CodeIgniter->runController(Object(App\Controllers\Telegram))
#8 /home/xkynpbah/public_html/vendor/codeigniter4/framework/system/CodeIgniter.php(318): CodeIgniter\CodeIgniter->handleRequest(NULL, Object(Config\Cache), false)
#9 /home/xkynpbah/public_html/index.php(37): CodeIgniter\CodeIgniter->run()
#10 {main}
ERROR - 2026-07-26 20:45:10 --> Telegram controller called
ERROR - 2026-07-26 20:45:10 --> Table 'xkynpbah_titoo.telegram_premium' doesn't exist
CRITICAL - 2026-07-26 20:45:10 --> Table 'xkynpbah_titoo.telegram_premium' doesn't exist
#0 /home/xkynpbah/public_html/vendor/codeigniter4/framework/system/Database/MySQLi/Connection.php(292): mysqli->query('SELECT COUNT(*)...', 0)
#1 /home/xkynpbah/public_html/vendor/codeigniter4/framework/system/Database/BaseConnection.php(670): CodeIgniter\Database\MySQLi\Connection->execute('SELECT COUNT(*)...')
#2 /home/xkynpbah/public_html/vendor/codeigniter4/framework/system/Database/BaseConnection.php(598): CodeIgniter\Database\BaseConnection->simpleQuery('SELECT COUNT(*)...')
#3 /home/xkynpbah/public_html/vendor/codeigniter4/framework/system/Database/BaseBuilder.php(1527): CodeIgniter\Database\BaseConnection->query('SELECT COUNT(*)...', Array, false)
#4 /home/xkynpbah/public_html/app/Controllers/Telegram.php(165): CodeIgniter\Database\BaseBuilder->countAllResults()
#5 /home/xkynpbah/public_html/app/Controllers/Telegram.php(124): App\Controllers\Telegram->askForResetConfirmation(6719727245, 6719727245, Object(stdClass), 'akashbabu', Object(stdClass))
#6 /home/xkynpbah/public_html/vendor/codeigniter4/framework/system/CodeIgniter.php(824): App\Controllers\Telegram->index()
#7 /home/xkynpbah/public_html/vendor/codeigniter4/framework/system/CodeIgniter.php(410): CodeIgniter\CodeIgniter->runController(Object(App\Controllers\Telegram))
#8 /home/xkynpbah/public_html/vendor/codeigniter4/framework/system/CodeIgniter.php(318): CodeIgniter\CodeIgniter->handleRequest(NULL, Object(Config\Cache), false)
#9 /home/xkynpbah/public_html/index.php(37): CodeIgniter\CodeIgniter->run()
#10 {main}
ERROR - 2026-07-26 20:46:41 --> Telegram controller called
ERROR - 2026-07-26 20:46:41 --> Table 'xkynpbah_titoo.telegram_premium' doesn't exist
CRITICAL - 2026-07-26 20:46:41 --> Table 'xkynpbah_titoo.telegram_premium' doesn't exist
#0 /home/xkynpbah/public_html/vendor/codeigniter4/framework/system/Database/MySQLi/Connection.php(292): mysqli->query('SELECT COUNT(*)...', 0)
#1 /home/xkynpbah/public_html/vendor/codeigniter4/framework/system/Database/BaseConnection.php(670): CodeIgniter\Database\MySQLi\Connection->execute('SELECT COUNT(*)...')
#2 /home/xkynpbah/public_html/vendor/codeigniter4/framework/system/Database/BaseConnection.php(598): CodeIgniter\Database\BaseConnection->simpleQuery('SELECT COUNT(*)...')
#3 /home/xkynpbah/public_html/vendor/codeigniter4/framework/system/Database/BaseBuilder.php(1527): CodeIgniter\Database\BaseConnection->query('SELECT COUNT(*)...', Array, false)
#4 /home/xkynpbah/public_html/app/Controllers/Telegram.php(165): CodeIgniter\Database\BaseBuilder->countAllResults()
#5 /home/xkynpbah/public_html/app/Controllers/Telegram.php(124): App\Controllers\Telegram->askForResetConfirmation(6719727245, 6719727245, Object(stdClass), 'akashbabu', Object(stdClass))
#6 /home/xkynpbah/public_html/vendor/codeigniter4/framework/system/CodeIgniter.php(824): App\Controllers\Telegram->index()
#7 /home/xkynpbah/public_html/vendor/codeigniter4/framework/system/CodeIgniter.php(410): CodeIgniter\CodeIgniter->runController(Object(App\Controllers\Telegram))
#8 /home/xkynpbah/public_html/vendor/codeigniter4/framework/system/CodeIgniter.php(318): CodeIgniter\CodeIgniter->handleRequest(NULL, Object(Config\Cache), false)
#9 /home/xkynpbah/public_html/index.php(37): CodeIgniter\CodeIgniter->run()
#10 {main}
ERROR - 2026-07-26 20:48:25 --> Telegram controller called
ERROR - 2026-07-26 20:48:25 --> Table 'xkynpbah_titoo.telegram_premium' doesn't exist
CRITICAL - 2026-07-26 20:48:25 --> Table 'xkynpbah_titoo.telegram_premium' doesn't exist
#0 /home/xkynpbah/public_html/vendor/codeigniter4/framework/system/Database/MySQLi/Connection.php(292): mysqli->query('SELECT COUNT(*)...', 0)
#1 /home/xkynpbah/public_html/vendor/codeigniter4/framework/system/Database/BaseConnection.php(670): CodeIgniter\Database\MySQLi\Connection->execute('SELECT COUNT(*)...')
#2 /home/xkynpbah/public_html/vendor/codeigniter4/framework/system/Database/BaseConnection.php(598): CodeIgniter\Database\BaseConnection->simpleQuery('SELECT COUNT(*)...')
#3 /home/xkynpbah/public_html/vendor/codeigniter4/framework/system/Database/BaseBuilder.php(1527): CodeIgniter\Database\BaseConnection->query('SELECT COUNT(*)...', Array, false)
#4 /home/xkynpbah/public_html/app/Controllers/Telegram.php(165): CodeIgniter\Database\BaseBuilder->countAllResults()
#5 /home/xkynpbah/public_html/app/Controllers/Telegram.php(124): App\Controllers\Telegram->askForResetConfirmation(6719727245, 6719727245, Object(stdClass), 'akashbabu', Object(stdClass))
#6 /home/xkynpbah/public_html/vendor/codeigniter4/framework/system/CodeIgniter.php(824): App\Controllers\Telegram->index()
#7 /home/xkynpbah/public_html/vendor/codeigniter4/framework/system/CodeIgniter.php(410): CodeIgniter\CodeIgniter->runController(Object(App\Controllers\Telegram))
#8 /home/xkynpbah/public_html/vendor/codeigniter4/framework/system/CodeIgniter.php(318): CodeIgniter\CodeIgniter->handleRequest(NULL, Object(Config\Cache), false)
#9 /home/xkynpbah/public_html/index.php(37): CodeIgniter\CodeIgniter->run()
#10 {main}
ERROR - 2026-07-26 20:49:36 --> Telegram controller called
ERROR - 2026-07-26 20:49:36 --> Table 'xkynpbah_titoo.telegram_premium' doesn't exist
CRITICAL - 2026-07-26 20:49:36 --> Table 'xkynpbah_titoo.telegram_premium' doesn't exist
#0 /home/xkynpbah/public_html/vendor/codeigniter4/framework/system/Database/MySQLi/Connection.php(292): mysqli->query('SELECT COUNT(*)...', 0)
#1 /home/xkynpbah/public_html/vendor/codeigniter4/framework/system/Database/BaseConnection.php(670): CodeIgniter\Database\MySQLi\Connection->execute('SELECT COUNT(*)...')
#2 /home/xkynpbah/public_html/vendor/codeigniter4/framework/system/Database/BaseConnection.php(598): CodeIgniter\Database\BaseConnection->simpleQuery('SELECT COUNT(*)...')
#3 /home/xkynpbah/public_html/vendor/codeigniter4/framework/system/Database/BaseBuilder.php(1527): CodeIgniter\Database\BaseConnection->query('SELECT COUNT(*)...', Array, false)
#4 /home/xkynpbah/public_html/app/Controllers/Telegram.php(165): CodeIgniter\Database\BaseBuilder->countAllResults()
#5 /home/xkynpbah/public_html/app/Controllers/Telegram.php(124): App\Controllers\Telegram->askForResetConfirmation(6719727245, 6719727245, Object(stdClass), 'akashbabu', Object(stdClass))
#6 /home/xkynpbah/public_html/vendor/codeigniter4/framework/system/CodeIgniter.php(824): App\Controllers\Telegram->index()
#7 /home/xkynpbah/public_html/vendor/codeigniter4/framework/system/CodeIgniter.php(410): CodeIgniter\CodeIgniter->runController(Object(App\Controllers\Telegram))
#8 /home/xkynpbah/public_html/vendor/codeigniter4/framework/system/CodeIgniter.php(318): CodeIgniter\CodeIgniter->handleRequest(NULL, Object(Config\Cache), false)
#9 /home/xkynpbah/public_html/index.php(37): CodeIgniter\CodeIgniter->run()
#10 {main}
ERROR - 2026-07-26 20:51:50 --> Telegram controller called
ERROR - 2026-07-26 20:51:51 --> Table 'xkynpbah_titoo.telegram_premium' doesn't exist
CRITICAL - 2026-07-26 20:51:51 --> Table 'xkynpbah_titoo.telegram_premium' doesn't exist
#0 /home/xkynpbah/public_html/vendor/codeigniter4/framework/system/Database/MySQLi/Connection.php(292): mysqli->query('SELECT COUNT(*)...', 0)
#1 /home/xkynpbah/public_html/vendor/codeigniter4/framework/system/Database/BaseConnection.php(670): CodeIgniter\Database\MySQLi\Connection->execute('SELECT COUNT(*)...')
#2 /home/xkynpbah/public_html/vendor/codeigniter4/framework/system/Database/BaseConnection.php(598): CodeIgniter\Database\BaseConnection->simpleQuery('SELECT COUNT(*)...')
#3 /home/xkynpbah/public_html/vendor/codeigniter4/framework/system/Database/BaseBuilder.php(1527): CodeIgniter\Database\BaseConnection->query('SELECT COUNT(*)...', Array, false)
#4 /home/xkynpbah/public_html/app/Controllers/Telegram.php(165): CodeIgniter\Database\BaseBuilder->countAllResults()
#5 /home/xkynpbah/public_html/app/Controllers/Telegram.php(124): App\Controllers\Telegram->askForResetConfirmation(6719727245, 6719727245, Object(stdClass), 'akashbabu', Object(stdClass))
#6 /home/xkynpbah/public_html/vendor/codeigniter4/framework/system/CodeIgniter.php(824): App\Controllers\Telegram->index()
#7 /home/xkynpbah/public_html/vendor/codeigniter4/framework/system/CodeIgniter.php(410): CodeIgniter\CodeIgniter->runController(Object(App\Controllers\Telegram))
#8 /home/xkynpbah/public_html/vendor/codeigniter4/framework/system/CodeIgniter.php(318): CodeIgniter\CodeIgniter->handleRequest(NULL, Object(Config\Cache), false)
#9 /home/xkynpbah/public_html/index.php(37): CodeIgniter\CodeIgniter->run()
#10 {main}
ERROR - 2026-07-26 20:53:25 --> Telegram controller called
ERROR - 2026-07-26 20:53:25 --> Table 'xkynpbah_titoo.telegram_premium' doesn't exist
CRITICAL - 2026-07-26 20:53:25 --> Table 'xkynpbah_titoo.telegram_premium' doesn't exist
#0 /home/xkynpbah/public_html/vendor/codeigniter4/framework/system/Database/MySQLi/Connection.php(292): mysqli->query('SELECT COUNT(*)...', 0)
#1 /home/xkynpbah/public_html/vendor/codeigniter4/framework/system/Database/BaseConnection.php(670): CodeIgniter\Database\MySQLi\Connection->execute('SELECT COUNT(*)...')
#2 /home/xkynpbah/public_html/vendor/codeigniter4/framework/system/Database/BaseConnection.php(598): CodeIgniter\Database\BaseConnection->simpleQuery('SELECT COUNT(*)...')
#3 /home/xkynpbah/public_html/vendor/codeigniter4/framework/system/Database/BaseBuilder.php(1527): CodeIgniter\Database\BaseConnection->query('SELECT COUNT(*)...', Array, false)
#4 /home/xkynpbah/public_html/app/Controllers/Telegram.php(165): CodeIgniter\Database\BaseBuilder->countAllResults()
#5 /home/xkynpbah/public_html/app/Controllers/Telegram.php(124): App\Controllers\Telegram->askForResetConfirmation(6719727245, 6719727245, Object(stdClass), 'akashbabu', Object(stdClass))
#6 /home/xkynpbah/public_html/vendor/codeigniter4/framework/system/CodeIgniter.php(824): App\Controllers\Telegram->index()
#7 /home/xkynpbah/public_html/vendor/codeigniter4/framework/system/CodeIgniter.php(410): CodeIgniter\CodeIgniter->runController(Object(App\Controllers\Telegram))
#8 /home/xkynpbah/public_html/vendor/codeigniter4/framework/system/CodeIgniter.php(318): CodeIgniter\CodeIgniter->handleRequest(NULL, Object(Config\Cache), false)
#9 /home/xkynpbah/public_html/index.php(37): CodeIgniter\CodeIgniter->run()
#10 {main}
ERROR - 2026-07-26 20:54:57 --> Telegram controller called
ERROR - 2026-07-26 20:54:57 --> Table 'xkynpbah_titoo.telegram_premium' doesn't exist
CRITICAL - 2026-07-26 20:54:57 --> Table 'xkynpbah_titoo.telegram_premium' doesn't exist
#0 /home/xkynpbah/public_html/vendor/codeigniter4/framework/system/Database/MySQLi/Connection.php(292): mysqli->query('SELECT COUNT(*)...', 0)
#1 /home/xkynpbah/public_html/vendor/codeigniter4/framework/system/Database/BaseConnection.php(670): CodeIgniter\Database\MySQLi\Connection->execute('SELECT COUNT(*)...')
#2 /home/xkynpbah/public_html/vendor/codeigniter4/framework/system/Database/BaseConnection.php(598): CodeIgniter\Database\BaseConnection->simpleQuery('SELECT COUNT(*)...')
#3 /home/xkynpbah/public_html/vendor/codeigniter4/framework/system/Database/BaseBuilder.php(1527): CodeIgniter\Database\BaseConnection->query('SELECT COUNT(*)...', Array, false)
#4 /home/xkynpbah/public_html/app/Controllers/Telegram.php(165): CodeIgniter\Database\BaseBuilder->countAllResults()
#5 /home/xkynpbah/public_html/app/Controllers/Telegram.php(124): App\Controllers\Telegram->askForResetConfirmation(6719727245, 6719727245, Object(stdClass), 'akashbabu', Object(stdClass))
#6 /home/xkynpbah/public_html/vendor/codeigniter4/framework/system/CodeIgniter.php(824): App\Controllers\Telegram->index()
#7 /home/xkynpbah/public_html/vendor/codeigniter4/framework/system/CodeIgniter.php(410): CodeIgniter\CodeIgniter->runController(Object(App\Controllers\Telegram))
#8 /home/xkynpbah/public_html/vendor/codeigniter4/framework/system/CodeIgniter.php(318): CodeIgniter\CodeIgniter->handleRequest(NULL, Object(Config\Cache), false)
#9 /home/xkynpbah/public_html/index.php(37): CodeIgniter\CodeIgniter->run()
#10 {main}
ERROR - 2026-07-26 20:56:53 --> Telegram controller called
ERROR - 2026-07-26 20:56:53 --> Table 'xkynpbah_titoo.telegram_premium' doesn't exist
CRITICAL - 2026-07-26 20:56:53 --> Table 'xkynpbah_titoo.telegram_premium' doesn't exist
#0 /home/xkynpbah/public_html/vendor/codeigniter4/framework/system/Database/MySQLi/Connection.php(292): mysqli->query('SELECT COUNT(*)...', 0)
#1 /home/xkynpbah/public_html/vendor/codeigniter4/framework/system/Database/BaseConnection.php(670): CodeIgniter\Database\MySQLi\Connection->execute('SELECT COUNT(*)...')
#2 /home/xkynpbah/public_html/vendor/codeigniter4/framework/system/Database/BaseConnection.php(598): CodeIgniter\Database\BaseConnection->simpleQuery('SELECT COUNT(*)...')
#3 /home/xkynpbah/public_html/vendor/codeigniter4/framework/system/Database/BaseBuilder.php(1527): CodeIgniter\Database\BaseConnection->query('SELECT COUNT(*)...', Array, false)
#4 /home/xkynpbah/public_html/app/Controllers/Telegram.php(165): CodeIgniter\Database\BaseBuilder->countAllResults()
#5 /home/xkynpbah/public_html/app/Controllers/Telegram.php(124): App\Controllers\Telegram->askForResetConfirmation(6719727245, 6719727245, Object(stdClass), 'akashbabu', Object(stdClass))
#6 /home/xkynpbah/public_html/vendor/codeigniter4/framework/system/CodeIgniter.php(824): App\Controllers\Telegram->index()
#7 /home/xkynpbah/public_html/vendor/codeigniter4/framework/system/CodeIgniter.php(410): CodeIgniter\CodeIgniter->runController(Object(App\Controllers\Telegram))
#8 /home/xkynpbah/public_html/vendor/codeigniter4/framework/system/CodeIgniter.php(318): CodeIgniter\CodeIgniter->handleRequest(NULL, Object(Config\Cache), false)
#9 /home/xkynpbah/public_html/index.php(37): CodeIgniter\CodeIgniter->run()
#10 {main}
ERROR - 2026-07-26 20:58:12 --> Telegram controller called
ERROR - 2026-07-26 20:58:12 --> Table 'xkynpbah_titoo.telegram_premium' doesn't exist
CRITICAL - 2026-07-26 20:58:12 --> Table 'xkynpbah_titoo.telegram_premium' doesn't exist
#0 /home/xkynpbah/public_html/vendor/codeigniter4/framework/system/Database/MySQLi/Connection.php(292): mysqli->query('SELECT COUNT(*)...', 0)
#1 /home/xkynpbah/public_html/vendor/codeigniter4/framework/system/Database/BaseConnection.php(670): CodeIgniter\Database\MySQLi\Connection->execute('SELECT COUNT(*)...')
#2 /home/xkynpbah/public_html/vendor/codeigniter4/framework/system/Database/BaseConnection.php(598): CodeIgniter\Database\BaseConnection->simpleQuery('SELECT COUNT(*)...')
#3 /home/xkynpbah/public_html/vendor/codeigniter4/framework/system/Database/BaseBuilder.php(1527): CodeIgniter\Database\BaseConnection->query('SELECT COUNT(*)...', Array, false)
#4 /home/xkynpbah/public_html/app/Controllers/Telegram.php(165): CodeIgniter\Database\BaseBuilder->countAllResults()
#5 /home/xkynpbah/public_html/app/Controllers/Telegram.php(124): App\Controllers\Telegram->askForResetConfirmation(6719727245, 6719727245, Object(stdClass), 'akashbabu', Object(stdClass))
#6 /home/xkynpbah/public_html/vendor/codeigniter4/framework/system/CodeIgniter.php(824): App\Controllers\Telegram->index()
#7 /home/xkynpbah/public_html/vendor/codeigniter4/framework/system/CodeIgniter.php(410): CodeIgniter\CodeIgniter->runController(Object(App\Controllers\Telegram))
#8 /home/xkynpbah/public_html/vendor/codeigniter4/framework/system/CodeIgniter.php(318): CodeIgniter\CodeIgniter->handleRequest(NULL, Object(Config\Cache), false)
#9 /home/xkynpbah/public_html/index.php(37): CodeIgniter\CodeIgniter->run()
#10 {main}
ERROR - 2026-07-26 21:00:00 --> Telegram controller called
ERROR - 2026-07-26 21:00:00 --> Table 'xkynpbah_titoo.telegram_premium' doesn't exist
CRITICAL - 2026-07-26 21:00:00 --> Table 'xkynpbah_titoo.telegram_premium' doesn't exist
#0 /home/xkynpbah/public_html/vendor/codeigniter4/framework/system/Database/MySQLi/Connection.php(292): mysqli->query('SELECT COUNT(*)...', 0)
#1 /home/xkynpbah/public_html/vendor/codeigniter4/framework/system/Database/BaseConnection.php(670): CodeIgniter\Database\MySQLi\Connection->execute('SELECT COUNT(*)...')
#2 /home/xkynpbah/public_html/vendor/codeigniter4/framework/system/Database/BaseConnection.php(598): CodeIgniter\Database\BaseConnection->simpleQuery('SELECT COUNT(*)...')
#3 /home/xkynpbah/public_html/vendor/codeigniter4/framework/system/Database/BaseBuilder.php(1527): CodeIgniter\Database\BaseConnection->query('SELECT COUNT(*)...', Array, false)
#4 /home/xkynpbah/public_html/app/Controllers/Telegram.php(165): CodeIgniter\Database\BaseBuilder->countAllResults()
#5 /home/xkynpbah/public_html/app/Controllers/Telegram.php(124): App\Controllers\Telegram->askForResetConfirmation(6719727245, 6719727245, Object(stdClass), 'akashbabu', Object(stdClass))
#6 /home/xkynpbah/public_html/vendor/codeigniter4/framework/system/CodeIgniter.php(824): App\Controllers\Telegram->index()
#7 /home/xkynpbah/public_html/vendor/codeigniter4/framework/system/CodeIgniter.php(410): CodeIgniter\CodeIgniter->runController(Object(App\Controllers\Telegram))
#8 /home/xkynpbah/public_html/vendor/codeigniter4/framework/system/CodeIgniter.php(318): CodeIgniter\CodeIgniter->handleRequest(NULL, Object(Config\Cache), false)
#9 /home/xkynpbah/public_html/index.php(37): CodeIgniter\CodeIgniter->run()
#10 {main}
ERROR - 2026-07-26 21:01:37 --> Telegram controller called
ERROR - 2026-07-26 21:01:37 --> Table 'xkynpbah_titoo.telegram_premium' doesn't exist
CRITICAL - 2026-07-26 21:01:37 --> Table 'xkynpbah_titoo.telegram_premium' doesn't exist
#0 /home/xkynpbah/public_html/vendor/codeigniter4/framework/system/Database/MySQLi/Connection.php(292): mysqli->query('SELECT COUNT(*)...', 0)
#1 /home/xkynpbah/public_html/vendor/codeigniter4/framework/system/Database/BaseConnection.php(670): CodeIgniter\Database\MySQLi\Connection->execute('SELECT COUNT(*)...')
#2 /home/xkynpbah/public_html/vendor/codeigniter4/framework/system/Database/BaseConnection.php(598): CodeIgniter\Database\BaseConnection->simpleQuery('SELECT COUNT(*)...')
#3 /home/xkynpbah/public_html/vendor/codeigniter4/framework/system/Database/BaseBuilder.php(1527): CodeIgniter\Database\BaseConnection->query('SELECT COUNT(*)...', Array, false)
#4 /home/xkynpbah/public_html/app/Controllers/Telegram.php(165): CodeIgniter\Database\BaseBuilder->countAllResults()
#5 /home/xkynpbah/public_html/app/Controllers/Telegram.php(124): App\Controllers\Telegram->askForResetConfirmation(6719727245, 6719727245, Object(stdClass), 'akashbabu', Object(stdClass))
#6 /home/xkynpbah/public_html/vendor/codeigniter4/framework/system/CodeIgniter.php(824): App\Controllers\Telegram->index()
#7 /home/xkynpbah/public_html/vendor/codeigniter4/framework/system/CodeIgniter.php(410): CodeIgniter\CodeIgniter->runController(Object(App\Controllers\Telegram))
#8 /home/xkynpbah/public_html/vendor/codeigniter4/framework/system/CodeIgniter.php(318): CodeIgniter\CodeIgniter->handleRequest(NULL, Object(Config\Cache), false)
#9 /home/xkynpbah/public_html/index.php(37): CodeIgniter\CodeIgniter->run()
#10 {main}
ERROR - 2026-07-26 21:03:29 --> Telegram controller called
ERROR - 2026-07-26 21:03:29 --> Table 'xkynpbah_titoo.telegram_premium' doesn't exist
CRITICAL - 2026-07-26 21:03:29 --> Table 'xkynpbah_titoo.telegram_premium' doesn't exist
#0 /home/xkynpbah/public_html/vendor/codeigniter4/framework/system/Database/MySQLi/Connection.php(292): mysqli->query('SELECT COUNT(*)...', 0)
#1 /home/xkynpbah/public_html/vendor/codeigniter4/framework/system/Database/BaseConnection.php(670): CodeIgniter\Database\MySQLi\Connection->execute('SELECT COUNT(*)...')
#2 /home/xkynpbah/public_html/vendor/codeigniter4/framework/system/Database/BaseConnection.php(598): CodeIgniter\Database\BaseConnection->simpleQuery('SELECT COUNT(*)...')
#3 /home/xkynpbah/public_html/vendor/codeigniter4/framework/system/Database/BaseBuilder.php(1527): CodeIgniter\Database\BaseConnection->query('SELECT COUNT(*)...', Array, false)
#4 /home/xkynpbah/public_html/app/Controllers/Telegram.php(165): CodeIgniter\Database\BaseBuilder->countAllResults()
#5 /home/xkynpbah/public_html/app/Controllers/Telegram.php(124): App\Controllers\Telegram->askForResetConfirmation(6719727245, 6719727245, Object(stdClass), 'akashbabu', Object(stdClass))
#6 /home/xkynpbah/public_html/vendor/codeigniter4/framework/system/CodeIgniter.php(824): App\Controllers\Telegram->index()
#7 /home/xkynpbah/public_html/vendor/codeigniter4/framework/system/CodeIgniter.php(410): CodeIgniter\CodeIgniter->runController(Object(App\Controllers\Telegram))
#8 /home/xkynpbah/public_html/vendor/codeigniter4/framework/system/CodeIgniter.php(318): CodeIgniter\CodeIgniter->handleRequest(NULL, Object(Config\Cache), false)
#9 /home/xkynpbah/public_html/index.php(37): CodeIgniter\CodeIgniter->run()
#10 {main}
ERROR - 2026-07-26 21:04:41 --> Telegram controller called
ERROR - 2026-07-26 21:04:41 --> Table 'xkynpbah_titoo.telegram_premium' doesn't exist
CRITICAL - 2026-07-26 21:04:41 --> Table 'xkynpbah_titoo.telegram_premium' doesn't exist
#0 /home/xkynpbah/public_html/vendor/codeigniter4/framework/system/Database/MySQLi/Connection.php(292): mysqli->query('SELECT COUNT(*)...', 0)
#1 /home/xkynpbah/public_html/vendor/codeigniter4/framework/system/Database/BaseConnection.php(670): CodeIgniter\Database\MySQLi\Connection->execute('SELECT COUNT(*)...')
#2 /home/xkynpbah/public_html/vendor/codeigniter4/framework/system/Database/BaseConnection.php(598): CodeIgniter\Database\BaseConnection->simpleQuery('SELECT COUNT(*)...')
#3 /home/xkynpbah/public_html/vendor/codeigniter4/framework/system/Database/BaseBuilder.php(1527): CodeIgniter\Database\BaseConnection->query('SELECT COUNT(*)...', Array, false)
#4 /home/xkynpbah/public_html/app/Controllers/Telegram.php(165): CodeIgniter\Database\BaseBuilder->countAllResults()
#5 /home/xkynpbah/public_html/app/Controllers/Telegram.php(124): App\Controllers\Telegram->askForResetConfirmation(6719727245, 6719727245, Object(stdClass), 'akashbabu', Object(stdClass))
#6 /home/xkynpbah/public_html/vendor/codeigniter4/framework/system/CodeIgniter.php(824): App\Controllers\Telegram->index()
#7 /home/xkynpbah/public_html/vendor/codeigniter4/framework/system/CodeIgniter.php(410): CodeIgniter\CodeIgniter->runController(Object(App\Controllers\Telegram))
#8 /home/xkynpbah/public_html/vendor/codeigniter4/framework/system/CodeIgniter.php(318): CodeIgniter\CodeIgniter->handleRequest(NULL, Object(Config\Cache), false)
#9 /home/xkynpbah/public_html/index.php(37): CodeIgniter\CodeIgniter->run()
#10 {main}
ERROR - 2026-07-26 21:06:33 --> Telegram controller called
ERROR - 2026-07-26 21:06:33 --> Table 'xkynpbah_titoo.telegram_premium' doesn't exist
CRITICAL - 2026-07-26 21:06:33 --> Table 'xkynpbah_titoo.telegram_premium' doesn't exist
#0 /home/xkynpbah/public_html/vendor/codeigniter4/framework/system/Database/MySQLi/Connection.php(292): mysqli->query('SELECT COUNT(*)...', 0)
#1 /home/xkynpbah/public_html/vendor/codeigniter4/framework/system/Database/BaseConnection.php(670): CodeIgniter\Database\MySQLi\Connection->execute('SELECT COUNT(*)...')
#2 /home/xkynpbah/public_html/vendor/codeigniter4/framework/system/Database/BaseConnection.php(598): CodeIgniter\Database\BaseConnection->simpleQuery('SELECT COUNT(*)...')
#3 /home/xkynpbah/public_html/vendor/codeigniter4/framework/system/Database/BaseBuilder.php(1527): CodeIgniter\Database\BaseConnection->query('SELECT COUNT(*)...', Array, false)
#4 /home/xkynpbah/public_html/app/Controllers/Telegram.php(165): CodeIgniter\Database\BaseBuilder->countAllResults()
#5 /home/xkynpbah/public_html/app/Controllers/Telegram.php(124): App\Controllers\Telegram->askForResetConfirmation(6719727245, 6719727245, Object(stdClass), 'akashbabu', Object(stdClass))
#6 /home/xkynpbah/public_html/vendor/codeigniter4/framework/system/CodeIgniter.php(824): App\Controllers\Telegram->index()
#7 /home/xkynpbah/public_html/vendor/codeigniter4/framework/system/CodeIgniter.php(410): CodeIgniter\CodeIgniter->runController(Object(App\Controllers\Telegram))
#8 /home/xkynpbah/public_html/vendor/codeigniter4/framework/system/CodeIgniter.php(318): CodeIgniter\CodeIgniter->handleRequest(NULL, Object(Config\Cache), false)
#9 /home/xkynpbah/public_html/index.php(37): CodeIgniter\CodeIgniter->run()
#10 {main}
ERROR - 2026-07-26 21:07:50 --> Telegram controller called
ERROR - 2026-07-26 21:07:50 --> Table 'xkynpbah_titoo.telegram_premium' doesn't exist
CRITICAL - 2026-07-26 21:07:50 --> Table 'xkynpbah_titoo.telegram_premium' doesn't exist
#0 /home/xkynpbah/public_html/vendor/codeigniter4/framework/system/Database/MySQLi/Connection.php(292): mysqli->query('SELECT COUNT(*)...', 0)
#1 /home/xkynpbah/public_html/vendor/codeigniter4/framework/system/Database/BaseConnection.php(670): CodeIgniter\Database\MySQLi\Connection->execute('SELECT COUNT(*)...')
#2 /home/xkynpbah/public_html/vendor/codeigniter4/framework/system/Database/BaseConnection.php(598): CodeIgniter\Database\BaseConnection->simpleQuery('SELECT COUNT(*)...')
#3 /home/xkynpbah/public_html/vendor/codeigniter4/framework/system/Database/BaseBuilder.php(1527): CodeIgniter\Database\BaseConnection->query('SELECT COUNT(*)...', Array, false)
#4 /home/xkynpbah/public_html/app/Controllers/Telegram.php(165): CodeIgniter\Database\BaseBuilder->countAllResults()
#5 /home/xkynpbah/public_html/app/Controllers/Telegram.php(124): App\Controllers\Telegram->askForResetConfirmation(6719727245, 6719727245, Object(stdClass), 'akashbabu', Object(stdClass))
#6 /home/xkynpbah/public_html/vendor/codeigniter4/framework/system/CodeIgniter.php(824): App\Controllers\Telegram->index()
#7 /home/xkynpbah/public_html/vendor/codeigniter4/framework/system/CodeIgniter.php(410): CodeIgniter\CodeIgniter->runController(Object(App\Controllers\Telegram))
#8 /home/xkynpbah/public_html/vendor/codeigniter4/framework/system/CodeIgniter.php(318): CodeIgniter\CodeIgniter->handleRequest(NULL, Object(Config\Cache), false)
#9 /home/xkynpbah/public_html/index.php(37): CodeIgniter\CodeIgniter->run()
#10 {main}
ERROR - 2026-07-26 21:09:41 --> Telegram controller called
ERROR - 2026-07-26 21:09:41 --> Table 'xkynpbah_titoo.telegram_premium' doesn't exist
CRITICAL - 2026-07-26 21:09:41 --> Table 'xkynpbah_titoo.telegram_premium' doesn't exist
#0 /home/xkynpbah/public_html/vendor/codeigniter4/framework/system/Database/MySQLi/Connection.php(292): mysqli->query('SELECT COUNT(*)...', 0)
#1 /home/xkynpbah/public_html/vendor/codeigniter4/framework/system/Database/BaseConnection.php(670): CodeIgniter\Database\MySQLi\Connection->execute('SELECT COUNT(*)...')
#2 /home/xkynpbah/public_html/vendor/codeigniter4/framework/system/Database/BaseConnection.php(598): CodeIgniter\Database\BaseConnection->simpleQuery('SELECT COUNT(*)...')
#3 /home/xkynpbah/public_html/vendor/codeigniter4/framework/system/Database/BaseBuilder.php(1527): CodeIgniter\Database\BaseConnection->query('SELECT COUNT(*)...', Array, false)
#4 /home/xkynpbah/public_html/app/Controllers/Telegram.php(165): CodeIgniter\Database\BaseBuilder->countAllResults()
#5 /home/xkynpbah/public_html/app/Controllers/Telegram.php(124): App\Controllers\Telegram->askForResetConfirmation(6719727245, 6719727245, Object(stdClass), 'akashbabu', Object(stdClass))
#6 /home/xkynpbah/public_html/vendor/codeigniter4/framework/system/CodeIgniter.php(824): App\Controllers\Telegram->index()
#7 /home/xkynpbah/public_html/vendor/codeigniter4/framework/system/CodeIgniter.php(410): CodeIgniter\CodeIgniter->runController(Object(App\Controllers\Telegram))
#8 /home/xkynpbah/public_html/vendor/codeigniter4/framework/system/CodeIgniter.php(318): CodeIgniter\CodeIgniter->handleRequest(NULL, Object(Config\Cache), false)
#9 /home/xkynpbah/public_html/index.php(37): CodeIgniter\CodeIgniter->run()
#10 {main}
ERROR - 2026-07-26 21:11:33 --> Telegram controller called
ERROR - 2026-07-26 21:11:33 --> Table 'xkynpbah_titoo.telegram_premium' doesn't exist
CRITICAL - 2026-07-26 21:11:33 --> Table 'xkynpbah_titoo.telegram_premium' doesn't exist
#0 /home/xkynpbah/public_html/vendor/codeigniter4/framework/system/Database/MySQLi/Connection.php(292): mysqli->query('SELECT COUNT(*)...', 0)
#1 /home/xkynpbah/public_html/vendor/codeigniter4/framework/system/Database/BaseConnection.php(670): CodeIgniter\Database\MySQLi\Connection->execute('SELECT COUNT(*)...')
#2 /home/xkynpbah/public_html/vendor/codeigniter4/framework/system/Database/BaseConnection.php(598): CodeIgniter\Database\BaseConnection->simpleQuery('SELECT COUNT(*)...')
#3 /home/xkynpbah/public_html/vendor/codeigniter4/framework/system/Database/BaseBuilder.php(1527): CodeIgniter\Database\BaseConnection->query('SELECT COUNT(*)...', Array, false)
#4 /home/xkynpbah/public_html/app/Controllers/Telegram.php(165): CodeIgniter\Database\BaseBuilder->countAllResults()
#5 /home/xkynpbah/public_html/app/Controllers/Telegram.php(124): App\Controllers\Telegram->askForResetConfirmation(6719727245, 6719727245, Object(stdClass), 'akashbabu', Object(stdClass))
#6 /home/xkynpbah/public_html/vendor/codeigniter4/framework/system/CodeIgniter.php(824): App\Controllers\Telegram->index()
#7 /home/xkynpbah/public_html/vendor/codeigniter4/framework/system/CodeIgniter.php(410): CodeIgniter\CodeIgniter->runController(Object(App\Controllers\Telegram))
#8 /home/xkynpbah/public_html/vendor/codeigniter4/framework/system/CodeIgniter.php(318): CodeIgniter\CodeIgniter->handleRequest(NULL, Object(Config\Cache), false)
#9 /home/xkynpbah/public_html/index.php(37): CodeIgniter\CodeIgniter->run()
#10 {main}
ERROR - 2026-07-26 21:12:35 --> Telegram controller called
ERROR - 2026-07-26 21:12:35 --> Table 'xkynpbah_titoo.telegram_premium' doesn't exist
CRITICAL - 2026-07-26 21:12:35 --> Table 'xkynpbah_titoo.telegram_premium' doesn't exist
#0 /home/xkynpbah/public_html/vendor/codeigniter4/framework/system/Database/MySQLi/Connection.php(292): mysqli->query('SELECT COUNT(*)...', 0)
#1 /home/xkynpbah/public_html/vendor/codeigniter4/framework/system/Database/BaseConnection.php(670): CodeIgniter\Database\MySQLi\Connection->execute('SELECT COUNT(*)...')
#2 /home/xkynpbah/public_html/vendor/codeigniter4/framework/system/Database/BaseConnection.php(598): CodeIgniter\Database\BaseConnection->simpleQuery('SELECT COUNT(*)...')
#3 /home/xkynpbah/public_html/vendor/codeigniter4/framework/system/Database/BaseBuilder.php(1527): CodeIgniter\Database\BaseConnection->query('SELECT COUNT(*)...', Array, false)
#4 /home/xkynpbah/public_html/app/Controllers/Telegram.php(165): CodeIgniter\Database\BaseBuilder->countAllResults()
#5 /home/xkynpbah/public_html/app/Controllers/Telegram.php(124): App\Controllers\Telegram->askForResetConfirmation(6719727245, 6719727245, Object(stdClass), 'akashbabu', Object(stdClass))
#6 /home/xkynpbah/public_html/vendor/codeigniter4/framework/system/CodeIgniter.php(824): App\Controllers\Telegram->index()
#7 /home/xkynpbah/public_html/vendor/codeigniter4/framework/system/CodeIgniter.php(410): CodeIgniter\CodeIgniter->runController(Object(App\Controllers\Telegram))
#8 /home/xkynpbah/public_html/vendor/codeigniter4/framework/system/CodeIgniter.php(318): CodeIgniter\CodeIgniter->handleRequest(NULL, Object(Config\Cache), false)
#9 /home/xkynpbah/public_html/index.php(37): CodeIgniter\CodeIgniter->run()
#10 {main}
ERROR - 2026-07-26 21:13:47 --> Telegram controller called
ERROR - 2026-07-26 21:13:47 --> Table 'xkynpbah_titoo.telegram_premium' doesn't exist
CRITICAL - 2026-07-26 21:13:47 --> Table 'xkynpbah_titoo.telegram_premium' doesn't exist
#0 /home/xkynpbah/public_html/vendor/codeigniter4/framework/system/Database/MySQLi/Connection.php(292): mysqli->query('SELECT COUNT(*)...', 0)
#1 /home/xkynpbah/public_html/vendor/codeigniter4/framework/system/Database/BaseConnection.php(670): CodeIgniter\Database\MySQLi\Connection->execute('SELECT COUNT(*)...')
#2 /home/xkynpbah/public_html/vendor/codeigniter4/framework/system/Database/BaseConnection.php(598): CodeIgniter\Database\BaseConnection->simpleQuery('SELECT COUNT(*)...')
#3 /home/xkynpbah/public_html/vendor/codeigniter4/framework/system/Database/BaseBuilder.php(1527): CodeIgniter\Database\BaseConnection->query('SELECT COUNT(*)...', Array, false)
#4 /home/xkynpbah/public_html/app/Controllers/Telegram.php(165): CodeIgniter\Database\BaseBuilder->countAllResults()
#5 /home/xkynpbah/public_html/app/Controllers/Telegram.php(124): App\Controllers\Telegram->askForResetConfirmation(6719727245, 6719727245, Object(stdClass), 'akashbabu', Object(stdClass))
#6 /home/xkynpbah/public_html/vendor/codeigniter4/framework/system/CodeIgniter.php(824): App\Controllers\Telegram->index()
#7 /home/xkynpbah/public_html/vendor/codeigniter4/framework/system/CodeIgniter.php(410): CodeIgniter\CodeIgniter->runController(Object(App\Controllers\Telegram))
#8 /home/xkynpbah/public_html/vendor/codeigniter4/framework/system/CodeIgniter.php(318): CodeIgniter\CodeIgniter->handleRequest(NULL, Object(Config\Cache), false)
#9 /home/xkynpbah/public_html/index.php(37): CodeIgniter\CodeIgniter->run()
#10 {main}
ERROR - 2026-07-26 21:15:28 --> Telegram controller called
ERROR - 2026-07-26 21:15:28 --> Table 'xkynpbah_titoo.telegram_premium' doesn't exist
CRITICAL - 2026-07-26 21:15:28 --> Table 'xkynpbah_titoo.telegram_premium' doesn't exist
#0 /home/xkynpbah/public_html/vendor/codeigniter4/framework/system/Database/MySQLi/Connection.php(292): mysqli->query('SELECT COUNT(*)...', 0)
#1 /home/xkynpbah/public_html/vendor/codeigniter4/framework/system/Database/BaseConnection.php(670): CodeIgniter\Database\MySQLi\Connection->execute('SELECT COUNT(*)...')
#2 /home/xkynpbah/public_html/vendor/codeigniter4/framework/system/Database/BaseConnection.php(598): CodeIgniter\Database\BaseConnection->simpleQuery('SELECT COUNT(*)...')
#3 /home/xkynpbah/public_html/vendor/codeigniter4/framework/system/Database/BaseBuilder.php(1527): CodeIgniter\Database\BaseConnection->query('SELECT COUNT(*)...', Array, false)
#4 /home/xkynpbah/public_html/app/Controllers/Telegram.php(165): CodeIgniter\Database\BaseBuilder->countAllResults()
#5 /home/xkynpbah/public_html/app/Controllers/Telegram.php(124): App\Controllers\Telegram->askForResetConfirmation(6719727245, 6719727245, Object(stdClass), 'akashbabu', Object(stdClass))
#6 /home/xkynpbah/public_html/vendor/codeigniter4/framework/system/CodeIgniter.php(824): App\Controllers\Telegram->index()
#7 /home/xkynpbah/public_html/vendor/codeigniter4/framework/system/CodeIgniter.php(410): CodeIgniter\CodeIgniter->runController(Object(App\Controllers\Telegram))
#8 /home/xkynpbah/public_html/vendor/codeigniter4/framework/system/CodeIgniter.php(318): CodeIgniter\CodeIgniter->handleRequest(NULL, Object(Config\Cache), false)
#9 /home/xkynpbah/public_html/index.php(37): CodeIgniter\CodeIgniter->run()
#10 {main}
ERROR - 2026-07-26 21:17:29 --> Telegram controller called
ERROR - 2026-07-26 21:17:29 --> Table 'xkynpbah_titoo.telegram_premium' doesn't exist
CRITICAL - 2026-07-26 21:17:29 --> Table 'xkynpbah_titoo.telegram_premium' doesn't exist
#0 /home/xkynpbah/public_html/vendor/codeigniter4/framework/system/Database/MySQLi/Connection.php(292): mysqli->query('SELECT COUNT(*)...', 0)
#1 /home/xkynpbah/public_html/vendor/codeigniter4/framework/system/Database/BaseConnection.php(670): CodeIgniter\Database\MySQLi\Connection->execute('SELECT COUNT(*)...')
#2 /home/xkynpbah/public_html/vendor/codeigniter4/framework/system/Database/BaseConnection.php(598): CodeIgniter\Database\BaseConnection->simpleQuery('SELECT COUNT(*)...')
#3 /home/xkynpbah/public_html/vendor/codeigniter4/framework/system/Database/BaseBuilder.php(1527): CodeIgniter\Database\BaseConnection->query('SELECT COUNT(*)...', Array, false)
#4 /home/xkynpbah/public_html/app/Controllers/Telegram.php(165): CodeIgniter\Database\BaseBuilder->countAllResults()
#5 /home/xkynpbah/public_html/app/Controllers/Telegram.php(124): App\Controllers\Telegram->askForResetConfirmation(6719727245, 6719727245, Object(stdClass), 'akashbabu', Object(stdClass))
#6 /home/xkynpbah/public_html/vendor/codeigniter4/framework/system/CodeIgniter.php(824): App\Controllers\Telegram->index()
#7 /home/xkynpbah/public_html/vendor/codeigniter4/framework/system/CodeIgniter.php(410): CodeIgniter\CodeIgniter->runController(Object(App\Controllers\Telegram))
#8 /home/xkynpbah/public_html/vendor/codeigniter4/framework/system/CodeIgniter.php(318): CodeIgniter\CodeIgniter->handleRequest(NULL, Object(Config\Cache), false)
#9 /home/xkynpbah/public_html/index.php(37): CodeIgniter\CodeIgniter->run()
#10 {main}
ERROR - 2026-07-26 21:18:40 --> Telegram controller called
ERROR - 2026-07-26 21:18:40 --> Table 'xkynpbah_titoo.telegram_premium' doesn't exist
CRITICAL - 2026-07-26 21:18:40 --> Table 'xkynpbah_titoo.telegram_premium' doesn't exist
#0 /home/xkynpbah/public_html/vendor/codeigniter4/framework/system/Database/MySQLi/Connection.php(292): mysqli->query('SELECT COUNT(*)...', 0)
#1 /home/xkynpbah/public_html/vendor/codeigniter4/framework/system/Database/BaseConnection.php(670): CodeIgniter\Database\MySQLi\Connection->execute('SELECT COUNT(*)...')
#2 /home/xkynpbah/public_html/vendor/codeigniter4/framework/system/Database/BaseConnection.php(598): CodeIgniter\Database\BaseConnection->simpleQuery('SELECT COUNT(*)...')
#3 /home/xkynpbah/public_html/vendor/codeigniter4/framework/system/Database/BaseBuilder.php(1527): CodeIgniter\Database\BaseConnection->query('SELECT COUNT(*)...', Array, false)
#4 /home/xkynpbah/public_html/app/Controllers/Telegram.php(165): CodeIgniter\Database\BaseBuilder->countAllResults()
#5 /home/xkynpbah/public_html/app/Controllers/Telegram.php(124): App\Controllers\Telegram->askForResetConfirmation(6719727245, 6719727245, Object(stdClass), 'akashbabu', Object(stdClass))
#6 /home/xkynpbah/public_html/vendor/codeigniter4/framework/system/CodeIgniter.php(824): App\Controllers\Telegram->index()
#7 /home/xkynpbah/public_html/vendor/codeigniter4/framework/system/CodeIgniter.php(410): CodeIgniter\CodeIgniter->runController(Object(App\Controllers\Telegram))
#8 /home/xkynpbah/public_html/vendor/codeigniter4/framework/system/CodeIgniter.php(318): CodeIgniter\CodeIgniter->handleRequest(NULL, Object(Config\Cache), false)
#9 /home/xkynpbah/public_html/index.php(37): CodeIgniter\CodeIgniter->run()
#10 {main}
ERROR - 2026-07-26 21:20:05 --> Telegram controller called
ERROR - 2026-07-26 21:20:05 --> Table 'xkynpbah_titoo.telegram_premium' doesn't exist
CRITICAL - 2026-07-26 21:20:05 --> Table 'xkynpbah_titoo.telegram_premium' doesn't exist
#0 /home/xkynpbah/public_html/vendor/codeigniter4/framework/system/Database/MySQLi/Connection.php(292): mysqli->query('SELECT COUNT(*)...', 0)
#1 /home/xkynpbah/public_html/vendor/codeigniter4/framework/system/Database/BaseConnection.php(670): CodeIgniter\Database\MySQLi\Connection->execute('SELECT COUNT(*)...')
#2 /home/xkynpbah/public_html/vendor/codeigniter4/framework/system/Database/BaseConnection.php(598): CodeIgniter\Database\BaseConnection->simpleQuery('SELECT COUNT(*)...')
#3 /home/xkynpbah/public_html/vendor/codeigniter4/framework/system/Database/BaseBuilder.php(1527): CodeIgniter\Database\BaseConnection->query('SELECT COUNT(*)...', Array, false)
#4 /home/xkynpbah/public_html/app/Controllers/Telegram.php(165): CodeIgniter\Database\BaseBuilder->countAllResults()
#5 /home/xkynpbah/public_html/app/Controllers/Telegram.php(124): App\Controllers\Telegram->askForResetConfirmation(6719727245, 6719727245, Object(stdClass), 'akashbabu', Object(stdClass))
#6 /home/xkynpbah/public_html/vendor/codeigniter4/framework/system/CodeIgniter.php(824): App\Controllers\Telegram->index()
#7 /home/xkynpbah/public_html/vendor/codeigniter4/framework/system/CodeIgniter.php(410): CodeIgniter\CodeIgniter->runController(Object(App\Controllers\Telegram))
#8 /home/xkynpbah/public_html/vendor/codeigniter4/framework/system/CodeIgniter.php(318): CodeIgniter\CodeIgniter->handleRequest(NULL, Object(Config\Cache), false)
#9 /home/xkynpbah/public_html/index.php(37): CodeIgniter\CodeIgniter->run()
#10 {main}
ERROR - 2026-07-26 21:21:14 --> Telegram controller called
ERROR - 2026-07-26 21:21:14 --> Table 'xkynpbah_titoo.telegram_premium' doesn't exist
CRITICAL - 2026-07-26 21:21:14 --> Table 'xkynpbah_titoo.telegram_premium' doesn't exist
#0 /home/xkynpbah/public_html/vendor/codeigniter4/framework/system/Database/MySQLi/Connection.php(292): mysqli->query('SELECT COUNT(*)...', 0)
#1 /home/xkynpbah/public_html/vendor/codeigniter4/framework/system/Database/BaseConnection.php(670): CodeIgniter\Database\MySQLi\Connection->execute('SELECT COUNT(*)...')
#2 /home/xkynpbah/public_html/vendor/codeigniter4/framework/system/Database/BaseConnection.php(598): CodeIgniter\Database\BaseConnection->simpleQuery('SELECT COUNT(*)...')
#3 /home/xkynpbah/public_html/vendor/codeigniter4/framework/system/Database/BaseBuilder.php(1527): CodeIgniter\Database\BaseConnection->query('SELECT COUNT(*)...', Array, false)
#4 /home/xkynpbah/public_html/app/Controllers/Telegram.php(165): CodeIgniter\Database\BaseBuilder->countAllResults()
#5 /home/xkynpbah/public_html/app/Controllers/Telegram.php(124): App\Controllers\Telegram->askForResetConfirmation(6719727245, 6719727245, Object(stdClass), 'akashbabu', Object(stdClass))
#6 /home/xkynpbah/public_html/vendor/codeigniter4/framework/system/CodeIgniter.php(824): App\Controllers\Telegram->index()
#7 /home/xkynpbah/public_html/vendor/codeigniter4/framework/system/CodeIgniter.php(410): CodeIgniter\CodeIgniter->runController(Object(App\Controllers\Telegram))
#8 /home/xkynpbah/public_html/vendor/codeigniter4/framework/system/CodeIgniter.php(318): CodeIgniter\CodeIgniter->handleRequest(NULL, Object(Config\Cache), false)
#9 /home/xkynpbah/public_html/index.php(37): CodeIgniter\CodeIgniter->run()
#10 {main}
ERROR - 2026-07-26 21:22:46 --> Telegram controller called
ERROR - 2026-07-26 21:22:46 --> Table 'xkynpbah_titoo.telegram_premium' doesn't exist
CRITICAL - 2026-07-26 21:22:46 --> Table 'xkynpbah_titoo.telegram_premium' doesn't exist
#0 /home/xkynpbah/public_html/vendor/codeigniter4/framework/system/Database/MySQLi/Connection.php(292): mysqli->query('SELECT COUNT(*)...', 0)
#1 /home/xkynpbah/public_html/vendor/codeigniter4/framework/system/Database/BaseConnection.php(670): CodeIgniter\Database\MySQLi\Connection->execute('SELECT COUNT(*)...')
#2 /home/xkynpbah/public_html/vendor/codeigniter4/framework/system/Database/BaseConnection.php(598): CodeIgniter\Database\BaseConnection->simpleQuery('SELECT COUNT(*)...')
#3 /home/xkynpbah/public_html/vendor/codeigniter4/framework/system/Database/BaseBuilder.php(1527): CodeIgniter\Database\BaseConnection->query('SELECT COUNT(*)...', Array, false)
#4 /home/xkynpbah/public_html/app/Controllers/Telegram.php(165): CodeIgniter\Database\BaseBuilder->countAllResults()
#5 /home/xkynpbah/public_html/app/Controllers/Telegram.php(124): App\Controllers\Telegram->askForResetConfirmation(6719727245, 6719727245, Object(stdClass), 'akashbabu', Object(stdClass))
#6 /home/xkynpbah/public_html/vendor/codeigniter4/framework/system/CodeIgniter.php(824): App\Controllers\Telegram->index()
#7 /home/xkynpbah/public_html/vendor/codeigniter4/framework/system/CodeIgniter.php(410): CodeIgniter\CodeIgniter->runController(Object(App\Controllers\Telegram))
#8 /home/xkynpbah/public_html/vendor/codeigniter4/framework/system/CodeIgniter.php(318): CodeIgniter\CodeIgniter->handleRequest(NULL, Object(Config\Cache), false)
#9 /home/xkynpbah/public_html/index.php(37): CodeIgniter\CodeIgniter->run()
#10 {main}
ERROR - 2026-07-26 21:23:54 --> Telegram controller called
ERROR - 2026-07-26 21:23:55 --> Table 'xkynpbah_titoo.telegram_premium' doesn't exist
CRITICAL - 2026-07-26 21:23:55 --> Table 'xkynpbah_titoo.telegram_premium' doesn't exist
#0 /home/xkynpbah/public_html/vendor/codeigniter4/framework/system/Database/MySQLi/Connection.php(292): mysqli->query('SELECT COUNT(*)...', 0)
#1 /home/xkynpbah/public_html/vendor/codeigniter4/framework/system/Database/BaseConnection.php(670): CodeIgniter\Database\MySQLi\Connection->execute('SELECT COUNT(*)...')
#2 /home/xkynpbah/public_html/vendor/codeigniter4/framework/system/Database/BaseConnection.php(598): CodeIgniter\Database\BaseConnection->simpleQuery('SELECT COUNT(*)...')
#3 /home/xkynpbah/public_html/vendor/codeigniter4/framework/system/Database/BaseBuilder.php(1527): CodeIgniter\Database\BaseConnection->query('SELECT COUNT(*)...', Array, false)
#4 /home/xkynpbah/public_html/app/Controllers/Telegram.php(165): CodeIgniter\Database\BaseBuilder->countAllResults()
#5 /home/xkynpbah/public_html/app/Controllers/Telegram.php(124): App\Controllers\Telegram->askForResetConfirmation(6719727245, 6719727245, Object(stdClass), 'akashbabu', Object(stdClass))
#6 /home/xkynpbah/public_html/vendor/codeigniter4/framework/system/CodeIgniter.php(824): App\Controllers\Telegram->index()
#7 /home/xkynpbah/public_html/vendor/codeigniter4/framework/system/CodeIgniter.php(410): CodeIgniter\CodeIgniter->runController(Object(App\Controllers\Telegram))
#8 /home/xkynpbah/public_html/vendor/codeigniter4/framework/system/CodeIgniter.php(318): CodeIgniter\CodeIgniter->handleRequest(NULL, Object(Config\Cache), false)
#9 /home/xkynpbah/public_html/index.php(37): CodeIgniter\CodeIgniter->run()
#10 {main}
ERROR - 2026-07-26 21:25:16 --> Telegram controller called
ERROR - 2026-07-26 21:25:16 --> Table 'xkynpbah_titoo.telegram_premium' doesn't exist
CRITICAL - 2026-07-26 21:25:16 --> Table 'xkynpbah_titoo.telegram_premium' doesn't exist
#0 /home/xkynpbah/public_html/vendor/codeigniter4/framework/system/Database/MySQLi/Connection.php(292): mysqli->query('SELECT COUNT(*)...', 0)
#1 /home/xkynpbah/public_html/vendor/codeigniter4/framework/system/Database/BaseConnection.php(670): CodeIgniter\Database\MySQLi\Connection->execute('SELECT COUNT(*)...')
#2 /home/xkynpbah/public_html/vendor/codeigniter4/framework/system/Database/BaseConnection.php(598): CodeIgniter\Database\BaseConnection->simpleQuery('SELECT COUNT(*)...')
#3 /home/xkynpbah/public_html/vendor/codeigniter4/framework/system/Database/BaseBuilder.php(1527): CodeIgniter\Database\BaseConnection->query('SELECT COUNT(*)...', Array, false)
#4 /home/xkynpbah/public_html/app/Controllers/Telegram.php(165): CodeIgniter\Database\BaseBuilder->countAllResults()
#5 /home/xkynpbah/public_html/app/Controllers/Telegram.php(124): App\Controllers\Telegram->askForResetConfirmation(6719727245, 6719727245, Object(stdClass), 'akashbabu', Object(stdClass))
#6 /home/xkynpbah/public_html/vendor/codeigniter4/framework/system/CodeIgniter.php(824): App\Controllers\Telegram->index()
#7 /home/xkynpbah/public_html/vendor/codeigniter4/framework/system/CodeIgniter.php(410): CodeIgniter\CodeIgniter->runController(Object(App\Controllers\Telegram))
#8 /home/xkynpbah/public_html/vendor/codeigniter4/framework/system/CodeIgniter.php(318): CodeIgniter\CodeIgniter->handleRequest(NULL, Object(Config\Cache), false)
#9 /home/xkynpbah/public_html/index.php(37): CodeIgniter\CodeIgniter->run()
#10 {main}
ERROR - 2026-07-26 21:27:07 --> Telegram controller called
ERROR - 2026-07-26 21:27:07 --> Table 'xkynpbah_titoo.telegram_premium' doesn't exist
CRITICAL - 2026-07-26 21:27:07 --> Table 'xkynpbah_titoo.telegram_premium' doesn't exist
#0 /home/xkynpbah/public_html/vendor/codeigniter4/framework/system/Database/MySQLi/Connection.php(292): mysqli->query('SELECT COUNT(*)...', 0)
#1 /home/xkynpbah/public_html/vendor/codeigniter4/framework/system/Database/BaseConnection.php(670): CodeIgniter\Database\MySQLi\Connection->execute('SELECT COUNT(*)...')
#2 /home/xkynpbah/public_html/vendor/codeigniter4/framework/system/Database/BaseConnection.php(598): CodeIgniter\Database\BaseConnection->simpleQuery('SELECT COUNT(*)...')
#3 /home/xkynpbah/public_html/vendor/codeigniter4/framework/system/Database/BaseBuilder.php(1527): CodeIgniter\Database\BaseConnection->query('SELECT COUNT(*)...', Array, false)
#4 /home/xkynpbah/public_html/app/Controllers/Telegram.php(165): CodeIgniter\Database\BaseBuilder->countAllResults()
#5 /home/xkynpbah/public_html/app/Controllers/Telegram.php(124): App\Controllers\Telegram->askForResetConfirmation(6719727245, 6719727245, Object(stdClass), 'akashbabu', Object(stdClass))
#6 /home/xkynpbah/public_html/vendor/codeigniter4/framework/system/CodeIgniter.php(824): App\Controllers\Telegram->index()
#7 /home/xkynpbah/public_html/vendor/codeigniter4/framework/system/CodeIgniter.php(410): CodeIgniter\CodeIgniter->runController(Object(App\Controllers\Telegram))
#8 /home/xkynpbah/public_html/vendor/codeigniter4/framework/system/CodeIgniter.php(318): CodeIgniter\CodeIgniter->handleRequest(NULL, Object(Config\Cache), false)
#9 /home/xkynpbah/public_html/index.php(37): CodeIgniter\CodeIgniter->run()
#10 {main}
ERROR - 2026-07-26 21:28:15 --> Telegram controller called
ERROR - 2026-07-26 21:28:15 --> Table 'xkynpbah_titoo.telegram_premium' doesn't exist
CRITICAL - 2026-07-26 21:28:15 --> Table 'xkynpbah_titoo.telegram_premium' doesn't exist
#0 /home/xkynpbah/public_html/vendor/codeigniter4/framework/system/Database/MySQLi/Connection.php(292): mysqli->query('SELECT COUNT(*)...', 0)
#1 /home/xkynpbah/public_html/vendor/codeigniter4/framework/system/Database/BaseConnection.php(670): CodeIgniter\Database\MySQLi\Connection->execute('SELECT COUNT(*)...')
#2 /home/xkynpbah/public_html/vendor/codeigniter4/framework/system/Database/BaseConnection.php(598): CodeIgniter\Database\BaseConnection->simpleQuery('SELECT COUNT(*)...')
#3 /home/xkynpbah/public_html/vendor/codeigniter4/framework/system/Database/BaseBuilder.php(1527): CodeIgniter\Database\BaseConnection->query('SELECT COUNT(*)...', Array, false)
#4 /home/xkynpbah/public_html/app/Controllers/Telegram.php(165): CodeIgniter\Database\BaseBuilder->countAllResults()
#5 /home/xkynpbah/public_html/app/Controllers/Telegram.php(124): App\Controllers\Telegram->askForResetConfirmation(6719727245, 6719727245, Object(stdClass), 'akashbabu', Object(stdClass))
#6 /home/xkynpbah/public_html/vendor/codeigniter4/framework/system/CodeIgniter.php(824): App\Controllers\Telegram->index()
#7 /home/xkynpbah/public_html/vendor/codeigniter4/framework/system/CodeIgniter.php(410): CodeIgniter\CodeIgniter->runController(Object(App\Controllers\Telegram))
#8 /home/xkynpbah/public_html/vendor/codeigniter4/framework/system/CodeIgniter.php(318): CodeIgniter\CodeIgniter->handleRequest(NULL, Object(Config\Cache), false)
#9 /home/xkynpbah/public_html/index.php(37): CodeIgniter\CodeIgniter->run()
#10 {main}
ERROR - 2026-07-26 21:29:33 --> Telegram controller called
ERROR - 2026-07-26 21:29:33 --> Table 'xkynpbah_titoo.telegram_premium' doesn't exist
CRITICAL - 2026-07-26 21:29:33 --> Table 'xkynpbah_titoo.telegram_premium' doesn't exist
#0 /home/xkynpbah/public_html/vendor/codeigniter4/framework/system/Database/MySQLi/Connection.php(292): mysqli->query('SELECT COUNT(*)...', 0)
#1 /home/xkynpbah/public_html/vendor/codeigniter4/framework/system/Database/BaseConnection.php(670): CodeIgniter\Database\MySQLi\Connection->execute('SELECT COUNT(*)...')
#2 /home/xkynpbah/public_html/vendor/codeigniter4/framework/system/Database/BaseConnection.php(598): CodeIgniter\Database\BaseConnection->simpleQuery('SELECT COUNT(*)...')
#3 /home/xkynpbah/public_html/vendor/codeigniter4/framework/system/Database/BaseBuilder.php(1527): CodeIgniter\Database\BaseConnection->query('SELECT COUNT(*)...', Array, false)
#4 /home/xkynpbah/public_html/app/Controllers/Telegram.php(165): CodeIgniter\Database\BaseBuilder->countAllResults()
#5 /home/xkynpbah/public_html/app/Controllers/Telegram.php(124): App\Controllers\Telegram->askForResetConfirmation(6719727245, 6719727245, Object(stdClass), 'akashbabu', Object(stdClass))
#6 /home/xkynpbah/public_html/vendor/codeigniter4/framework/system/CodeIgniter.php(824): App\Controllers\Telegram->index()
#7 /home/xkynpbah/public_html/vendor/codeigniter4/framework/system/CodeIgniter.php(410): CodeIgniter\CodeIgniter->runController(Object(App\Controllers\Telegram))
#8 /home/xkynpbah/public_html/vendor/codeigniter4/framework/system/CodeIgniter.php(318): CodeIgniter\CodeIgniter->handleRequest(NULL, Object(Config\Cache), false)
#9 /home/xkynpbah/public_html/index.php(37): CodeIgniter\CodeIgniter->run()
#10 {main}
ERROR - 2026-07-26 21:30:33 --> Telegram controller called
ERROR - 2026-07-26 21:30:33 --> Table 'xkynpbah_titoo.telegram_premium' doesn't exist
CRITICAL - 2026-07-26 21:30:33 --> Table 'xkynpbah_titoo.telegram_premium' doesn't exist
#0 /home/xkynpbah/public_html/vendor/codeigniter4/framework/system/Database/MySQLi/Connection.php(292): mysqli->query('SELECT COUNT(*)...', 0)
#1 /home/xkynpbah/public_html/vendor/codeigniter4/framework/system/Database/BaseConnection.php(670): CodeIgniter\Database\MySQLi\Connection->execute('SELECT COUNT(*)...')
#2 /home/xkynpbah/public_html/vendor/codeigniter4/framework/system/Database/BaseConnection.php(598): CodeIgniter\Database\BaseConnection->simpleQuery('SELECT COUNT(*)...')
#3 /home/xkynpbah/public_html/vendor/codeigniter4/framework/system/Database/BaseBuilder.php(1527): CodeIgniter\Database\BaseConnection->query('SELECT COUNT(*)...', Array, false)
#4 /home/xkynpbah/public_html/app/Controllers/Telegram.php(165): CodeIgniter\Database\BaseBuilder->countAllResults()
#5 /home/xkynpbah/public_html/app/Controllers/Telegram.php(124): App\Controllers\Telegram->askForResetConfirmation(6719727245, 6719727245, Object(stdClass), 'akashbabu', Object(stdClass))
#6 /home/xkynpbah/public_html/vendor/codeigniter4/framework/system/CodeIgniter.php(824): App\Controllers\Telegram->index()
#7 /home/xkynpbah/public_html/vendor/codeigniter4/framework/system/CodeIgniter.php(410): CodeIgniter\CodeIgniter->runController(Object(App\Controllers\Telegram))
#8 /home/xkynpbah/public_html/vendor/codeigniter4/framework/system/CodeIgniter.php(318): CodeIgniter\CodeIgniter->handleRequest(NULL, Object(Config\Cache), false)
#9 /home/xkynpbah/public_html/index.php(37): CodeIgniter\CodeIgniter->run()
#10 {main}
ERROR - 2026-07-26 21:32:11 --> Telegram controller called
ERROR - 2026-07-26 21:32:11 --> Table 'xkynpbah_titoo.telegram_premium' doesn't exist
CRITICAL - 2026-07-26 21:32:11 --> Table 'xkynpbah_titoo.telegram_premium' doesn't exist
#0 /home/xkynpbah/public_html/vendor/codeigniter4/framework/system/Database/MySQLi/Connection.php(292): mysqli->query('SELECT COUNT(*)...', 0)
#1 /home/xkynpbah/public_html/vendor/codeigniter4/framework/system/Database/BaseConnection.php(670): CodeIgniter\Database\MySQLi\Connection->execute('SELECT COUNT(*)...')
#2 /home/xkynpbah/public_html/vendor/codeigniter4/framework/system/Database/BaseConnection.php(598): CodeIgniter\Database\BaseConnection->simpleQuery('SELECT COUNT(*)...')
#3 /home/xkynpbah/public_html/vendor/codeigniter4/framework/system/Database/BaseBuilder.php(1527): CodeIgniter\Database\BaseConnection->query('SELECT COUNT(*)...', Array, false)
#4 /home/xkynpbah/public_html/app/Controllers/Telegram.php(165): CodeIgniter\Database\BaseBuilder->countAllResults()
#5 /home/xkynpbah/public_html/app/Controllers/Telegram.php(124): App\Controllers\Telegram->askForResetConfirmation(6719727245, 6719727245, Object(stdClass), 'akashbabu', Object(stdClass))
#6 /home/xkynpbah/public_html/vendor/codeigniter4/framework/system/CodeIgniter.php(824): App\Controllers\Telegram->index()
#7 /home/xkynpbah/public_html/vendor/codeigniter4/framework/system/CodeIgniter.php(410): CodeIgniter\CodeIgniter->runController(Object(App\Controllers\Telegram))
#8 /home/xkynpbah/public_html/vendor/codeigniter4/framework/system/CodeIgniter.php(318): CodeIgniter\CodeIgniter->handleRequest(NULL, Object(Config\Cache), false)
#9 /home/xkynpbah/public_html/index.php(37): CodeIgniter\CodeIgniter->run()
#10 {main}
ERROR - 2026-07-26 21:34:12 --> Telegram controller called
ERROR - 2026-07-26 21:34:12 --> Table 'xkynpbah_titoo.telegram_premium' doesn't exist
CRITICAL - 2026-07-26 21:34:12 --> Table 'xkynpbah_titoo.telegram_premium' doesn't exist
#0 /home/xkynpbah/public_html/vendor/codeigniter4/framework/system/Database/MySQLi/Connection.php(292): mysqli->query('SELECT COUNT(*)...', 0)
#1 /home/xkynpbah/public_html/vendor/codeigniter4/framework/system/Database/BaseConnection.php(670): CodeIgniter\Database\MySQLi\Connection->execute('SELECT COUNT(*)...')
#2 /home/xkynpbah/public_html/vendor/codeigniter4/framework/system/Database/BaseConnection.php(598): CodeIgniter\Database\BaseConnection->simpleQuery('SELECT COUNT(*)...')
#3 /home/xkynpbah/public_html/vendor/codeigniter4/framework/system/Database/BaseBuilder.php(1527): CodeIgniter\Database\BaseConnection->query('SELECT COUNT(*)...', Array, false)
#4 /home/xkynpbah/public_html/app/Controllers/Telegram.php(165): CodeIgniter\Database\BaseBuilder->countAllResults()
#5 /home/xkynpbah/public_html/app/Controllers/Telegram.php(124): App\Controllers\Telegram->askForResetConfirmation(6719727245, 6719727245, Object(stdClass), 'akashbabu', Object(stdClass))
#6 /home/xkynpbah/public_html/vendor/codeigniter4/framework/system/CodeIgniter.php(824): App\Controllers\Telegram->index()
#7 /home/xkynpbah/public_html/vendor/codeigniter4/framework/system/CodeIgniter.php(410): CodeIgniter\CodeIgniter->runController(Object(App\Controllers\Telegram))
#8 /home/xkynpbah/public_html/vendor/codeigniter4/framework/system/CodeIgniter.php(318): CodeIgniter\CodeIgniter->handleRequest(NULL, Object(Config\Cache), false)
#9 /home/xkynpbah/public_html/index.php(37): CodeIgniter\CodeIgniter->run()
#10 {main}
ERROR - 2026-07-26 21:35:41 --> Telegram controller called
ERROR - 2026-07-26 21:35:41 --> Table 'xkynpbah_titoo.telegram_premium' doesn't exist
CRITICAL - 2026-07-26 21:35:41 --> Table 'xkynpbah_titoo.telegram_premium' doesn't exist
#0 /home/xkynpbah/public_html/vendor/codeigniter4/framework/system/Database/MySQLi/Connection.php(292): mysqli->query('SELECT COUNT(*)...', 0)
#1 /home/xkynpbah/public_html/vendor/codeigniter4/framework/system/Database/BaseConnection.php(670): CodeIgniter\Database\MySQLi\Connection->execute('SELECT COUNT(*)...')
#2 /home/xkynpbah/public_html/vendor/codeigniter4/framework/system/Database/BaseConnection.php(598): CodeIgniter\Database\BaseConnection->simpleQuery('SELECT COUNT(*)...')
#3 /home/xkynpbah/public_html/vendor/codeigniter4/framework/system/Database/BaseBuilder.php(1527): CodeIgniter\Database\BaseConnection->query('SELECT COUNT(*)...', Array, false)
#4 /home/xkynpbah/public_html/app/Controllers/Telegram.php(165): CodeIgniter\Database\BaseBuilder->countAllResults()
#5 /home/xkynpbah/public_html/app/Controllers/Telegram.php(124): App\Controllers\Telegram->askForResetConfirmation(6719727245, 6719727245, Object(stdClass), 'akashbabu', Object(stdClass))
#6 /home/xkynpbah/public_html/vendor/codeigniter4/framework/system/CodeIgniter.php(824): App\Controllers\Telegram->index()
#7 /home/xkynpbah/public_html/vendor/codeigniter4/framework/system/CodeIgniter.php(410): CodeIgniter\CodeIgniter->runController(Object(App\Controllers\Telegram))
#8 /home/xkynpbah/public_html/vendor/codeigniter4/framework/system/CodeIgniter.php(318): CodeIgniter\CodeIgniter->handleRequest(NULL, Object(Config\Cache), false)
#9 /home/xkynpbah/public_html/index.php(37): CodeIgniter\CodeIgniter->run()
#10 {main}
ERROR - 2026-07-26 21:37:31 --> Telegram controller called
ERROR - 2026-07-26 21:37:31 --> Table 'xkynpbah_titoo.telegram_premium' doesn't exist
CRITICAL - 2026-07-26 21:37:31 --> Table 'xkynpbah_titoo.telegram_premium' doesn't exist
#0 /home/xkynpbah/public_html/vendor/codeigniter4/framework/system/Database/MySQLi/Connection.php(292): mysqli->query('SELECT COUNT(*)...', 0)
#1 /home/xkynpbah/public_html/vendor/codeigniter4/framework/system/Database/BaseConnection.php(670): CodeIgniter\Database\MySQLi\Connection->execute('SELECT COUNT(*)...')
#2 /home/xkynpbah/public_html/vendor/codeigniter4/framework/system/Database/BaseConnection.php(598): CodeIgniter\Database\BaseConnection->simpleQuery('SELECT COUNT(*)...')
#3 /home/xkynpbah/public_html/vendor/codeigniter4/framework/system/Database/BaseBuilder.php(1527): CodeIgniter\Database\BaseConnection->query('SELECT COUNT(*)...', Array, false)
#4 /home/xkynpbah/public_html/app/Controllers/Telegram.php(165): CodeIgniter\Database\BaseBuilder->countAllResults()
#5 /home/xkynpbah/public_html/app/Controllers/Telegram.php(124): App\Controllers\Telegram->askForResetConfirmation(6719727245, 6719727245, Object(stdClass), 'akashbabu', Object(stdClass))
#6 /home/xkynpbah/public_html/vendor/codeigniter4/framework/system/CodeIgniter.php(824): App\Controllers\Telegram->index()
#7 /home/xkynpbah/public_html/vendor/codeigniter4/framework/system/CodeIgniter.php(410): CodeIgniter\CodeIgniter->runController(Object(App\Controllers\Telegram))
#8 /home/xkynpbah/public_html/vendor/codeigniter4/framework/system/CodeIgniter.php(318): CodeIgniter\CodeIgniter->handleRequest(NULL, Object(Config\Cache), false)
#9 /home/xkynpbah/public_html/index.php(37): CodeIgniter\CodeIgniter->run()
#10 {main}
ERROR - 2026-07-26 21:39:12 --> Telegram controller called
ERROR - 2026-07-26 21:39:12 --> Table 'xkynpbah_titoo.telegram_premium' doesn't exist
CRITICAL - 2026-07-26 21:39:12 --> Table 'xkynpbah_titoo.telegram_premium' doesn't exist
#0 /home/xkynpbah/public_html/vendor/codeigniter4/framework/system/Database/MySQLi/Connection.php(292): mysqli->query('SELECT COUNT(*)...', 0)
#1 /home/xkynpbah/public_html/vendor/codeigniter4/framework/system/Database/BaseConnection.php(670): CodeIgniter\Database\MySQLi\Connection->execute('SELECT COUNT(*)...')
#2 /home/xkynpbah/public_html/vendor/codeigniter4/framework/system/Database/BaseConnection.php(598): CodeIgniter\Database\BaseConnection->simpleQuery('SELECT COUNT(*)...')
#3 /home/xkynpbah/public_html/vendor/codeigniter4/framework/system/Database/BaseBuilder.php(1527): CodeIgniter\Database\BaseConnection->query('SELECT COUNT(*)...', Array, false)
#4 /home/xkynpbah/public_html/app/Controllers/Telegram.php(165): CodeIgniter\Database\BaseBuilder->countAllResults()
#5 /home/xkynpbah/public_html/app/Controllers/Telegram.php(124): App\Controllers\Telegram->askForResetConfirmation(6719727245, 6719727245, Object(stdClass), 'akashbabu', Object(stdClass))
#6 /home/xkynpbah/public_html/vendor/codeigniter4/framework/system/CodeIgniter.php(824): App\Controllers\Telegram->index()
#7 /home/xkynpbah/public_html/vendor/codeigniter4/framework/system/CodeIgniter.php(410): CodeIgniter\CodeIgniter->runController(Object(App\Controllers\Telegram))
#8 /home/xkynpbah/public_html/vendor/codeigniter4/framework/system/CodeIgniter.php(318): CodeIgniter\CodeIgniter->handleRequest(NULL, Object(Config\Cache), false)
#9 /home/xkynpbah/public_html/index.php(37): CodeIgniter\CodeIgniter->run()
#10 {main}
ERROR - 2026-07-26 21:40:45 --> Telegram controller called
ERROR - 2026-07-26 21:40:45 --> Table 'xkynpbah_titoo.telegram_premium' doesn't exist
CRITICAL - 2026-07-26 21:40:45 --> Table 'xkynpbah_titoo.telegram_premium' doesn't exist
#0 /home/xkynpbah/public_html/vendor/codeigniter4/framework/system/Database/MySQLi/Connection.php(292): mysqli->query('SELECT COUNT(*)...', 0)
#1 /home/xkynpbah/public_html/vendor/codeigniter4/framework/system/Database/BaseConnection.php(670): CodeIgniter\Database\MySQLi\Connection->execute('SELECT COUNT(*)...')
#2 /home/xkynpbah/public_html/vendor/codeigniter4/framework/system/Database/BaseConnection.php(598): CodeIgniter\Database\BaseConnection->simpleQuery('SELECT COUNT(*)...')
#3 /home/xkynpbah/public_html/vendor/codeigniter4/framework/system/Database/BaseBuilder.php(1527): CodeIgniter\Database\BaseConnection->query('SELECT COUNT(*)...', Array, false)
#4 /home/xkynpbah/public_html/app/Controllers/Telegram.php(165): CodeIgniter\Database\BaseBuilder->countAllResults()
#5 /home/xkynpbah/public_html/app/Controllers/Telegram.php(124): App\Controllers\Telegram->askForResetConfirmation(6719727245, 6719727245, Object(stdClass), 'akashbabu', Object(stdClass))
#6 /home/xkynpbah/public_html/vendor/codeigniter4/framework/system/CodeIgniter.php(824): App\Controllers\Telegram->index()
#7 /home/xkynpbah/public_html/vendor/codeigniter4/framework/system/CodeIgniter.php(410): CodeIgniter\CodeIgniter->runController(Object(App\Controllers\Telegram))
#8 /home/xkynpbah/public_html/vendor/codeigniter4/framework/system/CodeIgniter.php(318): CodeIgniter\CodeIgniter->handleRequest(NULL, Object(Config\Cache), false)
#9 /home/xkynpbah/public_html/index.php(37): CodeIgniter\CodeIgniter->run()
#10 {main}
ERROR - 2026-07-26 21:41:48 --> Telegram controller called
ERROR - 2026-07-26 21:41:48 --> Table 'xkynpbah_titoo.telegram_premium' doesn't exist
CRITICAL - 2026-07-26 21:41:48 --> Table 'xkynpbah_titoo.telegram_premium' doesn't exist
#0 /home/xkynpbah/public_html/vendor/codeigniter4/framework/system/Database/MySQLi/Connection.php(292): mysqli->query('SELECT COUNT(*)...', 0)
#1 /home/xkynpbah/public_html/vendor/codeigniter4/framework/system/Database/BaseConnection.php(670): CodeIgniter\Database\MySQLi\Connection->execute('SELECT COUNT(*)...')
#2 /home/xkynpbah/public_html/vendor/codeigniter4/framework/system/Database/BaseConnection.php(598): CodeIgniter\Database\BaseConnection->simpleQuery('SELECT COUNT(*)...')
#3 /home/xkynpbah/public_html/vendor/codeigniter4/framework/system/Database/BaseBuilder.php(1527): CodeIgniter\Database\BaseConnection->query('SELECT COUNT(*)...', Array, false)
#4 /home/xkynpbah/public_html/app/Controllers/Telegram.php(165): CodeIgniter\Database\BaseBuilder->countAllResults()
#5 /home/xkynpbah/public_html/app/Controllers/Telegram.php(124): App\Controllers\Telegram->askForResetConfirmation(6719727245, 6719727245, Object(stdClass), 'akashbabu', Object(stdClass))
#6 /home/xkynpbah/public_html/vendor/codeigniter4/framework/system/CodeIgniter.php(824): App\Controllers\Telegram->index()
#7 /home/xkynpbah/public_html/vendor/codeigniter4/framework/system/CodeIgniter.php(410): CodeIgniter\CodeIgniter->runController(Object(App\Controllers\Telegram))
#8 /home/xkynpbah/public_html/vendor/codeigniter4/framework/system/CodeIgniter.php(318): CodeIgniter\CodeIgniter->handleRequest(NULL, Object(Config\Cache), false)
#9 /home/xkynpbah/public_html/index.php(37): CodeIgniter\CodeIgniter->run()
#10 {main}
ERROR - 2026-07-26 21:43:21 --> Telegram controller called
ERROR - 2026-07-26 21:43:21 --> Table 'xkynpbah_titoo.telegram_premium' doesn't exist
CRITICAL - 2026-07-26 21:43:21 --> Table 'xkynpbah_titoo.telegram_premium' doesn't exist
#0 /home/xkynpbah/public_html/vendor/codeigniter4/framework/system/Database/MySQLi/Connection.php(292): mysqli->query('SELECT COUNT(*)...', 0)
#1 /home/xkynpbah/public_html/vendor/codeigniter4/framework/system/Database/BaseConnection.php(670): CodeIgniter\Database\MySQLi\Connection->execute('SELECT COUNT(*)...')
#2 /home/xkynpbah/public_html/vendor/codeigniter4/framework/system/Database/BaseConnection.php(598): CodeIgniter\Database\BaseConnection->simpleQuery('SELECT COUNT(*)...')
#3 /home/xkynpbah/public_html/vendor/codeigniter4/framework/system/Database/BaseBuilder.php(1527): CodeIgniter\Database\BaseConnection->query('SELECT COUNT(*)...', Array, false)
#4 /home/xkynpbah/public_html/app/Controllers/Telegram.php(165): CodeIgniter\Database\BaseBuilder->countAllResults()
#5 /home/xkynpbah/public_html/app/Controllers/Telegram.php(124): App\Controllers\Telegram->askForResetConfirmation(6719727245, 6719727245, Object(stdClass), 'akashbabu', Object(stdClass))
#6 /home/xkynpbah/public_html/vendor/codeigniter4/framework/system/CodeIgniter.php(824): App\Controllers\Telegram->index()
#7 /home/xkynpbah/public_html/vendor/codeigniter4/framework/system/CodeIgniter.php(410): CodeIgniter\CodeIgniter->runController(Object(App\Controllers\Telegram))
#8 /home/xkynpbah/public_html/vendor/codeigniter4/framework/system/CodeIgniter.php(318): CodeIgniter\CodeIgniter->handleRequest(NULL, Object(Config\Cache), false)
#9 /home/xkynpbah/public_html/index.php(37): CodeIgniter\CodeIgniter->run()
#10 {main}
ERROR - 2026-07-26 21:44:26 --> Telegram controller called
ERROR - 2026-07-26 21:44:26 --> Table 'xkynpbah_titoo.telegram_premium' doesn't exist
CRITICAL - 2026-07-26 21:44:26 --> Table 'xkynpbah_titoo.telegram_premium' doesn't exist
#0 /home/xkynpbah/public_html/vendor/codeigniter4/framework/system/Database/MySQLi/Connection.php(292): mysqli->query('SELECT COUNT(*)...', 0)
#1 /home/xkynpbah/public_html/vendor/codeigniter4/framework/system/Database/BaseConnection.php(670): CodeIgniter\Database\MySQLi\Connection->execute('SELECT COUNT(*)...')
#2 /home/xkynpbah/public_html/vendor/codeigniter4/framework/system/Database/BaseConnection.php(598): CodeIgniter\Database\BaseConnection->simpleQuery('SELECT COUNT(*)...')
#3 /home/xkynpbah/public_html/vendor/codeigniter4/framework/system/Database/BaseBuilder.php(1527): CodeIgniter\Database\BaseConnection->query('SELECT COUNT(*)...', Array, false)
#4 /home/xkynpbah/public_html/app/Controllers/Telegram.php(165): CodeIgniter\Database\BaseBuilder->countAllResults()
#5 /home/xkynpbah/public_html/app/Controllers/Telegram.php(124): App\Controllers\Telegram->askForResetConfirmation(6719727245, 6719727245, Object(stdClass), 'akashbabu', Object(stdClass))
#6 /home/xkynpbah/public_html/vendor/codeigniter4/framework/system/CodeIgniter.php(824): App\Controllers\Telegram->index()
#7 /home/xkynpbah/public_html/vendor/codeigniter4/framework/system/CodeIgniter.php(410): CodeIgniter\CodeIgniter->runController(Object(App\Controllers\Telegram))
#8 /home/xkynpbah/public_html/vendor/codeigniter4/framework/system/CodeIgniter.php(318): CodeIgniter\CodeIgniter->handleRequest(NULL, Object(Config\Cache), false)
#9 /home/xkynpbah/public_html/index.php(37): CodeIgniter\CodeIgniter->run()
#10 {main}
ERROR - 2026-07-26 21:46:22 --> Telegram controller called
ERROR - 2026-07-26 21:46:22 --> Table 'xkynpbah_titoo.telegram_premium' doesn't exist
CRITICAL - 2026-07-26 21:46:22 --> Table 'xkynpbah_titoo.telegram_premium' doesn't exist
#0 /home/xkynpbah/public_html/vendor/codeigniter4/framework/system/Database/MySQLi/Connection.php(292): mysqli->query('SELECT COUNT(*)...', 0)
#1 /home/xkynpbah/public_html/vendor/codeigniter4/framework/system/Database/BaseConnection.php(670): CodeIgniter\Database\MySQLi\Connection->execute('SELECT COUNT(*)...')
#2 /home/xkynpbah/public_html/vendor/codeigniter4/framework/system/Database/BaseConnection.php(598): CodeIgniter\Database\BaseConnection->simpleQuery('SELECT COUNT(*)...')
#3 /home/xkynpbah/public_html/vendor/codeigniter4/framework/system/Database/BaseBuilder.php(1527): CodeIgniter\Database\BaseConnection->query('SELECT COUNT(*)...', Array, false)
#4 /home/xkynpbah/public_html/app/Controllers/Telegram.php(165): CodeIgniter\Database\BaseBuilder->countAllResults()
#5 /home/xkynpbah/public_html/app/Controllers/Telegram.php(124): App\Controllers\Telegram->askForResetConfirmation(6719727245, 6719727245, Object(stdClass), 'akashbabu', Object(stdClass))
#6 /home/xkynpbah/public_html/vendor/codeigniter4/framework/system/CodeIgniter.php(824): App\Controllers\Telegram->index()
#7 /home/xkynpbah/public_html/vendor/codeigniter4/framework/system/CodeIgniter.php(410): CodeIgniter\CodeIgniter->runController(Object(App\Controllers\Telegram))
#8 /home/xkynpbah/public_html/vendor/codeigniter4/framework/system/CodeIgniter.php(318): CodeIgniter\CodeIgniter->handleRequest(NULL, Object(Config\Cache), false)
#9 /home/xkynpbah/public_html/index.php(37): CodeIgniter\CodeIgniter->run()
#10 {main}
ERROR - 2026-07-26 21:47:49 --> Telegram controller called
ERROR - 2026-07-26 21:47:49 --> Table 'xkynpbah_titoo.telegram_premium' doesn't exist
CRITICAL - 2026-07-26 21:47:49 --> Table 'xkynpbah_titoo.telegram_premium' doesn't exist
#0 /home/xkynpbah/public_html/vendor/codeigniter4/framework/system/Database/MySQLi/Connection.php(292): mysqli->query('SELECT COUNT(*)...', 0)
#1 /home/xkynpbah/public_html/vendor/codeigniter4/framework/system/Database/BaseConnection.php(670): CodeIgniter\Database\MySQLi\Connection->execute('SELECT COUNT(*)...')
#2 /home/xkynpbah/public_html/vendor/codeigniter4/framework/system/Database/BaseConnection.php(598): CodeIgniter\Database\BaseConnection->simpleQuery('SELECT COUNT(*)...')
#3 /home/xkynpbah/public_html/vendor/codeigniter4/framework/system/Database/BaseBuilder.php(1527): CodeIgniter\Database\BaseConnection->query('SELECT COUNT(*)...', Array, false)
#4 /home/xkynpbah/public_html/app/Controllers/Telegram.php(165): CodeIgniter\Database\BaseBuilder->countAllResults()
#5 /home/xkynpbah/public_html/app/Controllers/Telegram.php(124): App\Controllers\Telegram->askForResetConfirmation(6719727245, 6719727245, Object(stdClass), 'akashbabu', Object(stdClass))
#6 /home/xkynpbah/public_html/vendor/codeigniter4/framework/system/CodeIgniter.php(824): App\Controllers\Telegram->index()
#7 /home/xkynpbah/public_html/vendor/codeigniter4/framework/system/CodeIgniter.php(410): CodeIgniter\CodeIgniter->runController(Object(App\Controllers\Telegram))
#8 /home/xkynpbah/public_html/vendor/codeigniter4/framework/system/CodeIgniter.php(318): CodeIgniter\CodeIgniter->handleRequest(NULL, Object(Config\Cache), false)
#9 /home/xkynpbah/public_html/index.php(37): CodeIgniter\CodeIgniter->run()
#10 {main}
ERROR - 2026-07-26 21:48:55 --> Telegram controller called
ERROR - 2026-07-26 21:48:55 --> Table 'xkynpbah_titoo.telegram_premium' doesn't exist
CRITICAL - 2026-07-26 21:48:55 --> Table 'xkynpbah_titoo.telegram_premium' doesn't exist
#0 /home/xkynpbah/public_html/vendor/codeigniter4/framework/system/Database/MySQLi/Connection.php(292): mysqli->query('SELECT COUNT(*)...', 0)
#1 /home/xkynpbah/public_html/vendor/codeigniter4/framework/system/Database/BaseConnection.php(670): CodeIgniter\Database\MySQLi\Connection->execute('SELECT COUNT(*)...')
#2 /home/xkynpbah/public_html/vendor/codeigniter4/framework/system/Database/BaseConnection.php(598): CodeIgniter\Database\BaseConnection->simpleQuery('SELECT COUNT(*)...')
#3 /home/xkynpbah/public_html/vendor/codeigniter4/framework/system/Database/BaseBuilder.php(1527): CodeIgniter\Database\BaseConnection->query('SELECT COUNT(*)...', Array, false)
#4 /home/xkynpbah/public_html/app/Controllers/Telegram.php(165): CodeIgniter\Database\BaseBuilder->countAllResults()
#5 /home/xkynpbah/public_html/app/Controllers/Telegram.php(124): App\Controllers\Telegram->askForResetConfirmation(6719727245, 6719727245, Object(stdClass), 'akashbabu', Object(stdClass))
#6 /home/xkynpbah/public_html/vendor/codeigniter4/framework/system/CodeIgniter.php(824): App\Controllers\Telegram->index()
#7 /home/xkynpbah/public_html/vendor/codeigniter4/framework/system/CodeIgniter.php(410): CodeIgniter\CodeIgniter->runController(Object(App\Controllers\Telegram))
#8 /home/xkynpbah/public_html/vendor/codeigniter4/framework/system/CodeIgniter.php(318): CodeIgniter\CodeIgniter->handleRequest(NULL, Object(Config\Cache), false)
#9 /home/xkynpbah/public_html/index.php(37): CodeIgniter\CodeIgniter->run()
#10 {main}
ERROR - 2026-07-26 21:50:27 --> Telegram controller called
ERROR - 2026-07-26 21:50:27 --> Table 'xkynpbah_titoo.telegram_premium' doesn't exist
CRITICAL - 2026-07-26 21:50:27 --> Table 'xkynpbah_titoo.telegram_premium' doesn't exist
#0 /home/xkynpbah/public_html/vendor/codeigniter4/framework/system/Database/MySQLi/Connection.php(292): mysqli->query('SELECT COUNT(*)...', 0)
#1 /home/xkynpbah/public_html/vendor/codeigniter4/framework/system/Database/BaseConnection.php(670): CodeIgniter\Database\MySQLi\Connection->execute('SELECT COUNT(*)...')
#2 /home/xkynpbah/public_html/vendor/codeigniter4/framework/system/Database/BaseConnection.php(598): CodeIgniter\Database\BaseConnection->simpleQuery('SELECT COUNT(*)...')
#3 /home/xkynpbah/public_html/vendor/codeigniter4/framework/system/Database/BaseBuilder.php(1527): CodeIgniter\Database\BaseConnection->query('SELECT COUNT(*)...', Array, false)
#4 /home/xkynpbah/public_html/app/Controllers/Telegram.php(165): CodeIgniter\Database\BaseBuilder->countAllResults()
#5 /home/xkynpbah/public_html/app/Controllers/Telegram.php(124): App\Controllers\Telegram->askForResetConfirmation(6719727245, 6719727245, Object(stdClass), 'akashbabu', Object(stdClass))
#6 /home/xkynpbah/public_html/vendor/codeigniter4/framework/system/CodeIgniter.php(824): App\Controllers\Telegram->index()
#7 /home/xkynpbah/public_html/vendor/codeigniter4/framework/system/CodeIgniter.php(410): CodeIgniter\CodeIgniter->runController(Object(App\Controllers\Telegram))
#8 /home/xkynpbah/public_html/vendor/codeigniter4/framework/system/CodeIgniter.php(318): CodeIgniter\CodeIgniter->handleRequest(NULL, Object(Config\Cache), false)
#9 /home/xkynpbah/public_html/index.php(37): CodeIgniter\CodeIgniter->run()
#10 {main}
ERROR - 2026-07-26 21:51:45 --> Telegram controller called
ERROR - 2026-07-26 21:51:45 --> Table 'xkynpbah_titoo.telegram_premium' doesn't exist
CRITICAL - 2026-07-26 21:51:45 --> Table 'xkynpbah_titoo.telegram_premium' doesn't exist
#0 /home/xkynpbah/public_html/vendor/codeigniter4/framework/system/Database/MySQLi/Connection.php(292): mysqli->query('SELECT COUNT(*)...', 0)
#1 /home/xkynpbah/public_html/vendor/codeigniter4/framework/system/Database/BaseConnection.php(670): CodeIgniter\Database\MySQLi\Connection->execute('SELECT COUNT(*)...')
#2 /home/xkynpbah/public_html/vendor/codeigniter4/framework/system/Database/BaseConnection.php(598): CodeIgniter\Database\BaseConnection->simpleQuery('SELECT COUNT(*)...')
#3 /home/xkynpbah/public_html/vendor/codeigniter4/framework/system/Database/BaseBuilder.php(1527): CodeIgniter\Database\BaseConnection->query('SELECT COUNT(*)...', Array, false)
#4 /home/xkynpbah/public_html/app/Controllers/Telegram.php(165): CodeIgniter\Database\BaseBuilder->countAllResults()
#5 /home/xkynpbah/public_html/app/Controllers/Telegram.php(124): App\Controllers\Telegram->askForResetConfirmation(6719727245, 6719727245, Object(stdClass), 'akashbabu', Object(stdClass))
#6 /home/xkynpbah/public_html/vendor/codeigniter4/framework/system/CodeIgniter.php(824): App\Controllers\Telegram->index()
#7 /home/xkynpbah/public_html/vendor/codeigniter4/framework/system/CodeIgniter.php(410): CodeIgniter\CodeIgniter->runController(Object(App\Controllers\Telegram))
#8 /home/xkynpbah/public_html/vendor/codeigniter4/framework/system/CodeIgniter.php(318): CodeIgniter\CodeIgniter->handleRequest(NULL, Object(Config\Cache), false)
#9 /home/xkynpbah/public_html/index.php(37): CodeIgniter\CodeIgniter->run()
#10 {main}
ERROR - 2026-07-26 21:53:30 --> Telegram controller called
ERROR - 2026-07-26 21:53:30 --> Table 'xkynpbah_titoo.telegram_premium' doesn't exist
CRITICAL - 2026-07-26 21:53:30 --> Table 'xkynpbah_titoo.telegram_premium' doesn't exist
#0 /home/xkynpbah/public_html/vendor/codeigniter4/framework/system/Database/MySQLi/Connection.php(292): mysqli->query('SELECT COUNT(*)...', 0)
#1 /home/xkynpbah/public_html/vendor/codeigniter4/framework/system/Database/BaseConnection.php(670): CodeIgniter\Database\MySQLi\Connection->execute('SELECT COUNT(*)...')
#2 /home/xkynpbah/public_html/vendor/codeigniter4/framework/system/Database/BaseConnection.php(598): CodeIgniter\Database\BaseConnection->simpleQuery('SELECT COUNT(*)...')
#3 /home/xkynpbah/public_html/vendor/codeigniter4/framework/system/Database/BaseBuilder.php(1527): CodeIgniter\Database\BaseConnection->query('SELECT COUNT(*)...', Array, false)
#4 /home/xkynpbah/public_html/app/Controllers/Telegram.php(165): CodeIgniter\Database\BaseBuilder->countAllResults()
#5 /home/xkynpbah/public_html/app/Controllers/Telegram.php(124): App\Controllers\Telegram->askForResetConfirmation(6719727245, 6719727245, Object(stdClass), 'akashbabu', Object(stdClass))
#6 /home/xkynpbah/public_html/vendor/codeigniter4/framework/system/CodeIgniter.php(824): App\Controllers\Telegram->index()
#7 /home/xkynpbah/public_html/vendor/codeigniter4/framework/system/CodeIgniter.php(410): CodeIgniter\CodeIgniter->runController(Object(App\Controllers\Telegram))
#8 /home/xkynpbah/public_html/vendor/codeigniter4/framework/system/CodeIgniter.php(318): CodeIgniter\CodeIgniter->handleRequest(NULL, Object(Config\Cache), false)
#9 /home/xkynpbah/public_html/index.php(37): CodeIgniter\CodeIgniter->run()
#10 {main}
ERROR - 2026-07-26 21:54:51 --> Telegram controller called
ERROR - 2026-07-26 21:54:51 --> Table 'xkynpbah_titoo.telegram_premium' doesn't exist
CRITICAL - 2026-07-26 21:54:51 --> Table 'xkynpbah_titoo.telegram_premium' doesn't exist
#0 /home/xkynpbah/public_html/vendor/codeigniter4/framework/system/Database/MySQLi/Connection.php(292): mysqli->query('SELECT COUNT(*)...', 0)
#1 /home/xkynpbah/public_html/vendor/codeigniter4/framework/system/Database/BaseConnection.php(670): CodeIgniter\Database\MySQLi\Connection->execute('SELECT COUNT(*)...')
#2 /home/xkynpbah/public_html/vendor/codeigniter4/framework/system/Database/BaseConnection.php(598): CodeIgniter\Database\BaseConnection->simpleQuery('SELECT COUNT(*)...')
#3 /home/xkynpbah/public_html/vendor/codeigniter4/framework/system/Database/BaseBuilder.php(1527): CodeIgniter\Database\BaseConnection->query('SELECT COUNT(*)...', Array, false)
#4 /home/xkynpbah/public_html/app/Controllers/Telegram.php(165): CodeIgniter\Database\BaseBuilder->countAllResults()
#5 /home/xkynpbah/public_html/app/Controllers/Telegram.php(124): App\Controllers\Telegram->askForResetConfirmation(6719727245, 6719727245, Object(stdClass), 'akashbabu', Object(stdClass))
#6 /home/xkynpbah/public_html/vendor/codeigniter4/framework/system/CodeIgniter.php(824): App\Controllers\Telegram->index()
#7 /home/xkynpbah/public_html/vendor/codeigniter4/framework/system/CodeIgniter.php(410): CodeIgniter\CodeIgniter->runController(Object(App\Controllers\Telegram))
#8 /home/xkynpbah/public_html/vendor/codeigniter4/framework/system/CodeIgniter.php(318): CodeIgniter\CodeIgniter->handleRequest(NULL, Object(Config\Cache), false)
#9 /home/xkynpbah/public_html/index.php(37): CodeIgniter\CodeIgniter->run()
#10 {main}
ERROR - 2026-07-26 21:56:32 --> Telegram controller called
ERROR - 2026-07-26 21:56:32 --> Table 'xkynpbah_titoo.telegram_premium' doesn't exist
CRITICAL - 2026-07-26 21:56:32 --> Table 'xkynpbah_titoo.telegram_premium' doesn't exist
#0 /home/xkynpbah/public_html/vendor/codeigniter4/framework/system/Database/MySQLi/Connection.php(292): mysqli->query('SELECT COUNT(*)...', 0)
#1 /home/xkynpbah/public_html/vendor/codeigniter4/framework/system/Database/BaseConnection.php(670): CodeIgniter\Database\MySQLi\Connection->execute('SELECT COUNT(*)...')
#2 /home/xkynpbah/public_html/vendor/codeigniter4/framework/system/Database/BaseConnection.php(598): CodeIgniter\Database\BaseConnection->simpleQuery('SELECT COUNT(*)...')
#3 /home/xkynpbah/public_html/vendor/codeigniter4/framework/system/Database/BaseBuilder.php(1527): CodeIgniter\Database\BaseConnection->query('SELECT COUNT(*)...', Array, false)
#4 /home/xkynpbah/public_html/app/Controllers/Telegram.php(165): CodeIgniter\Database\BaseBuilder->countAllResults()
#5 /home/xkynpbah/public_html/app/Controllers/Telegram.php(124): App\Controllers\Telegram->askForResetConfirmation(6719727245, 6719727245, Object(stdClass), 'akashbabu', Object(stdClass))
#6 /home/xkynpbah/public_html/vendor/codeigniter4/framework/system/CodeIgniter.php(824): App\Controllers\Telegram->index()
#7 /home/xkynpbah/public_html/vendor/codeigniter4/framework/system/CodeIgniter.php(410): CodeIgniter\CodeIgniter->runController(Object(App\Controllers\Telegram))
#8 /home/xkynpbah/public_html/vendor/codeigniter4/framework/system/CodeIgniter.php(318): CodeIgniter\CodeIgniter->handleRequest(NULL, Object(Config\Cache), false)
#9 /home/xkynpbah/public_html/index.php(37): CodeIgniter\CodeIgniter->run()
#10 {main}
ERROR - 2026-07-26 21:58:12 --> Telegram controller called
ERROR - 2026-07-26 21:58:12 --> Table 'xkynpbah_titoo.telegram_premium' doesn't exist
CRITICAL - 2026-07-26 21:58:12 --> Table 'xkynpbah_titoo.telegram_premium' doesn't exist
#0 /home/xkynpbah/public_html/vendor/codeigniter4/framework/system/Database/MySQLi/Connection.php(292): mysqli->query('SELECT COUNT(*)...', 0)
#1 /home/xkynpbah/public_html/vendor/codeigniter4/framework/system/Database/BaseConnection.php(670): CodeIgniter\Database\MySQLi\Connection->execute('SELECT COUNT(*)...')
#2 /home/xkynpbah/public_html/vendor/codeigniter4/framework/system/Database/BaseConnection.php(598): CodeIgniter\Database\BaseConnection->simpleQuery('SELECT COUNT(*)...')
#3 /home/xkynpbah/public_html/vendor/codeigniter4/framework/system/Database/BaseBuilder.php(1527): CodeIgniter\Database\BaseConnection->query('SELECT COUNT(*)...', Array, false)
#4 /home/xkynpbah/public_html/app/Controllers/Telegram.php(165): CodeIgniter\Database\BaseBuilder->countAllResults()
#5 /home/xkynpbah/public_html/app/Controllers/Telegram.php(124): App\Controllers\Telegram->askForResetConfirmation(6719727245, 6719727245, Object(stdClass), 'akashbabu', Object(stdClass))
#6 /home/xkynpbah/public_html/vendor/codeigniter4/framework/system/CodeIgniter.php(824): App\Controllers\Telegram->index()
#7 /home/xkynpbah/public_html/vendor/codeigniter4/framework/system/CodeIgniter.php(410): CodeIgniter\CodeIgniter->runController(Object(App\Controllers\Telegram))
#8 /home/xkynpbah/public_html/vendor/codeigniter4/framework/system/CodeIgniter.php(318): CodeIgniter\CodeIgniter->handleRequest(NULL, Object(Config\Cache), false)
#9 /home/xkynpbah/public_html/index.php(37): CodeIgniter\CodeIgniter->run()
#10 {main}
ERROR - 2026-07-26 21:59:41 --> Telegram controller called
ERROR - 2026-07-26 21:59:41 --> Table 'xkynpbah_titoo.telegram_premium' doesn't exist
CRITICAL - 2026-07-26 21:59:41 --> Table 'xkynpbah_titoo.telegram_premium' doesn't exist
#0 /home/xkynpbah/public_html/vendor/codeigniter4/framework/system/Database/MySQLi/Connection.php(292): mysqli->query('SELECT COUNT(*)...', 0)
#1 /home/xkynpbah/public_html/vendor/codeigniter4/framework/system/Database/BaseConnection.php(670): CodeIgniter\Database\MySQLi\Connection->execute('SELECT COUNT(*)...')
#2 /home/xkynpbah/public_html/vendor/codeigniter4/framework/system/Database/BaseConnection.php(598): CodeIgniter\Database\BaseConnection->simpleQuery('SELECT COUNT(*)...')
#3 /home/xkynpbah/public_html/vendor/codeigniter4/framework/system/Database/BaseBuilder.php(1527): CodeIgniter\Database\BaseConnection->query('SELECT COUNT(*)...', Array, false)
#4 /home/xkynpbah/public_html/app/Controllers/Telegram.php(165): CodeIgniter\Database\BaseBuilder->countAllResults()
#5 /home/xkynpbah/public_html/app/Controllers/Telegram.php(124): App\Controllers\Telegram->askForResetConfirmation(6719727245, 6719727245, Object(stdClass), 'akashbabu', Object(stdClass))
#6 /home/xkynpbah/public_html/vendor/codeigniter4/framework/system/CodeIgniter.php(824): App\Controllers\Telegram->index()
#7 /home/xkynpbah/public_html/vendor/codeigniter4/framework/system/CodeIgniter.php(410): CodeIgniter\CodeIgniter->runController(Object(App\Controllers\Telegram))
#8 /home/xkynpbah/public_html/vendor/codeigniter4/framework/system/CodeIgniter.php(318): CodeIgniter\CodeIgniter->handleRequest(NULL, Object(Config\Cache), false)
#9 /home/xkynpbah/public_html/index.php(37): CodeIgniter\CodeIgniter->run()
#10 {main}
ERROR - 2026-07-26 22:01:29 --> Telegram controller called
ERROR - 2026-07-26 22:01:29 --> Table 'xkynpbah_titoo.telegram_premium' doesn't exist
CRITICAL - 2026-07-26 22:01:29 --> Table 'xkynpbah_titoo.telegram_premium' doesn't exist
#0 /home/xkynpbah/public_html/vendor/codeigniter4/framework/system/Database/MySQLi/Connection.php(292): mysqli->query('SELECT COUNT(*)...', 0)
#1 /home/xkynpbah/public_html/vendor/codeigniter4/framework/system/Database/BaseConnection.php(670): CodeIgniter\Database\MySQLi\Connection->execute('SELECT COUNT(*)...')
#2 /home/xkynpbah/public_html/vendor/codeigniter4/framework/system/Database/BaseConnection.php(598): CodeIgniter\Database\BaseConnection->simpleQuery('SELECT COUNT(*)...')
#3 /home/xkynpbah/public_html/vendor/codeigniter4/framework/system/Database/BaseBuilder.php(1527): CodeIgniter\Database\BaseConnection->query('SELECT COUNT(*)...', Array, false)
#4 /home/xkynpbah/public_html/app/Controllers/Telegram.php(165): CodeIgniter\Database\BaseBuilder->countAllResults()
#5 /home/xkynpbah/public_html/app/Controllers/Telegram.php(124): App\Controllers\Telegram->askForResetConfirmation(6719727245, 6719727245, Object(stdClass), 'akashbabu', Object(stdClass))
#6 /home/xkynpbah/public_html/vendor/codeigniter4/framework/system/CodeIgniter.php(824): App\Controllers\Telegram->index()
#7 /home/xkynpbah/public_html/vendor/codeigniter4/framework/system/CodeIgniter.php(410): CodeIgniter\CodeIgniter->runController(Object(App\Controllers\Telegram))
#8 /home/xkynpbah/public_html/vendor/codeigniter4/framework/system/CodeIgniter.php(318): CodeIgniter\CodeIgniter->handleRequest(NULL, Object(Config\Cache), false)
#9 /home/xkynpbah/public_html/index.php(37): CodeIgniter\CodeIgniter->run()
#10 {main}
ERROR - 2026-07-26 22:02:44 --> Telegram controller called
ERROR - 2026-07-26 22:02:44 --> Table 'xkynpbah_titoo.telegram_premium' doesn't exist
CRITICAL - 2026-07-26 22:02:44 --> Table 'xkynpbah_titoo.telegram_premium' doesn't exist
#0 /home/xkynpbah/public_html/vendor/codeigniter4/framework/system/Database/MySQLi/Connection.php(292): mysqli->query('SELECT COUNT(*)...', 0)
#1 /home/xkynpbah/public_html/vendor/codeigniter4/framework/system/Database/BaseConnection.php(670): CodeIgniter\Database\MySQLi\Connection->execute('SELECT COUNT(*)...')
#2 /home/xkynpbah/public_html/vendor/codeigniter4/framework/system/Database/BaseConnection.php(598): CodeIgniter\Database\BaseConnection->simpleQuery('SELECT COUNT(*)...')
#3 /home/xkynpbah/public_html/vendor/codeigniter4/framework/system/Database/BaseBuilder.php(1527): CodeIgniter\Database\BaseConnection->query('SELECT COUNT(*)...', Array, false)
#4 /home/xkynpbah/public_html/app/Controllers/Telegram.php(165): CodeIgniter\Database\BaseBuilder->countAllResults()
#5 /home/xkynpbah/public_html/app/Controllers/Telegram.php(124): App\Controllers\Telegram->askForResetConfirmation(6719727245, 6719727245, Object(stdClass), 'akashbabu', Object(stdClass))
#6 /home/xkynpbah/public_html/vendor/codeigniter4/framework/system/CodeIgniter.php(824): App\Controllers\Telegram->index()
#7 /home/xkynpbah/public_html/vendor/codeigniter4/framework/system/CodeIgniter.php(410): CodeIgniter\CodeIgniter->runController(Object(App\Controllers\Telegram))
#8 /home/xkynpbah/public_html/vendor/codeigniter4/framework/system/CodeIgniter.php(318): CodeIgniter\CodeIgniter->handleRequest(NULL, Object(Config\Cache), false)
#9 /home/xkynpbah/public_html/index.php(37): CodeIgniter\CodeIgniter->run()
#10 {main}
ERROR - 2026-07-26 22:03:50 --> Telegram controller called
ERROR - 2026-07-26 22:03:50 --> Table 'xkynpbah_titoo.telegram_premium' doesn't exist
CRITICAL - 2026-07-26 22:03:50 --> Table 'xkynpbah_titoo.telegram_premium' doesn't exist
#0 /home/xkynpbah/public_html/vendor/codeigniter4/framework/system/Database/MySQLi/Connection.php(292): mysqli->query('SELECT COUNT(*)...', 0)
#1 /home/xkynpbah/public_html/vendor/codeigniter4/framework/system/Database/BaseConnection.php(670): CodeIgniter\Database\MySQLi\Connection->execute('SELECT COUNT(*)...')
#2 /home/xkynpbah/public_html/vendor/codeigniter4/framework/system/Database/BaseConnection.php(598): CodeIgniter\Database\BaseConnection->simpleQuery('SELECT COUNT(*)...')
#3 /home/xkynpbah/public_html/vendor/codeigniter4/framework/system/Database/BaseBuilder.php(1527): CodeIgniter\Database\BaseConnection->query('SELECT COUNT(*)...', Array, false)
#4 /home/xkynpbah/public_html/app/Controllers/Telegram.php(165): CodeIgniter\Database\BaseBuilder->countAllResults()
#5 /home/xkynpbah/public_html/app/Controllers/Telegram.php(124): App\Controllers\Telegram->askForResetConfirmation(6719727245, 6719727245, Object(stdClass), 'akashbabu', Object(stdClass))
#6 /home/xkynpbah/public_html/vendor/codeigniter4/framework/system/CodeIgniter.php(824): App\Controllers\Telegram->index()
#7 /home/xkynpbah/public_html/vendor/codeigniter4/framework/system/CodeIgniter.php(410): CodeIgniter\CodeIgniter->runController(Object(App\Controllers\Telegram))
#8 /home/xkynpbah/public_html/vendor/codeigniter4/framework/system/CodeIgniter.php(318): CodeIgniter\CodeIgniter->handleRequest(NULL, Object(Config\Cache), false)
#9 /home/xkynpbah/public_html/index.php(37): CodeIgniter\CodeIgniter->run()
#10 {main}
ERROR - 2026-07-26 22:05:13 --> Telegram controller called
ERROR - 2026-07-26 22:05:13 --> Table 'xkynpbah_titoo.telegram_premium' doesn't exist
CRITICAL - 2026-07-26 22:05:13 --> Table 'xkynpbah_titoo.telegram_premium' doesn't exist
#0 /home/xkynpbah/public_html/vendor/codeigniter4/framework/system/Database/MySQLi/Connection.php(292): mysqli->query('SELECT COUNT(*)...', 0)
#1 /home/xkynpbah/public_html/vendor/codeigniter4/framework/system/Database/BaseConnection.php(670): CodeIgniter\Database\MySQLi\Connection->execute('SELECT COUNT(*)...')
#2 /home/xkynpbah/public_html/vendor/codeigniter4/framework/system/Database/BaseConnection.php(598): CodeIgniter\Database\BaseConnection->simpleQuery('SELECT COUNT(*)...')
#3 /home/xkynpbah/public_html/vendor/codeigniter4/framework/system/Database/BaseBuilder.php(1527): CodeIgniter\Database\BaseConnection->query('SELECT COUNT(*)...', Array, false)
#4 /home/xkynpbah/public_html/app/Controllers/Telegram.php(165): CodeIgniter\Database\BaseBuilder->countAllResults()
#5 /home/xkynpbah/public_html/app/Controllers/Telegram.php(124): App\Controllers\Telegram->askForResetConfirmation(6719727245, 6719727245, Object(stdClass), 'akashbabu', Object(stdClass))
#6 /home/xkynpbah/public_html/vendor/codeigniter4/framework/system/CodeIgniter.php(824): App\Controllers\Telegram->index()
#7 /home/xkynpbah/public_html/vendor/codeigniter4/framework/system/CodeIgniter.php(410): CodeIgniter\CodeIgniter->runController(Object(App\Controllers\Telegram))
#8 /home/xkynpbah/public_html/vendor/codeigniter4/framework/system/CodeIgniter.php(318): CodeIgniter\CodeIgniter->handleRequest(NULL, Object(Config\Cache), false)
#9 /home/xkynpbah/public_html/index.php(37): CodeIgniter\CodeIgniter->run()
#10 {main}
ERROR - 2026-07-26 22:06:51 --> Telegram controller called
ERROR - 2026-07-26 22:06:51 --> Table 'xkynpbah_titoo.telegram_premium' doesn't exist
CRITICAL - 2026-07-26 22:06:51 --> Table 'xkynpbah_titoo.telegram_premium' doesn't exist
#0 /home/xkynpbah/public_html/vendor/codeigniter4/framework/system/Database/MySQLi/Connection.php(292): mysqli->query('SELECT COUNT(*)...', 0)
#1 /home/xkynpbah/public_html/vendor/codeigniter4/framework/system/Database/BaseConnection.php(670): CodeIgniter\Database\MySQLi\Connection->execute('SELECT COUNT(*)...')
#2 /home/xkynpbah/public_html/vendor/codeigniter4/framework/system/Database/BaseConnection.php(598): CodeIgniter\Database\BaseConnection->simpleQuery('SELECT COUNT(*)...')
#3 /home/xkynpbah/public_html/vendor/codeigniter4/framework/system/Database/BaseBuilder.php(1527): CodeIgniter\Database\BaseConnection->query('SELECT COUNT(*)...', Array, false)
#4 /home/xkynpbah/public_html/app/Controllers/Telegram.php(165): CodeIgniter\Database\BaseBuilder->countAllResults()
#5 /home/xkynpbah/public_html/app/Controllers/Telegram.php(124): App\Controllers\Telegram->askForResetConfirmation(6719727245, 6719727245, Object(stdClass), 'akashbabu', Object(stdClass))
#6 /home/xkynpbah/public_html/vendor/codeigniter4/framework/system/CodeIgniter.php(824): App\Controllers\Telegram->index()
#7 /home/xkynpbah/public_html/vendor/codeigniter4/framework/system/CodeIgniter.php(410): CodeIgniter\CodeIgniter->runController(Object(App\Controllers\Telegram))
#8 /home/xkynpbah/public_html/vendor/codeigniter4/framework/system/CodeIgniter.php(318): CodeIgniter\CodeIgniter->handleRequest(NULL, Object(Config\Cache), false)
#9 /home/xkynpbah/public_html/index.php(37): CodeIgniter\CodeIgniter->run()
#10 {main}
ERROR - 2026-07-26 22:08:46 --> Telegram controller called
ERROR - 2026-07-26 22:08:46 --> Table 'xkynpbah_titoo.telegram_premium' doesn't exist
CRITICAL - 2026-07-26 22:08:46 --> Table 'xkynpbah_titoo.telegram_premium' doesn't exist
#0 /home/xkynpbah/public_html/vendor/codeigniter4/framework/system/Database/MySQLi/Connection.php(292): mysqli->query('SELECT COUNT(*)...', 0)
#1 /home/xkynpbah/public_html/vendor/codeigniter4/framework/system/Database/BaseConnection.php(670): CodeIgniter\Database\MySQLi\Connection->execute('SELECT COUNT(*)...')
#2 /home/xkynpbah/public_html/vendor/codeigniter4/framework/system/Database/BaseConnection.php(598): CodeIgniter\Database\BaseConnection->simpleQuery('SELECT COUNT(*)...')
#3 /home/xkynpbah/public_html/vendor/codeigniter4/framework/system/Database/BaseBuilder.php(1527): CodeIgniter\Database\BaseConnection->query('SELECT COUNT(*)...', Array, false)
#4 /home/xkynpbah/public_html/app/Controllers/Telegram.php(165): CodeIgniter\Database\BaseBuilder->countAllResults()
#5 /home/xkynpbah/public_html/app/Controllers/Telegram.php(124): App\Controllers\Telegram->askForResetConfirmation(6719727245, 6719727245, Object(stdClass), 'akashbabu', Object(stdClass))
#6 /home/xkynpbah/public_html/vendor/codeigniter4/framework/system/CodeIgniter.php(824): App\Controllers\Telegram->index()
#7 /home/xkynpbah/public_html/vendor/codeigniter4/framework/system/CodeIgniter.php(410): CodeIgniter\CodeIgniter->runController(Object(App\Controllers\Telegram))
#8 /home/xkynpbah/public_html/vendor/codeigniter4/framework/system/CodeIgniter.php(318): CodeIgniter\CodeIgniter->handleRequest(NULL, Object(Config\Cache), false)
#9 /home/xkynpbah/public_html/index.php(37): CodeIgniter\CodeIgniter->run()
#10 {main}
ERROR - 2026-07-26 22:10:33 --> Telegram controller called
ERROR - 2026-07-26 22:10:33 --> Table 'xkynpbah_titoo.telegram_premium' doesn't exist
CRITICAL - 2026-07-26 22:10:33 --> Table 'xkynpbah_titoo.telegram_premium' doesn't exist
#0 /home/xkynpbah/public_html/vendor/codeigniter4/framework/system/Database/MySQLi/Connection.php(292): mysqli->query('SELECT COUNT(*)...', 0)
#1 /home/xkynpbah/public_html/vendor/codeigniter4/framework/system/Database/BaseConnection.php(670): CodeIgniter\Database\MySQLi\Connection->execute('SELECT COUNT(*)...')
#2 /home/xkynpbah/public_html/vendor/codeigniter4/framework/system/Database/BaseConnection.php(598): CodeIgniter\Database\BaseConnection->simpleQuery('SELECT COUNT(*)...')
#3 /home/xkynpbah/public_html/vendor/codeigniter4/framework/system/Database/BaseBuilder.php(1527): CodeIgniter\Database\BaseConnection->query('SELECT COUNT(*)...', Array, false)
#4 /home/xkynpbah/public_html/app/Controllers/Telegram.php(165): CodeIgniter\Database\BaseBuilder->countAllResults()
#5 /home/xkynpbah/public_html/app/Controllers/Telegram.php(124): App\Controllers\Telegram->askForResetConfirmation(6719727245, 6719727245, Object(stdClass), 'akashbabu', Object(stdClass))
#6 /home/xkynpbah/public_html/vendor/codeigniter4/framework/system/CodeIgniter.php(824): App\Controllers\Telegram->index()
#7 /home/xkynpbah/public_html/vendor/codeigniter4/framework/system/CodeIgniter.php(410): CodeIgniter\CodeIgniter->runController(Object(App\Controllers\Telegram))
#8 /home/xkynpbah/public_html/vendor/codeigniter4/framework/system/CodeIgniter.php(318): CodeIgniter\CodeIgniter->handleRequest(NULL, Object(Config\Cache), false)
#9 /home/xkynpbah/public_html/index.php(37): CodeIgniter\CodeIgniter->run()
#10 {main}
ERROR - 2026-07-26 22:11:59 --> Telegram controller called
ERROR - 2026-07-26 22:11:59 --> Table 'xkynpbah_titoo.telegram_premium' doesn't exist
CRITICAL - 2026-07-26 22:11:59 --> Table 'xkynpbah_titoo.telegram_premium' doesn't exist
#0 /home/xkynpbah/public_html/vendor/codeigniter4/framework/system/Database/MySQLi/Connection.php(292): mysqli->query('SELECT COUNT(*)...', 0)
#1 /home/xkynpbah/public_html/vendor/codeigniter4/framework/system/Database/BaseConnection.php(670): CodeIgniter\Database\MySQLi\Connection->execute('SELECT COUNT(*)...')
#2 /home/xkynpbah/public_html/vendor/codeigniter4/framework/system/Database/BaseConnection.php(598): CodeIgniter\Database\BaseConnection->simpleQuery('SELECT COUNT(*)...')
#3 /home/xkynpbah/public_html/vendor/codeigniter4/framework/system/Database/BaseBuilder.php(1527): CodeIgniter\Database\BaseConnection->query('SELECT COUNT(*)...', Array, false)
#4 /home/xkynpbah/public_html/app/Controllers/Telegram.php(165): CodeIgniter\Database\BaseBuilder->countAllResults()
#5 /home/xkynpbah/public_html/app/Controllers/Telegram.php(124): App\Controllers\Telegram->askForResetConfirmation(6719727245, 6719727245, Object(stdClass), 'akashbabu', Object(stdClass))
#6 /home/xkynpbah/public_html/vendor/codeigniter4/framework/system/CodeIgniter.php(824): App\Controllers\Telegram->index()
#7 /home/xkynpbah/public_html/vendor/codeigniter4/framework/system/CodeIgniter.php(410): CodeIgniter\CodeIgniter->runController(Object(App\Controllers\Telegram))
#8 /home/xkynpbah/public_html/vendor/codeigniter4/framework/system/CodeIgniter.php(318): CodeIgniter\CodeIgniter->handleRequest(NULL, Object(Config\Cache), false)
#9 /home/xkynpbah/public_html/index.php(37): CodeIgniter\CodeIgniter->run()
#10 {main}
ERROR - 2026-07-26 22:13:08 --> Telegram controller called
ERROR - 2026-07-26 22:13:08 --> Table 'xkynpbah_titoo.telegram_premium' doesn't exist
CRITICAL - 2026-07-26 22:13:08 --> Table 'xkynpbah_titoo.telegram_premium' doesn't exist
#0 /home/xkynpbah/public_html/vendor/codeigniter4/framework/system/Database/MySQLi/Connection.php(292): mysqli->query('SELECT COUNT(*)...', 0)
#1 /home/xkynpbah/public_html/vendor/codeigniter4/framework/system/Database/BaseConnection.php(670): CodeIgniter\Database\MySQLi\Connection->execute('SELECT COUNT(*)...')
#2 /home/xkynpbah/public_html/vendor/codeigniter4/framework/system/Database/BaseConnection.php(598): CodeIgniter\Database\BaseConnection->simpleQuery('SELECT COUNT(*)...')
#3 /home/xkynpbah/public_html/vendor/codeigniter4/framework/system/Database/BaseBuilder.php(1527): CodeIgniter\Database\BaseConnection->query('SELECT COUNT(*)...', Array, false)
#4 /home/xkynpbah/public_html/app/Controllers/Telegram.php(165): CodeIgniter\Database\BaseBuilder->countAllResults()
#5 /home/xkynpbah/public_html/app/Controllers/Telegram.php(124): App\Controllers\Telegram->askForResetConfirmation(6719727245, 6719727245, Object(stdClass), 'akashbabu', Object(stdClass))
#6 /home/xkynpbah/public_html/vendor/codeigniter4/framework/system/CodeIgniter.php(824): App\Controllers\Telegram->index()
#7 /home/xkynpbah/public_html/vendor/codeigniter4/framework/system/CodeIgniter.php(410): CodeIgniter\CodeIgniter->runController(Object(App\Controllers\Telegram))
#8 /home/xkynpbah/public_html/vendor/codeigniter4/framework/system/CodeIgniter.php(318): CodeIgniter\CodeIgniter->handleRequest(NULL, Object(Config\Cache), false)
#9 /home/xkynpbah/public_html/index.php(37): CodeIgniter\CodeIgniter->run()
#10 {main}
ERROR - 2026-07-26 22:15:07 --> Telegram controller called
ERROR - 2026-07-26 22:15:07 --> Table 'xkynpbah_titoo.telegram_premium' doesn't exist
CRITICAL - 2026-07-26 22:15:07 --> Table 'xkynpbah_titoo.telegram_premium' doesn't exist
#0 /home/xkynpbah/public_html/vendor/codeigniter4/framework/system/Database/MySQLi/Connection.php(292): mysqli->query('SELECT COUNT(*)...', 0)
#1 /home/xkynpbah/public_html/vendor/codeigniter4/framework/system/Database/BaseConnection.php(670): CodeIgniter\Database\MySQLi\Connection->execute('SELECT COUNT(*)...')
#2 /home/xkynpbah/public_html/vendor/codeigniter4/framework/system/Database/BaseConnection.php(598): CodeIgniter\Database\BaseConnection->simpleQuery('SELECT COUNT(*)...')
#3 /home/xkynpbah/public_html/vendor/codeigniter4/framework/system/Database/BaseBuilder.php(1527): CodeIgniter\Database\BaseConnection->query('SELECT COUNT(*)...', Array, false)
#4 /home/xkynpbah/public_html/app/Controllers/Telegram.php(165): CodeIgniter\Database\BaseBuilder->countAllResults()
#5 /home/xkynpbah/public_html/app/Controllers/Telegram.php(124): App\Controllers\Telegram->askForResetConfirmation(6719727245, 6719727245, Object(stdClass), 'akashbabu', Object(stdClass))
#6 /home/xkynpbah/public_html/vendor/codeigniter4/framework/system/CodeIgniter.php(824): App\Controllers\Telegram->index()
#7 /home/xkynpbah/public_html/vendor/codeigniter4/framework/system/CodeIgniter.php(410): CodeIgniter\CodeIgniter->runController(Object(App\Controllers\Telegram))
#8 /home/xkynpbah/public_html/vendor/codeigniter4/framework/system/CodeIgniter.php(318): CodeIgniter\CodeIgniter->handleRequest(NULL, Object(Config\Cache), false)
#9 /home/xkynpbah/public_html/index.php(37): CodeIgniter\CodeIgniter->run()
#10 {main}
ERROR - 2026-07-26 22:17:01 --> Telegram controller called
ERROR - 2026-07-26 22:17:01 --> Table 'xkynpbah_titoo.telegram_premium' doesn't exist
CRITICAL - 2026-07-26 22:17:01 --> Table 'xkynpbah_titoo.telegram_premium' doesn't exist
#0 /home/xkynpbah/public_html/vendor/codeigniter4/framework/system/Database/MySQLi/Connection.php(292): mysqli->query('SELECT COUNT(*)...', 0)
#1 /home/xkynpbah/public_html/vendor/codeigniter4/framework/system/Database/BaseConnection.php(670): CodeIgniter\Database\MySQLi\Connection->execute('SELECT COUNT(*)...')
#2 /home/xkynpbah/public_html/vendor/codeigniter4/framework/system/Database/BaseConnection.php(598): CodeIgniter\Database\BaseConnection->simpleQuery('SELECT COUNT(*)...')
#3 /home/xkynpbah/public_html/vendor/codeigniter4/framework/system/Database/BaseBuilder.php(1527): CodeIgniter\Database\BaseConnection->query('SELECT COUNT(*)...', Array, false)
#4 /home/xkynpbah/public_html/app/Controllers/Telegram.php(165): CodeIgniter\Database\BaseBuilder->countAllResults()
#5 /home/xkynpbah/public_html/app/Controllers/Telegram.php(124): App\Controllers\Telegram->askForResetConfirmation(6719727245, 6719727245, Object(stdClass), 'akashbabu', Object(stdClass))
#6 /home/xkynpbah/public_html/vendor/codeigniter4/framework/system/CodeIgniter.php(824): App\Controllers\Telegram->index()
#7 /home/xkynpbah/public_html/vendor/codeigniter4/framework/system/CodeIgniter.php(410): CodeIgniter\CodeIgniter->runController(Object(App\Controllers\Telegram))
#8 /home/xkynpbah/public_html/vendor/codeigniter4/framework/system/CodeIgniter.php(318): CodeIgniter\CodeIgniter->handleRequest(NULL, Object(Config\Cache), false)
#9 /home/xkynpbah/public_html/index.php(37): CodeIgniter\CodeIgniter->run()
#10 {main}
ERROR - 2026-07-26 22:19:01 --> Telegram controller called
ERROR - 2026-07-26 22:19:01 --> Table 'xkynpbah_titoo.telegram_premium' doesn't exist
CRITICAL - 2026-07-26 22:19:01 --> Table 'xkynpbah_titoo.telegram_premium' doesn't exist
#0 /home/xkynpbah/public_html/vendor/codeigniter4/framework/system/Database/MySQLi/Connection.php(292): mysqli->query('SELECT COUNT(*)...', 0)
#1 /home/xkynpbah/public_html/vendor/codeigniter4/framework/system/Database/BaseConnection.php(670): CodeIgniter\Database\MySQLi\Connection->execute('SELECT COUNT(*)...')
#2 /home/xkynpbah/public_html/vendor/codeigniter4/framework/system/Database/BaseConnection.php(598): CodeIgniter\Database\BaseConnection->simpleQuery('SELECT COUNT(*)...')
#3 /home/xkynpbah/public_html/vendor/codeigniter4/framework/system/Database/BaseBuilder.php(1527): CodeIgniter\Database\BaseConnection->query('SELECT COUNT(*)...', Array, false)
#4 /home/xkynpbah/public_html/app/Controllers/Telegram.php(165): CodeIgniter\Database\BaseBuilder->countAllResults()
#5 /home/xkynpbah/public_html/app/Controllers/Telegram.php(124): App\Controllers\Telegram->askForResetConfirmation(6719727245, 6719727245, Object(stdClass), 'akashbabu', Object(stdClass))
#6 /home/xkynpbah/public_html/vendor/codeigniter4/framework/system/CodeIgniter.php(824): App\Controllers\Telegram->index()
#7 /home/xkynpbah/public_html/vendor/codeigniter4/framework/system/CodeIgniter.php(410): CodeIgniter\CodeIgniter->runController(Object(App\Controllers\Telegram))
#8 /home/xkynpbah/public_html/vendor/codeigniter4/framework/system/CodeIgniter.php(318): CodeIgniter\CodeIgniter->handleRequest(NULL, Object(Config\Cache), false)
#9 /home/xkynpbah/public_html/index.php(37): CodeIgniter\CodeIgniter->run()
#10 {main}
ERROR - 2026-07-26 22:20:18 --> Telegram controller called
ERROR - 2026-07-26 22:20:18 --> Table 'xkynpbah_titoo.telegram_premium' doesn't exist
CRITICAL - 2026-07-26 22:20:18 --> Table 'xkynpbah_titoo.telegram_premium' doesn't exist
#0 /home/xkynpbah/public_html/vendor/codeigniter4/framework/system/Database/MySQLi/Connection.php(292): mysqli->query('SELECT COUNT(*)...', 0)
#1 /home/xkynpbah/public_html/vendor/codeigniter4/framework/system/Database/BaseConnection.php(670): CodeIgniter\Database\MySQLi\Connection->execute('SELECT COUNT(*)...')
#2 /home/xkynpbah/public_html/vendor/codeigniter4/framework/system/Database/BaseConnection.php(598): CodeIgniter\Database\BaseConnection->simpleQuery('SELECT COUNT(*)...')
#3 /home/xkynpbah/public_html/vendor/codeigniter4/framework/system/Database/BaseBuilder.php(1527): CodeIgniter\Database\BaseConnection->query('SELECT COUNT(*)...', Array, false)
#4 /home/xkynpbah/public_html/app/Controllers/Telegram.php(165): CodeIgniter\Database\BaseBuilder->countAllResults()
#5 /home/xkynpbah/public_html/app/Controllers/Telegram.php(124): App\Controllers\Telegram->askForResetConfirmation(6719727245, 6719727245, Object(stdClass), 'akashbabu', Object(stdClass))
#6 /home/xkynpbah/public_html/vendor/codeigniter4/framework/system/CodeIgniter.php(824): App\Controllers\Telegram->index()
#7 /home/xkynpbah/public_html/vendor/codeigniter4/framework/system/CodeIgniter.php(410): CodeIgniter\CodeIgniter->runController(Object(App\Controllers\Telegram))
#8 /home/xkynpbah/public_html/vendor/codeigniter4/framework/system/CodeIgniter.php(318): CodeIgniter\CodeIgniter->handleRequest(NULL, Object(Config\Cache), false)
#9 /home/xkynpbah/public_html/index.php(37): CodeIgniter\CodeIgniter->run()
#10 {main}
ERROR - 2026-07-26 22:21:35 --> Telegram controller called
ERROR - 2026-07-26 22:21:35 --> Table 'xkynpbah_titoo.telegram_premium' doesn't exist
CRITICAL - 2026-07-26 22:21:35 --> Table 'xkynpbah_titoo.telegram_premium' doesn't exist
#0 /home/xkynpbah/public_html/vendor/codeigniter4/framework/system/Database/MySQLi/Connection.php(292): mysqli->query('SELECT COUNT(*)...', 0)
#1 /home/xkynpbah/public_html/vendor/codeigniter4/framework/system/Database/BaseConnection.php(670): CodeIgniter\Database\MySQLi\Connection->execute('SELECT COUNT(*)...')
#2 /home/xkynpbah/public_html/vendor/codeigniter4/framework/system/Database/BaseConnection.php(598): CodeIgniter\Database\BaseConnection->simpleQuery('SELECT COUNT(*)...')
#3 /home/xkynpbah/public_html/vendor/codeigniter4/framework/system/Database/BaseBuilder.php(1527): CodeIgniter\Database\BaseConnection->query('SELECT COUNT(*)...', Array, false)
#4 /home/xkynpbah/public_html/app/Controllers/Telegram.php(165): CodeIgniter\Database\BaseBuilder->countAllResults()
#5 /home/xkynpbah/public_html/app/Controllers/Telegram.php(124): App\Controllers\Telegram->askForResetConfirmation(6719727245, 6719727245, Object(stdClass), 'akashbabu', Object(stdClass))
#6 /home/xkynpbah/public_html/vendor/codeigniter4/framework/system/CodeIgniter.php(824): App\Controllers\Telegram->index()
#7 /home/xkynpbah/public_html/vendor/codeigniter4/framework/system/CodeIgniter.php(410): CodeIgniter\CodeIgniter->runController(Object(App\Controllers\Telegram))
#8 /home/xkynpbah/public_html/vendor/codeigniter4/framework/system/CodeIgniter.php(318): CodeIgniter\CodeIgniter->handleRequest(NULL, Object(Config\Cache), false)
#9 /home/xkynpbah/public_html/index.php(37): CodeIgniter\CodeIgniter->run()
#10 {main}
ERROR - 2026-07-26 22:22:58 --> Telegram controller called
ERROR - 2026-07-26 22:22:58 --> Table 'xkynpbah_titoo.telegram_premium' doesn't exist
CRITICAL - 2026-07-26 22:22:58 --> Table 'xkynpbah_titoo.telegram_premium' doesn't exist
#0 /home/xkynpbah/public_html/vendor/codeigniter4/framework/system/Database/MySQLi/Connection.php(292): mysqli->query('SELECT COUNT(*)...', 0)
#1 /home/xkynpbah/public_html/vendor/codeigniter4/framework/system/Database/BaseConnection.php(670): CodeIgniter\Database\MySQLi\Connection->execute('SELECT COUNT(*)...')
#2 /home/xkynpbah/public_html/vendor/codeigniter4/framework/system/Database/BaseConnection.php(598): CodeIgniter\Database\BaseConnection->simpleQuery('SELECT COUNT(*)...')
#3 /home/xkynpbah/public_html/vendor/codeigniter4/framework/system/Database/BaseBuilder.php(1527): CodeIgniter\Database\BaseConnection->query('SELECT COUNT(*)...', Array, false)
#4 /home/xkynpbah/public_html/app/Controllers/Telegram.php(165): CodeIgniter\Database\BaseBuilder->countAllResults()
#5 /home/xkynpbah/public_html/app/Controllers/Telegram.php(124): App\Controllers\Telegram->askForResetConfirmation(6719727245, 6719727245, Object(stdClass), 'akashbabu', Object(stdClass))
#6 /home/xkynpbah/public_html/vendor/codeigniter4/framework/system/CodeIgniter.php(824): App\Controllers\Telegram->index()
#7 /home/xkynpbah/public_html/vendor/codeigniter4/framework/system/CodeIgniter.php(410): CodeIgniter\CodeIgniter->runController(Object(App\Controllers\Telegram))
#8 /home/xkynpbah/public_html/vendor/codeigniter4/framework/system/CodeIgniter.php(318): CodeIgniter\CodeIgniter->handleRequest(NULL, Object(Config\Cache), false)
#9 /home/xkynpbah/public_html/index.php(37): CodeIgniter\CodeIgniter->run()
#10 {main}
ERROR - 2026-07-26 22:24:55 --> Telegram controller called
ERROR - 2026-07-26 22:24:55 --> Table 'xkynpbah_titoo.telegram_premium' doesn't exist
CRITICAL - 2026-07-26 22:24:55 --> Table 'xkynpbah_titoo.telegram_premium' doesn't exist
#0 /home/xkynpbah/public_html/vendor/codeigniter4/framework/system/Database/MySQLi/Connection.php(292): mysqli->query('SELECT COUNT(*)...', 0)
#1 /home/xkynpbah/public_html/vendor/codeigniter4/framework/system/Database/BaseConnection.php(670): CodeIgniter\Database\MySQLi\Connection->execute('SELECT COUNT(*)...')
#2 /home/xkynpbah/public_html/vendor/codeigniter4/framework/system/Database/BaseConnection.php(598): CodeIgniter\Database\BaseConnection->simpleQuery('SELECT COUNT(*)...')
#3 /home/xkynpbah/public_html/vendor/codeigniter4/framework/system/Database/BaseBuilder.php(1527): CodeIgniter\Database\BaseConnection->query('SELECT COUNT(*)...', Array, false)
#4 /home/xkynpbah/public_html/app/Controllers/Telegram.php(165): CodeIgniter\Database\BaseBuilder->countAllResults()
#5 /home/xkynpbah/public_html/app/Controllers/Telegram.php(124): App\Controllers\Telegram->askForResetConfirmation(6719727245, 6719727245, Object(stdClass), 'akashbabu', Object(stdClass))
#6 /home/xkynpbah/public_html/vendor/codeigniter4/framework/system/CodeIgniter.php(824): App\Controllers\Telegram->index()
#7 /home/xkynpbah/public_html/vendor/codeigniter4/framework/system/CodeIgniter.php(410): CodeIgniter\CodeIgniter->runController(Object(App\Controllers\Telegram))
#8 /home/xkynpbah/public_html/vendor/codeigniter4/framework/system/CodeIgniter.php(318): CodeIgniter\CodeIgniter->handleRequest(NULL, Object(Config\Cache), false)
#9 /home/xkynpbah/public_html/index.php(37): CodeIgniter\CodeIgniter->run()
#10 {main}
ERROR - 2026-07-26 22:26:10 --> Telegram controller called
ERROR - 2026-07-26 22:26:10 --> Table 'xkynpbah_titoo.telegram_premium' doesn't exist
CRITICAL - 2026-07-26 22:26:10 --> Table 'xkynpbah_titoo.telegram_premium' doesn't exist
#0 /home/xkynpbah/public_html/vendor/codeigniter4/framework/system/Database/MySQLi/Connection.php(292): mysqli->query('SELECT COUNT(*)...', 0)
#1 /home/xkynpbah/public_html/vendor/codeigniter4/framework/system/Database/BaseConnection.php(670): CodeIgniter\Database\MySQLi\Connection->execute('SELECT COUNT(*)...')
#2 /home/xkynpbah/public_html/vendor/codeigniter4/framework/system/Database/BaseConnection.php(598): CodeIgniter\Database\BaseConnection->simpleQuery('SELECT COUNT(*)...')
#3 /home/xkynpbah/public_html/vendor/codeigniter4/framework/system/Database/BaseBuilder.php(1527): CodeIgniter\Database\BaseConnection->query('SELECT COUNT(*)...', Array, false)
#4 /home/xkynpbah/public_html/app/Controllers/Telegram.php(165): CodeIgniter\Database\BaseBuilder->countAllResults()
#5 /home/xkynpbah/public_html/app/Controllers/Telegram.php(124): App\Controllers\Telegram->askForResetConfirmation(6719727245, 6719727245, Object(stdClass), 'akashbabu', Object(stdClass))
#6 /home/xkynpbah/public_html/vendor/codeigniter4/framework/system/CodeIgniter.php(824): App\Controllers\Telegram->index()
#7 /home/xkynpbah/public_html/vendor/codeigniter4/framework/system/CodeIgniter.php(410): CodeIgniter\CodeIgniter->runController(Object(App\Controllers\Telegram))
#8 /home/xkynpbah/public_html/vendor/codeigniter4/framework/system/CodeIgniter.php(318): CodeIgniter\CodeIgniter->handleRequest(NULL, Object(Config\Cache), false)
#9 /home/xkynpbah/public_html/index.php(37): CodeIgniter\CodeIgniter->run()
#10 {main}
ERROR - 2026-07-26 22:27:34 --> Telegram controller called
ERROR - 2026-07-26 22:27:34 --> Table 'xkynpbah_titoo.telegram_premium' doesn't exist
CRITICAL - 2026-07-26 22:27:34 --> Table 'xkynpbah_titoo.telegram_premium' doesn't exist
#0 /home/xkynpbah/public_html/vendor/codeigniter4/framework/system/Database/MySQLi/Connection.php(292): mysqli->query('SELECT COUNT(*)...', 0)
#1 /home/xkynpbah/public_html/vendor/codeigniter4/framework/system/Database/BaseConnection.php(670): CodeIgniter\Database\MySQLi\Connection->execute('SELECT COUNT(*)...')
#2 /home/xkynpbah/public_html/vendor/codeigniter4/framework/system/Database/BaseConnection.php(598): CodeIgniter\Database\BaseConnection->simpleQuery('SELECT COUNT(*)...')
#3 /home/xkynpbah/public_html/vendor/codeigniter4/framework/system/Database/BaseBuilder.php(1527): CodeIgniter\Database\BaseConnection->query('SELECT COUNT(*)...', Array, false)
#4 /home/xkynpbah/public_html/app/Controllers/Telegram.php(165): CodeIgniter\Database\BaseBuilder->countAllResults()
#5 /home/xkynpbah/public_html/app/Controllers/Telegram.php(124): App\Controllers\Telegram->askForResetConfirmation(6719727245, 6719727245, Object(stdClass), 'akashbabu', Object(stdClass))
#6 /home/xkynpbah/public_html/vendor/codeigniter4/framework/system/CodeIgniter.php(824): App\Controllers\Telegram->index()
#7 /home/xkynpbah/public_html/vendor/codeigniter4/framework/system/CodeIgniter.php(410): CodeIgniter\CodeIgniter->runController(Object(App\Controllers\Telegram))
#8 /home/xkynpbah/public_html/vendor/codeigniter4/framework/system/CodeIgniter.php(318): CodeIgniter\CodeIgniter->handleRequest(NULL, Object(Config\Cache), false)
#9 /home/xkynpbah/public_html/index.php(37): CodeIgniter\CodeIgniter->run()
#10 {main}
ERROR - 2026-07-26 22:28:40 --> Telegram controller called
ERROR - 2026-07-26 22:28:40 --> Table 'xkynpbah_titoo.telegram_premium' doesn't exist
CRITICAL - 2026-07-26 22:28:40 --> Table 'xkynpbah_titoo.telegram_premium' doesn't exist
#0 /home/xkynpbah/public_html/vendor/codeigniter4/framework/system/Database/MySQLi/Connection.php(292): mysqli->query('SELECT COUNT(*)...', 0)
#1 /home/xkynpbah/public_html/vendor/codeigniter4/framework/system/Database/BaseConnection.php(670): CodeIgniter\Database\MySQLi\Connection->execute('SELECT COUNT(*)...')
#2 /home/xkynpbah/public_html/vendor/codeigniter4/framework/system/Database/BaseConnection.php(598): CodeIgniter\Database\BaseConnection->simpleQuery('SELECT COUNT(*)...')
#3 /home/xkynpbah/public_html/vendor/codeigniter4/framework/system/Database/BaseBuilder.php(1527): CodeIgniter\Database\BaseConnection->query('SELECT COUNT(*)...', Array, false)
#4 /home/xkynpbah/public_html/app/Controllers/Telegram.php(165): CodeIgniter\Database\BaseBuilder->countAllResults()
#5 /home/xkynpbah/public_html/app/Controllers/Telegram.php(124): App\Controllers\Telegram->askForResetConfirmation(6719727245, 6719727245, Object(stdClass), 'akashbabu', Object(stdClass))
#6 /home/xkynpbah/public_html/vendor/codeigniter4/framework/system/CodeIgniter.php(824): App\Controllers\Telegram->index()
#7 /home/xkynpbah/public_html/vendor/codeigniter4/framework/system/CodeIgniter.php(410): CodeIgniter\CodeIgniter->runController(Object(App\Controllers\Telegram))
#8 /home/xkynpbah/public_html/vendor/codeigniter4/framework/system/CodeIgniter.php(318): CodeIgniter\CodeIgniter->handleRequest(NULL, Object(Config\Cache), false)
#9 /home/xkynpbah/public_html/index.php(37): CodeIgniter\CodeIgniter->run()
#10 {main}
ERROR - 2026-07-26 22:29:43 --> Telegram controller called
ERROR - 2026-07-26 22:29:43 --> Table 'xkynpbah_titoo.telegram_premium' doesn't exist
CRITICAL - 2026-07-26 22:29:43 --> Table 'xkynpbah_titoo.telegram_premium' doesn't exist
#0 /home/xkynpbah/public_html/vendor/codeigniter4/framework/system/Database/MySQLi/Connection.php(292): mysqli->query('SELECT COUNT(*)...', 0)
#1 /home/xkynpbah/public_html/vendor/codeigniter4/framework/system/Database/BaseConnection.php(670): CodeIgniter\Database\MySQLi\Connection->execute('SELECT COUNT(*)...')
#2 /home/xkynpbah/public_html/vendor/codeigniter4/framework/system/Database/BaseConnection.php(598): CodeIgniter\Database\BaseConnection->simpleQuery('SELECT COUNT(*)...')
#3 /home/xkynpbah/public_html/vendor/codeigniter4/framework/system/Database/BaseBuilder.php(1527): CodeIgniter\Database\BaseConnection->query('SELECT COUNT(*)...', Array, false)
#4 /home/xkynpbah/public_html/app/Controllers/Telegram.php(165): CodeIgniter\Database\BaseBuilder->countAllResults()
#5 /home/xkynpbah/public_html/app/Controllers/Telegram.php(124): App\Controllers\Telegram->askForResetConfirmation(6719727245, 6719727245, Object(stdClass), 'akashbabu', Object(stdClass))
#6 /home/xkynpbah/public_html/vendor/codeigniter4/framework/system/CodeIgniter.php(824): App\Controllers\Telegram->index()
#7 /home/xkynpbah/public_html/vendor/codeigniter4/framework/system/CodeIgniter.php(410): CodeIgniter\CodeIgniter->runController(Object(App\Controllers\Telegram))
#8 /home/xkynpbah/public_html/vendor/codeigniter4/framework/system/CodeIgniter.php(318): CodeIgniter\CodeIgniter->handleRequest(NULL, Object(Config\Cache), false)
#9 /home/xkynpbah/public_html/index.php(37): CodeIgniter\CodeIgniter->run()
#10 {main}
ERROR - 2026-07-26 22:31:17 --> Telegram controller called
ERROR - 2026-07-26 22:31:17 --> Table 'xkynpbah_titoo.telegram_premium' doesn't exist
CRITICAL - 2026-07-26 22:31:17 --> Table 'xkynpbah_titoo.telegram_premium' doesn't exist
#0 /home/xkynpbah/public_html/vendor/codeigniter4/framework/system/Database/MySQLi/Connection.php(292): mysqli->query('SELECT COUNT(*)...', 0)
#1 /home/xkynpbah/public_html/vendor/codeigniter4/framework/system/Database/BaseConnection.php(670): CodeIgniter\Database\MySQLi\Connection->execute('SELECT COUNT(*)...')
#2 /home/xkynpbah/public_html/vendor/codeigniter4/framework/system/Database/BaseConnection.php(598): CodeIgniter\Database\BaseConnection->simpleQuery('SELECT COUNT(*)...')
#3 /home/xkynpbah/public_html/vendor/codeigniter4/framework/system/Database/BaseBuilder.php(1527): CodeIgniter\Database\BaseConnection->query('SELECT COUNT(*)...', Array, false)
#4 /home/xkynpbah/public_html/app/Controllers/Telegram.php(165): CodeIgniter\Database\BaseBuilder->countAllResults()
#5 /home/xkynpbah/public_html/app/Controllers/Telegram.php(124): App\Controllers\Telegram->askForResetConfirmation(6719727245, 6719727245, Object(stdClass), 'akashbabu', Object(stdClass))
#6 /home/xkynpbah/public_html/vendor/codeigniter4/framework/system/CodeIgniter.php(824): App\Controllers\Telegram->index()
#7 /home/xkynpbah/public_html/vendor/codeigniter4/framework/system/CodeIgniter.php(410): CodeIgniter\CodeIgniter->runController(Object(App\Controllers\Telegram))
#8 /home/xkynpbah/public_html/vendor/codeigniter4/framework/system/CodeIgniter.php(318): CodeIgniter\CodeIgniter->handleRequest(NULL, Object(Config\Cache), false)
#9 /home/xkynpbah/public_html/index.php(37): CodeIgniter\CodeIgniter->run()
#10 {main}
ERROR - 2026-07-26 22:33:05 --> Telegram controller called
ERROR - 2026-07-26 22:33:05 --> Table 'xkynpbah_titoo.telegram_premium' doesn't exist
CRITICAL - 2026-07-26 22:33:05 --> Table 'xkynpbah_titoo.telegram_premium' doesn't exist
#0 /home/xkynpbah/public_html/vendor/codeigniter4/framework/system/Database/MySQLi/Connection.php(292): mysqli->query('SELECT COUNT(*)...', 0)
#1 /home/xkynpbah/public_html/vendor/codeigniter4/framework/system/Database/BaseConnection.php(670): CodeIgniter\Database\MySQLi\Connection->execute('SELECT COUNT(*)...')
#2 /home/xkynpbah/public_html/vendor/codeigniter4/framework/system/Database/BaseConnection.php(598): CodeIgniter\Database\BaseConnection->simpleQuery('SELECT COUNT(*)...')
#3 /home/xkynpbah/public_html/vendor/codeigniter4/framework/system/Database/BaseBuilder.php(1527): CodeIgniter\Database\BaseConnection->query('SELECT COUNT(*)...', Array, false)
#4 /home/xkynpbah/public_html/app/Controllers/Telegram.php(165): CodeIgniter\Database\BaseBuilder->countAllResults()
#5 /home/xkynpbah/public_html/app/Controllers/Telegram.php(124): App\Controllers\Telegram->askForResetConfirmation(6719727245, 6719727245, Object(stdClass), 'akashbabu', Object(stdClass))
#6 /home/xkynpbah/public_html/vendor/codeigniter4/framework/system/CodeIgniter.php(824): App\Controllers\Telegram->index()
#7 /home/xkynpbah/public_html/vendor/codeigniter4/framework/system/CodeIgniter.php(410): CodeIgniter\CodeIgniter->runController(Object(App\Controllers\Telegram))
#8 /home/xkynpbah/public_html/vendor/codeigniter4/framework/system/CodeIgniter.php(318): CodeIgniter\CodeIgniter->handleRequest(NULL, Object(Config\Cache), false)
#9 /home/xkynpbah/public_html/index.php(37): CodeIgniter\CodeIgniter->run()
#10 {main}
ERROR - 2026-07-26 22:34:48 --> Telegram controller called
ERROR - 2026-07-26 22:34:48 --> Table 'xkynpbah_titoo.telegram_premium' doesn't exist
CRITICAL - 2026-07-26 22:34:48 --> Table 'xkynpbah_titoo.telegram_premium' doesn't exist
#0 /home/xkynpbah/public_html/vendor/codeigniter4/framework/system/Database/MySQLi/Connection.php(292): mysqli->query('SELECT COUNT(*)...', 0)
#1 /home/xkynpbah/public_html/vendor/codeigniter4/framework/system/Database/BaseConnection.php(670): CodeIgniter\Database\MySQLi\Connection->execute('SELECT COUNT(*)...')
#2 /home/xkynpbah/public_html/vendor/codeigniter4/framework/system/Database/BaseConnection.php(598): CodeIgniter\Database\BaseConnection->simpleQuery('SELECT COUNT(*)...')
#3 /home/xkynpbah/public_html/vendor/codeigniter4/framework/system/Database/BaseBuilder.php(1527): CodeIgniter\Database\BaseConnection->query('SELECT COUNT(*)...', Array, false)
#4 /home/xkynpbah/public_html/app/Controllers/Telegram.php(165): CodeIgniter\Database\BaseBuilder->countAllResults()
#5 /home/xkynpbah/public_html/app/Controllers/Telegram.php(124): App\Controllers\Telegram->askForResetConfirmation(6719727245, 6719727245, Object(stdClass), 'akashbabu', Object(stdClass))
#6 /home/xkynpbah/public_html/vendor/codeigniter4/framework/system/CodeIgniter.php(824): App\Controllers\Telegram->index()
#7 /home/xkynpbah/public_html/vendor/codeigniter4/framework/system/CodeIgniter.php(410): CodeIgniter\CodeIgniter->runController(Object(App\Controllers\Telegram))
#8 /home/xkynpbah/public_html/vendor/codeigniter4/framework/system/CodeIgniter.php(318): CodeIgniter\CodeIgniter->handleRequest(NULL, Object(Config\Cache), false)
#9 /home/xkynpbah/public_html/index.php(37): CodeIgniter\CodeIgniter->run()
#10 {main}
ERROR - 2026-07-26 22:35:55 --> Telegram controller called
ERROR - 2026-07-26 22:35:55 --> Table 'xkynpbah_titoo.telegram_premium' doesn't exist
CRITICAL - 2026-07-26 22:35:55 --> Table 'xkynpbah_titoo.telegram_premium' doesn't exist
#0 /home/xkynpbah/public_html/vendor/codeigniter4/framework/system/Database/MySQLi/Connection.php(292): mysqli->query('SELECT COUNT(*)...', 0)
#1 /home/xkynpbah/public_html/vendor/codeigniter4/framework/system/Database/BaseConnection.php(670): CodeIgniter\Database\MySQLi\Connection->execute('SELECT COUNT(*)...')
#2 /home/xkynpbah/public_html/vendor/codeigniter4/framework/system/Database/BaseConnection.php(598): CodeIgniter\Database\BaseConnection->simpleQuery('SELECT COUNT(*)...')
#3 /home/xkynpbah/public_html/vendor/codeigniter4/framework/system/Database/BaseBuilder.php(1527): CodeIgniter\Database\BaseConnection->query('SELECT COUNT(*)...', Array, false)
#4 /home/xkynpbah/public_html/app/Controllers/Telegram.php(165): CodeIgniter\Database\BaseBuilder->countAllResults()
#5 /home/xkynpbah/public_html/app/Controllers/Telegram.php(124): App\Controllers\Telegram->askForResetConfirmation(6719727245, 6719727245, Object(stdClass), 'akashbabu', Object(stdClass))
#6 /home/xkynpbah/public_html/vendor/codeigniter4/framework/system/CodeIgniter.php(824): App\Controllers\Telegram->index()
#7 /home/xkynpbah/public_html/vendor/codeigniter4/framework/system/CodeIgniter.php(410): CodeIgniter\CodeIgniter->runController(Object(App\Controllers\Telegram))
#8 /home/xkynpbah/public_html/vendor/codeigniter4/framework/system/CodeIgniter.php(318): CodeIgniter\CodeIgniter->handleRequest(NULL, Object(Config\Cache), false)
#9 /home/xkynpbah/public_html/index.php(37): CodeIgniter\CodeIgniter->run()
#10 {main}
ERROR - 2026-07-26 22:37:36 --> Telegram controller called
ERROR - 2026-07-26 22:37:36 --> Table 'xkynpbah_titoo.telegram_premium' doesn't exist
CRITICAL - 2026-07-26 22:37:36 --> Table 'xkynpbah_titoo.telegram_premium' doesn't exist
#0 /home/xkynpbah/public_html/vendor/codeigniter4/framework/system/Database/MySQLi/Connection.php(292): mysqli->query('SELECT COUNT(*)...', 0)
#1 /home/xkynpbah/public_html/vendor/codeigniter4/framework/system/Database/BaseConnection.php(670): CodeIgniter\Database\MySQLi\Connection->execute('SELECT COUNT(*)...')
#2 /home/xkynpbah/public_html/vendor/codeigniter4/framework/system/Database/BaseConnection.php(598): CodeIgniter\Database\BaseConnection->simpleQuery('SELECT COUNT(*)...')
#3 /home/xkynpbah/public_html/vendor/codeigniter4/framework/system/Database/BaseBuilder.php(1527): CodeIgniter\Database\BaseConnection->query('SELECT COUNT(*)...', Array, false)
#4 /home/xkynpbah/public_html/app/Controllers/Telegram.php(165): CodeIgniter\Database\BaseBuilder->countAllResults()
#5 /home/xkynpbah/public_html/app/Controllers/Telegram.php(124): App\Controllers\Telegram->askForResetConfirmation(6719727245, 6719727245, Object(stdClass), 'akashbabu', Object(stdClass))
#6 /home/xkynpbah/public_html/vendor/codeigniter4/framework/system/CodeIgniter.php(824): App\Controllers\Telegram->index()
#7 /home/xkynpbah/public_html/vendor/codeigniter4/framework/system/CodeIgniter.php(410): CodeIgniter\CodeIgniter->runController(Object(App\Controllers\Telegram))
#8 /home/xkynpbah/public_html/vendor/codeigniter4/framework/system/CodeIgniter.php(318): CodeIgniter\CodeIgniter->handleRequest(NULL, Object(Config\Cache), false)
#9 /home/xkynpbah/public_html/index.php(37): CodeIgniter\CodeIgniter->run()
#10 {main}
ERROR - 2026-07-26 22:39:04 --> Telegram controller called
ERROR - 2026-07-26 22:39:04 --> Table 'xkynpbah_titoo.telegram_premium' doesn't exist
CRITICAL - 2026-07-26 22:39:04 --> Table 'xkynpbah_titoo.telegram_premium' doesn't exist
#0 /home/xkynpbah/public_html/vendor/codeigniter4/framework/system/Database/MySQLi/Connection.php(292): mysqli->query('SELECT COUNT(*)...', 0)
#1 /home/xkynpbah/public_html/vendor/codeigniter4/framework/system/Database/BaseConnection.php(670): CodeIgniter\Database\MySQLi\Connection->execute('SELECT COUNT(*)...')
#2 /home/xkynpbah/public_html/vendor/codeigniter4/framework/system/Database/BaseConnection.php(598): CodeIgniter\Database\BaseConnection->simpleQuery('SELECT COUNT(*)...')
#3 /home/xkynpbah/public_html/vendor/codeigniter4/framework/system/Database/BaseBuilder.php(1527): CodeIgniter\Database\BaseConnection->query('SELECT COUNT(*)...', Array, false)
#4 /home/xkynpbah/public_html/app/Controllers/Telegram.php(165): CodeIgniter\Database\BaseBuilder->countAllResults()
#5 /home/xkynpbah/public_html/app/Controllers/Telegram.php(124): App\Controllers\Telegram->askForResetConfirmation(6719727245, 6719727245, Object(stdClass), 'akashbabu', Object(stdClass))
#6 /home/xkynpbah/public_html/vendor/codeigniter4/framework/system/CodeIgniter.php(824): App\Controllers\Telegram->index()
#7 /home/xkynpbah/public_html/vendor/codeigniter4/framework/system/CodeIgniter.php(410): CodeIgniter\CodeIgniter->runController(Object(App\Controllers\Telegram))
#8 /home/xkynpbah/public_html/vendor/codeigniter4/framework/system/CodeIgniter.php(318): CodeIgniter\CodeIgniter->handleRequest(NULL, Object(Config\Cache), false)
#9 /home/xkynpbah/public_html/index.php(37): CodeIgniter\CodeIgniter->run()
#10 {main}
ERROR - 2026-07-26 22:40:38 --> Telegram controller called
ERROR - 2026-07-26 22:40:38 --> Table 'xkynpbah_titoo.telegram_premium' doesn't exist
CRITICAL - 2026-07-26 22:40:38 --> Table 'xkynpbah_titoo.telegram_premium' doesn't exist
#0 /home/xkynpbah/public_html/vendor/codeigniter4/framework/system/Database/MySQLi/Connection.php(292): mysqli->query('SELECT COUNT(*)...', 0)
#1 /home/xkynpbah/public_html/vendor/codeigniter4/framework/system/Database/BaseConnection.php(670): CodeIgniter\Database\MySQLi\Connection->execute('SELECT COUNT(*)...')
#2 /home/xkynpbah/public_html/vendor/codeigniter4/framework/system/Database/BaseConnection.php(598): CodeIgniter\Database\BaseConnection->simpleQuery('SELECT COUNT(*)...')
#3 /home/xkynpbah/public_html/vendor/codeigniter4/framework/system/Database/BaseBuilder.php(1527): CodeIgniter\Database\BaseConnection->query('SELECT COUNT(*)...', Array, false)
#4 /home/xkynpbah/public_html/app/Controllers/Telegram.php(165): CodeIgniter\Database\BaseBuilder->countAllResults()
#5 /home/xkynpbah/public_html/app/Controllers/Telegram.php(124): App\Controllers\Telegram->askForResetConfirmation(6719727245, 6719727245, Object(stdClass), 'akashbabu', Object(stdClass))
#6 /home/xkynpbah/public_html/vendor/codeigniter4/framework/system/CodeIgniter.php(824): App\Controllers\Telegram->index()
#7 /home/xkynpbah/public_html/vendor/codeigniter4/framework/system/CodeIgniter.php(410): CodeIgniter\CodeIgniter->runController(Object(App\Controllers\Telegram))
#8 /home/xkynpbah/public_html/vendor/codeigniter4/framework/system/CodeIgniter.php(318): CodeIgniter\CodeIgniter->handleRequest(NULL, Object(Config\Cache), false)
#9 /home/xkynpbah/public_html/index.php(37): CodeIgniter\CodeIgniter->run()
#10 {main}
ERROR - 2026-07-26 22:42:04 --> Telegram controller called
ERROR - 2026-07-26 22:42:04 --> Table 'xkynpbah_titoo.telegram_premium' doesn't exist
CRITICAL - 2026-07-26 22:42:04 --> Table 'xkynpbah_titoo.telegram_premium' doesn't exist
#0 /home/xkynpbah/public_html/vendor/codeigniter4/framework/system/Database/MySQLi/Connection.php(292): mysqli->query('SELECT COUNT(*)...', 0)
#1 /home/xkynpbah/public_html/vendor/codeigniter4/framework/system/Database/BaseConnection.php(670): CodeIgniter\Database\MySQLi\Connection->execute('SELECT COUNT(*)...')
#2 /home/xkynpbah/public_html/vendor/codeigniter4/framework/system/Database/BaseConnection.php(598): CodeIgniter\Database\BaseConnection->simpleQuery('SELECT COUNT(*)...')
#3 /home/xkynpbah/public_html/vendor/codeigniter4/framework/system/Database/BaseBuilder.php(1527): CodeIgniter\Database\BaseConnection->query('SELECT COUNT(*)...', Array, false)
#4 /home/xkynpbah/public_html/app/Controllers/Telegram.php(165): CodeIgniter\Database\BaseBuilder->countAllResults()
#5 /home/xkynpbah/public_html/app/Controllers/Telegram.php(124): App\Controllers\Telegram->askForResetConfirmation(6719727245, 6719727245, Object(stdClass), 'akashbabu', Object(stdClass))
#6 /home/xkynpbah/public_html/vendor/codeigniter4/framework/system/CodeIgniter.php(824): App\Controllers\Telegram->index()
#7 /home/xkynpbah/public_html/vendor/codeigniter4/framework/system/CodeIgniter.php(410): CodeIgniter\CodeIgniter->runController(Object(App\Controllers\Telegram))
#8 /home/xkynpbah/public_html/vendor/codeigniter4/framework/system/CodeIgniter.php(318): CodeIgniter\CodeIgniter->handleRequest(NULL, Object(Config\Cache), false)
#9 /home/xkynpbah/public_html/index.php(37): CodeIgniter\CodeIgniter->run()
#10 {main}
ERROR - 2026-07-26 22:43:24 --> Telegram controller called
ERROR - 2026-07-26 22:43:24 --> Table 'xkynpbah_titoo.telegram_premium' doesn't exist
CRITICAL - 2026-07-26 22:43:24 --> Table 'xkynpbah_titoo.telegram_premium' doesn't exist
#0 /home/xkynpbah/public_html/vendor/codeigniter4/framework/system/Database/MySQLi/Connection.php(292): mysqli->query('SELECT COUNT(*)...', 0)
#1 /home/xkynpbah/public_html/vendor/codeigniter4/framework/system/Database/BaseConnection.php(670): CodeIgniter\Database\MySQLi\Connection->execute('SELECT COUNT(*)...')
#2 /home/xkynpbah/public_html/vendor/codeigniter4/framework/system/Database/BaseConnection.php(598): CodeIgniter\Database\BaseConnection->simpleQuery('SELECT COUNT(*)...')
#3 /home/xkynpbah/public_html/vendor/codeigniter4/framework/system/Database/BaseBuilder.php(1527): CodeIgniter\Database\BaseConnection->query('SELECT COUNT(*)...', Array, false)
#4 /home/xkynpbah/public_html/app/Controllers/Telegram.php(165): CodeIgniter\Database\BaseBuilder->countAllResults()
#5 /home/xkynpbah/public_html/app/Controllers/Telegram.php(124): App\Controllers\Telegram->askForResetConfirmation(6719727245, 6719727245, Object(stdClass), 'akashbabu', Object(stdClass))
#6 /home/xkynpbah/public_html/vendor/codeigniter4/framework/system/CodeIgniter.php(824): App\Controllers\Telegram->index()
#7 /home/xkynpbah/public_html/vendor/codeigniter4/framework/system/CodeIgniter.php(410): CodeIgniter\CodeIgniter->runController(Object(App\Controllers\Telegram))
#8 /home/xkynpbah/public_html/vendor/codeigniter4/framework/system/CodeIgniter.php(318): CodeIgniter\CodeIgniter->handleRequest(NULL, Object(Config\Cache), false)
#9 /home/xkynpbah/public_html/index.php(37): CodeIgniter\CodeIgniter->run()
#10 {main}
ERROR - 2026-07-26 22:45:03 --> Telegram controller called
ERROR - 2026-07-26 22:45:03 --> Table 'xkynpbah_titoo.telegram_premium' doesn't exist
CRITICAL - 2026-07-26 22:45:03 --> Table 'xkynpbah_titoo.telegram_premium' doesn't exist
#0 /home/xkynpbah/public_html/vendor/codeigniter4/framework/system/Database/MySQLi/Connection.php(292): mysqli->query('SELECT COUNT(*)...', 0)
#1 /home/xkynpbah/public_html/vendor/codeigniter4/framework/system/Database/BaseConnection.php(670): CodeIgniter\Database\MySQLi\Connection->execute('SELECT COUNT(*)...')
#2 /home/xkynpbah/public_html/vendor/codeigniter4/framework/system/Database/BaseConnection.php(598): CodeIgniter\Database\BaseConnection->simpleQuery('SELECT COUNT(*)...')
#3 /home/xkynpbah/public_html/vendor/codeigniter4/framework/system/Database/BaseBuilder.php(1527): CodeIgniter\Database\BaseConnection->query('SELECT COUNT(*)...', Array, false)
#4 /home/xkynpbah/public_html/app/Controllers/Telegram.php(165): CodeIgniter\Database\BaseBuilder->countAllResults()
#5 /home/xkynpbah/public_html/app/Controllers/Telegram.php(124): App\Controllers\Telegram->askForResetConfirmation(6719727245, 6719727245, Object(stdClass), 'akashbabu', Object(stdClass))
#6 /home/xkynpbah/public_html/vendor/codeigniter4/framework/system/CodeIgniter.php(824): App\Controllers\Telegram->index()
#7 /home/xkynpbah/public_html/vendor/codeigniter4/framework/system/CodeIgniter.php(410): CodeIgniter\CodeIgniter->runController(Object(App\Controllers\Telegram))
#8 /home/xkynpbah/public_html/vendor/codeigniter4/framework/system/CodeIgniter.php(318): CodeIgniter\CodeIgniter->handleRequest(NULL, Object(Config\Cache), false)
#9 /home/xkynpbah/public_html/index.php(37): CodeIgniter\CodeIgniter->run()
#10 {main}
ERROR - 2026-07-26 22:46:17 --> Telegram controller called
ERROR - 2026-07-26 22:46:17 --> Table 'xkynpbah_titoo.telegram_premium' doesn't exist
CRITICAL - 2026-07-26 22:46:17 --> Table 'xkynpbah_titoo.telegram_premium' doesn't exist
#0 /home/xkynpbah/public_html/vendor/codeigniter4/framework/system/Database/MySQLi/Connection.php(292): mysqli->query('SELECT COUNT(*)...', 0)
#1 /home/xkynpbah/public_html/vendor/codeigniter4/framework/system/Database/BaseConnection.php(670): CodeIgniter\Database\MySQLi\Connection->execute('SELECT COUNT(*)...')
#2 /home/xkynpbah/public_html/vendor/codeigniter4/framework/system/Database/BaseConnection.php(598): CodeIgniter\Database\BaseConnection->simpleQuery('SELECT COUNT(*)...')
#3 /home/xkynpbah/public_html/vendor/codeigniter4/framework/system/Database/BaseBuilder.php(1527): CodeIgniter\Database\BaseConnection->query('SELECT COUNT(*)...', Array, false)
#4 /home/xkynpbah/public_html/app/Controllers/Telegram.php(165): CodeIgniter\Database\BaseBuilder->countAllResults()
#5 /home/xkynpbah/public_html/app/Controllers/Telegram.php(124): App\Controllers\Telegram->askForResetConfirmation(6719727245, 6719727245, Object(stdClass), 'akashbabu', Object(stdClass))
#6 /home/xkynpbah/public_html/vendor/codeigniter4/framework/system/CodeIgniter.php(824): App\Controllers\Telegram->index()
#7 /home/xkynpbah/public_html/vendor/codeigniter4/framework/system/CodeIgniter.php(410): CodeIgniter\CodeIgniter->runController(Object(App\Controllers\Telegram))
#8 /home/xkynpbah/public_html/vendor/codeigniter4/framework/system/CodeIgniter.php(318): CodeIgniter\CodeIgniter->handleRequest(NULL, Object(Config\Cache), false)
#9 /home/xkynpbah/public_html/index.php(37): CodeIgniter\CodeIgniter->run()
#10 {main}
ERROR - 2026-07-26 22:47:34 --> Telegram controller called
ERROR - 2026-07-26 22:47:34 --> Table 'xkynpbah_titoo.telegram_premium' doesn't exist
CRITICAL - 2026-07-26 22:47:34 --> Table 'xkynpbah_titoo.telegram_premium' doesn't exist
#0 /home/xkynpbah/public_html/vendor/codeigniter4/framework/system/Database/MySQLi/Connection.php(292): mysqli->query('SELECT COUNT(*)...', 0)
#1 /home/xkynpbah/public_html/vendor/codeigniter4/framework/system/Database/BaseConnection.php(670): CodeIgniter\Database\MySQLi\Connection->execute('SELECT COUNT(*)...')
#2 /home/xkynpbah/public_html/vendor/codeigniter4/framework/system/Database/BaseConnection.php(598): CodeIgniter\Database\BaseConnection->simpleQuery('SELECT COUNT(*)...')
#3 /home/xkynpbah/public_html/vendor/codeigniter4/framework/system/Database/BaseBuilder.php(1527): CodeIgniter\Database\BaseConnection->query('SELECT COUNT(*)...', Array, false)
#4 /home/xkynpbah/public_html/app/Controllers/Telegram.php(165): CodeIgniter\Database\BaseBuilder->countAllResults()
#5 /home/xkynpbah/public_html/app/Controllers/Telegram.php(124): App\Controllers\Telegram->askForResetConfirmation(6719727245, 6719727245, Object(stdClass), 'akashbabu', Object(stdClass))
#6 /home/xkynpbah/public_html/vendor/codeigniter4/framework/system/CodeIgniter.php(824): App\Controllers\Telegram->index()
#7 /home/xkynpbah/public_html/vendor/codeigniter4/framework/system/CodeIgniter.php(410): CodeIgniter\CodeIgniter->runController(Object(App\Controllers\Telegram))
#8 /home/xkynpbah/public_html/vendor/codeigniter4/framework/system/CodeIgniter.php(318): CodeIgniter\CodeIgniter->handleRequest(NULL, Object(Config\Cache), false)
#9 /home/xkynpbah/public_html/index.php(37): CodeIgniter\CodeIgniter->run()
#10 {main}
ERROR - 2026-07-26 22:48:45 --> Telegram controller called
ERROR - 2026-07-26 22:48:45 --> Table 'xkynpbah_titoo.telegram_premium' doesn't exist
CRITICAL - 2026-07-26 22:48:45 --> Table 'xkynpbah_titoo.telegram_premium' doesn't exist
#0 /home/xkynpbah/public_html/vendor/codeigniter4/framework/system/Database/MySQLi/Connection.php(292): mysqli->query('SELECT COUNT(*)...', 0)
#1 /home/xkynpbah/public_html/vendor/codeigniter4/framework/system/Database/BaseConnection.php(670): CodeIgniter\Database\MySQLi\Connection->execute('SELECT COUNT(*)...')
#2 /home/xkynpbah/public_html/vendor/codeigniter4/framework/system/Database/BaseConnection.php(598): CodeIgniter\Database\BaseConnection->simpleQuery('SELECT COUNT(*)...')
#3 /home/xkynpbah/public_html/vendor/codeigniter4/framework/system/Database/BaseBuilder.php(1527): CodeIgniter\Database\BaseConnection->query('SELECT COUNT(*)...', Array, false)
#4 /home/xkynpbah/public_html/app/Controllers/Telegram.php(165): CodeIgniter\Database\BaseBuilder->countAllResults()
#5 /home/xkynpbah/public_html/app/Controllers/Telegram.php(124): App\Controllers\Telegram->askForResetConfirmation(6719727245, 6719727245, Object(stdClass), 'akashbabu', Object(stdClass))
#6 /home/xkynpbah/public_html/vendor/codeigniter4/framework/system/CodeIgniter.php(824): App\Controllers\Telegram->index()
#7 /home/xkynpbah/public_html/vendor/codeigniter4/framework/system/CodeIgniter.php(410): CodeIgniter\CodeIgniter->runController(Object(App\Controllers\Telegram))
#8 /home/xkynpbah/public_html/vendor/codeigniter4/framework/system/CodeIgniter.php(318): CodeIgniter\CodeIgniter->handleRequest(NULL, Object(Config\Cache), false)
#9 /home/xkynpbah/public_html/index.php(37): CodeIgniter\CodeIgniter->run()
#10 {main}
ERROR - 2026-07-26 22:50:22 --> Telegram controller called
ERROR - 2026-07-26 22:50:22 --> Table 'xkynpbah_titoo.telegram_premium' doesn't exist
CRITICAL - 2026-07-26 22:50:22 --> Table 'xkynpbah_titoo.telegram_premium' doesn't exist
#0 /home/xkynpbah/public_html/vendor/codeigniter4/framework/system/Database/MySQLi/Connection.php(292): mysqli->query('SELECT COUNT(*)...', 0)
#1 /home/xkynpbah/public_html/vendor/codeigniter4/framework/system/Database/BaseConnection.php(670): CodeIgniter\Database\MySQLi\Connection->execute('SELECT COUNT(*)...')
#2 /home/xkynpbah/public_html/vendor/codeigniter4/framework/system/Database/BaseConnection.php(598): CodeIgniter\Database\BaseConnection->simpleQuery('SELECT COUNT(*)...')
#3 /home/xkynpbah/public_html/vendor/codeigniter4/framework/system/Database/BaseBuilder.php(1527): CodeIgniter\Database\BaseConnection->query('SELECT COUNT(*)...', Array, false)
#4 /home/xkynpbah/public_html/app/Controllers/Telegram.php(165): CodeIgniter\Database\BaseBuilder->countAllResults()
#5 /home/xkynpbah/public_html/app/Controllers/Telegram.php(124): App\Controllers\Telegram->askForResetConfirmation(6719727245, 6719727245, Object(stdClass), 'akashbabu', Object(stdClass))
#6 /home/xkynpbah/public_html/vendor/codeigniter4/framework/system/CodeIgniter.php(824): App\Controllers\Telegram->index()
#7 /home/xkynpbah/public_html/vendor/codeigniter4/framework/system/CodeIgniter.php(410): CodeIgniter\CodeIgniter->runController(Object(App\Controllers\Telegram))
#8 /home/xkynpbah/public_html/vendor/codeigniter4/framework/system/CodeIgniter.php(318): CodeIgniter\CodeIgniter->handleRequest(NULL, Object(Config\Cache), false)
#9 /home/xkynpbah/public_html/index.php(37): CodeIgniter\CodeIgniter->run()
#10 {main}
ERROR - 2026-07-26 22:52:18 --> Telegram controller called
ERROR - 2026-07-26 22:52:18 --> Table 'xkynpbah_titoo.telegram_premium' doesn't exist
CRITICAL - 2026-07-26 22:52:18 --> Table 'xkynpbah_titoo.telegram_premium' doesn't exist
#0 /home/xkynpbah/public_html/vendor/codeigniter4/framework/system/Database/MySQLi/Connection.php(292): mysqli->query('SELECT COUNT(*)...', 0)
#1 /home/xkynpbah/public_html/vendor/codeigniter4/framework/system/Database/BaseConnection.php(670): CodeIgniter\Database\MySQLi\Connection->execute('SELECT COUNT(*)...')
#2 /home/xkynpbah/public_html/vendor/codeigniter4/framework/system/Database/BaseConnection.php(598): CodeIgniter\Database\BaseConnection->simpleQuery('SELECT COUNT(*)...')
#3 /home/xkynpbah/public_html/vendor/codeigniter4/framework/system/Database/BaseBuilder.php(1527): CodeIgniter\Database\BaseConnection->query('SELECT COUNT(*)...', Array, false)
#4 /home/xkynpbah/public_html/app/Controllers/Telegram.php(165): CodeIgniter\Database\BaseBuilder->countAllResults()
#5 /home/xkynpbah/public_html/app/Controllers/Telegram.php(124): App\Controllers\Telegram->askForResetConfirmation(6719727245, 6719727245, Object(stdClass), 'akashbabu', Object(stdClass))
#6 /home/xkynpbah/public_html/vendor/codeigniter4/framework/system/CodeIgniter.php(824): App\Controllers\Telegram->index()
#7 /home/xkynpbah/public_html/vendor/codeigniter4/framework/system/CodeIgniter.php(410): CodeIgniter\CodeIgniter->runController(Object(App\Controllers\Telegram))
#8 /home/xkynpbah/public_html/vendor/codeigniter4/framework/system/CodeIgniter.php(318): CodeIgniter\CodeIgniter->handleRequest(NULL, Object(Config\Cache), false)
#9 /home/xkynpbah/public_html/index.php(37): CodeIgniter\CodeIgniter->run()
#10 {main}
ERROR - 2026-07-26 22:53:36 --> Telegram controller called
ERROR - 2026-07-26 22:53:36 --> Table 'xkynpbah_titoo.telegram_premium' doesn't exist
CRITICAL - 2026-07-26 22:53:36 --> Table 'xkynpbah_titoo.telegram_premium' doesn't exist
#0 /home/xkynpbah/public_html/vendor/codeigniter4/framework/system/Database/MySQLi/Connection.php(292): mysqli->query('SELECT COUNT(*)...', 0)
#1 /home/xkynpbah/public_html/vendor/codeigniter4/framework/system/Database/BaseConnection.php(670): CodeIgniter\Database\MySQLi\Connection->execute('SELECT COUNT(*)...')
#2 /home/xkynpbah/public_html/vendor/codeigniter4/framework/system/Database/BaseConnection.php(598): CodeIgniter\Database\BaseConnection->simpleQuery('SELECT COUNT(*)...')
#3 /home/xkynpbah/public_html/vendor/codeigniter4/framework/system/Database/BaseBuilder.php(1527): CodeIgniter\Database\BaseConnection->query('SELECT COUNT(*)...', Array, false)
#4 /home/xkynpbah/public_html/app/Controllers/Telegram.php(165): CodeIgniter\Database\BaseBuilder->countAllResults()
#5 /home/xkynpbah/public_html/app/Controllers/Telegram.php(124): App\Controllers\Telegram->askForResetConfirmation(6719727245, 6719727245, Object(stdClass), 'akashbabu', Object(stdClass))
#6 /home/xkynpbah/public_html/vendor/codeigniter4/framework/system/CodeIgniter.php(824): App\Controllers\Telegram->index()
#7 /home/xkynpbah/public_html/vendor/codeigniter4/framework/system/CodeIgniter.php(410): CodeIgniter\CodeIgniter->runController(Object(App\Controllers\Telegram))
#8 /home/xkynpbah/public_html/vendor/codeigniter4/framework/system/CodeIgniter.php(318): CodeIgniter\CodeIgniter->handleRequest(NULL, Object(Config\Cache), false)
#9 /home/xkynpbah/public_html/index.php(37): CodeIgniter\CodeIgniter->run()
#10 {main}
ERROR - 2026-07-26 22:55:06 --> Telegram controller called
ERROR - 2026-07-26 22:55:06 --> Table 'xkynpbah_titoo.telegram_premium' doesn't exist
CRITICAL - 2026-07-26 22:55:06 --> Table 'xkynpbah_titoo.telegram_premium' doesn't exist
#0 /home/xkynpbah/public_html/vendor/codeigniter4/framework/system/Database/MySQLi/Connection.php(292): mysqli->query('SELECT COUNT(*)...', 0)
#1 /home/xkynpbah/public_html/vendor/codeigniter4/framework/system/Database/BaseConnection.php(670): CodeIgniter\Database\MySQLi\Connection->execute('SELECT COUNT(*)...')
#2 /home/xkynpbah/public_html/vendor/codeigniter4/framework/system/Database/BaseConnection.php(598): CodeIgniter\Database\BaseConnection->simpleQuery('SELECT COUNT(*)...')
#3 /home/xkynpbah/public_html/vendor/codeigniter4/framework/system/Database/BaseBuilder.php(1527): CodeIgniter\Database\BaseConnection->query('SELECT COUNT(*)...', Array, false)
#4 /home/xkynpbah/public_html/app/Controllers/Telegram.php(165): CodeIgniter\Database\BaseBuilder->countAllResults()
#5 /home/xkynpbah/public_html/app/Controllers/Telegram.php(124): App\Controllers\Telegram->askForResetConfirmation(6719727245, 6719727245, Object(stdClass), 'akashbabu', Object(stdClass))
#6 /home/xkynpbah/public_html/vendor/codeigniter4/framework/system/CodeIgniter.php(824): App\Controllers\Telegram->index()
#7 /home/xkynpbah/public_html/vendor/codeigniter4/framework/system/CodeIgniter.php(410): CodeIgniter\CodeIgniter->runController(Object(App\Controllers\Telegram))
#8 /home/xkynpbah/public_html/vendor/codeigniter4/framework/system/CodeIgniter.php(318): CodeIgniter\CodeIgniter->handleRequest(NULL, Object(Config\Cache), false)
#9 /home/xkynpbah/public_html/index.php(37): CodeIgniter\CodeIgniter->run()
#10 {main}
ERROR - 2026-07-26 22:56:15 --> Telegram controller called
ERROR - 2026-07-26 22:56:15 --> Table 'xkynpbah_titoo.telegram_premium' doesn't exist
CRITICAL - 2026-07-26 22:56:15 --> Table 'xkynpbah_titoo.telegram_premium' doesn't exist
#0 /home/xkynpbah/public_html/vendor/codeigniter4/framework/system/Database/MySQLi/Connection.php(292): mysqli->query('SELECT COUNT(*)...', 0)
#1 /home/xkynpbah/public_html/vendor/codeigniter4/framework/system/Database/BaseConnection.php(670): CodeIgniter\Database\MySQLi\Connection->execute('SELECT COUNT(*)...')
#2 /home/xkynpbah/public_html/vendor/codeigniter4/framework/system/Database/BaseConnection.php(598): CodeIgniter\Database\BaseConnection->simpleQuery('SELECT COUNT(*)...')
#3 /home/xkynpbah/public_html/vendor/codeigniter4/framework/system/Database/BaseBuilder.php(1527): CodeIgniter\Database\BaseConnection->query('SELECT COUNT(*)...', Array, false)
#4 /home/xkynpbah/public_html/app/Controllers/Telegram.php(165): CodeIgniter\Database\BaseBuilder->countAllResults()
#5 /home/xkynpbah/public_html/app/Controllers/Telegram.php(124): App\Controllers\Telegram->askForResetConfirmation(6719727245, 6719727245, Object(stdClass), 'akashbabu', Object(stdClass))
#6 /home/xkynpbah/public_html/vendor/codeigniter4/framework/system/CodeIgniter.php(824): App\Controllers\Telegram->index()
#7 /home/xkynpbah/public_html/vendor/codeigniter4/framework/system/CodeIgniter.php(410): CodeIgniter\CodeIgniter->runController(Object(App\Controllers\Telegram))
#8 /home/xkynpbah/public_html/vendor/codeigniter4/framework/system/CodeIgniter.php(318): CodeIgniter\CodeIgniter->handleRequest(NULL, Object(Config\Cache), false)
#9 /home/xkynpbah/public_html/index.php(37): CodeIgniter\CodeIgniter->run()
#10 {main}
ERROR - 2026-07-26 22:57:52 --> Telegram controller called
ERROR - 2026-07-26 22:57:52 --> Table 'xkynpbah_titoo.telegram_premium' doesn't exist
CRITICAL - 2026-07-26 22:57:52 --> Table 'xkynpbah_titoo.telegram_premium' doesn't exist
#0 /home/xkynpbah/public_html/vendor/codeigniter4/framework/system/Database/MySQLi/Connection.php(292): mysqli->query('SELECT COUNT(*)...', 0)
#1 /home/xkynpbah/public_html/vendor/codeigniter4/framework/system/Database/BaseConnection.php(670): CodeIgniter\Database\MySQLi\Connection->execute('SELECT COUNT(*)...')
#2 /home/xkynpbah/public_html/vendor/codeigniter4/framework/system/Database/BaseConnection.php(598): CodeIgniter\Database\BaseConnection->simpleQuery('SELECT COUNT(*)...')
#3 /home/xkynpbah/public_html/vendor/codeigniter4/framework/system/Database/BaseBuilder.php(1527): CodeIgniter\Database\BaseConnection->query('SELECT COUNT(*)...', Array, false)
#4 /home/xkynpbah/public_html/app/Controllers/Telegram.php(165): CodeIgniter\Database\BaseBuilder->countAllResults()
#5 /home/xkynpbah/public_html/app/Controllers/Telegram.php(124): App\Controllers\Telegram->askForResetConfirmation(6719727245, 6719727245, Object(stdClass), 'akashbabu', Object(stdClass))
#6 /home/xkynpbah/public_html/vendor/codeigniter4/framework/system/CodeIgniter.php(824): App\Controllers\Telegram->index()
#7 /home/xkynpbah/public_html/vendor/codeigniter4/framework/system/CodeIgniter.php(410): CodeIgniter\CodeIgniter->runController(Object(App\Controllers\Telegram))
#8 /home/xkynpbah/public_html/vendor/codeigniter4/framework/system/CodeIgniter.php(318): CodeIgniter\CodeIgniter->handleRequest(NULL, Object(Config\Cache), false)
#9 /home/xkynpbah/public_html/index.php(37): CodeIgniter\CodeIgniter->run()
#10 {main}
ERROR - 2026-07-26 22:59:50 --> Telegram controller called
ERROR - 2026-07-26 22:59:50 --> Table 'xkynpbah_titoo.telegram_premium' doesn't exist
CRITICAL - 2026-07-26 22:59:50 --> Table 'xkynpbah_titoo.telegram_premium' doesn't exist
#0 /home/xkynpbah/public_html/vendor/codeigniter4/framework/system/Database/MySQLi/Connection.php(292): mysqli->query('SELECT COUNT(*)...', 0)
#1 /home/xkynpbah/public_html/vendor/codeigniter4/framework/system/Database/BaseConnection.php(670): CodeIgniter\Database\MySQLi\Connection->execute('SELECT COUNT(*)...')
#2 /home/xkynpbah/public_html/vendor/codeigniter4/framework/system/Database/BaseConnection.php(598): CodeIgniter\Database\BaseConnection->simpleQuery('SELECT COUNT(*)...')
#3 /home/xkynpbah/public_html/vendor/codeigniter4/framework/system/Database/BaseBuilder.php(1527): CodeIgniter\Database\BaseConnection->query('SELECT COUNT(*)...', Array, false)
#4 /home/xkynpbah/public_html/app/Controllers/Telegram.php(165): CodeIgniter\Database\BaseBuilder->countAllResults()
#5 /home/xkynpbah/public_html/app/Controllers/Telegram.php(124): App\Controllers\Telegram->askForResetConfirmation(6719727245, 6719727245, Object(stdClass), 'akashbabu', Object(stdClass))
#6 /home/xkynpbah/public_html/vendor/codeigniter4/framework/system/CodeIgniter.php(824): App\Controllers\Telegram->index()
#7 /home/xkynpbah/public_html/vendor/codeigniter4/framework/system/CodeIgniter.php(410): CodeIgniter\CodeIgniter->runController(Object(App\Controllers\Telegram))
#8 /home/xkynpbah/public_html/vendor/codeigniter4/framework/system/CodeIgniter.php(318): CodeIgniter\CodeIgniter->handleRequest(NULL, Object(Config\Cache), false)
#9 /home/xkynpbah/public_html/index.php(37): CodeIgniter\CodeIgniter->run()
#10 {main}
ERROR - 2026-07-26 23:01:45 --> Telegram controller called
ERROR - 2026-07-26 23:01:45 --> Table 'xkynpbah_titoo.telegram_premium' doesn't exist
CRITICAL - 2026-07-26 23:01:45 --> Table 'xkynpbah_titoo.telegram_premium' doesn't exist
#0 /home/xkynpbah/public_html/vendor/codeigniter4/framework/system/Database/MySQLi/Connection.php(292): mysqli->query('SELECT COUNT(*)...', 0)
#1 /home/xkynpbah/public_html/vendor/codeigniter4/framework/system/Database/BaseConnection.php(670): CodeIgniter\Database\MySQLi\Connection->execute('SELECT COUNT(*)...')
#2 /home/xkynpbah/public_html/vendor/codeigniter4/framework/system/Database/BaseConnection.php(598): CodeIgniter\Database\BaseConnection->simpleQuery('SELECT COUNT(*)...')
#3 /home/xkynpbah/public_html/vendor/codeigniter4/framework/system/Database/BaseBuilder.php(1527): CodeIgniter\Database\BaseConnection->query('SELECT COUNT(*)...', Array, false)
#4 /home/xkynpbah/public_html/app/Controllers/Telegram.php(165): CodeIgniter\Database\BaseBuilder->countAllResults()
#5 /home/xkynpbah/public_html/app/Controllers/Telegram.php(124): App\Controllers\Telegram->askForResetConfirmation(6719727245, 6719727245, Object(stdClass), 'akashbabu', Object(stdClass))
#6 /home/xkynpbah/public_html/vendor/codeigniter4/framework/system/CodeIgniter.php(824): App\Controllers\Telegram->index()
#7 /home/xkynpbah/public_html/vendor/codeigniter4/framework/system/CodeIgniter.php(410): CodeIgniter\CodeIgniter->runController(Object(App\Controllers\Telegram))
#8 /home/xkynpbah/public_html/vendor/codeigniter4/framework/system/CodeIgniter.php(318): CodeIgniter\CodeIgniter->handleRequest(NULL, Object(Config\Cache), false)
#9 /home/xkynpbah/public_html/index.php(37): CodeIgniter\CodeIgniter->run()
#10 {main}
ERROR - 2026-07-26 23:02:56 --> Telegram controller called
ERROR - 2026-07-26 23:02:56 --> Table 'xkynpbah_titoo.telegram_premium' doesn't exist
CRITICAL - 2026-07-26 23:02:56 --> Table 'xkynpbah_titoo.telegram_premium' doesn't exist
#0 /home/xkynpbah/public_html/vendor/codeigniter4/framework/system/Database/MySQLi/Connection.php(292): mysqli->query('SELECT COUNT(*)...', 0)
#1 /home/xkynpbah/public_html/vendor/codeigniter4/framework/system/Database/BaseConnection.php(670): CodeIgniter\Database\MySQLi\Connection->execute('SELECT COUNT(*)...')
#2 /home/xkynpbah/public_html/vendor/codeigniter4/framework/system/Database/BaseConnection.php(598): CodeIgniter\Database\BaseConnection->simpleQuery('SELECT COUNT(*)...')
#3 /home/xkynpbah/public_html/vendor/codeigniter4/framework/system/Database/BaseBuilder.php(1527): CodeIgniter\Database\BaseConnection->query('SELECT COUNT(*)...', Array, false)
#4 /home/xkynpbah/public_html/app/Controllers/Telegram.php(165): CodeIgniter\Database\BaseBuilder->countAllResults()
#5 /home/xkynpbah/public_html/app/Controllers/Telegram.php(124): App\Controllers\Telegram->askForResetConfirmation(6719727245, 6719727245, Object(stdClass), 'akashbabu', Object(stdClass))
#6 /home/xkynpbah/public_html/vendor/codeigniter4/framework/system/CodeIgniter.php(824): App\Controllers\Telegram->index()
#7 /home/xkynpbah/public_html/vendor/codeigniter4/framework/system/CodeIgniter.php(410): CodeIgniter\CodeIgniter->runController(Object(App\Controllers\Telegram))
#8 /home/xkynpbah/public_html/vendor/codeigniter4/framework/system/CodeIgniter.php(318): CodeIgniter\CodeIgniter->handleRequest(NULL, Object(Config\Cache), false)
#9 /home/xkynpbah/public_html/index.php(37): CodeIgniter\CodeIgniter->run()
#10 {main}
ERROR - 2026-07-26 23:04:17 --> Telegram controller called
ERROR - 2026-07-26 23:04:17 --> Table 'xkynpbah_titoo.telegram_premium' doesn't exist
CRITICAL - 2026-07-26 23:04:17 --> Table 'xkynpbah_titoo.telegram_premium' doesn't exist
#0 /home/xkynpbah/public_html/vendor/codeigniter4/framework/system/Database/MySQLi/Connection.php(292): mysqli->query('SELECT COUNT(*)...', 0)
#1 /home/xkynpbah/public_html/vendor/codeigniter4/framework/system/Database/BaseConnection.php(670): CodeIgniter\Database\MySQLi\Connection->execute('SELECT COUNT(*)...')
#2 /home/xkynpbah/public_html/vendor/codeigniter4/framework/system/Database/BaseConnection.php(598): CodeIgniter\Database\BaseConnection->simpleQuery('SELECT COUNT(*)...')
#3 /home/xkynpbah/public_html/vendor/codeigniter4/framework/system/Database/BaseBuilder.php(1527): CodeIgniter\Database\BaseConnection->query('SELECT COUNT(*)...', Array, false)
#4 /home/xkynpbah/public_html/app/Controllers/Telegram.php(165): CodeIgniter\Database\BaseBuilder->countAllResults()
#5 /home/xkynpbah/public_html/app/Controllers/Telegram.php(124): App\Controllers\Telegram->askForResetConfirmation(6719727245, 6719727245, Object(stdClass), 'akashbabu', Object(stdClass))
#6 /home/xkynpbah/public_html/vendor/codeigniter4/framework/system/CodeIgniter.php(824): App\Controllers\Telegram->index()
#7 /home/xkynpbah/public_html/vendor/codeigniter4/framework/system/CodeIgniter.php(410): CodeIgniter\CodeIgniter->runController(Object(App\Controllers\Telegram))
#8 /home/xkynpbah/public_html/vendor/codeigniter4/framework/system/CodeIgniter.php(318): CodeIgniter\CodeIgniter->handleRequest(NULL, Object(Config\Cache), false)
#9 /home/xkynpbah/public_html/index.php(37): CodeIgniter\CodeIgniter->run()
#10 {main}
ERROR - 2026-07-26 23:05:57 --> Telegram controller called
ERROR - 2026-07-26 23:05:57 --> Table 'xkynpbah_titoo.telegram_premium' doesn't exist
CRITICAL - 2026-07-26 23:05:57 --> Table 'xkynpbah_titoo.telegram_premium' doesn't exist
#0 /home/xkynpbah/public_html/vendor/codeigniter4/framework/system/Database/MySQLi/Connection.php(292): mysqli->query('SELECT COUNT(*)...', 0)
#1 /home/xkynpbah/public_html/vendor/codeigniter4/framework/system/Database/BaseConnection.php(670): CodeIgniter\Database\MySQLi\Connection->execute('SELECT COUNT(*)...')
#2 /home/xkynpbah/public_html/vendor/codeigniter4/framework/system/Database/BaseConnection.php(598): CodeIgniter\Database\BaseConnection->simpleQuery('SELECT COUNT(*)...')
#3 /home/xkynpbah/public_html/vendor/codeigniter4/framework/system/Database/BaseBuilder.php(1527): CodeIgniter\Database\BaseConnection->query('SELECT COUNT(*)...', Array, false)
#4 /home/xkynpbah/public_html/app/Controllers/Telegram.php(165): CodeIgniter\Database\BaseBuilder->countAllResults()
#5 /home/xkynpbah/public_html/app/Controllers/Telegram.php(124): App\Controllers\Telegram->askForResetConfirmation(6719727245, 6719727245, Object(stdClass), 'akashbabu', Object(stdClass))
#6 /home/xkynpbah/public_html/vendor/codeigniter4/framework/system/CodeIgniter.php(824): App\Controllers\Telegram->index()
#7 /home/xkynpbah/public_html/vendor/codeigniter4/framework/system/CodeIgniter.php(410): CodeIgniter\CodeIgniter->runController(Object(App\Controllers\Telegram))
#8 /home/xkynpbah/public_html/vendor/codeigniter4/framework/system/CodeIgniter.php(318): CodeIgniter\CodeIgniter->handleRequest(NULL, Object(Config\Cache), false)
#9 /home/xkynpbah/public_html/index.php(37): CodeIgniter\CodeIgniter->run()
#10 {main}
ERROR - 2026-07-26 23:07:22 --> Telegram controller called
ERROR - 2026-07-26 23:07:22 --> Table 'xkynpbah_titoo.telegram_premium' doesn't exist
CRITICAL - 2026-07-26 23:07:22 --> Table 'xkynpbah_titoo.telegram_premium' doesn't exist
#0 /home/xkynpbah/public_html/vendor/codeigniter4/framework/system/Database/MySQLi/Connection.php(292): mysqli->query('SELECT COUNT(*)...', 0)
#1 /home/xkynpbah/public_html/vendor/codeigniter4/framework/system/Database/BaseConnection.php(670): CodeIgniter\Database\MySQLi\Connection->execute('SELECT COUNT(*)...')
#2 /home/xkynpbah/public_html/vendor/codeigniter4/framework/system/Database/BaseConnection.php(598): CodeIgniter\Database\BaseConnection->simpleQuery('SELECT COUNT(*)...')
#3 /home/xkynpbah/public_html/vendor/codeigniter4/framework/system/Database/BaseBuilder.php(1527): CodeIgniter\Database\BaseConnection->query('SELECT COUNT(*)...', Array, false)
#4 /home/xkynpbah/public_html/app/Controllers/Telegram.php(165): CodeIgniter\Database\BaseBuilder->countAllResults()
#5 /home/xkynpbah/public_html/app/Controllers/Telegram.php(124): App\Controllers\Telegram->askForResetConfirmation(6719727245, 6719727245, Object(stdClass), 'akashbabu', Object(stdClass))
#6 /home/xkynpbah/public_html/vendor/codeigniter4/framework/system/CodeIgniter.php(824): App\Controllers\Telegram->index()
#7 /home/xkynpbah/public_html/vendor/codeigniter4/framework/system/CodeIgniter.php(410): CodeIgniter\CodeIgniter->runController(Object(App\Controllers\Telegram))
#8 /home/xkynpbah/public_html/vendor/codeigniter4/framework/system/CodeIgniter.php(318): CodeIgniter\CodeIgniter->handleRequest(NULL, Object(Config\Cache), false)
#9 /home/xkynpbah/public_html/index.php(37): CodeIgniter\CodeIgniter->run()
#10 {main}
ERROR - 2026-07-26 23:09:01 --> Telegram controller called
ERROR - 2026-07-26 23:09:01 --> Table 'xkynpbah_titoo.telegram_premium' doesn't exist
CRITICAL - 2026-07-26 23:09:01 --> Table 'xkynpbah_titoo.telegram_premium' doesn't exist
#0 /home/xkynpbah/public_html/vendor/codeigniter4/framework/system/Database/MySQLi/Connection.php(292): mysqli->query('SELECT COUNT(*)...', 0)
#1 /home/xkynpbah/public_html/vendor/codeigniter4/framework/system/Database/BaseConnection.php(670): CodeIgniter\Database\MySQLi\Connection->execute('SELECT COUNT(*)...')
#2 /home/xkynpbah/public_html/vendor/codeigniter4/framework/system/Database/BaseConnection.php(598): CodeIgniter\Database\BaseConnection->simpleQuery('SELECT COUNT(*)...')
#3 /home/xkynpbah/public_html/vendor/codeigniter4/framework/system/Database/BaseBuilder.php(1527): CodeIgniter\Database\BaseConnection->query('SELECT COUNT(*)...', Array, false)
#4 /home/xkynpbah/public_html/app/Controllers/Telegram.php(165): CodeIgniter\Database\BaseBuilder->countAllResults()
#5 /home/xkynpbah/public_html/app/Controllers/Telegram.php(124): App\Controllers\Telegram->askForResetConfirmation(6719727245, 6719727245, Object(stdClass), 'akashbabu', Object(stdClass))
#6 /home/xkynpbah/public_html/vendor/codeigniter4/framework/system/CodeIgniter.php(824): App\Controllers\Telegram->index()
#7 /home/xkynpbah/public_html/vendor/codeigniter4/framework/system/CodeIgniter.php(410): CodeIgniter\CodeIgniter->runController(Object(App\Controllers\Telegram))
#8 /home/xkynpbah/public_html/vendor/codeigniter4/framework/system/CodeIgniter.php(318): CodeIgniter\CodeIgniter->handleRequest(NULL, Object(Config\Cache), false)
#9 /home/xkynpbah/public_html/index.php(37): CodeIgniter\CodeIgniter->run()
#10 {main}
ERROR - 2026-07-26 23:10:53 --> Telegram controller called
ERROR - 2026-07-26 23:10:53 --> Table 'xkynpbah_titoo.telegram_premium' doesn't exist
CRITICAL - 2026-07-26 23:10:53 --> Table 'xkynpbah_titoo.telegram_premium' doesn't exist
#0 /home/xkynpbah/public_html/vendor/codeigniter4/framework/system/Database/MySQLi/Connection.php(292): mysqli->query('SELECT COUNT(*)...', 0)
#1 /home/xkynpbah/public_html/vendor/codeigniter4/framework/system/Database/BaseConnection.php(670): CodeIgniter\Database\MySQLi\Connection->execute('SELECT COUNT(*)...')
#2 /home/xkynpbah/public_html/vendor/codeigniter4/framework/system/Database/BaseConnection.php(598): CodeIgniter\Database\BaseConnection->simpleQuery('SELECT COUNT(*)...')
#3 /home/xkynpbah/public_html/vendor/codeigniter4/framework/system/Database/BaseBuilder.php(1527): CodeIgniter\Database\BaseConnection->query('SELECT COUNT(*)...', Array, false)
#4 /home/xkynpbah/public_html/app/Controllers/Telegram.php(165): CodeIgniter\Database\BaseBuilder->countAllResults()
#5 /home/xkynpbah/public_html/app/Controllers/Telegram.php(124): App\Controllers\Telegram->askForResetConfirmation(6719727245, 6719727245, Object(stdClass), 'akashbabu', Object(stdClass))
#6 /home/xkynpbah/public_html/vendor/codeigniter4/framework/system/CodeIgniter.php(824): App\Controllers\Telegram->index()
#7 /home/xkynpbah/public_html/vendor/codeigniter4/framework/system/CodeIgniter.php(410): CodeIgniter\CodeIgniter->runController(Object(App\Controllers\Telegram))
#8 /home/xkynpbah/public_html/vendor/codeigniter4/framework/system/CodeIgniter.php(318): CodeIgniter\CodeIgniter->handleRequest(NULL, Object(Config\Cache), false)
#9 /home/xkynpbah/public_html/index.php(37): CodeIgniter\CodeIgniter->run()
#10 {main}
ERROR - 2026-07-26 23:12:46 --> Telegram controller called
ERROR - 2026-07-26 23:12:46 --> Table 'xkynpbah_titoo.telegram_premium' doesn't exist
CRITICAL - 2026-07-26 23:12:46 --> Table 'xkynpbah_titoo.telegram_premium' doesn't exist
#0 /home/xkynpbah/public_html/vendor/codeigniter4/framework/system/Database/MySQLi/Connection.php(292): mysqli->query('SELECT COUNT(*)...', 0)
#1 /home/xkynpbah/public_html/vendor/codeigniter4/framework/system/Database/BaseConnection.php(670): CodeIgniter\Database\MySQLi\Connection->execute('SELECT COUNT(*)...')
#2 /home/xkynpbah/public_html/vendor/codeigniter4/framework/system/Database/BaseConnection.php(598): CodeIgniter\Database\BaseConnection->simpleQuery('SELECT COUNT(*)...')
#3 /home/xkynpbah/public_html/vendor/codeigniter4/framework/system/Database/BaseBuilder.php(1527): CodeIgniter\Database\BaseConnection->query('SELECT COUNT(*)...', Array, false)
#4 /home/xkynpbah/public_html/app/Controllers/Telegram.php(165): CodeIgniter\Database\BaseBuilder->countAllResults()
#5 /home/xkynpbah/public_html/app/Controllers/Telegram.php(124): App\Controllers\Telegram->askForResetConfirmation(6719727245, 6719727245, Object(stdClass), 'akashbabu', Object(stdClass))
#6 /home/xkynpbah/public_html/vendor/codeigniter4/framework/system/CodeIgniter.php(824): App\Controllers\Telegram->index()
#7 /home/xkynpbah/public_html/vendor/codeigniter4/framework/system/CodeIgniter.php(410): CodeIgniter\CodeIgniter->runController(Object(App\Controllers\Telegram))
#8 /home/xkynpbah/public_html/vendor/codeigniter4/framework/system/CodeIgniter.php(318): CodeIgniter\CodeIgniter->handleRequest(NULL, Object(Config\Cache), false)
#9 /home/xkynpbah/public_html/index.php(37): CodeIgniter\CodeIgniter->run()
#10 {main}
ERROR - 2026-07-26 23:13:47 --> Telegram controller called
ERROR - 2026-07-26 23:13:47 --> Table 'xkynpbah_titoo.telegram_premium' doesn't exist
CRITICAL - 2026-07-26 23:13:47 --> Table 'xkynpbah_titoo.telegram_premium' doesn't exist
#0 /home/xkynpbah/public_html/vendor/codeigniter4/framework/system/Database/MySQLi/Connection.php(292): mysqli->query('SELECT COUNT(*)...', 0)
#1 /home/xkynpbah/public_html/vendor/codeigniter4/framework/system/Database/BaseConnection.php(670): CodeIgniter\Database\MySQLi\Connection->execute('SELECT COUNT(*)...')
#2 /home/xkynpbah/public_html/vendor/codeigniter4/framework/system/Database/BaseConnection.php(598): CodeIgniter\Database\BaseConnection->simpleQuery('SELECT COUNT(*)...')
#3 /home/xkynpbah/public_html/vendor/codeigniter4/framework/system/Database/BaseBuilder.php(1527): CodeIgniter\Database\BaseConnection->query('SELECT COUNT(*)...', Array, false)
#4 /home/xkynpbah/public_html/app/Controllers/Telegram.php(165): CodeIgniter\Database\BaseBuilder->countAllResults()
#5 /home/xkynpbah/public_html/app/Controllers/Telegram.php(124): App\Controllers\Telegram->askForResetConfirmation(6719727245, 6719727245, Object(stdClass), 'akashbabu', Object(stdClass))
#6 /home/xkynpbah/public_html/vendor/codeigniter4/framework/system/CodeIgniter.php(824): App\Controllers\Telegram->index()
#7 /home/xkynpbah/public_html/vendor/codeigniter4/framework/system/CodeIgniter.php(410): CodeIgniter\CodeIgniter->runController(Object(App\Controllers\Telegram))
#8 /home/xkynpbah/public_html/vendor/codeigniter4/framework/system/CodeIgniter.php(318): CodeIgniter\CodeIgniter->handleRequest(NULL, Object(Config\Cache), false)
#9 /home/xkynpbah/public_html/index.php(37): CodeIgniter\CodeIgniter->run()
#10 {main}
ERROR - 2026-07-26 23:15:18 --> Telegram controller called
ERROR - 2026-07-26 23:15:18 --> Table 'xkynpbah_titoo.telegram_premium' doesn't exist
CRITICAL - 2026-07-26 23:15:18 --> Table 'xkynpbah_titoo.telegram_premium' doesn't exist
#0 /home/xkynpbah/public_html/vendor/codeigniter4/framework/system/Database/MySQLi/Connection.php(292): mysqli->query('SELECT COUNT(*)...', 0)
#1 /home/xkynpbah/public_html/vendor/codeigniter4/framework/system/Database/BaseConnection.php(670): CodeIgniter\Database\MySQLi\Connection->execute('SELECT COUNT(*)...')
#2 /home/xkynpbah/public_html/vendor/codeigniter4/framework/system/Database/BaseConnection.php(598): CodeIgniter\Database\BaseConnection->simpleQuery('SELECT COUNT(*)...')
#3 /home/xkynpbah/public_html/vendor/codeigniter4/framework/system/Database/BaseBuilder.php(1527): CodeIgniter\Database\BaseConnection->query('SELECT COUNT(*)...', Array, false)
#4 /home/xkynpbah/public_html/app/Controllers/Telegram.php(165): CodeIgniter\Database\BaseBuilder->countAllResults()
#5 /home/xkynpbah/public_html/app/Controllers/Telegram.php(124): App\Controllers\Telegram->askForResetConfirmation(6719727245, 6719727245, Object(stdClass), 'akashbabu', Object(stdClass))
#6 /home/xkynpbah/public_html/vendor/codeigniter4/framework/system/CodeIgniter.php(824): App\Controllers\Telegram->index()
#7 /home/xkynpbah/public_html/vendor/codeigniter4/framework/system/CodeIgniter.php(410): CodeIgniter\CodeIgniter->runController(Object(App\Controllers\Telegram))
#8 /home/xkynpbah/public_html/vendor/codeigniter4/framework/system/CodeIgniter.php(318): CodeIgniter\CodeIgniter->handleRequest(NULL, Object(Config\Cache), false)
#9 /home/xkynpbah/public_html/index.php(37): CodeIgniter\CodeIgniter->run()
#10 {main}
ERROR - 2026-07-26 23:17:06 --> Telegram controller called
ERROR - 2026-07-26 23:17:06 --> Table 'xkynpbah_titoo.telegram_premium' doesn't exist
CRITICAL - 2026-07-26 23:17:06 --> Table 'xkynpbah_titoo.telegram_premium' doesn't exist
#0 /home/xkynpbah/public_html/vendor/codeigniter4/framework/system/Database/MySQLi/Connection.php(292): mysqli->query('SELECT COUNT(*)...', 0)
#1 /home/xkynpbah/public_html/vendor/codeigniter4/framework/system/Database/BaseConnection.php(670): CodeIgniter\Database\MySQLi\Connection->execute('SELECT COUNT(*)...')
#2 /home/xkynpbah/public_html/vendor/codeigniter4/framework/system/Database/BaseConnection.php(598): CodeIgniter\Database\BaseConnection->simpleQuery('SELECT COUNT(*)...')
#3 /home/xkynpbah/public_html/vendor/codeigniter4/framework/system/Database/BaseBuilder.php(1527): CodeIgniter\Database\BaseConnection->query('SELECT COUNT(*)...', Array, false)
#4 /home/xkynpbah/public_html/app/Controllers/Telegram.php(165): CodeIgniter\Database\BaseBuilder->countAllResults()
#5 /home/xkynpbah/public_html/app/Controllers/Telegram.php(124): App\Controllers\Telegram->askForResetConfirmation(6719727245, 6719727245, Object(stdClass), 'akashbabu', Object(stdClass))
#6 /home/xkynpbah/public_html/vendor/codeigniter4/framework/system/CodeIgniter.php(824): App\Controllers\Telegram->index()
#7 /home/xkynpbah/public_html/vendor/codeigniter4/framework/system/CodeIgniter.php(410): CodeIgniter\CodeIgniter->runController(Object(App\Controllers\Telegram))
#8 /home/xkynpbah/public_html/vendor/codeigniter4/framework/system/CodeIgniter.php(318): CodeIgniter\CodeIgniter->handleRequest(NULL, Object(Config\Cache), false)
#9 /home/xkynpbah/public_html/index.php(37): CodeIgniter\CodeIgniter->run()
#10 {main}
ERROR - 2026-07-26 23:18:19 --> Telegram controller called
ERROR - 2026-07-26 23:18:19 --> Table 'xkynpbah_titoo.telegram_premium' doesn't exist
CRITICAL - 2026-07-26 23:18:19 --> Table 'xkynpbah_titoo.telegram_premium' doesn't exist
#0 /home/xkynpbah/public_html/vendor/codeigniter4/framework/system/Database/MySQLi/Connection.php(292): mysqli->query('SELECT COUNT(*)...', 0)
#1 /home/xkynpbah/public_html/vendor/codeigniter4/framework/system/Database/BaseConnection.php(670): CodeIgniter\Database\MySQLi\Connection->execute('SELECT COUNT(*)...')
#2 /home/xkynpbah/public_html/vendor/codeigniter4/framework/system/Database/BaseConnection.php(598): CodeIgniter\Database\BaseConnection->simpleQuery('SELECT COUNT(*)...')
#3 /home/xkynpbah/public_html/vendor/codeigniter4/framework/system/Database/BaseBuilder.php(1527): CodeIgniter\Database\BaseConnection->query('SELECT COUNT(*)...', Array, false)
#4 /home/xkynpbah/public_html/app/Controllers/Telegram.php(165): CodeIgniter\Database\BaseBuilder->countAllResults()
#5 /home/xkynpbah/public_html/app/Controllers/Telegram.php(124): App\Controllers\Telegram->askForResetConfirmation(6719727245, 6719727245, Object(stdClass), 'akashbabu', Object(stdClass))
#6 /home/xkynpbah/public_html/vendor/codeigniter4/framework/system/CodeIgniter.php(824): App\Controllers\Telegram->index()
#7 /home/xkynpbah/public_html/vendor/codeigniter4/framework/system/CodeIgniter.php(410): CodeIgniter\CodeIgniter->runController(Object(App\Controllers\Telegram))
#8 /home/xkynpbah/public_html/vendor/codeigniter4/framework/system/CodeIgniter.php(318): CodeIgniter\CodeIgniter->handleRequest(NULL, Object(Config\Cache), false)
#9 /home/xkynpbah/public_html/index.php(37): CodeIgniter\CodeIgniter->run()
#10 {main}
ERROR - 2026-07-26 23:19:57 --> Telegram controller called
ERROR - 2026-07-26 23:19:57 --> Table 'xkynpbah_titoo.telegram_premium' doesn't exist
CRITICAL - 2026-07-26 23:19:57 --> Table 'xkynpbah_titoo.telegram_premium' doesn't exist
#0 /home/xkynpbah/public_html/vendor/codeigniter4/framework/system/Database/MySQLi/Connection.php(292): mysqli->query('SELECT COUNT(*)...', 0)
#1 /home/xkynpbah/public_html/vendor/codeigniter4/framework/system/Database/BaseConnection.php(670): CodeIgniter\Database\MySQLi\Connection->execute('SELECT COUNT(*)...')
#2 /home/xkynpbah/public_html/vendor/codeigniter4/framework/system/Database/BaseConnection.php(598): CodeIgniter\Database\BaseConnection->simpleQuery('SELECT COUNT(*)...')
#3 /home/xkynpbah/public_html/vendor/codeigniter4/framework/system/Database/BaseBuilder.php(1527): CodeIgniter\Database\BaseConnection->query('SELECT COUNT(*)...', Array, false)
#4 /home/xkynpbah/public_html/app/Controllers/Telegram.php(165): CodeIgniter\Database\BaseBuilder->countAllResults()
#5 /home/xkynpbah/public_html/app/Controllers/Telegram.php(124): App\Controllers\Telegram->askForResetConfirmation(6719727245, 6719727245, Object(stdClass), 'akashbabu', Object(stdClass))
#6 /home/xkynpbah/public_html/vendor/codeigniter4/framework/system/CodeIgniter.php(824): App\Controllers\Telegram->index()
#7 /home/xkynpbah/public_html/vendor/codeigniter4/framework/system/CodeIgniter.php(410): CodeIgniter\CodeIgniter->runController(Object(App\Controllers\Telegram))
#8 /home/xkynpbah/public_html/vendor/codeigniter4/framework/system/CodeIgniter.php(318): CodeIgniter\CodeIgniter->handleRequest(NULL, Object(Config\Cache), false)
#9 /home/xkynpbah/public_html/index.php(37): CodeIgniter\CodeIgniter->run()
#10 {main}
ERROR - 2026-07-26 23:21:26 --> Telegram controller called
ERROR - 2026-07-26 23:21:26 --> Table 'xkynpbah_titoo.telegram_premium' doesn't exist
CRITICAL - 2026-07-26 23:21:26 --> Table 'xkynpbah_titoo.telegram_premium' doesn't exist
#0 /home/xkynpbah/public_html/vendor/codeigniter4/framework/system/Database/MySQLi/Connection.php(292): mysqli->query('SELECT COUNT(*)...', 0)
#1 /home/xkynpbah/public_html/vendor/codeigniter4/framework/system/Database/BaseConnection.php(670): CodeIgniter\Database\MySQLi\Connection->execute('SELECT COUNT(*)...')
#2 /home/xkynpbah/public_html/vendor/codeigniter4/framework/system/Database/BaseConnection.php(598): CodeIgniter\Database\BaseConnection->simpleQuery('SELECT COUNT(*)...')
#3 /home/xkynpbah/public_html/vendor/codeigniter4/framework/system/Database/BaseBuilder.php(1527): CodeIgniter\Database\BaseConnection->query('SELECT COUNT(*)...', Array, false)
#4 /home/xkynpbah/public_html/app/Controllers/Telegram.php(165): CodeIgniter\Database\BaseBuilder->countAllResults()
#5 /home/xkynpbah/public_html/app/Controllers/Telegram.php(124): App\Controllers\Telegram->askForResetConfirmation(6719727245, 6719727245, Object(stdClass), 'akashbabu', Object(stdClass))
#6 /home/xkynpbah/public_html/vendor/codeigniter4/framework/system/CodeIgniter.php(824): App\Controllers\Telegram->index()
#7 /home/xkynpbah/public_html/vendor/codeigniter4/framework/system/CodeIgniter.php(410): CodeIgniter\CodeIgniter->runController(Object(App\Controllers\Telegram))
#8 /home/xkynpbah/public_html/vendor/codeigniter4/framework/system/CodeIgniter.php(318): CodeIgniter\CodeIgniter->handleRequest(NULL, Object(Config\Cache), false)
#9 /home/xkynpbah/public_html/index.php(37): CodeIgniter\CodeIgniter->run()
#10 {main}
ERROR - 2026-07-26 23:23:11 --> Telegram controller called
ERROR - 2026-07-26 23:23:11 --> Table 'xkynpbah_titoo.telegram_premium' doesn't exist
CRITICAL - 2026-07-26 23:23:11 --> Table 'xkynpbah_titoo.telegram_premium' doesn't exist
#0 /home/xkynpbah/public_html/vendor/codeigniter4/framework/system/Database/MySQLi/Connection.php(292): mysqli->query('SELECT COUNT(*)...', 0)
#1 /home/xkynpbah/public_html/vendor/codeigniter4/framework/system/Database/BaseConnection.php(670): CodeIgniter\Database\MySQLi\Connection->execute('SELECT COUNT(*)...')
#2 /home/xkynpbah/public_html/vendor/codeigniter4/framework/system/Database/BaseConnection.php(598): CodeIgniter\Database\BaseConnection->simpleQuery('SELECT COUNT(*)...')
#3 /home/xkynpbah/public_html/vendor/codeigniter4/framework/system/Database/BaseBuilder.php(1527): CodeIgniter\Database\BaseConnection->query('SELECT COUNT(*)...', Array, false)
#4 /home/xkynpbah/public_html/app/Controllers/Telegram.php(165): CodeIgniter\Database\BaseBuilder->countAllResults()
#5 /home/xkynpbah/public_html/app/Controllers/Telegram.php(124): App\Controllers\Telegram->askForResetConfirmation(6719727245, 6719727245, Object(stdClass), 'akashbabu', Object(stdClass))
#6 /home/xkynpbah/public_html/vendor/codeigniter4/framework/system/CodeIgniter.php(824): App\Controllers\Telegram->index()
#7 /home/xkynpbah/public_html/vendor/codeigniter4/framework/system/CodeIgniter.php(410): CodeIgniter\CodeIgniter->runController(Object(App\Controllers\Telegram))
#8 /home/xkynpbah/public_html/vendor/codeigniter4/framework/system/CodeIgniter.php(318): CodeIgniter\CodeIgniter->handleRequest(NULL, Object(Config\Cache), false)
#9 /home/xkynpbah/public_html/index.php(37): CodeIgniter\CodeIgniter->run()
#10 {main}
ERROR - 2026-07-26 23:24:50 --> Telegram controller called
ERROR - 2026-07-26 23:24:50 --> Table 'xkynpbah_titoo.telegram_premium' doesn't exist
CRITICAL - 2026-07-26 23:24:50 --> Table 'xkynpbah_titoo.telegram_premium' doesn't exist
#0 /home/xkynpbah/public_html/vendor/codeigniter4/framework/system/Database/MySQLi/Connection.php(292): mysqli->query('SELECT COUNT(*)...', 0)
#1 /home/xkynpbah/public_html/vendor/codeigniter4/framework/system/Database/BaseConnection.php(670): CodeIgniter\Database\MySQLi\Connection->execute('SELECT COUNT(*)...')
#2 /home/xkynpbah/public_html/vendor/codeigniter4/framework/system/Database/BaseConnection.php(598): CodeIgniter\Database\BaseConnection->simpleQuery('SELECT COUNT(*)...')
#3 /home/xkynpbah/public_html/vendor/codeigniter4/framework/system/Database/BaseBuilder.php(1527): CodeIgniter\Database\BaseConnection->query('SELECT COUNT(*)...', Array, false)
#4 /home/xkynpbah/public_html/app/Controllers/Telegram.php(165): CodeIgniter\Database\BaseBuilder->countAllResults()
#5 /home/xkynpbah/public_html/app/Controllers/Telegram.php(124): App\Controllers\Telegram->askForResetConfirmation(6719727245, 6719727245, Object(stdClass), 'akashbabu', Object(stdClass))
#6 /home/xkynpbah/public_html/vendor/codeigniter4/framework/system/CodeIgniter.php(824): App\Controllers\Telegram->index()
#7 /home/xkynpbah/public_html/vendor/codeigniter4/framework/system/CodeIgniter.php(410): CodeIgniter\CodeIgniter->runController(Object(App\Controllers\Telegram))
#8 /home/xkynpbah/public_html/vendor/codeigniter4/framework/system/CodeIgniter.php(318): CodeIgniter\CodeIgniter->handleRequest(NULL, Object(Config\Cache), false)
#9 /home/xkynpbah/public_html/index.php(37): CodeIgniter\CodeIgniter->run()
#10 {main}
ERROR - 2026-07-26 23:26:34 --> Telegram controller called
ERROR - 2026-07-26 23:26:34 --> Table 'xkynpbah_titoo.telegram_premium' doesn't exist
CRITICAL - 2026-07-26 23:26:34 --> Table 'xkynpbah_titoo.telegram_premium' doesn't exist
#0 /home/xkynpbah/public_html/vendor/codeigniter4/framework/system/Database/MySQLi/Connection.php(292): mysqli->query('SELECT COUNT(*)...', 0)
#1 /home/xkynpbah/public_html/vendor/codeigniter4/framework/system/Database/BaseConnection.php(670): CodeIgniter\Database\MySQLi\Connection->execute('SELECT COUNT(*)...')
#2 /home/xkynpbah/public_html/vendor/codeigniter4/framework/system/Database/BaseConnection.php(598): CodeIgniter\Database\BaseConnection->simpleQuery('SELECT COUNT(*)...')
#3 /home/xkynpbah/public_html/vendor/codeigniter4/framework/system/Database/BaseBuilder.php(1527): CodeIgniter\Database\BaseConnection->query('SELECT COUNT(*)...', Array, false)
#4 /home/xkynpbah/public_html/app/Controllers/Telegram.php(165): CodeIgniter\Database\BaseBuilder->countAllResults()
#5 /home/xkynpbah/public_html/app/Controllers/Telegram.php(124): App\Controllers\Telegram->askForResetConfirmation(6719727245, 6719727245, Object(stdClass), 'akashbabu', Object(stdClass))
#6 /home/xkynpbah/public_html/vendor/codeigniter4/framework/system/CodeIgniter.php(824): App\Controllers\Telegram->index()
#7 /home/xkynpbah/public_html/vendor/codeigniter4/framework/system/CodeIgniter.php(410): CodeIgniter\CodeIgniter->runController(Object(App\Controllers\Telegram))
#8 /home/xkynpbah/public_html/vendor/codeigniter4/framework/system/CodeIgniter.php(318): CodeIgniter\CodeIgniter->handleRequest(NULL, Object(Config\Cache), false)
#9 /home/xkynpbah/public_html/index.php(37): CodeIgniter\CodeIgniter->run()
#10 {main}
ERROR - 2026-07-26 23:28:20 --> Telegram controller called
ERROR - 2026-07-26 23:28:20 --> Table 'xkynpbah_titoo.telegram_premium' doesn't exist
CRITICAL - 2026-07-26 23:28:20 --> Table 'xkynpbah_titoo.telegram_premium' doesn't exist
#0 /home/xkynpbah/public_html/vendor/codeigniter4/framework/system/Database/MySQLi/Connection.php(292): mysqli->query('SELECT COUNT(*)...', 0)
#1 /home/xkynpbah/public_html/vendor/codeigniter4/framework/system/Database/BaseConnection.php(670): CodeIgniter\Database\MySQLi\Connection->execute('SELECT COUNT(*)...')
#2 /home/xkynpbah/public_html/vendor/codeigniter4/framework/system/Database/BaseConnection.php(598): CodeIgniter\Database\BaseConnection->simpleQuery('SELECT COUNT(*)...')
#3 /home/xkynpbah/public_html/vendor/codeigniter4/framework/system/Database/BaseBuilder.php(1527): CodeIgniter\Database\BaseConnection->query('SELECT COUNT(*)...', Array, false)
#4 /home/xkynpbah/public_html/app/Controllers/Telegram.php(165): CodeIgniter\Database\BaseBuilder->countAllResults()
#5 /home/xkynpbah/public_html/app/Controllers/Telegram.php(124): App\Controllers\Telegram->askForResetConfirmation(6719727245, 6719727245, Object(stdClass), 'akashbabu', Object(stdClass))
#6 /home/xkynpbah/public_html/vendor/codeigniter4/framework/system/CodeIgniter.php(824): App\Controllers\Telegram->index()
#7 /home/xkynpbah/public_html/vendor/codeigniter4/framework/system/CodeIgniter.php(410): CodeIgniter\CodeIgniter->runController(Object(App\Controllers\Telegram))
#8 /home/xkynpbah/public_html/vendor/codeigniter4/framework/system/CodeIgniter.php(318): CodeIgniter\CodeIgniter->handleRequest(NULL, Object(Config\Cache), false)
#9 /home/xkynpbah/public_html/index.php(37): CodeIgniter\CodeIgniter->run()
#10 {main}
ERROR - 2026-07-26 23:29:42 --> Telegram controller called
ERROR - 2026-07-26 23:29:42 --> Table 'xkynpbah_titoo.telegram_premium' doesn't exist
CRITICAL - 2026-07-26 23:29:42 --> Table 'xkynpbah_titoo.telegram_premium' doesn't exist
#0 /home/xkynpbah/public_html/vendor/codeigniter4/framework/system/Database/MySQLi/Connection.php(292): mysqli->query('SELECT COUNT(*)...', 0)
#1 /home/xkynpbah/public_html/vendor/codeigniter4/framework/system/Database/BaseConnection.php(670): CodeIgniter\Database\MySQLi\Connection->execute('SELECT COUNT(*)...')
#2 /home/xkynpbah/public_html/vendor/codeigniter4/framework/system/Database/BaseConnection.php(598): CodeIgniter\Database\BaseConnection->simpleQuery('SELECT COUNT(*)...')
#3 /home/xkynpbah/public_html/vendor/codeigniter4/framework/system/Database/BaseBuilder.php(1527): CodeIgniter\Database\BaseConnection->query('SELECT COUNT(*)...', Array, false)
#4 /home/xkynpbah/public_html/app/Controllers/Telegram.php(165): CodeIgniter\Database\BaseBuilder->countAllResults()
#5 /home/xkynpbah/public_html/app/Controllers/Telegram.php(124): App\Controllers\Telegram->askForResetConfirmation(6719727245, 6719727245, Object(stdClass), 'akashbabu', Object(stdClass))
#6 /home/xkynpbah/public_html/vendor/codeigniter4/framework/system/CodeIgniter.php(824): App\Controllers\Telegram->index()
#7 /home/xkynpbah/public_html/vendor/codeigniter4/framework/system/CodeIgniter.php(410): CodeIgniter\CodeIgniter->runController(Object(App\Controllers\Telegram))
#8 /home/xkynpbah/public_html/vendor/codeigniter4/framework/system/CodeIgniter.php(318): CodeIgniter\CodeIgniter->handleRequest(NULL, Object(Config\Cache), false)
#9 /home/xkynpbah/public_html/index.php(37): CodeIgniter\CodeIgniter->run()
#10 {main}
ERROR - 2026-07-26 23:31:12 --> Telegram controller called
ERROR - 2026-07-26 23:31:12 --> Table 'xkynpbah_titoo.telegram_premium' doesn't exist
CRITICAL - 2026-07-26 23:31:12 --> Table 'xkynpbah_titoo.telegram_premium' doesn't exist
#0 /home/xkynpbah/public_html/vendor/codeigniter4/framework/system/Database/MySQLi/Connection.php(292): mysqli->query('SELECT COUNT(*)...', 0)
#1 /home/xkynpbah/public_html/vendor/codeigniter4/framework/system/Database/BaseConnection.php(670): CodeIgniter\Database\MySQLi\Connection->execute('SELECT COUNT(*)...')
#2 /home/xkynpbah/public_html/vendor/codeigniter4/framework/system/Database/BaseConnection.php(598): CodeIgniter\Database\BaseConnection->simpleQuery('SELECT COUNT(*)...')
#3 /home/xkynpbah/public_html/vendor/codeigniter4/framework/system/Database/BaseBuilder.php(1527): CodeIgniter\Database\BaseConnection->query('SELECT COUNT(*)...', Array, false)
#4 /home/xkynpbah/public_html/app/Controllers/Telegram.php(165): CodeIgniter\Database\BaseBuilder->countAllResults()
#5 /home/xkynpbah/public_html/app/Controllers/Telegram.php(124): App\Controllers\Telegram->askForResetConfirmation(6719727245, 6719727245, Object(stdClass), 'akashbabu', Object(stdClass))
#6 /home/xkynpbah/public_html/vendor/codeigniter4/framework/system/CodeIgniter.php(824): App\Controllers\Telegram->index()
#7 /home/xkynpbah/public_html/vendor/codeigniter4/framework/system/CodeIgniter.php(410): CodeIgniter\CodeIgniter->runController(Object(App\Controllers\Telegram))
#8 /home/xkynpbah/public_html/vendor/codeigniter4/framework/system/CodeIgniter.php(318): CodeIgniter\CodeIgniter->handleRequest(NULL, Object(Config\Cache), false)
#9 /home/xkynpbah/public_html/index.php(37): CodeIgniter\CodeIgniter->run()
#10 {main}
ERROR - 2026-07-26 23:32:26 --> Telegram controller called
ERROR - 2026-07-26 23:32:26 --> Table 'xkynpbah_titoo.telegram_premium' doesn't exist
CRITICAL - 2026-07-26 23:32:26 --> Table 'xkynpbah_titoo.telegram_premium' doesn't exist
#0 /home/xkynpbah/public_html/vendor/codeigniter4/framework/system/Database/MySQLi/Connection.php(292): mysqli->query('SELECT COUNT(*)...', 0)
#1 /home/xkynpbah/public_html/vendor/codeigniter4/framework/system/Database/BaseConnection.php(670): CodeIgniter\Database\MySQLi\Connection->execute('SELECT COUNT(*)...')
#2 /home/xkynpbah/public_html/vendor/codeigniter4/framework/system/Database/BaseConnection.php(598): CodeIgniter\Database\BaseConnection->simpleQuery('SELECT COUNT(*)...')
#3 /home/xkynpbah/public_html/vendor/codeigniter4/framework/system/Database/BaseBuilder.php(1527): CodeIgniter\Database\BaseConnection->query('SELECT COUNT(*)...', Array, false)
#4 /home/xkynpbah/public_html/app/Controllers/Telegram.php(165): CodeIgniter\Database\BaseBuilder->countAllResults()
#5 /home/xkynpbah/public_html/app/Controllers/Telegram.php(124): App\Controllers\Telegram->askForResetConfirmation(6719727245, 6719727245, Object(stdClass), 'akashbabu', Object(stdClass))
#6 /home/xkynpbah/public_html/vendor/codeigniter4/framework/system/CodeIgniter.php(824): App\Controllers\Telegram->index()
#7 /home/xkynpbah/public_html/vendor/codeigniter4/framework/system/CodeIgniter.php(410): CodeIgniter\CodeIgniter->runController(Object(App\Controllers\Telegram))
#8 /home/xkynpbah/public_html/vendor/codeigniter4/framework/system/CodeIgniter.php(318): CodeIgniter\CodeIgniter->handleRequest(NULL, Object(Config\Cache), false)
#9 /home/xkynpbah/public_html/index.php(37): CodeIgniter\CodeIgniter->run()
#10 {main}
ERROR - 2026-07-26 23:33:54 --> Telegram controller called
ERROR - 2026-07-26 23:33:54 --> Table 'xkynpbah_titoo.telegram_premium' doesn't exist
CRITICAL - 2026-07-26 23:33:54 --> Table 'xkynpbah_titoo.telegram_premium' doesn't exist
#0 /home/xkynpbah/public_html/vendor/codeigniter4/framework/system/Database/MySQLi/Connection.php(292): mysqli->query('SELECT COUNT(*)...', 0)
#1 /home/xkynpbah/public_html/vendor/codeigniter4/framework/system/Database/BaseConnection.php(670): CodeIgniter\Database\MySQLi\Connection->execute('SELECT COUNT(*)...')
#2 /home/xkynpbah/public_html/vendor/codeigniter4/framework/system/Database/BaseConnection.php(598): CodeIgniter\Database\BaseConnection->simpleQuery('SELECT COUNT(*)...')
#3 /home/xkynpbah/public_html/vendor/codeigniter4/framework/system/Database/BaseBuilder.php(1527): CodeIgniter\Database\BaseConnection->query('SELECT COUNT(*)...', Array, false)
#4 /home/xkynpbah/public_html/app/Controllers/Telegram.php(165): CodeIgniter\Database\BaseBuilder->countAllResults()
#5 /home/xkynpbah/public_html/app/Controllers/Telegram.php(124): App\Controllers\Telegram->askForResetConfirmation(6719727245, 6719727245, Object(stdClass), 'akashbabu', Object(stdClass))
#6 /home/xkynpbah/public_html/vendor/codeigniter4/framework/system/CodeIgniter.php(824): App\Controllers\Telegram->index()
#7 /home/xkynpbah/public_html/vendor/codeigniter4/framework/system/CodeIgniter.php(410): CodeIgniter\CodeIgniter->runController(Object(App\Controllers\Telegram))
#8 /home/xkynpbah/public_html/vendor/codeigniter4/framework/system/CodeIgniter.php(318): CodeIgniter\CodeIgniter->handleRequest(NULL, Object(Config\Cache), false)
#9 /home/xkynpbah/public_html/index.php(37): CodeIgniter\CodeIgniter->run()
#10 {main}
ERROR - 2026-07-26 23:35:19 --> Telegram controller called
ERROR - 2026-07-26 23:35:19 --> Table 'xkynpbah_titoo.telegram_premium' doesn't exist
CRITICAL - 2026-07-26 23:35:19 --> Table 'xkynpbah_titoo.telegram_premium' doesn't exist
#0 /home/xkynpbah/public_html/vendor/codeigniter4/framework/system/Database/MySQLi/Connection.php(292): mysqli->query('SELECT COUNT(*)...', 0)
#1 /home/xkynpbah/public_html/vendor/codeigniter4/framework/system/Database/BaseConnection.php(670): CodeIgniter\Database\MySQLi\Connection->execute('SELECT COUNT(*)...')
#2 /home/xkynpbah/public_html/vendor/codeigniter4/framework/system/Database/BaseConnection.php(598): CodeIgniter\Database\BaseConnection->simpleQuery('SELECT COUNT(*)...')
#3 /home/xkynpbah/public_html/vendor/codeigniter4/framework/system/Database/BaseBuilder.php(1527): CodeIgniter\Database\BaseConnection->query('SELECT COUNT(*)...', Array, false)
#4 /home/xkynpbah/public_html/app/Controllers/Telegram.php(165): CodeIgniter\Database\BaseBuilder->countAllResults()
#5 /home/xkynpbah/public_html/app/Controllers/Telegram.php(124): App\Controllers\Telegram->askForResetConfirmation(6719727245, 6719727245, Object(stdClass), 'akashbabu', Object(stdClass))
#6 /home/xkynpbah/public_html/vendor/codeigniter4/framework/system/CodeIgniter.php(824): App\Controllers\Telegram->index()
#7 /home/xkynpbah/public_html/vendor/codeigniter4/framework/system/CodeIgniter.php(410): CodeIgniter\CodeIgniter->runController(Object(App\Controllers\Telegram))
#8 /home/xkynpbah/public_html/vendor/codeigniter4/framework/system/CodeIgniter.php(318): CodeIgniter\CodeIgniter->handleRequest(NULL, Object(Config\Cache), false)
#9 /home/xkynpbah/public_html/index.php(37): CodeIgniter\CodeIgniter->run()
#10 {main}
ERROR - 2026-07-26 23:36:29 --> Telegram controller called
ERROR - 2026-07-26 23:36:29 --> Table 'xkynpbah_titoo.telegram_premium' doesn't exist
CRITICAL - 2026-07-26 23:36:29 --> Table 'xkynpbah_titoo.telegram_premium' doesn't exist
#0 /home/xkynpbah/public_html/vendor/codeigniter4/framework/system/Database/MySQLi/Connection.php(292): mysqli->query('SELECT COUNT(*)...', 0)
#1 /home/xkynpbah/public_html/vendor/codeigniter4/framework/system/Database/BaseConnection.php(670): CodeIgniter\Database\MySQLi\Connection->execute('SELECT COUNT(*)...')
#2 /home/xkynpbah/public_html/vendor/codeigniter4/framework/system/Database/BaseConnection.php(598): CodeIgniter\Database\BaseConnection->simpleQuery('SELECT COUNT(*)...')
#3 /home/xkynpbah/public_html/vendor/codeigniter4/framework/system/Database/BaseBuilder.php(1527): CodeIgniter\Database\BaseConnection->query('SELECT COUNT(*)...', Array, false)
#4 /home/xkynpbah/public_html/app/Controllers/Telegram.php(165): CodeIgniter\Database\BaseBuilder->countAllResults()
#5 /home/xkynpbah/public_html/app/Controllers/Telegram.php(124): App\Controllers\Telegram->askForResetConfirmation(6719727245, 6719727245, Object(stdClass), 'akashbabu', Object(stdClass))
#6 /home/xkynpbah/public_html/vendor/codeigniter4/framework/system/CodeIgniter.php(824): App\Controllers\Telegram->index()
#7 /home/xkynpbah/public_html/vendor/codeigniter4/framework/system/CodeIgniter.php(410): CodeIgniter\CodeIgniter->runController(Object(App\Controllers\Telegram))
#8 /home/xkynpbah/public_html/vendor/codeigniter4/framework/system/CodeIgniter.php(318): CodeIgniter\CodeIgniter->handleRequest(NULL, Object(Config\Cache), false)
#9 /home/xkynpbah/public_html/index.php(37): CodeIgniter\CodeIgniter->run()
#10 {main}
ERROR - 2026-07-26 23:38:17 --> Telegram controller called
ERROR - 2026-07-26 23:38:17 --> Table 'xkynpbah_titoo.telegram_premium' doesn't exist
CRITICAL - 2026-07-26 23:38:17 --> Table 'xkynpbah_titoo.telegram_premium' doesn't exist
#0 /home/xkynpbah/public_html/vendor/codeigniter4/framework/system/Database/MySQLi/Connection.php(292): mysqli->query('SELECT COUNT(*)...', 0)
#1 /home/xkynpbah/public_html/vendor/codeigniter4/framework/system/Database/BaseConnection.php(670): CodeIgniter\Database\MySQLi\Connection->execute('SELECT COUNT(*)...')
#2 /home/xkynpbah/public_html/vendor/codeigniter4/framework/system/Database/BaseConnection.php(598): CodeIgniter\Database\BaseConnection->simpleQuery('SELECT COUNT(*)...')
#3 /home/xkynpbah/public_html/vendor/codeigniter4/framework/system/Database/BaseBuilder.php(1527): CodeIgniter\Database\BaseConnection->query('SELECT COUNT(*)...', Array, false)
#4 /home/xkynpbah/public_html/app/Controllers/Telegram.php(165): CodeIgniter\Database\BaseBuilder->countAllResults()
#5 /home/xkynpbah/public_html/app/Controllers/Telegram.php(124): App\Controllers\Telegram->askForResetConfirmation(6719727245, 6719727245, Object(stdClass), 'akashbabu', Object(stdClass))
#6 /home/xkynpbah/public_html/vendor/codeigniter4/framework/system/CodeIgniter.php(824): App\Controllers\Telegram->index()
#7 /home/xkynpbah/public_html/vendor/codeigniter4/framework/system/CodeIgniter.php(410): CodeIgniter\CodeIgniter->runController(Object(App\Controllers\Telegram))
#8 /home/xkynpbah/public_html/vendor/codeigniter4/framework/system/CodeIgniter.php(318): CodeIgniter\CodeIgniter->handleRequest(NULL, Object(Config\Cache), false)
#9 /home/xkynpbah/public_html/index.php(37): CodeIgniter\CodeIgniter->run()
#10 {main}
ERROR - 2026-07-26 23:39:56 --> Telegram controller called
ERROR - 2026-07-26 23:39:56 --> Table 'xkynpbah_titoo.telegram_premium' doesn't exist
CRITICAL - 2026-07-26 23:39:56 --> Table 'xkynpbah_titoo.telegram_premium' doesn't exist
#0 /home/xkynpbah/public_html/vendor/codeigniter4/framework/system/Database/MySQLi/Connection.php(292): mysqli->query('SELECT COUNT(*)...', 0)
#1 /home/xkynpbah/public_html/vendor/codeigniter4/framework/system/Database/BaseConnection.php(670): CodeIgniter\Database\MySQLi\Connection->execute('SELECT COUNT(*)...')
#2 /home/xkynpbah/public_html/vendor/codeigniter4/framework/system/Database/BaseConnection.php(598): CodeIgniter\Database\BaseConnection->simpleQuery('SELECT COUNT(*)...')
#3 /home/xkynpbah/public_html/vendor/codeigniter4/framework/system/Database/BaseBuilder.php(1527): CodeIgniter\Database\BaseConnection->query('SELECT COUNT(*)...', Array, false)
#4 /home/xkynpbah/public_html/app/Controllers/Telegram.php(165): CodeIgniter\Database\BaseBuilder->countAllResults()
#5 /home/xkynpbah/public_html/app/Controllers/Telegram.php(124): App\Controllers\Telegram->askForResetConfirmation(6719727245, 6719727245, Object(stdClass), 'akashbabu', Object(stdClass))
#6 /home/xkynpbah/public_html/vendor/codeigniter4/framework/system/CodeIgniter.php(824): App\Controllers\Telegram->index()
#7 /home/xkynpbah/public_html/vendor/codeigniter4/framework/system/CodeIgniter.php(410): CodeIgniter\CodeIgniter->runController(Object(App\Controllers\Telegram))
#8 /home/xkynpbah/public_html/vendor/codeigniter4/framework/system/CodeIgniter.php(318): CodeIgniter\CodeIgniter->handleRequest(NULL, Object(Config\Cache), false)
#9 /home/xkynpbah/public_html/index.php(37): CodeIgniter\CodeIgniter->run()
#10 {main}
ERROR - 2026-07-26 23:41:24 --> Telegram controller called
ERROR - 2026-07-26 23:41:24 --> Table 'xkynpbah_titoo.telegram_premium' doesn't exist
CRITICAL - 2026-07-26 23:41:24 --> Table 'xkynpbah_titoo.telegram_premium' doesn't exist
#0 /home/xkynpbah/public_html/vendor/codeigniter4/framework/system/Database/MySQLi/Connection.php(292): mysqli->query('SELECT COUNT(*)...', 0)
#1 /home/xkynpbah/public_html/vendor/codeigniter4/framework/system/Database/BaseConnection.php(670): CodeIgniter\Database\MySQLi\Connection->execute('SELECT COUNT(*)...')
#2 /home/xkynpbah/public_html/vendor/codeigniter4/framework/system/Database/BaseConnection.php(598): CodeIgniter\Database\BaseConnection->simpleQuery('SELECT COUNT(*)...')
#3 /home/xkynpbah/public_html/vendor/codeigniter4/framework/system/Database/BaseBuilder.php(1527): CodeIgniter\Database\BaseConnection->query('SELECT COUNT(*)...', Array, false)
#4 /home/xkynpbah/public_html/app/Controllers/Telegram.php(165): CodeIgniter\Database\BaseBuilder->countAllResults()
#5 /home/xkynpbah/public_html/app/Controllers/Telegram.php(124): App\Controllers\Telegram->askForResetConfirmation(6719727245, 6719727245, Object(stdClass), 'akashbabu', Object(stdClass))
#6 /home/xkynpbah/public_html/vendor/codeigniter4/framework/system/CodeIgniter.php(824): App\Controllers\Telegram->index()
#7 /home/xkynpbah/public_html/vendor/codeigniter4/framework/system/CodeIgniter.php(410): CodeIgniter\CodeIgniter->runController(Object(App\Controllers\Telegram))
#8 /home/xkynpbah/public_html/vendor/codeigniter4/framework/system/CodeIgniter.php(318): CodeIgniter\CodeIgniter->handleRequest(NULL, Object(Config\Cache), false)
#9 /home/xkynpbah/public_html/index.php(37): CodeIgniter\CodeIgniter->run()
#10 {main}
ERROR - 2026-07-26 23:42:41 --> Telegram controller called
ERROR - 2026-07-26 23:42:41 --> Table 'xkynpbah_titoo.telegram_premium' doesn't exist
CRITICAL - 2026-07-26 23:42:41 --> Table 'xkynpbah_titoo.telegram_premium' doesn't exist
#0 /home/xkynpbah/public_html/vendor/codeigniter4/framework/system/Database/MySQLi/Connection.php(292): mysqli->query('SELECT COUNT(*)...', 0)
#1 /home/xkynpbah/public_html/vendor/codeigniter4/framework/system/Database/BaseConnection.php(670): CodeIgniter\Database\MySQLi\Connection->execute('SELECT COUNT(*)...')
#2 /home/xkynpbah/public_html/vendor/codeigniter4/framework/system/Database/BaseConnection.php(598): CodeIgniter\Database\BaseConnection->simpleQuery('SELECT COUNT(*)...')
#3 /home/xkynpbah/public_html/vendor/codeigniter4/framework/system/Database/BaseBuilder.php(1527): CodeIgniter\Database\BaseConnection->query('SELECT COUNT(*)...', Array, false)
#4 /home/xkynpbah/public_html/app/Controllers/Telegram.php(165): CodeIgniter\Database\BaseBuilder->countAllResults()
#5 /home/xkynpbah/public_html/app/Controllers/Telegram.php(124): App\Controllers\Telegram->askForResetConfirmation(6719727245, 6719727245, Object(stdClass), 'akashbabu', Object(stdClass))
#6 /home/xkynpbah/public_html/vendor/codeigniter4/framework/system/CodeIgniter.php(824): App\Controllers\Telegram->index()
#7 /home/xkynpbah/public_html/vendor/codeigniter4/framework/system/CodeIgniter.php(410): CodeIgniter\CodeIgniter->runController(Object(App\Controllers\Telegram))
#8 /home/xkynpbah/public_html/vendor/codeigniter4/framework/system/CodeIgniter.php(318): CodeIgniter\CodeIgniter->handleRequest(NULL, Object(Config\Cache), false)
#9 /home/xkynpbah/public_html/index.php(37): CodeIgniter\CodeIgniter->run()
#10 {main}
ERROR - 2026-07-26 23:43:58 --> Telegram controller called
ERROR - 2026-07-26 23:43:58 --> Table 'xkynpbah_titoo.telegram_premium' doesn't exist
CRITICAL - 2026-07-26 23:43:58 --> Table 'xkynpbah_titoo.telegram_premium' doesn't exist
#0 /home/xkynpbah/public_html/vendor/codeigniter4/framework/system/Database/MySQLi/Connection.php(292): mysqli->query('SELECT COUNT(*)...', 0)
#1 /home/xkynpbah/public_html/vendor/codeigniter4/framework/system/Database/BaseConnection.php(670): CodeIgniter\Database\MySQLi\Connection->execute('SELECT COUNT(*)...')
#2 /home/xkynpbah/public_html/vendor/codeigniter4/framework/system/Database/BaseConnection.php(598): CodeIgniter\Database\BaseConnection->simpleQuery('SELECT COUNT(*)...')
#3 /home/xkynpbah/public_html/vendor/codeigniter4/framework/system/Database/BaseBuilder.php(1527): CodeIgniter\Database\BaseConnection->query('SELECT COUNT(*)...', Array, false)
#4 /home/xkynpbah/public_html/app/Controllers/Telegram.php(165): CodeIgniter\Database\BaseBuilder->countAllResults()
#5 /home/xkynpbah/public_html/app/Controllers/Telegram.php(124): App\Controllers\Telegram->askForResetConfirmation(6719727245, 6719727245, Object(stdClass), 'akashbabu', Object(stdClass))
#6 /home/xkynpbah/public_html/vendor/codeigniter4/framework/system/CodeIgniter.php(824): App\Controllers\Telegram->index()
#7 /home/xkynpbah/public_html/vendor/codeigniter4/framework/system/CodeIgniter.php(410): CodeIgniter\CodeIgniter->runController(Object(App\Controllers\Telegram))
#8 /home/xkynpbah/public_html/vendor/codeigniter4/framework/system/CodeIgniter.php(318): CodeIgniter\CodeIgniter->handleRequest(NULL, Object(Config\Cache), false)
#9 /home/xkynpbah/public_html/index.php(37): CodeIgniter\CodeIgniter->run()
#10 {main}
ERROR - 2026-07-26 23:45:40 --> Telegram controller called
ERROR - 2026-07-26 23:45:40 --> Table 'xkynpbah_titoo.telegram_premium' doesn't exist
CRITICAL - 2026-07-26 23:45:40 --> Table 'xkynpbah_titoo.telegram_premium' doesn't exist
#0 /home/xkynpbah/public_html/vendor/codeigniter4/framework/system/Database/MySQLi/Connection.php(292): mysqli->query('SELECT COUNT(*)...', 0)
#1 /home/xkynpbah/public_html/vendor/codeigniter4/framework/system/Database/BaseConnection.php(670): CodeIgniter\Database\MySQLi\Connection->execute('SELECT COUNT(*)...')
#2 /home/xkynpbah/public_html/vendor/codeigniter4/framework/system/Database/BaseConnection.php(598): CodeIgniter\Database\BaseConnection->simpleQuery('SELECT COUNT(*)...')
#3 /home/xkynpbah/public_html/vendor/codeigniter4/framework/system/Database/BaseBuilder.php(1527): CodeIgniter\Database\BaseConnection->query('SELECT COUNT(*)...', Array, false)
#4 /home/xkynpbah/public_html/app/Controllers/Telegram.php(165): CodeIgniter\Database\BaseBuilder->countAllResults()
#5 /home/xkynpbah/public_html/app/Controllers/Telegram.php(124): App\Controllers\Telegram->askForResetConfirmation(6719727245, 6719727245, Object(stdClass), 'akashbabu', Object(stdClass))
#6 /home/xkynpbah/public_html/vendor/codeigniter4/framework/system/CodeIgniter.php(824): App\Controllers\Telegram->index()
#7 /home/xkynpbah/public_html/vendor/codeigniter4/framework/system/CodeIgniter.php(410): CodeIgniter\CodeIgniter->runController(Object(App\Controllers\Telegram))
#8 /home/xkynpbah/public_html/vendor/codeigniter4/framework/system/CodeIgniter.php(318): CodeIgniter\CodeIgniter->handleRequest(NULL, Object(Config\Cache), false)
#9 /home/xkynpbah/public_html/index.php(37): CodeIgniter\CodeIgniter->run()
#10 {main}
ERROR - 2026-07-26 23:46:40 --> Telegram controller called
ERROR - 2026-07-26 23:46:40 --> Table 'xkynpbah_titoo.telegram_premium' doesn't exist
CRITICAL - 2026-07-26 23:46:40 --> Table 'xkynpbah_titoo.telegram_premium' doesn't exist
#0 /home/xkynpbah/public_html/vendor/codeigniter4/framework/system/Database/MySQLi/Connection.php(292): mysqli->query('SELECT COUNT(*)...', 0)
#1 /home/xkynpbah/public_html/vendor/codeigniter4/framework/system/Database/BaseConnection.php(670): CodeIgniter\Database\MySQLi\Connection->execute('SELECT COUNT(*)...')
#2 /home/xkynpbah/public_html/vendor/codeigniter4/framework/system/Database/BaseConnection.php(598): CodeIgniter\Database\BaseConnection->simpleQuery('SELECT COUNT(*)...')
#3 /home/xkynpbah/public_html/vendor/codeigniter4/framework/system/Database/BaseBuilder.php(1527): CodeIgniter\Database\BaseConnection->query('SELECT COUNT(*)...', Array, false)
#4 /home/xkynpbah/public_html/app/Controllers/Telegram.php(165): CodeIgniter\Database\BaseBuilder->countAllResults()
#5 /home/xkynpbah/public_html/app/Controllers/Telegram.php(124): App\Controllers\Telegram->askForResetConfirmation(6719727245, 6719727245, Object(stdClass), 'akashbabu', Object(stdClass))
#6 /home/xkynpbah/public_html/vendor/codeigniter4/framework/system/CodeIgniter.php(824): App\Controllers\Telegram->index()
#7 /home/xkynpbah/public_html/vendor/codeigniter4/framework/system/CodeIgniter.php(410): CodeIgniter\CodeIgniter->runController(Object(App\Controllers\Telegram))
#8 /home/xkynpbah/public_html/vendor/codeigniter4/framework/system/CodeIgniter.php(318): CodeIgniter\CodeIgniter->handleRequest(NULL, Object(Config\Cache), false)
#9 /home/xkynpbah/public_html/index.php(37): CodeIgniter\CodeIgniter->run()
#10 {main}
ERROR - 2026-07-26 23:48:06 --> Telegram controller called
ERROR - 2026-07-26 23:48:06 --> Table 'xkynpbah_titoo.telegram_premium' doesn't exist
CRITICAL - 2026-07-26 23:48:06 --> Table 'xkynpbah_titoo.telegram_premium' doesn't exist
#0 /home/xkynpbah/public_html/vendor/codeigniter4/framework/system/Database/MySQLi/Connection.php(292): mysqli->query('SELECT COUNT(*)...', 0)
#1 /home/xkynpbah/public_html/vendor/codeigniter4/framework/system/Database/BaseConnection.php(670): CodeIgniter\Database\MySQLi\Connection->execute('SELECT COUNT(*)...')
#2 /home/xkynpbah/public_html/vendor/codeigniter4/framework/system/Database/BaseConnection.php(598): CodeIgniter\Database\BaseConnection->simpleQuery('SELECT COUNT(*)...')
#3 /home/xkynpbah/public_html/vendor/codeigniter4/framework/system/Database/BaseBuilder.php(1527): CodeIgniter\Database\BaseConnection->query('SELECT COUNT(*)...', Array, false)
#4 /home/xkynpbah/public_html/app/Controllers/Telegram.php(165): CodeIgniter\Database\BaseBuilder->countAllResults()
#5 /home/xkynpbah/public_html/app/Controllers/Telegram.php(124): App\Controllers\Telegram->askForResetConfirmation(6719727245, 6719727245, Object(stdClass), 'akashbabu', Object(stdClass))
#6 /home/xkynpbah/public_html/vendor/codeigniter4/framework/system/CodeIgniter.php(824): App\Controllers\Telegram->index()
#7 /home/xkynpbah/public_html/vendor/codeigniter4/framework/system/CodeIgniter.php(410): CodeIgniter\CodeIgniter->runController(Object(App\Controllers\Telegram))
#8 /home/xkynpbah/public_html/vendor/codeigniter4/framework/system/CodeIgniter.php(318): CodeIgniter\CodeIgniter->handleRequest(NULL, Object(Config\Cache), false)
#9 /home/xkynpbah/public_html/index.php(37): CodeIgniter\CodeIgniter->run()
#10 {main}
ERROR - 2026-07-26 23:49:14 --> Telegram controller called
ERROR - 2026-07-26 23:49:14 --> Table 'xkynpbah_titoo.telegram_premium' doesn't exist
CRITICAL - 2026-07-26 23:49:14 --> Table 'xkynpbah_titoo.telegram_premium' doesn't exist
#0 /home/xkynpbah/public_html/vendor/codeigniter4/framework/system/Database/MySQLi/Connection.php(292): mysqli->query('SELECT COUNT(*)...', 0)
#1 /home/xkynpbah/public_html/vendor/codeigniter4/framework/system/Database/BaseConnection.php(670): CodeIgniter\Database\MySQLi\Connection->execute('SELECT COUNT(*)...')
#2 /home/xkynpbah/public_html/vendor/codeigniter4/framework/system/Database/BaseConnection.php(598): CodeIgniter\Database\BaseConnection->simpleQuery('SELECT COUNT(*)...')
#3 /home/xkynpbah/public_html/vendor/codeigniter4/framework/system/Database/BaseBuilder.php(1527): CodeIgniter\Database\BaseConnection->query('SELECT COUNT(*)...', Array, false)
#4 /home/xkynpbah/public_html/app/Controllers/Telegram.php(165): CodeIgniter\Database\BaseBuilder->countAllResults()
#5 /home/xkynpbah/public_html/app/Controllers/Telegram.php(124): App\Controllers\Telegram->askForResetConfirmation(6719727245, 6719727245, Object(stdClass), 'akashbabu', Object(stdClass))
#6 /home/xkynpbah/public_html/vendor/codeigniter4/framework/system/CodeIgniter.php(824): App\Controllers\Telegram->index()
#7 /home/xkynpbah/public_html/vendor/codeigniter4/framework/system/CodeIgniter.php(410): CodeIgniter\CodeIgniter->runController(Object(App\Controllers\Telegram))
#8 /home/xkynpbah/public_html/vendor/codeigniter4/framework/system/CodeIgniter.php(318): CodeIgniter\CodeIgniter->handleRequest(NULL, Object(Config\Cache), false)
#9 /home/xkynpbah/public_html/index.php(37): CodeIgniter\CodeIgniter->run()
#10 {main}
ERROR - 2026-07-26 23:50:28 --> Telegram controller called
ERROR - 2026-07-26 23:50:28 --> Table 'xkynpbah_titoo.telegram_premium' doesn't exist
CRITICAL - 2026-07-26 23:50:28 --> Table 'xkynpbah_titoo.telegram_premium' doesn't exist
#0 /home/xkynpbah/public_html/vendor/codeigniter4/framework/system/Database/MySQLi/Connection.php(292): mysqli->query('SELECT COUNT(*)...', 0)
#1 /home/xkynpbah/public_html/vendor/codeigniter4/framework/system/Database/BaseConnection.php(670): CodeIgniter\Database\MySQLi\Connection->execute('SELECT COUNT(*)...')
#2 /home/xkynpbah/public_html/vendor/codeigniter4/framework/system/Database/BaseConnection.php(598): CodeIgniter\Database\BaseConnection->simpleQuery('SELECT COUNT(*)...')
#3 /home/xkynpbah/public_html/vendor/codeigniter4/framework/system/Database/BaseBuilder.php(1527): CodeIgniter\Database\BaseConnection->query('SELECT COUNT(*)...', Array, false)
#4 /home/xkynpbah/public_html/app/Controllers/Telegram.php(165): CodeIgniter\Database\BaseBuilder->countAllResults()
#5 /home/xkynpbah/public_html/app/Controllers/Telegram.php(124): App\Controllers\Telegram->askForResetConfirmation(6719727245, 6719727245, Object(stdClass), 'akashbabu', Object(stdClass))
#6 /home/xkynpbah/public_html/vendor/codeigniter4/framework/system/CodeIgniter.php(824): App\Controllers\Telegram->index()
#7 /home/xkynpbah/public_html/vendor/codeigniter4/framework/system/CodeIgniter.php(410): CodeIgniter\CodeIgniter->runController(Object(App\Controllers\Telegram))
#8 /home/xkynpbah/public_html/vendor/codeigniter4/framework/system/CodeIgniter.php(318): CodeIgniter\CodeIgniter->handleRequest(NULL, Object(Config\Cache), false)
#9 /home/xkynpbah/public_html/index.php(37): CodeIgniter\CodeIgniter->run()
#10 {main}
ERROR - 2026-07-26 23:52:19 --> Telegram controller called
ERROR - 2026-07-26 23:52:19 --> Table 'xkynpbah_titoo.telegram_premium' doesn't exist
CRITICAL - 2026-07-26 23:52:19 --> Table 'xkynpbah_titoo.telegram_premium' doesn't exist
#0 /home/xkynpbah/public_html/vendor/codeigniter4/framework/system/Database/MySQLi/Connection.php(292): mysqli->query('SELECT COUNT(*)...', 0)
#1 /home/xkynpbah/public_html/vendor/codeigniter4/framework/system/Database/BaseConnection.php(670): CodeIgniter\Database\MySQLi\Connection->execute('SELECT COUNT(*)...')
#2 /home/xkynpbah/public_html/vendor/codeigniter4/framework/system/Database/BaseConnection.php(598): CodeIgniter\Database\BaseConnection->simpleQuery('SELECT COUNT(*)...')
#3 /home/xkynpbah/public_html/vendor/codeigniter4/framework/system/Database/BaseBuilder.php(1527): CodeIgniter\Database\BaseConnection->query('SELECT COUNT(*)...', Array, false)
#4 /home/xkynpbah/public_html/app/Controllers/Telegram.php(165): CodeIgniter\Database\BaseBuilder->countAllResults()
#5 /home/xkynpbah/public_html/app/Controllers/Telegram.php(124): App\Controllers\Telegram->askForResetConfirmation(6719727245, 6719727245, Object(stdClass), 'akashbabu', Object(stdClass))
#6 /home/xkynpbah/public_html/vendor/codeigniter4/framework/system/CodeIgniter.php(824): App\Controllers\Telegram->index()
#7 /home/xkynpbah/public_html/vendor/codeigniter4/framework/system/CodeIgniter.php(410): CodeIgniter\CodeIgniter->runController(Object(App\Controllers\Telegram))
#8 /home/xkynpbah/public_html/vendor/codeigniter4/framework/system/CodeIgniter.php(318): CodeIgniter\CodeIgniter->handleRequest(NULL, Object(Config\Cache), false)
#9 /home/xkynpbah/public_html/index.php(37): CodeIgniter\CodeIgniter->run()
#10 {main}
ERROR - 2026-07-26 23:53:58 --> Telegram controller called
ERROR - 2026-07-26 23:53:58 --> Table 'xkynpbah_titoo.telegram_premium' doesn't exist
CRITICAL - 2026-07-26 23:53:58 --> Table 'xkynpbah_titoo.telegram_premium' doesn't exist
#0 /home/xkynpbah/public_html/vendor/codeigniter4/framework/system/Database/MySQLi/Connection.php(292): mysqli->query('SELECT COUNT(*)...', 0)
#1 /home/xkynpbah/public_html/vendor/codeigniter4/framework/system/Database/BaseConnection.php(670): CodeIgniter\Database\MySQLi\Connection->execute('SELECT COUNT(*)...')
#2 /home/xkynpbah/public_html/vendor/codeigniter4/framework/system/Database/BaseConnection.php(598): CodeIgniter\Database\BaseConnection->simpleQuery('SELECT COUNT(*)...')
#3 /home/xkynpbah/public_html/vendor/codeigniter4/framework/system/Database/BaseBuilder.php(1527): CodeIgniter\Database\BaseConnection->query('SELECT COUNT(*)...', Array, false)
#4 /home/xkynpbah/public_html/app/Controllers/Telegram.php(165): CodeIgniter\Database\BaseBuilder->countAllResults()
#5 /home/xkynpbah/public_html/app/Controllers/Telegram.php(124): App\Controllers\Telegram->askForResetConfirmation(6719727245, 6719727245, Object(stdClass), 'akashbabu', Object(stdClass))
#6 /home/xkynpbah/public_html/vendor/codeigniter4/framework/system/CodeIgniter.php(824): App\Controllers\Telegram->index()
#7 /home/xkynpbah/public_html/vendor/codeigniter4/framework/system/CodeIgniter.php(410): CodeIgniter\CodeIgniter->runController(Object(App\Controllers\Telegram))
#8 /home/xkynpbah/public_html/vendor/codeigniter4/framework/system/CodeIgniter.php(318): CodeIgniter\CodeIgniter->handleRequest(NULL, Object(Config\Cache), false)
#9 /home/xkynpbah/public_html/index.php(37): CodeIgniter\CodeIgniter->run()
#10 {main}
ERROR - 2026-07-26 23:55:55 --> Telegram controller called
ERROR - 2026-07-26 23:55:55 --> Table 'xkynpbah_titoo.telegram_premium' doesn't exist
CRITICAL - 2026-07-26 23:55:55 --> Table 'xkynpbah_titoo.telegram_premium' doesn't exist
#0 /home/xkynpbah/public_html/vendor/codeigniter4/framework/system/Database/MySQLi/Connection.php(292): mysqli->query('SELECT COUNT(*)...', 0)
#1 /home/xkynpbah/public_html/vendor/codeigniter4/framework/system/Database/BaseConnection.php(670): CodeIgniter\Database\MySQLi\Connection->execute('SELECT COUNT(*)...')
#2 /home/xkynpbah/public_html/vendor/codeigniter4/framework/system/Database/BaseConnection.php(598): CodeIgniter\Database\BaseConnection->simpleQuery('SELECT COUNT(*)...')
#3 /home/xkynpbah/public_html/vendor/codeigniter4/framework/system/Database/BaseBuilder.php(1527): CodeIgniter\Database\BaseConnection->query('SELECT COUNT(*)...', Array, false)
#4 /home/xkynpbah/public_html/app/Controllers/Telegram.php(165): CodeIgniter\Database\BaseBuilder->countAllResults()
#5 /home/xkynpbah/public_html/app/Controllers/Telegram.php(124): App\Controllers\Telegram->askForResetConfirmation(6719727245, 6719727245, Object(stdClass), 'akashbabu', Object(stdClass))
#6 /home/xkynpbah/public_html/vendor/codeigniter4/framework/system/CodeIgniter.php(824): App\Controllers\Telegram->index()
#7 /home/xkynpbah/public_html/vendor/codeigniter4/framework/system/CodeIgniter.php(410): CodeIgniter\CodeIgniter->runController(Object(App\Controllers\Telegram))
#8 /home/xkynpbah/public_html/vendor/codeigniter4/framework/system/CodeIgniter.php(318): CodeIgniter\CodeIgniter->handleRequest(NULL, Object(Config\Cache), false)
#9 /home/xkynpbah/public_html/index.php(37): CodeIgniter\CodeIgniter->run()
#10 {main}
ERROR - 2026-07-26 23:57:01 --> Telegram controller called
ERROR - 2026-07-26 23:57:02 --> Table 'xkynpbah_titoo.telegram_premium' doesn't exist
CRITICAL - 2026-07-26 23:57:02 --> Table 'xkynpbah_titoo.telegram_premium' doesn't exist
#0 /home/xkynpbah/public_html/vendor/codeigniter4/framework/system/Database/MySQLi/Connection.php(292): mysqli->query('SELECT COUNT(*)...', 0)
#1 /home/xkynpbah/public_html/vendor/codeigniter4/framework/system/Database/BaseConnection.php(670): CodeIgniter\Database\MySQLi\Connection->execute('SELECT COUNT(*)...')
#2 /home/xkynpbah/public_html/vendor/codeigniter4/framework/system/Database/BaseConnection.php(598): CodeIgniter\Database\BaseConnection->simpleQuery('SELECT COUNT(*)...')
#3 /home/xkynpbah/public_html/vendor/codeigniter4/framework/system/Database/BaseBuilder.php(1527): CodeIgniter\Database\BaseConnection->query('SELECT COUNT(*)...', Array, false)
#4 /home/xkynpbah/public_html/app/Controllers/Telegram.php(165): CodeIgniter\Database\BaseBuilder->countAllResults()
#5 /home/xkynpbah/public_html/app/Controllers/Telegram.php(124): App\Controllers\Telegram->askForResetConfirmation(6719727245, 6719727245, Object(stdClass), 'akashbabu', Object(stdClass))
#6 /home/xkynpbah/public_html/vendor/codeigniter4/framework/system/CodeIgniter.php(824): App\Controllers\Telegram->index()
#7 /home/xkynpbah/public_html/vendor/codeigniter4/framework/system/CodeIgniter.php(410): CodeIgniter\CodeIgniter->runController(Object(App\Controllers\Telegram))
#8 /home/xkynpbah/public_html/vendor/codeigniter4/framework/system/CodeIgniter.php(318): CodeIgniter\CodeIgniter->handleRequest(NULL, Object(Config\Cache), false)
#9 /home/xkynpbah/public_html/index.php(37): CodeIgniter\CodeIgniter->run()
#10 {main}
ERROR - 2026-07-26 23:58:50 --> Telegram controller called
ERROR - 2026-07-26 23:58:50 --> Table 'xkynpbah_titoo.telegram_premium' doesn't exist
CRITICAL - 2026-07-26 23:58:50 --> Table 'xkynpbah_titoo.telegram_premium' doesn't exist
#0 /home/xkynpbah/public_html/vendor/codeigniter4/framework/system/Database/MySQLi/Connection.php(292): mysqli->query('SELECT COUNT(*)...', 0)
#1 /home/xkynpbah/public_html/vendor/codeigniter4/framework/system/Database/BaseConnection.php(670): CodeIgniter\Database\MySQLi\Connection->execute('SELECT COUNT(*)...')
#2 /home/xkynpbah/public_html/vendor/codeigniter4/framework/system/Database/BaseConnection.php(598): CodeIgniter\Database\BaseConnection->simpleQuery('SELECT COUNT(*)...')
#3 /home/xkynpbah/public_html/vendor/codeigniter4/framework/system/Database/BaseBuilder.php(1527): CodeIgniter\Database\BaseConnection->query('SELECT COUNT(*)...', Array, false)
#4 /home/xkynpbah/public_html/app/Controllers/Telegram.php(165): CodeIgniter\Database\BaseBuilder->countAllResults()
#5 /home/xkynpbah/public_html/app/Controllers/Telegram.php(124): App\Controllers\Telegram->askForResetConfirmation(6719727245, 6719727245, Object(stdClass), 'akashbabu', Object(stdClass))
#6 /home/xkynpbah/public_html/vendor/codeigniter4/framework/system/CodeIgniter.php(824): App\Controllers\Telegram->index()
#7 /home/xkynpbah/public_html/vendor/codeigniter4/framework/system/CodeIgniter.php(410): CodeIgniter\CodeIgniter->runController(Object(App\Controllers\Telegram))
#8 /home/xkynpbah/public_html/vendor/codeigniter4/framework/system/CodeIgniter.php(318): CodeIgniter\CodeIgniter->handleRequest(NULL, Object(Config\Cache), false)
#9 /home/xkynpbah/public_html/index.php(37): CodeIgniter\CodeIgniter->run()
#10 {main}
