CRITICAL - 2025-09-23 00:00:15 --> mysqli_connect(): (HY000/2002): No such file or directory
#0 [internal function]: CodeIgniter\Debug\Exceptions->errorHandler(2, 'mysqli_connect(...', '/home/ffdetect/...', 8, Array)
#1 /home/ffdetect/public_html/conn.php(8): mysqli_connect('localhost', 'ffdetect_main', 'ffdetect_main', 'ffdetect_main')
#2 /home/ffdetect/public_html/app/Controllers/Connect.php(13): include('/home/ffdetect/...')
#3 /home/ffdetect/public_html/vendor/codeigniter4/framework/system/CodeIgniter.php(801): App\Controllers\Connect->__construct()
#4 /home/ffdetect/public_html/vendor/codeigniter4/framework/system/CodeIgniter.php(401): CodeIgniter\CodeIgniter->createController()
#5 /home/ffdetect/public_html/vendor/codeigniter4/framework/system/CodeIgniter.php(318): CodeIgniter\CodeIgniter->handleRequest(NULL, Object(Config\Cache), false)
#6 /home/ffdetect/public_html/index.php(37): CodeIgniter\CodeIgniter->run()
#7 {main}
CRITICAL - 2025-09-23 02:09:35 --> Undefined index: HTTP_USER_AGENT
#0 /home/ffdetect/public_html/app/Views/Auth/login.php(42): CodeIgniter\Debug\Exceptions->errorHandler(8, 'Undefined index...', '/home/ffdetect/...', 42, Array)
#1 /home/ffdetect/public_html/vendor/codeigniter4/framework/system/View/View.php(214): include('/home/ffdetect/...')
#2 /home/ffdetect/public_html/vendor/codeigniter4/framework/system/View/View.php(217): CodeIgniter\View\View->CodeIgniter\View\{closure}()
#3 /home/ffdetect/public_html/vendor/codeigniter4/framework/system/Common.php(1097): CodeIgniter\View\View->render('Auth/login', Array, true)
#4 /home/ffdetect/public_html/app/Controllers/Auth.php(54): view('Auth/login', Array)
#5 /home/ffdetect/public_html/vendor/codeigniter4/framework/system/CodeIgniter.php(824): App\Controllers\Auth->login()
#6 /home/ffdetect/public_html/vendor/codeigniter4/framework/system/CodeIgniter.php(410): CodeIgniter\CodeIgniter->runController(Object(App\Controllers\Auth))
#7 /home/ffdetect/public_html/vendor/codeigniter4/framework/system/CodeIgniter.php(318): CodeIgniter\CodeIgniter->handleRequest(NULL, Object(Config\Cache), false)
#8 /home/ffdetect/public_html/index.php(37): CodeIgniter\CodeIgniter->run()
#9 {main}
CRITICAL - 2025-09-23 06:19:39 --> Undefined index: HTTP_USER_AGENT
#0 /home/ffdetect/public_html/app/Views/Auth/login.php(42): CodeIgniter\Debug\Exceptions->errorHandler(8, 'Undefined index...', '/home/ffdetect/...', 42, Array)
#1 /home/ffdetect/public_html/vendor/codeigniter4/framework/system/View/View.php(214): include('/home/ffdetect/...')
#2 /home/ffdetect/public_html/vendor/codeigniter4/framework/system/View/View.php(217): CodeIgniter\View\View->CodeIgniter\View\{closure}()
#3 /home/ffdetect/public_html/vendor/codeigniter4/framework/system/Common.php(1097): CodeIgniter\View\View->render('Auth/login', Array, true)
#4 /home/ffdetect/public_html/app/Controllers/Auth.php(54): view('Auth/login', Array)
#5 /home/ffdetect/public_html/vendor/codeigniter4/framework/system/CodeIgniter.php(824): App\Controllers\Auth->login()
#6 /home/ffdetect/public_html/vendor/codeigniter4/framework/system/CodeIgniter.php(410): CodeIgniter\CodeIgniter->runController(Object(App\Controllers\Auth))
#7 /home/ffdetect/public_html/vendor/codeigniter4/framework/system/CodeIgniter.php(318): CodeIgniter\CodeIgniter->handleRequest(NULL, Object(Config\Cache), false)
#8 /home/ffdetect/public_html/index.php(37): CodeIgniter\CodeIgniter->run()
#9 {main}
CRITICAL - 2025-09-23 07:51:16 --> Undefined index: HTTP_USER_AGENT
#0 /home/ffdetect/public_html/app/Views/Auth/login.php(42): CodeIgniter\Debug\Exceptions->errorHandler(8, 'Undefined index...', '/home/ffdetect/...', 42, Array)
#1 /home/ffdetect/public_html/vendor/codeigniter4/framework/system/View/View.php(214): include('/home/ffdetect/...')
#2 /home/ffdetect/public_html/vendor/codeigniter4/framework/system/View/View.php(217): CodeIgniter\View\View->CodeIgniter\View\{closure}()
#3 /home/ffdetect/public_html/vendor/codeigniter4/framework/system/Common.php(1097): CodeIgniter\View\View->render('Auth/login', Array, true)
#4 /home/ffdetect/public_html/app/Controllers/Auth.php(54): view('Auth/login', Array)
#5 /home/ffdetect/public_html/vendor/codeigniter4/framework/system/CodeIgniter.php(824): App\Controllers\Auth->login()
#6 /home/ffdetect/public_html/vendor/codeigniter4/framework/system/CodeIgniter.php(410): CodeIgniter\CodeIgniter->runController(Object(App\Controllers\Auth))
#7 /home/ffdetect/public_html/vendor/codeigniter4/framework/system/CodeIgniter.php(318): CodeIgniter\CodeIgniter->handleRequest(NULL, Object(Config\Cache), false)
#8 /home/ffdetect/public_html/index.php(37): CodeIgniter\CodeIgniter->run()
#9 {main}
CRITICAL - 2025-09-23 17:23:10 --> mysqli_connect(): (HY000/1045): Access denied for user 'httpszpanel_panelsetup'@'localhost' (using password: YES)
#0 [internal function]: CodeIgniter\Debug\Exceptions->errorHandler(2, 'mysqli_connect(...', '/home/ffdetect/...', 8, Array)
#1 /home/ffdetect/public_html/conn.php(8): mysqli_connect('localhost', 'httpszpanel_pan...', 'httpszpanel_pan...', 'httpszpanel_pan...')
#2 /home/ffdetect/public_html/app/Controllers/Connect.php(13): include('/home/ffdetect/...')
#3 /home/ffdetect/public_html/vendor/codeigniter4/framework/system/CodeIgniter.php(801): App\Controllers\Connect->__construct()
#4 /home/ffdetect/public_html/vendor/codeigniter4/framework/system/CodeIgniter.php(401): CodeIgniter\CodeIgniter->createController()
#5 /home/ffdetect/public_html/vendor/codeigniter4/framework/system/CodeIgniter.php(318): CodeIgniter\CodeIgniter->handleRequest(NULL, Object(Config\Cache), false)
#6 /home/ffdetect/public_html/index.php(37): CodeIgniter\CodeIgniter->run()
#7 {main}
CRITICAL - 2025-09-23 17:23:12 --> mysqli_connect(): (HY000/1045): Access denied for user 'httpszpanel_panelsetup'@'localhost' (using password: YES)
#0 [internal function]: CodeIgniter\Debug\Exceptions->errorHandler(2, 'mysqli_connect(...', '/home/ffdetect/...', 8, Array)
#1 /home/ffdetect/public_html/conn.php(8): mysqli_connect('localhost', 'httpszpanel_pan...', 'httpszpanel_pan...', 'httpszpanel_pan...')
#2 /home/ffdetect/public_html/app/Controllers/Connect.php(13): include('/home/ffdetect/...')
#3 /home/ffdetect/public_html/vendor/codeigniter4/framework/system/CodeIgniter.php(801): App\Controllers\Connect->__construct()
#4 /home/ffdetect/public_html/vendor/codeigniter4/framework/system/CodeIgniter.php(401): CodeIgniter\CodeIgniter->createController()
#5 /home/ffdetect/public_html/vendor/codeigniter4/framework/system/CodeIgniter.php(318): CodeIgniter\CodeIgniter->handleRequest(NULL, Object(Config\Cache), false)
#6 /home/ffdetect/public_html/index.php(37): CodeIgniter\CodeIgniter->run()
#7 {main}
CRITICAL - 2025-09-23 17:23:19 --> mysqli_connect(): (HY000/1045): Access denied for user 'httpszpanel_panelsetup'@'localhost' (using password: YES)
#0 [internal function]: CodeIgniter\Debug\Exceptions->errorHandler(2, 'mysqli_connect(...', '/home/ffdetect/...', 8, Array)
#1 /home/ffdetect/public_html/conn.php(8): mysqli_connect('localhost', 'httpszpanel_pan...', 'httpszpanel_pan...', 'httpszpanel_pan...')
#2 /home/ffdetect/public_html/app/Controllers/Connect.php(13): include('/home/ffdetect/...')
#3 /home/ffdetect/public_html/vendor/codeigniter4/framework/system/CodeIgniter.php(801): App\Controllers\Connect->__construct()
#4 /home/ffdetect/public_html/vendor/codeigniter4/framework/system/CodeIgniter.php(401): CodeIgniter\CodeIgniter->createController()
#5 /home/ffdetect/public_html/vendor/codeigniter4/framework/system/CodeIgniter.php(318): CodeIgniter\CodeIgniter->handleRequest(NULL, Object(Config\Cache), false)
#6 /home/ffdetect/public_html/index.php(37): CodeIgniter\CodeIgniter->run()
#7 {main}
CRITICAL - 2025-09-23 17:23:22 --> Access denied for user 'httpszpanel_panelsetup'@'localhost' (using password: YES)
#0 /home/ffdetect/public_html/conn.php(8): mysqli_connect('localhost', 'httpszpanel_pan...', 'httpszpanel_pan...', 'httpszpanel_pan...')
#1 /home/ffdetect/public_html/app/Controllers/Auth.php(109): include('/home/ffdetect/...')
#2 /home/ffdetect/public_html/app/Controllers/Auth.php(49): App\Controllers\Auth->login_action()
#3 /home/ffdetect/public_html/vendor/codeigniter4/framework/system/CodeIgniter.php(824): App\Controllers\Auth->login()
#4 /home/ffdetect/public_html/vendor/codeigniter4/framework/system/CodeIgniter.php(410): CodeIgniter\CodeIgniter->runController(Object(App\Controllers\Auth))
#5 /home/ffdetect/public_html/vendor/codeigniter4/framework/system/CodeIgniter.php(318): CodeIgniter\CodeIgniter->handleRequest(NULL, Object(Config\Cache), false)
#6 /home/ffdetect/public_html/index.php(37): CodeIgniter\CodeIgniter->run()
#7 {main}
CRITICAL - 2025-09-23 17:23:28 --> mysqli_connect(): (HY000/1045): Access denied for user 'httpszpanel_panelsetup'@'localhost' (using password: YES)
#0 [internal function]: CodeIgniter\Debug\Exceptions->errorHandler(2, 'mysqli_connect(...', '/home/ffdetect/...', 8, Array)
#1 /home/ffdetect/public_html/conn.php(8): mysqli_connect('localhost', 'httpszpanel_pan...', 'httpszpanel_pan...', 'httpszpanel_pan...')
#2 /home/ffdetect/public_html/app/Controllers/Connect.php(13): include('/home/ffdetect/...')
#3 /home/ffdetect/public_html/vendor/codeigniter4/framework/system/CodeIgniter.php(801): App\Controllers\Connect->__construct()
#4 /home/ffdetect/public_html/vendor/codeigniter4/framework/system/CodeIgniter.php(401): CodeIgniter\CodeIgniter->createController()
#5 /home/ffdetect/public_html/vendor/codeigniter4/framework/system/CodeIgniter.php(318): CodeIgniter\CodeIgniter->handleRequest(NULL, Object(Config\Cache), false)
#6 /home/ffdetect/public_html/index.php(37): CodeIgniter\CodeIgniter->run()
#7 {main}
CRITICAL - 2025-09-23 17:23:36 --> mysqli_connect(): (HY000/1045): Access denied for user 'httpszpanel_panelsetup'@'localhost' (using password: YES)
#0 [internal function]: CodeIgniter\Debug\Exceptions->errorHandler(2, 'mysqli_connect(...', '/home/ffdetect/...', 8, Array)
#1 /home/ffdetect/public_html/conn.php(8): mysqli_connect('localhost', 'httpszpanel_pan...', 'httpszpanel_pan...', 'httpszpanel_pan...')
#2 /home/ffdetect/public_html/app/Controllers/Connect.php(13): include('/home/ffdetect/...')
#3 /home/ffdetect/public_html/vendor/codeigniter4/framework/system/CodeIgniter.php(801): App\Controllers\Connect->__construct()
#4 /home/ffdetect/public_html/vendor/codeigniter4/framework/system/CodeIgniter.php(401): CodeIgniter\CodeIgniter->createController()
#5 /home/ffdetect/public_html/vendor/codeigniter4/framework/system/CodeIgniter.php(318): CodeIgniter\CodeIgniter->handleRequest(NULL, Object(Config\Cache), false)
#6 /home/ffdetect/public_html/index.php(37): CodeIgniter\CodeIgniter->run()
#7 {main}
CRITICAL - 2025-09-23 17:23:42 --> mysqli_connect(): (HY000/1045): Access denied for user 'httpszpanel_panelsetup'@'localhost' (using password: YES)
#0 [internal function]: CodeIgniter\Debug\Exceptions->errorHandler(2, 'mysqli_connect(...', '/home/ffdetect/...', 8, Array)
#1 /home/ffdetect/public_html/conn.php(8): mysqli_connect('localhost', 'httpszpanel_pan...', 'httpszpanel_pan...', 'httpszpanel_pan...')
#2 /home/ffdetect/public_html/app/Controllers/Connect.php(13): include('/home/ffdetect/...')
#3 /home/ffdetect/public_html/vendor/codeigniter4/framework/system/CodeIgniter.php(801): App\Controllers\Connect->__construct()
#4 /home/ffdetect/public_html/vendor/codeigniter4/framework/system/CodeIgniter.php(401): CodeIgniter\CodeIgniter->createController()
#5 /home/ffdetect/public_html/vendor/codeigniter4/framework/system/CodeIgniter.php(318): CodeIgniter\CodeIgniter->handleRequest(NULL, Object(Config\Cache), false)
#6 /home/ffdetect/public_html/index.php(37): CodeIgniter\CodeIgniter->run()
#7 {main}
CRITICAL - 2025-09-23 17:23:53 --> mysqli_connect(): (HY000/1045): Access denied for user 'httpszpanel_panelsetup'@'localhost' (using password: YES)
#0 [internal function]: CodeIgniter\Debug\Exceptions->errorHandler(2, 'mysqli_connect(...', '/home/ffdetect/...', 8, Array)
#1 /home/ffdetect/public_html/conn.php(8): mysqli_connect('localhost', 'httpszpanel_pan...', 'httpszpanel_pan...', 'httpszpanel_pan...')
#2 /home/ffdetect/public_html/app/Controllers/Connect.php(13): include('/home/ffdetect/...')
#3 /home/ffdetect/public_html/vendor/codeigniter4/framework/system/CodeIgniter.php(801): App\Controllers\Connect->__construct()
#4 /home/ffdetect/public_html/vendor/codeigniter4/framework/system/CodeIgniter.php(401): CodeIgniter\CodeIgniter->createController()
#5 /home/ffdetect/public_html/vendor/codeigniter4/framework/system/CodeIgniter.php(318): CodeIgniter\CodeIgniter->handleRequest(NULL, Object(Config\Cache), false)
#6 /home/ffdetect/public_html/index.php(37): CodeIgniter\CodeIgniter->run()
#7 {main}
CRITICAL - 2025-09-23 17:24:40 --> mysqli_connect(): (HY000/1045): Access denied for user 'httpszpanel_panelsetup'@'localhost' (using password: YES)
#0 [internal function]: CodeIgniter\Debug\Exceptions->errorHandler(2, 'mysqli_connect(...', '/home/ffdetect/...', 8, Array)
#1 /home/ffdetect/public_html/conn.php(8): mysqli_connect('localhost', 'httpszpanel_pan...', 'httpszpanel_pan...', 'httpszpanel_pan...')
#2 /home/ffdetect/public_html/app/Controllers/Connect.php(13): include('/home/ffdetect/...')
#3 /home/ffdetect/public_html/vendor/codeigniter4/framework/system/CodeIgniter.php(801): App\Controllers\Connect->__construct()
#4 /home/ffdetect/public_html/vendor/codeigniter4/framework/system/CodeIgniter.php(401): CodeIgniter\CodeIgniter->createController()
#5 /home/ffdetect/public_html/vendor/codeigniter4/framework/system/CodeIgniter.php(318): CodeIgniter\CodeIgniter->handleRequest(NULL, Object(Config\Cache), false)
#6 /home/ffdetect/public_html/index.php(37): CodeIgniter\CodeIgniter->run()
#7 {main}
CRITICAL - 2025-09-23 17:24:47 --> mysqli_connect(): (HY000/1045): Access denied for user 'httpszpanel_panelsetup'@'localhost' (using password: YES)
#0 [internal function]: CodeIgniter\Debug\Exceptions->errorHandler(2, 'mysqli_connect(...', '/home/ffdetect/...', 8, Array)
#1 /home/ffdetect/public_html/conn.php(8): mysqli_connect('localhost', 'httpszpanel_pan...', 'httpszpanel_pan...', 'httpszpanel_pan...')
#2 /home/ffdetect/public_html/app/Controllers/Connect.php(13): include('/home/ffdetect/...')
#3 /home/ffdetect/public_html/vendor/codeigniter4/framework/system/CodeIgniter.php(801): App\Controllers\Connect->__construct()
#4 /home/ffdetect/public_html/vendor/codeigniter4/framework/system/CodeIgniter.php(401): CodeIgniter\CodeIgniter->createController()
#5 /home/ffdetect/public_html/vendor/codeigniter4/framework/system/CodeIgniter.php(318): CodeIgniter\CodeIgniter->handleRequest(NULL, Object(Config\Cache), false)
#6 /home/ffdetect/public_html/index.php(37): CodeIgniter\CodeIgniter->run()
#7 {main}
CRITICAL - 2025-09-23 17:24:51 --> mysqli_connect(): (HY000/1045): Access denied for user 'httpszpanel_panelsetup'@'localhost' (using password: YES)
#0 [internal function]: CodeIgniter\Debug\Exceptions->errorHandler(2, 'mysqli_connect(...', '/home/ffdetect/...', 8, Array)
#1 /home/ffdetect/public_html/conn.php(8): mysqli_connect('localhost', 'httpszpanel_pan...', 'httpszpanel_pan...', 'httpszpanel_pan...')
#2 /home/ffdetect/public_html/app/Controllers/Connect.php(13): include('/home/ffdetect/...')
#3 /home/ffdetect/public_html/vendor/codeigniter4/framework/system/CodeIgniter.php(801): App\Controllers\Connect->__construct()
#4 /home/ffdetect/public_html/vendor/codeigniter4/framework/system/CodeIgniter.php(401): CodeIgniter\CodeIgniter->createController()
#5 /home/ffdetect/public_html/vendor/codeigniter4/framework/system/CodeIgniter.php(318): CodeIgniter\CodeIgniter->handleRequest(NULL, Object(Config\Cache), false)
#6 /home/ffdetect/public_html/index.php(37): CodeIgniter\CodeIgniter->run()
#7 {main}
CRITICAL - 2025-09-23 17:24:52 --> mysqli_connect(): (HY000/1045): Access denied for user 'httpszpanel_panelsetup'@'localhost' (using password: YES)
#0 [internal function]: CodeIgniter\Debug\Exceptions->errorHandler(2, 'mysqli_connect(...', '/home/ffdetect/...', 8, Array)
#1 /home/ffdetect/public_html/conn.php(8): mysqli_connect('localhost', 'httpszpanel_pan...', 'httpszpanel_pan...', 'httpszpanel_pan...')
#2 /home/ffdetect/public_html/app/Controllers/Connect.php(13): include('/home/ffdetect/...')
#3 /home/ffdetect/public_html/vendor/codeigniter4/framework/system/CodeIgniter.php(801): App\Controllers\Connect->__construct()
#4 /home/ffdetect/public_html/vendor/codeigniter4/framework/system/CodeIgniter.php(401): CodeIgniter\CodeIgniter->createController()
#5 /home/ffdetect/public_html/vendor/codeigniter4/framework/system/CodeIgniter.php(318): CodeIgniter\CodeIgniter->handleRequest(NULL, Object(Config\Cache), false)
#6 /home/ffdetect/public_html/index.php(37): CodeIgniter\CodeIgniter->run()
#7 {main}
CRITICAL - 2025-09-23 17:24:53 --> mysqli_connect(): (HY000/1045): Access denied for user 'httpszpanel_panelsetup'@'localhost' (using password: YES)
#0 [internal function]: CodeIgniter\Debug\Exceptions->errorHandler(2, 'mysqli_connect(...', '/home/ffdetect/...', 8, Array)
#1 /home/ffdetect/public_html/conn.php(8): mysqli_connect('localhost', 'httpszpanel_pan...', 'httpszpanel_pan...', 'httpszpanel_pan...')
#2 /home/ffdetect/public_html/app/Controllers/Connect.php(13): include('/home/ffdetect/...')
#3 /home/ffdetect/public_html/vendor/codeigniter4/framework/system/CodeIgniter.php(801): App\Controllers\Connect->__construct()
#4 /home/ffdetect/public_html/vendor/codeigniter4/framework/system/CodeIgniter.php(401): CodeIgniter\CodeIgniter->createController()
#5 /home/ffdetect/public_html/vendor/codeigniter4/framework/system/CodeIgniter.php(318): CodeIgniter\CodeIgniter->handleRequest(NULL, Object(Config\Cache), false)
#6 /home/ffdetect/public_html/index.php(37): CodeIgniter\CodeIgniter->run()
#7 {main}
CRITICAL - 2025-09-23 17:25:00 --> mysqli_connect(): (HY000/1045): Access denied for user 'httpszpanel_panelsetup'@'localhost' (using password: YES)
#0 [internal function]: CodeIgniter\Debug\Exceptions->errorHandler(2, 'mysqli_connect(...', '/home/ffdetect/...', 8, Array)
#1 /home/ffdetect/public_html/conn.php(8): mysqli_connect('localhost', 'httpszpanel_pan...', 'httpszpanel_pan...', 'httpszpanel_pan...')
#2 /home/ffdetect/public_html/app/Controllers/Connect.php(13): include('/home/ffdetect/...')
#3 /home/ffdetect/public_html/vendor/codeigniter4/framework/system/CodeIgniter.php(801): App\Controllers\Connect->__construct()
#4 /home/ffdetect/public_html/vendor/codeigniter4/framework/system/CodeIgniter.php(401): CodeIgniter\CodeIgniter->createController()
#5 /home/ffdetect/public_html/vendor/codeigniter4/framework/system/CodeIgniter.php(318): CodeIgniter\CodeIgniter->handleRequest(NULL, Object(Config\Cache), false)
#6 /home/ffdetect/public_html/index.php(37): CodeIgniter\CodeIgniter->run()
#7 {main}
CRITICAL - 2025-09-23 17:25:04 --> mysqli_connect(): (HY000/1045): Access denied for user 'httpszpanel_panelsetup'@'localhost' (using password: YES)
#0 [internal function]: CodeIgniter\Debug\Exceptions->errorHandler(2, 'mysqli_connect(...', '/home/ffdetect/...', 8, Array)
#1 /home/ffdetect/public_html/conn.php(8): mysqli_connect('localhost', 'httpszpanel_pan...', 'httpszpanel_pan...', 'httpszpanel_pan...')
#2 /home/ffdetect/public_html/app/Controllers/Connect.php(13): include('/home/ffdetect/...')
#3 /home/ffdetect/public_html/vendor/codeigniter4/framework/system/CodeIgniter.php(801): App\Controllers\Connect->__construct()
#4 /home/ffdetect/public_html/vendor/codeigniter4/framework/system/CodeIgniter.php(401): CodeIgniter\CodeIgniter->createController()
#5 /home/ffdetect/public_html/vendor/codeigniter4/framework/system/CodeIgniter.php(318): CodeIgniter\CodeIgniter->handleRequest(NULL, Object(Config\Cache), false)
#6 /home/ffdetect/public_html/index.php(37): CodeIgniter\CodeIgniter->run()
#7 {main}
CRITICAL - 2025-09-23 17:26:00 --> mysqli_connect(): (HY000/1045): Access denied for user 'httpszpanel_panelsetup'@'localhost' (using password: YES)
#0 [internal function]: CodeIgniter\Debug\Exceptions->errorHandler(2, 'mysqli_connect(...', '/home/ffdetect/...', 8, Array)
#1 /home/ffdetect/public_html/conn.php(8): mysqli_connect('localhost', 'httpszpanel_pan...', 'httpszpanel_pan...', 'httpszpanel_pan...')
#2 /home/ffdetect/public_html/app/Controllers/Connect.php(13): include('/home/ffdetect/...')
#3 /home/ffdetect/public_html/vendor/codeigniter4/framework/system/CodeIgniter.php(801): App\Controllers\Connect->__construct()
#4 /home/ffdetect/public_html/vendor/codeigniter4/framework/system/CodeIgniter.php(401): CodeIgniter\CodeIgniter->createController()
#5 /home/ffdetect/public_html/vendor/codeigniter4/framework/system/CodeIgniter.php(318): CodeIgniter\CodeIgniter->handleRequest(NULL, Object(Config\Cache), false)
#6 /home/ffdetect/public_html/index.php(37): CodeIgniter\CodeIgniter->run()
#7 {main}
CRITICAL - 2025-09-23 17:26:38 --> mysqli_connect(): (HY000/1045): Access denied for user 'httpszpanel_panelsetup'@'localhost' (using password: YES)
#0 [internal function]: CodeIgniter\Debug\Exceptions->errorHandler(2, 'mysqli_connect(...', '/home/ffdetect/...', 8, Array)
#1 /home/ffdetect/public_html/conn.php(8): mysqli_connect('localhost', 'httpszpanel_pan...', 'httpszpanel_pan...', 'httpszpanel_pan...')
#2 /home/ffdetect/public_html/app/Controllers/Connect.php(13): include('/home/ffdetect/...')
#3 /home/ffdetect/public_html/vendor/codeigniter4/framework/system/CodeIgniter.php(801): App\Controllers\Connect->__construct()
#4 /home/ffdetect/public_html/vendor/codeigniter4/framework/system/CodeIgniter.php(401): CodeIgniter\CodeIgniter->createController()
#5 /home/ffdetect/public_html/vendor/codeigniter4/framework/system/CodeIgniter.php(318): CodeIgniter\CodeIgniter->handleRequest(NULL, Object(Config\Cache), false)
#6 /home/ffdetect/public_html/index.php(37): CodeIgniter\CodeIgniter->run()
#7 {main}
CRITICAL - 2025-09-23 17:26:39 --> mysqli_connect(): (HY000/1045): Access denied for user 'httpszpanel_panelsetup'@'localhost' (using password: YES)
#0 [internal function]: CodeIgniter\Debug\Exceptions->errorHandler(2, 'mysqli_connect(...', '/home/ffdetect/...', 8, Array)
#1 /home/ffdetect/public_html/conn.php(8): mysqli_connect('localhost', 'httpszpanel_pan...', 'httpszpanel_pan...', 'httpszpanel_pan...')
#2 /home/ffdetect/public_html/app/Controllers/Connect.php(13): include('/home/ffdetect/...')
#3 /home/ffdetect/public_html/vendor/codeigniter4/framework/system/CodeIgniter.php(801): App\Controllers\Connect->__construct()
#4 /home/ffdetect/public_html/vendor/codeigniter4/framework/system/CodeIgniter.php(401): CodeIgniter\CodeIgniter->createController()
#5 /home/ffdetect/public_html/vendor/codeigniter4/framework/system/CodeIgniter.php(318): CodeIgniter\CodeIgniter->handleRequest(NULL, Object(Config\Cache), false)
#6 /home/ffdetect/public_html/index.php(37): CodeIgniter\CodeIgniter->run()
#7 {main}
CRITICAL - 2025-09-23 17:26:40 --> mysqli_connect(): (HY000/1045): Access denied for user 'httpszpanel_panelsetup'@'localhost' (using password: YES)
#0 [internal function]: CodeIgniter\Debug\Exceptions->errorHandler(2, 'mysqli_connect(...', '/home/ffdetect/...', 8, Array)
#1 /home/ffdetect/public_html/conn.php(8): mysqli_connect('localhost', 'httpszpanel_pan...', 'httpszpanel_pan...', 'httpszpanel_pan...')
#2 /home/ffdetect/public_html/app/Controllers/Connect.php(13): include('/home/ffdetect/...')
#3 /home/ffdetect/public_html/vendor/codeigniter4/framework/system/CodeIgniter.php(801): App\Controllers\Connect->__construct()
#4 /home/ffdetect/public_html/vendor/codeigniter4/framework/system/CodeIgniter.php(401): CodeIgniter\CodeIgniter->createController()
#5 /home/ffdetect/public_html/vendor/codeigniter4/framework/system/CodeIgniter.php(318): CodeIgniter\CodeIgniter->handleRequest(NULL, Object(Config\Cache), false)
#6 /home/ffdetect/public_html/index.php(37): CodeIgniter\CodeIgniter->run()
#7 {main}
CRITICAL - 2025-09-23 17:26:41 --> mysqli_connect(): (HY000/1045): Access denied for user 'httpszpanel_panelsetup'@'localhost' (using password: YES)
#0 [internal function]: CodeIgniter\Debug\Exceptions->errorHandler(2, 'mysqli_connect(...', '/home/ffdetect/...', 8, Array)
#1 /home/ffdetect/public_html/conn.php(8): mysqli_connect('localhost', 'httpszpanel_pan...', 'httpszpanel_pan...', 'httpszpanel_pan...')
#2 /home/ffdetect/public_html/app/Controllers/Connect.php(13): include('/home/ffdetect/...')
#3 /home/ffdetect/public_html/vendor/codeigniter4/framework/system/CodeIgniter.php(801): App\Controllers\Connect->__construct()
#4 /home/ffdetect/public_html/vendor/codeigniter4/framework/system/CodeIgniter.php(401): CodeIgniter\CodeIgniter->createController()
#5 /home/ffdetect/public_html/vendor/codeigniter4/framework/system/CodeIgniter.php(318): CodeIgniter\CodeIgniter->handleRequest(NULL, Object(Config\Cache), false)
#6 /home/ffdetect/public_html/index.php(37): CodeIgniter\CodeIgniter->run()
#7 {main}
CRITICAL - 2025-09-23 17:26:43 --> mysqli_connect(): (HY000/1045): Access denied for user 'httpszpanel_panelsetup'@'localhost' (using password: YES)
#0 [internal function]: CodeIgniter\Debug\Exceptions->errorHandler(2, 'mysqli_connect(...', '/home/ffdetect/...', 8, Array)
#1 /home/ffdetect/public_html/conn.php(8): mysqli_connect('localhost', 'httpszpanel_pan...', 'httpszpanel_pan...', 'httpszpanel_pan...')
#2 /home/ffdetect/public_html/app/Controllers/Connect.php(13): include('/home/ffdetect/...')
#3 /home/ffdetect/public_html/vendor/codeigniter4/framework/system/CodeIgniter.php(801): App\Controllers\Connect->__construct()
#4 /home/ffdetect/public_html/vendor/codeigniter4/framework/system/CodeIgniter.php(401): CodeIgniter\CodeIgniter->createController()
#5 /home/ffdetect/public_html/vendor/codeigniter4/framework/system/CodeIgniter.php(318): CodeIgniter\CodeIgniter->handleRequest(NULL, Object(Config\Cache), false)
#6 /home/ffdetect/public_html/index.php(37): CodeIgniter\CodeIgniter->run()
#7 {main}
CRITICAL - 2025-09-23 17:26:48 --> mysqli_connect(): (HY000/1045): Access denied for user 'httpszpanel_panelsetup'@'localhost' (using password: YES)
#0 [internal function]: CodeIgniter\Debug\Exceptions->errorHandler(2, 'mysqli_connect(...', '/home/ffdetect/...', 8, Array)
#1 /home/ffdetect/public_html/conn.php(8): mysqli_connect('localhost', 'httpszpanel_pan...', 'httpszpanel_pan...', 'httpszpanel_pan...')
#2 /home/ffdetect/public_html/app/Controllers/Connect.php(13): include('/home/ffdetect/...')
#3 /home/ffdetect/public_html/vendor/codeigniter4/framework/system/CodeIgniter.php(801): App\Controllers\Connect->__construct()
#4 /home/ffdetect/public_html/vendor/codeigniter4/framework/system/CodeIgniter.php(401): CodeIgniter\CodeIgniter->createController()
#5 /home/ffdetect/public_html/vendor/codeigniter4/framework/system/CodeIgniter.php(318): CodeIgniter\CodeIgniter->handleRequest(NULL, Object(Config\Cache), false)
#6 /home/ffdetect/public_html/index.php(37): CodeIgniter\CodeIgniter->run()
#7 {main}
CRITICAL - 2025-09-23 17:26:50 --> mysqli_connect(): (HY000/1045): Access denied for user 'httpszpanel_panelsetup'@'localhost' (using password: YES)
#0 [internal function]: CodeIgniter\Debug\Exceptions->errorHandler(2, 'mysqli_connect(...', '/home/ffdetect/...', 8, Array)
#1 /home/ffdetect/public_html/conn.php(8): mysqli_connect('localhost', 'httpszpanel_pan...', 'httpszpanel_pan...', 'httpszpanel_pan...')
#2 /home/ffdetect/public_html/app/Controllers/Connect.php(13): include('/home/ffdetect/...')
#3 /home/ffdetect/public_html/vendor/codeigniter4/framework/system/CodeIgniter.php(801): App\Controllers\Connect->__construct()
#4 /home/ffdetect/public_html/vendor/codeigniter4/framework/system/CodeIgniter.php(401): CodeIgniter\CodeIgniter->createController()
#5 /home/ffdetect/public_html/vendor/codeigniter4/framework/system/CodeIgniter.php(318): CodeIgniter\CodeIgniter->handleRequest(NULL, Object(Config\Cache), false)
#6 /home/ffdetect/public_html/index.php(37): CodeIgniter\CodeIgniter->run()
#7 {main}
CRITICAL - 2025-09-23 17:27:15 --> mysqli_connect(): (HY000/1045): Access denied for user 'httpszpanel_panelsetup'@'localhost' (using password: YES)
#0 [internal function]: CodeIgniter\Debug\Exceptions->errorHandler(2, 'mysqli_connect(...', '/home/ffdetect/...', 8, Array)
#1 /home/ffdetect/public_html/conn.php(8): mysqli_connect('localhost', 'httpszpanel_pan...', 'httpszpanel_pan...', 'httpszpanel_pan...')
#2 /home/ffdetect/public_html/app/Controllers/Connect.php(13): include('/home/ffdetect/...')
#3 /home/ffdetect/public_html/vendor/codeigniter4/framework/system/CodeIgniter.php(801): App\Controllers\Connect->__construct()
#4 /home/ffdetect/public_html/vendor/codeigniter4/framework/system/CodeIgniter.php(401): CodeIgniter\CodeIgniter->createController()
#5 /home/ffdetect/public_html/vendor/codeigniter4/framework/system/CodeIgniter.php(318): CodeIgniter\CodeIgniter->handleRequest(NULL, Object(Config\Cache), false)
#6 /home/ffdetect/public_html/index.php(37): CodeIgniter\CodeIgniter->run()
#7 {main}
CRITICAL - 2025-09-23 17:27:16 --> mysqli_connect(): (HY000/1045): Access denied for user 'httpszpanel_panelsetup'@'localhost' (using password: YES)
#0 [internal function]: CodeIgniter\Debug\Exceptions->errorHandler(2, 'mysqli_connect(...', '/home/ffdetect/...', 8, Array)
#1 /home/ffdetect/public_html/conn.php(8): mysqli_connect('localhost', 'httpszpanel_pan...', 'httpszpanel_pan...', 'httpszpanel_pan...')
#2 /home/ffdetect/public_html/app/Controllers/Connect.php(13): include('/home/ffdetect/...')
#3 /home/ffdetect/public_html/vendor/codeigniter4/framework/system/CodeIgniter.php(801): App\Controllers\Connect->__construct()
#4 /home/ffdetect/public_html/vendor/codeigniter4/framework/system/CodeIgniter.php(401): CodeIgniter\CodeIgniter->createController()
#5 /home/ffdetect/public_html/vendor/codeigniter4/framework/system/CodeIgniter.php(318): CodeIgniter\CodeIgniter->handleRequest(NULL, Object(Config\Cache), false)
#6 /home/ffdetect/public_html/index.php(37): CodeIgniter\CodeIgniter->run()
#7 {main}
CRITICAL - 2025-09-23 17:27:18 --> mysqli_connect(): (HY000/1045): Access denied for user 'httpszpanel_panelsetup'@'localhost' (using password: YES)
#0 [internal function]: CodeIgniter\Debug\Exceptions->errorHandler(2, 'mysqli_connect(...', '/home/ffdetect/...', 8, Array)
#1 /home/ffdetect/public_html/conn.php(8): mysqli_connect('localhost', 'httpszpanel_pan...', 'httpszpanel_pan...', 'httpszpanel_pan...')
#2 /home/ffdetect/public_html/app/Controllers/Connect.php(13): include('/home/ffdetect/...')
#3 /home/ffdetect/public_html/vendor/codeigniter4/framework/system/CodeIgniter.php(801): App\Controllers\Connect->__construct()
#4 /home/ffdetect/public_html/vendor/codeigniter4/framework/system/CodeIgniter.php(401): CodeIgniter\CodeIgniter->createController()
#5 /home/ffdetect/public_html/vendor/codeigniter4/framework/system/CodeIgniter.php(318): CodeIgniter\CodeIgniter->handleRequest(NULL, Object(Config\Cache), false)
#6 /home/ffdetect/public_html/index.php(37): CodeIgniter\CodeIgniter->run()
#7 {main}
CRITICAL - 2025-09-23 17:27:19 --> mysqli_connect(): (HY000/1045): Access denied for user 'httpszpanel_panelsetup'@'localhost' (using password: YES)
#0 [internal function]: CodeIgniter\Debug\Exceptions->errorHandler(2, 'mysqli_connect(...', '/home/ffdetect/...', 8, Array)
#1 /home/ffdetect/public_html/conn.php(8): mysqli_connect('localhost', 'httpszpanel_pan...', 'httpszpanel_pan...', 'httpszpanel_pan...')
#2 /home/ffdetect/public_html/app/Controllers/Connect.php(13): include('/home/ffdetect/...')
#3 /home/ffdetect/public_html/vendor/codeigniter4/framework/system/CodeIgniter.php(801): App\Controllers\Connect->__construct()
#4 /home/ffdetect/public_html/vendor/codeigniter4/framework/system/CodeIgniter.php(401): CodeIgniter\CodeIgniter->createController()
#5 /home/ffdetect/public_html/vendor/codeigniter4/framework/system/CodeIgniter.php(318): CodeIgniter\CodeIgniter->handleRequest(NULL, Object(Config\Cache), false)
#6 /home/ffdetect/public_html/index.php(37): CodeIgniter\CodeIgniter->run()
#7 {main}
CRITICAL - 2025-09-23 17:27:57 --> mysqli_connect(): (HY000/1045): Access denied for user 'httpszpanel_panelsetup'@'localhost' (using password: YES)
#0 [internal function]: CodeIgniter\Debug\Exceptions->errorHandler(2, 'mysqli_connect(...', '/home/ffdetect/...', 8, Array)
#1 /home/ffdetect/public_html/conn.php(8): mysqli_connect('localhost', 'httpszpanel_pan...', 'httpszpanel_pan...', 'httpszpanel_pan...')
#2 /home/ffdetect/public_html/app/Controllers/Connect.php(13): include('/home/ffdetect/...')
#3 /home/ffdetect/public_html/vendor/codeigniter4/framework/system/CodeIgniter.php(801): App\Controllers\Connect->__construct()
#4 /home/ffdetect/public_html/vendor/codeigniter4/framework/system/CodeIgniter.php(401): CodeIgniter\CodeIgniter->createController()
#5 /home/ffdetect/public_html/vendor/codeigniter4/framework/system/CodeIgniter.php(318): CodeIgniter\CodeIgniter->handleRequest(NULL, Object(Config\Cache), false)
#6 /home/ffdetect/public_html/index.php(37): CodeIgniter\CodeIgniter->run()
#7 {main}
CRITICAL - 2025-09-23 17:28:30 --> mysqli_connect(): (HY000/1045): Access denied for user 'httpszpanel_panelsetup'@'localhost' (using password: YES)
#0 [internal function]: CodeIgniter\Debug\Exceptions->errorHandler(2, 'mysqli_connect(...', '/home/ffdetect/...', 8, Array)
#1 /home/ffdetect/public_html/conn.php(8): mysqli_connect('localhost', 'httpszpanel_pan...', 'httpszpanel_pan...', 'httpszpanel_pan...')
#2 /home/ffdetect/public_html/app/Controllers/Connect.php(13): include('/home/ffdetect/...')
#3 /home/ffdetect/public_html/vendor/codeigniter4/framework/system/CodeIgniter.php(801): App\Controllers\Connect->__construct()
#4 /home/ffdetect/public_html/vendor/codeigniter4/framework/system/CodeIgniter.php(401): CodeIgniter\CodeIgniter->createController()
#5 /home/ffdetect/public_html/vendor/codeigniter4/framework/system/CodeIgniter.php(318): CodeIgniter\CodeIgniter->handleRequest(NULL, Object(Config\Cache), false)
#6 /home/ffdetect/public_html/index.php(37): CodeIgniter\CodeIgniter->run()
#7 {main}
CRITICAL - 2025-09-23 17:28:31 --> mysqli_connect(): (HY000/1045): Access denied for user 'httpszpanel_panelsetup'@'localhost' (using password: YES)
#0 [internal function]: CodeIgniter\Debug\Exceptions->errorHandler(2, 'mysqli_connect(...', '/home/ffdetect/...', 8, Array)
#1 /home/ffdetect/public_html/conn.php(8): mysqli_connect('localhost', 'httpszpanel_pan...', 'httpszpanel_pan...', 'httpszpanel_pan...')
#2 /home/ffdetect/public_html/app/Controllers/Connect.php(13): include('/home/ffdetect/...')
#3 /home/ffdetect/public_html/vendor/codeigniter4/framework/system/CodeIgniter.php(801): App\Controllers\Connect->__construct()
#4 /home/ffdetect/public_html/vendor/codeigniter4/framework/system/CodeIgniter.php(401): CodeIgniter\CodeIgniter->createController()
#5 /home/ffdetect/public_html/vendor/codeigniter4/framework/system/CodeIgniter.php(318): CodeIgniter\CodeIgniter->handleRequest(NULL, Object(Config\Cache), false)
#6 /home/ffdetect/public_html/index.php(37): CodeIgniter\CodeIgniter->run()
#7 {main}
CRITICAL - 2025-09-23 17:28:33 --> mysqli_connect(): (HY000/1045): Access denied for user 'httpszpanel_panelsetup'@'localhost' (using password: YES)
#0 [internal function]: CodeIgniter\Debug\Exceptions->errorHandler(2, 'mysqli_connect(...', '/home/ffdetect/...', 8, Array)
#1 /home/ffdetect/public_html/conn.php(8): mysqli_connect('localhost', 'httpszpanel_pan...', 'httpszpanel_pan...', 'httpszpanel_pan...')
#2 /home/ffdetect/public_html/app/Controllers/Connect.php(13): include('/home/ffdetect/...')
#3 /home/ffdetect/public_html/vendor/codeigniter4/framework/system/CodeIgniter.php(801): App\Controllers\Connect->__construct()
#4 /home/ffdetect/public_html/vendor/codeigniter4/framework/system/CodeIgniter.php(401): CodeIgniter\CodeIgniter->createController()
#5 /home/ffdetect/public_html/vendor/codeigniter4/framework/system/CodeIgniter.php(318): CodeIgniter\CodeIgniter->handleRequest(NULL, Object(Config\Cache), false)
#6 /home/ffdetect/public_html/index.php(37): CodeIgniter\CodeIgniter->run()
#7 {main}
CRITICAL - 2025-09-23 17:28:42 --> mysqli_connect(): (HY000/1045): Access denied for user 'httpszpanel_panelsetup'@'localhost' (using password: YES)
#0 [internal function]: CodeIgniter\Debug\Exceptions->errorHandler(2, 'mysqli_connect(...', '/home/ffdetect/...', 8, Array)
#1 /home/ffdetect/public_html/conn.php(8): mysqli_connect('localhost', 'httpszpanel_pan...', 'httpszpanel_pan...', 'httpszpanel_pan...')
#2 /home/ffdetect/public_html/app/Controllers/Connect.php(13): include('/home/ffdetect/...')
#3 /home/ffdetect/public_html/vendor/codeigniter4/framework/system/CodeIgniter.php(801): App\Controllers\Connect->__construct()
#4 /home/ffdetect/public_html/vendor/codeigniter4/framework/system/CodeIgniter.php(401): CodeIgniter\CodeIgniter->createController()
#5 /home/ffdetect/public_html/vendor/codeigniter4/framework/system/CodeIgniter.php(318): CodeIgniter\CodeIgniter->handleRequest(NULL, Object(Config\Cache), false)
#6 /home/ffdetect/public_html/index.php(37): CodeIgniter\CodeIgniter->run()
#7 {main}
CRITICAL - 2025-09-23 17:28:43 --> mysqli_connect(): (HY000/1045): Access denied for user 'httpszpanel_panelsetup'@'localhost' (using password: YES)
#0 [internal function]: CodeIgniter\Debug\Exceptions->errorHandler(2, 'mysqli_connect(...', '/home/ffdetect/...', 8, Array)
#1 /home/ffdetect/public_html/conn.php(8): mysqli_connect('localhost', 'httpszpanel_pan...', 'httpszpanel_pan...', 'httpszpanel_pan...')
#2 /home/ffdetect/public_html/app/Controllers/Connect.php(13): include('/home/ffdetect/...')
#3 /home/ffdetect/public_html/vendor/codeigniter4/framework/system/CodeIgniter.php(801): App\Controllers\Connect->__construct()
#4 /home/ffdetect/public_html/vendor/codeigniter4/framework/system/CodeIgniter.php(401): CodeIgniter\CodeIgniter->createController()
#5 /home/ffdetect/public_html/vendor/codeigniter4/framework/system/CodeIgniter.php(318): CodeIgniter\CodeIgniter->handleRequest(NULL, Object(Config\Cache), false)
#6 /home/ffdetect/public_html/index.php(37): CodeIgniter\CodeIgniter->run()
#7 {main}
CRITICAL - 2025-09-23 17:28:48 --> mysqli_connect(): (HY000/1045): Access denied for user 'httpszpanel_panelsetup'@'localhost' (using password: YES)
#0 [internal function]: CodeIgniter\Debug\Exceptions->errorHandler(2, 'mysqli_connect(...', '/home/ffdetect/...', 8, Array)
#1 /home/ffdetect/public_html/conn.php(8): mysqli_connect('localhost', 'httpszpanel_pan...', 'httpszpanel_pan...', 'httpszpanel_pan...')
#2 /home/ffdetect/public_html/app/Controllers/Connect.php(13): include('/home/ffdetect/...')
#3 /home/ffdetect/public_html/vendor/codeigniter4/framework/system/CodeIgniter.php(801): App\Controllers\Connect->__construct()
#4 /home/ffdetect/public_html/vendor/codeigniter4/framework/system/CodeIgniter.php(401): CodeIgniter\CodeIgniter->createController()
#5 /home/ffdetect/public_html/vendor/codeigniter4/framework/system/CodeIgniter.php(318): CodeIgniter\CodeIgniter->handleRequest(NULL, Object(Config\Cache), false)
#6 /home/ffdetect/public_html/index.php(37): CodeIgniter\CodeIgniter->run()
#7 {main}
CRITICAL - 2025-09-23 17:28:49 --> mysqli_connect(): (HY000/1045): Access denied for user 'httpszpanel_panelsetup'@'localhost' (using password: YES)
#0 [internal function]: CodeIgniter\Debug\Exceptions->errorHandler(2, 'mysqli_connect(...', '/home/ffdetect/...', 8, Array)
#1 /home/ffdetect/public_html/conn.php(8): mysqli_connect('localhost', 'httpszpanel_pan...', 'httpszpanel_pan...', 'httpszpanel_pan...')
#2 /home/ffdetect/public_html/app/Controllers/Connect.php(13): include('/home/ffdetect/...')
#3 /home/ffdetect/public_html/vendor/codeigniter4/framework/system/CodeIgniter.php(801): App\Controllers\Connect->__construct()
#4 /home/ffdetect/public_html/vendor/codeigniter4/framework/system/CodeIgniter.php(401): CodeIgniter\CodeIgniter->createController()
#5 /home/ffdetect/public_html/vendor/codeigniter4/framework/system/CodeIgniter.php(318): CodeIgniter\CodeIgniter->handleRequest(NULL, Object(Config\Cache), false)
#6 /home/ffdetect/public_html/index.php(37): CodeIgniter\CodeIgniter->run()
#7 {main}
CRITICAL - 2025-09-23 17:28:52 --> mysqli_connect(): (HY000/1045): Access denied for user 'httpszpanel_panelsetup'@'localhost' (using password: YES)
#0 [internal function]: CodeIgniter\Debug\Exceptions->errorHandler(2, 'mysqli_connect(...', '/home/ffdetect/...', 8, Array)
#1 /home/ffdetect/public_html/conn.php(8): mysqli_connect('localhost', 'httpszpanel_pan...', 'httpszpanel_pan...', 'httpszpanel_pan...')
#2 /home/ffdetect/public_html/app/Controllers/Connect.php(13): include('/home/ffdetect/...')
#3 /home/ffdetect/public_html/vendor/codeigniter4/framework/system/CodeIgniter.php(801): App\Controllers\Connect->__construct()
#4 /home/ffdetect/public_html/vendor/codeigniter4/framework/system/CodeIgniter.php(401): CodeIgniter\CodeIgniter->createController()
#5 /home/ffdetect/public_html/vendor/codeigniter4/framework/system/CodeIgniter.php(318): CodeIgniter\CodeIgniter->handleRequest(NULL, Object(Config\Cache), false)
#6 /home/ffdetect/public_html/index.php(37): CodeIgniter\CodeIgniter->run()
#7 {main}
CRITICAL - 2025-09-23 17:29:13 --> mysqli_connect(): (HY000/1045): Access denied for user 'httpszpanel_panelsetup'@'localhost' (using password: YES)
#0 [internal function]: CodeIgniter\Debug\Exceptions->errorHandler(2, 'mysqli_connect(...', '/home/ffdetect/...', 8, Array)
#1 /home/ffdetect/public_html/conn.php(8): mysqli_connect('localhost', 'httpszpanel_pan...', 'httpszpanel_pan...', 'httpszpanel_pan...')
#2 /home/ffdetect/public_html/app/Controllers/Connect.php(13): include('/home/ffdetect/...')
#3 /home/ffdetect/public_html/vendor/codeigniter4/framework/system/CodeIgniter.php(801): App\Controllers\Connect->__construct()
#4 /home/ffdetect/public_html/vendor/codeigniter4/framework/system/CodeIgniter.php(401): CodeIgniter\CodeIgniter->createController()
#5 /home/ffdetect/public_html/vendor/codeigniter4/framework/system/CodeIgniter.php(318): CodeIgniter\CodeIgniter->handleRequest(NULL, Object(Config\Cache), false)
#6 /home/ffdetect/public_html/index.php(37): CodeIgniter\CodeIgniter->run()
#7 {main}
CRITICAL - 2025-09-23 17:29:14 --> mysqli_connect(): (HY000/1045): Access denied for user 'httpszpanel_panelsetup'@'localhost' (using password: YES)
#0 [internal function]: CodeIgniter\Debug\Exceptions->errorHandler(2, 'mysqli_connect(...', '/home/ffdetect/...', 8, Array)
#1 /home/ffdetect/public_html/conn.php(8): mysqli_connect('localhost', 'httpszpanel_pan...', 'httpszpanel_pan...', 'httpszpanel_pan...')
#2 /home/ffdetect/public_html/app/Controllers/Connect.php(13): include('/home/ffdetect/...')
#3 /home/ffdetect/public_html/vendor/codeigniter4/framework/system/CodeIgniter.php(801): App\Controllers\Connect->__construct()
#4 /home/ffdetect/public_html/vendor/codeigniter4/framework/system/CodeIgniter.php(401): CodeIgniter\CodeIgniter->createController()
#5 /home/ffdetect/public_html/vendor/codeigniter4/framework/system/CodeIgniter.php(318): CodeIgniter\CodeIgniter->handleRequest(NULL, Object(Config\Cache), false)
#6 /home/ffdetect/public_html/index.php(37): CodeIgniter\CodeIgniter->run()
#7 {main}
CRITICAL - 2025-09-23 17:30:09 --> mysqli_connect(): (HY000/1045): Access denied for user 'httpszpanel_panelsetup'@'localhost' (using password: YES)
#0 [internal function]: CodeIgniter\Debug\Exceptions->errorHandler(2, 'mysqli_connect(...', '/home/ffdetect/...', 8, Array)
#1 /home/ffdetect/public_html/conn.php(8): mysqli_connect('localhost', 'httpszpanel_pan...', 'httpszpanel_pan...', 'httpszpanel_pan...')
#2 /home/ffdetect/public_html/app/Controllers/Connect.php(13): include('/home/ffdetect/...')
#3 /home/ffdetect/public_html/vendor/codeigniter4/framework/system/CodeIgniter.php(801): App\Controllers\Connect->__construct()
#4 /home/ffdetect/public_html/vendor/codeigniter4/framework/system/CodeIgniter.php(401): CodeIgniter\CodeIgniter->createController()
#5 /home/ffdetect/public_html/vendor/codeigniter4/framework/system/CodeIgniter.php(318): CodeIgniter\CodeIgniter->handleRequest(NULL, Object(Config\Cache), false)
#6 /home/ffdetect/public_html/index.php(37): CodeIgniter\CodeIgniter->run()
#7 {main}
CRITICAL - 2025-09-23 17:30:13 --> mysqli_connect(): (HY000/1045): Access denied for user 'httpszpanel_panelsetup'@'localhost' (using password: YES)
#0 [internal function]: CodeIgniter\Debug\Exceptions->errorHandler(2, 'mysqli_connect(...', '/home/ffdetect/...', 8, Array)
#1 /home/ffdetect/public_html/conn.php(8): mysqli_connect('localhost', 'httpszpanel_pan...', 'httpszpanel_pan...', 'httpszpanel_pan...')
#2 /home/ffdetect/public_html/app/Controllers/Connect.php(13): include('/home/ffdetect/...')
#3 /home/ffdetect/public_html/vendor/codeigniter4/framework/system/CodeIgniter.php(801): App\Controllers\Connect->__construct()
#4 /home/ffdetect/public_html/vendor/codeigniter4/framework/system/CodeIgniter.php(401): CodeIgniter\CodeIgniter->createController()
#5 /home/ffdetect/public_html/vendor/codeigniter4/framework/system/CodeIgniter.php(318): CodeIgniter\CodeIgniter->handleRequest(NULL, Object(Config\Cache), false)
#6 /home/ffdetect/public_html/index.php(37): CodeIgniter\CodeIgniter->run()
#7 {main}
CRITICAL - 2025-09-23 17:30:15 --> mysqli_connect(): (HY000/1045): Access denied for user 'httpszpanel_panelsetup'@'localhost' (using password: YES)
#0 [internal function]: CodeIgniter\Debug\Exceptions->errorHandler(2, 'mysqli_connect(...', '/home/ffdetect/...', 8, Array)
#1 /home/ffdetect/public_html/conn.php(8): mysqli_connect('localhost', 'httpszpanel_pan...', 'httpszpanel_pan...', 'httpszpanel_pan...')
#2 /home/ffdetect/public_html/app/Controllers/Connect.php(13): include('/home/ffdetect/...')
#3 /home/ffdetect/public_html/vendor/codeigniter4/framework/system/CodeIgniter.php(801): App\Controllers\Connect->__construct()
#4 /home/ffdetect/public_html/vendor/codeigniter4/framework/system/CodeIgniter.php(401): CodeIgniter\CodeIgniter->createController()
#5 /home/ffdetect/public_html/vendor/codeigniter4/framework/system/CodeIgniter.php(318): CodeIgniter\CodeIgniter->handleRequest(NULL, Object(Config\Cache), false)
#6 /home/ffdetect/public_html/index.php(37): CodeIgniter\CodeIgniter->run()
#7 {main}
CRITICAL - 2025-09-23 17:30:21 --> mysqli_connect(): (HY000/1045): Access denied for user 'httpszpanel_panelsetup'@'localhost' (using password: YES)
#0 [internal function]: CodeIgniter\Debug\Exceptions->errorHandler(2, 'mysqli_connect(...', '/home/ffdetect/...', 8, Array)
#1 /home/ffdetect/public_html/conn.php(8): mysqli_connect('localhost', 'httpszpanel_pan...', 'httpszpanel_pan...', 'httpszpanel_pan...')
#2 /home/ffdetect/public_html/app/Controllers/Connect.php(13): include('/home/ffdetect/...')
#3 /home/ffdetect/public_html/vendor/codeigniter4/framework/system/CodeIgniter.php(801): App\Controllers\Connect->__construct()
#4 /home/ffdetect/public_html/vendor/codeigniter4/framework/system/CodeIgniter.php(401): CodeIgniter\CodeIgniter->createController()
#5 /home/ffdetect/public_html/vendor/codeigniter4/framework/system/CodeIgniter.php(318): CodeIgniter\CodeIgniter->handleRequest(NULL, Object(Config\Cache), false)
#6 /home/ffdetect/public_html/index.php(37): CodeIgniter\CodeIgniter->run()
#7 {main}
CRITICAL - 2025-09-23 17:30:34 --> mysqli_connect(): (HY000/1045): Access denied for user 'httpszpanel_panelsetup'@'localhost' (using password: YES)
#0 [internal function]: CodeIgniter\Debug\Exceptions->errorHandler(2, 'mysqli_connect(...', '/home/ffdetect/...', 8, Array)
#1 /home/ffdetect/public_html/conn.php(8): mysqli_connect('localhost', 'httpszpanel_pan...', 'httpszpanel_pan...', 'httpszpanel_pan...')
#2 /home/ffdetect/public_html/app/Controllers/Connect.php(13): include('/home/ffdetect/...')
#3 /home/ffdetect/public_html/vendor/codeigniter4/framework/system/CodeIgniter.php(801): App\Controllers\Connect->__construct()
#4 /home/ffdetect/public_html/vendor/codeigniter4/framework/system/CodeIgniter.php(401): CodeIgniter\CodeIgniter->createController()
#5 /home/ffdetect/public_html/vendor/codeigniter4/framework/system/CodeIgniter.php(318): CodeIgniter\CodeIgniter->handleRequest(NULL, Object(Config\Cache), false)
#6 /home/ffdetect/public_html/index.php(37): CodeIgniter\CodeIgniter->run()
#7 {main}
CRITICAL - 2025-09-23 17:30:58 --> mysqli_connect(): (HY000/1045): Access denied for user 'httpszpanel_panelsetup'@'localhost' (using password: YES)
#0 [internal function]: CodeIgniter\Debug\Exceptions->errorHandler(2, 'mysqli_connect(...', '/home/ffdetect/...', 8, Array)
#1 /home/ffdetect/public_html/conn.php(8): mysqli_connect('localhost', 'httpszpanel_pan...', 'httpszpanel_pan...', 'httpszpanel_pan...')
#2 /home/ffdetect/public_html/app/Controllers/Connect.php(13): include('/home/ffdetect/...')
#3 /home/ffdetect/public_html/vendor/codeigniter4/framework/system/CodeIgniter.php(801): App\Controllers\Connect->__construct()
#4 /home/ffdetect/public_html/vendor/codeigniter4/framework/system/CodeIgniter.php(401): CodeIgniter\CodeIgniter->createController()
#5 /home/ffdetect/public_html/vendor/codeigniter4/framework/system/CodeIgniter.php(318): CodeIgniter\CodeIgniter->handleRequest(NULL, Object(Config\Cache), false)
#6 /home/ffdetect/public_html/index.php(37): CodeIgniter\CodeIgniter->run()
#7 {main}
CRITICAL - 2025-09-23 17:31:24 --> mysqli_connect(): (HY000/1045): Access denied for user 'httpszpanel_panelsetup'@'localhost' (using password: YES)
#0 [internal function]: CodeIgniter\Debug\Exceptions->errorHandler(2, 'mysqli_connect(...', '/home/ffdetect/...', 8, Array)
#1 /home/ffdetect/public_html/conn.php(8): mysqli_connect('localhost', 'httpszpanel_pan...', 'httpszpanel_pan...', 'httpszpanel_pan...')
#2 /home/ffdetect/public_html/app/Controllers/Connect.php(13): include('/home/ffdetect/...')
#3 /home/ffdetect/public_html/vendor/codeigniter4/framework/system/CodeIgniter.php(801): App\Controllers\Connect->__construct()
#4 /home/ffdetect/public_html/vendor/codeigniter4/framework/system/CodeIgniter.php(401): CodeIgniter\CodeIgniter->createController()
#5 /home/ffdetect/public_html/vendor/codeigniter4/framework/system/CodeIgniter.php(318): CodeIgniter\CodeIgniter->handleRequest(NULL, Object(Config\Cache), false)
#6 /home/ffdetect/public_html/index.php(37): CodeIgniter\CodeIgniter->run()
#7 {main}
CRITICAL - 2025-09-23 17:31:27 --> mysqli_connect(): (HY000/1045): Access denied for user 'httpszpanel_panelsetup'@'localhost' (using password: YES)
#0 [internal function]: CodeIgniter\Debug\Exceptions->errorHandler(2, 'mysqli_connect(...', '/home/ffdetect/...', 8, Array)
#1 /home/ffdetect/public_html/conn.php(8): mysqli_connect('localhost', 'httpszpanel_pan...', 'httpszpanel_pan...', 'httpszpanel_pan...')
#2 /home/ffdetect/public_html/app/Controllers/Connect.php(13): include('/home/ffdetect/...')
#3 /home/ffdetect/public_html/vendor/codeigniter4/framework/system/CodeIgniter.php(801): App\Controllers\Connect->__construct()
#4 /home/ffdetect/public_html/vendor/codeigniter4/framework/system/CodeIgniter.php(401): CodeIgniter\CodeIgniter->createController()
#5 /home/ffdetect/public_html/vendor/codeigniter4/framework/system/CodeIgniter.php(318): CodeIgniter\CodeIgniter->handleRequest(NULL, Object(Config\Cache), false)
#6 /home/ffdetect/public_html/index.php(37): CodeIgniter\CodeIgniter->run()
#7 {main}
CRITICAL - 2025-09-23 17:31:28 --> mysqli_connect(): (HY000/1045): Access denied for user 'httpszpanel_panelsetup'@'localhost' (using password: YES)
#0 [internal function]: CodeIgniter\Debug\Exceptions->errorHandler(2, 'mysqli_connect(...', '/home/ffdetect/...', 8, Array)
#1 /home/ffdetect/public_html/conn.php(8): mysqli_connect('localhost', 'httpszpanel_pan...', 'httpszpanel_pan...', 'httpszpanel_pan...')
#2 /home/ffdetect/public_html/app/Controllers/Connect.php(13): include('/home/ffdetect/...')
#3 /home/ffdetect/public_html/vendor/codeigniter4/framework/system/CodeIgniter.php(801): App\Controllers\Connect->__construct()
#4 /home/ffdetect/public_html/vendor/codeigniter4/framework/system/CodeIgniter.php(401): CodeIgniter\CodeIgniter->createController()
#5 /home/ffdetect/public_html/vendor/codeigniter4/framework/system/CodeIgniter.php(318): CodeIgniter\CodeIgniter->handleRequest(NULL, Object(Config\Cache), false)
#6 /home/ffdetect/public_html/index.php(37): CodeIgniter\CodeIgniter->run()
#7 {main}
CRITICAL - 2025-09-23 17:32:46 --> mysqli_connect(): (HY000/1045): Access denied for user 'httpszpanel_panelsetup'@'localhost' (using password: YES)
#0 [internal function]: CodeIgniter\Debug\Exceptions->errorHandler(2, 'mysqli_connect(...', '/home/ffdetect/...', 8, Array)
#1 /home/ffdetect/public_html/conn.php(8): mysqli_connect('localhost', 'httpszpanel_pan...', 'httpszpanel_pan...', 'httpszpanel_pan...')
#2 /home/ffdetect/public_html/app/Controllers/Connect.php(13): include('/home/ffdetect/...')
#3 /home/ffdetect/public_html/vendor/codeigniter4/framework/system/CodeIgniter.php(801): App\Controllers\Connect->__construct()
#4 /home/ffdetect/public_html/vendor/codeigniter4/framework/system/CodeIgniter.php(401): CodeIgniter\CodeIgniter->createController()
#5 /home/ffdetect/public_html/vendor/codeigniter4/framework/system/CodeIgniter.php(318): CodeIgniter\CodeIgniter->handleRequest(NULL, Object(Config\Cache), false)
#6 /home/ffdetect/public_html/index.php(37): CodeIgniter\CodeIgniter->run()
#7 {main}
CRITICAL - 2025-09-23 17:32:47 --> mysqli_connect(): (HY000/1045): Access denied for user 'httpszpanel_panelsetup'@'localhost' (using password: YES)
#0 [internal function]: CodeIgniter\Debug\Exceptions->errorHandler(2, 'mysqli_connect(...', '/home/ffdetect/...', 8, Array)
#1 /home/ffdetect/public_html/conn.php(8): mysqli_connect('localhost', 'httpszpanel_pan...', 'httpszpanel_pan...', 'httpszpanel_pan...')
#2 /home/ffdetect/public_html/app/Controllers/Connect.php(13): include('/home/ffdetect/...')
#3 /home/ffdetect/public_html/vendor/codeigniter4/framework/system/CodeIgniter.php(801): App\Controllers\Connect->__construct()
#4 /home/ffdetect/public_html/vendor/codeigniter4/framework/system/CodeIgniter.php(401): CodeIgniter\CodeIgniter->createController()
#5 /home/ffdetect/public_html/vendor/codeigniter4/framework/system/CodeIgniter.php(318): CodeIgniter\CodeIgniter->handleRequest(NULL, Object(Config\Cache), false)
#6 /home/ffdetect/public_html/index.php(37): CodeIgniter\CodeIgniter->run()
#7 {main}
CRITICAL - 2025-09-23 17:32:53 --> mysqli_connect(): (HY000/1045): Access denied for user 'httpszpanel_panelsetup'@'localhost' (using password: YES)
#0 [internal function]: CodeIgniter\Debug\Exceptions->errorHandler(2, 'mysqli_connect(...', '/home/ffdetect/...', 8, Array)
#1 /home/ffdetect/public_html/conn.php(8): mysqli_connect('localhost', 'httpszpanel_pan...', 'httpszpanel_pan...', 'httpszpanel_pan...')
#2 /home/ffdetect/public_html/app/Controllers/Connect.php(13): include('/home/ffdetect/...')
#3 /home/ffdetect/public_html/vendor/codeigniter4/framework/system/CodeIgniter.php(801): App\Controllers\Connect->__construct()
#4 /home/ffdetect/public_html/vendor/codeigniter4/framework/system/CodeIgniter.php(401): CodeIgniter\CodeIgniter->createController()
#5 /home/ffdetect/public_html/vendor/codeigniter4/framework/system/CodeIgniter.php(318): CodeIgniter\CodeIgniter->handleRequest(NULL, Object(Config\Cache), false)
#6 /home/ffdetect/public_html/index.php(37): CodeIgniter\CodeIgniter->run()
#7 {main}
CRITICAL - 2025-09-23 17:32:59 --> mysqli_connect(): (HY000/1045): Access denied for user 'httpszpanel_panelsetup'@'localhost' (using password: YES)
#0 [internal function]: CodeIgniter\Debug\Exceptions->errorHandler(2, 'mysqli_connect(...', '/home/ffdetect/...', 8, Array)
#1 /home/ffdetect/public_html/conn.php(8): mysqli_connect('localhost', 'httpszpanel_pan...', 'httpszpanel_pan...', 'httpszpanel_pan...')
#2 /home/ffdetect/public_html/app/Controllers/Connect.php(13): include('/home/ffdetect/...')
#3 /home/ffdetect/public_html/vendor/codeigniter4/framework/system/CodeIgniter.php(801): App\Controllers\Connect->__construct()
#4 /home/ffdetect/public_html/vendor/codeigniter4/framework/system/CodeIgniter.php(401): CodeIgniter\CodeIgniter->createController()
#5 /home/ffdetect/public_html/vendor/codeigniter4/framework/system/CodeIgniter.php(318): CodeIgniter\CodeIgniter->handleRequest(NULL, Object(Config\Cache), false)
#6 /home/ffdetect/public_html/index.php(37): CodeIgniter\CodeIgniter->run()
#7 {main}
CRITICAL - 2025-09-23 17:33:05 --> mysqli_connect(): (HY000/1045): Access denied for user 'httpszpanel_panelsetup'@'localhost' (using password: YES)
#0 [internal function]: CodeIgniter\Debug\Exceptions->errorHandler(2, 'mysqli_connect(...', '/home/ffdetect/...', 8, Array)
#1 /home/ffdetect/public_html/conn.php(8): mysqli_connect('localhost', 'httpszpanel_pan...', 'httpszpanel_pan...', 'httpszpanel_pan...')
#2 /home/ffdetect/public_html/app/Controllers/Connect.php(13): include('/home/ffdetect/...')
#3 /home/ffdetect/public_html/vendor/codeigniter4/framework/system/CodeIgniter.php(801): App\Controllers\Connect->__construct()
#4 /home/ffdetect/public_html/vendor/codeigniter4/framework/system/CodeIgniter.php(401): CodeIgniter\CodeIgniter->createController()
#5 /home/ffdetect/public_html/vendor/codeigniter4/framework/system/CodeIgniter.php(318): CodeIgniter\CodeIgniter->handleRequest(NULL, Object(Config\Cache), false)
#6 /home/ffdetect/public_html/index.php(37): CodeIgniter\CodeIgniter->run()
#7 {main}
CRITICAL - 2025-09-23 17:33:06 --> mysqli_connect(): (HY000/1045): Access denied for user 'httpszpanel_panelsetup'@'localhost' (using password: YES)
#0 [internal function]: CodeIgniter\Debug\Exceptions->errorHandler(2, 'mysqli_connect(...', '/home/ffdetect/...', 8, Array)
#1 /home/ffdetect/public_html/conn.php(8): mysqli_connect('localhost', 'httpszpanel_pan...', 'httpszpanel_pan...', 'httpszpanel_pan...')
#2 /home/ffdetect/public_html/app/Controllers/Connect.php(13): include('/home/ffdetect/...')
#3 /home/ffdetect/public_html/vendor/codeigniter4/framework/system/CodeIgniter.php(801): App\Controllers\Connect->__construct()
#4 /home/ffdetect/public_html/vendor/codeigniter4/framework/system/CodeIgniter.php(401): CodeIgniter\CodeIgniter->createController()
#5 /home/ffdetect/public_html/vendor/codeigniter4/framework/system/CodeIgniter.php(318): CodeIgniter\CodeIgniter->handleRequest(NULL, Object(Config\Cache), false)
#6 /home/ffdetect/public_html/index.php(37): CodeIgniter\CodeIgniter->run()
#7 {main}
CRITICAL - 2025-09-23 17:33:11 --> mysqli_connect(): (HY000/1045): Access denied for user 'httpszpanel_panelsetup'@'localhost' (using password: YES)
#0 [internal function]: CodeIgniter\Debug\Exceptions->errorHandler(2, 'mysqli_connect(...', '/home/ffdetect/...', 8, Array)
#1 /home/ffdetect/public_html/conn.php(8): mysqli_connect('localhost', 'httpszpanel_pan...', 'httpszpanel_pan...', 'httpszpanel_pan...')
#2 /home/ffdetect/public_html/app/Controllers/Connect.php(13): include('/home/ffdetect/...')
#3 /home/ffdetect/public_html/vendor/codeigniter4/framework/system/CodeIgniter.php(801): App\Controllers\Connect->__construct()
#4 /home/ffdetect/public_html/vendor/codeigniter4/framework/system/CodeIgniter.php(401): CodeIgniter\CodeIgniter->createController()
#5 /home/ffdetect/public_html/vendor/codeigniter4/framework/system/CodeIgniter.php(318): CodeIgniter\CodeIgniter->handleRequest(NULL, Object(Config\Cache), false)
#6 /home/ffdetect/public_html/index.php(37): CodeIgniter\CodeIgniter->run()
#7 {main}
CRITICAL - 2025-09-23 17:33:14 --> mysqli_connect(): (HY000/1045): Access denied for user 'httpszpanel_panelsetup'@'localhost' (using password: YES)
#0 [internal function]: CodeIgniter\Debug\Exceptions->errorHandler(2, 'mysqli_connect(...', '/home/ffdetect/...', 8, Array)
#1 /home/ffdetect/public_html/conn.php(8): mysqli_connect('localhost', 'httpszpanel_pan...', 'httpszpanel_pan...', 'httpszpanel_pan...')
#2 /home/ffdetect/public_html/app/Controllers/Connect.php(13): include('/home/ffdetect/...')
#3 /home/ffdetect/public_html/vendor/codeigniter4/framework/system/CodeIgniter.php(801): App\Controllers\Connect->__construct()
#4 /home/ffdetect/public_html/vendor/codeigniter4/framework/system/CodeIgniter.php(401): CodeIgniter\CodeIgniter->createController()
#5 /home/ffdetect/public_html/vendor/codeigniter4/framework/system/CodeIgniter.php(318): CodeIgniter\CodeIgniter->handleRequest(NULL, Object(Config\Cache), false)
#6 /home/ffdetect/public_html/index.php(37): CodeIgniter\CodeIgniter->run()
#7 {main}
CRITICAL - 2025-09-23 17:33:15 --> mysqli_connect(): (HY000/1045): Access denied for user 'httpszpanel_panelsetup'@'localhost' (using password: YES)
#0 [internal function]: CodeIgniter\Debug\Exceptions->errorHandler(2, 'mysqli_connect(...', '/home/ffdetect/...', 8, Array)
#1 /home/ffdetect/public_html/conn.php(8): mysqli_connect('localhost', 'httpszpanel_pan...', 'httpszpanel_pan...', 'httpszpanel_pan...')
#2 /home/ffdetect/public_html/app/Controllers/Connect.php(13): include('/home/ffdetect/...')
#3 /home/ffdetect/public_html/vendor/codeigniter4/framework/system/CodeIgniter.php(801): App\Controllers\Connect->__construct()
#4 /home/ffdetect/public_html/vendor/codeigniter4/framework/system/CodeIgniter.php(401): CodeIgniter\CodeIgniter->createController()
#5 /home/ffdetect/public_html/vendor/codeigniter4/framework/system/CodeIgniter.php(318): CodeIgniter\CodeIgniter->handleRequest(NULL, Object(Config\Cache), false)
#6 /home/ffdetect/public_html/index.php(37): CodeIgniter\CodeIgniter->run()
#7 {main}
CRITICAL - 2025-09-23 17:34:28 --> mysqli_connect(): (HY000/1045): Access denied for user 'httpszpanel_panelsetup'@'localhost' (using password: YES)
#0 [internal function]: CodeIgniter\Debug\Exceptions->errorHandler(2, 'mysqli_connect(...', '/home/ffdetect/...', 8, Array)
#1 /home/ffdetect/public_html/conn.php(8): mysqli_connect('localhost', 'httpszpanel_pan...', 'httpszpanel_pan...', 'httpszpanel_pan...')
#2 /home/ffdetect/public_html/app/Controllers/Connect.php(13): include('/home/ffdetect/...')
#3 /home/ffdetect/public_html/vendor/codeigniter4/framework/system/CodeIgniter.php(801): App\Controllers\Connect->__construct()
#4 /home/ffdetect/public_html/vendor/codeigniter4/framework/system/CodeIgniter.php(401): CodeIgniter\CodeIgniter->createController()
#5 /home/ffdetect/public_html/vendor/codeigniter4/framework/system/CodeIgniter.php(318): CodeIgniter\CodeIgniter->handleRequest(NULL, Object(Config\Cache), false)
#6 /home/ffdetect/public_html/index.php(37): CodeIgniter\CodeIgniter->run()
#7 {main}
CRITICAL - 2025-09-23 17:36:38 --> mysqli_connect(): (HY000/1045): Access denied for user 'httpszpanel_panelsetup'@'localhost' (using password: YES)
#0 [internal function]: CodeIgniter\Debug\Exceptions->errorHandler(2, 'mysqli_connect(...', '/home/ffdetect/...', 8, Array)
#1 /home/ffdetect/public_html/conn.php(8): mysqli_connect('localhost', 'httpszpanel_pan...', 'httpszpanel_pan...', 'httpszpanel_pan...')
#2 /home/ffdetect/public_html/app/Controllers/Connect.php(13): include('/home/ffdetect/...')
#3 /home/ffdetect/public_html/vendor/codeigniter4/framework/system/CodeIgniter.php(801): App\Controllers\Connect->__construct()
#4 /home/ffdetect/public_html/vendor/codeigniter4/framework/system/CodeIgniter.php(401): CodeIgniter\CodeIgniter->createController()
#5 /home/ffdetect/public_html/vendor/codeigniter4/framework/system/CodeIgniter.php(318): CodeIgniter\CodeIgniter->handleRequest(NULL, Object(Config\Cache), false)
#6 /home/ffdetect/public_html/index.php(37): CodeIgniter\CodeIgniter->run()
#7 {main}
CRITICAL - 2025-09-23 17:37:08 --> mysqli_connect(): (HY000/1045): Access denied for user 'httpszpanel_panelsetup'@'localhost' (using password: YES)
#0 [internal function]: CodeIgniter\Debug\Exceptions->errorHandler(2, 'mysqli_connect(...', '/home/ffdetect/...', 8, Array)
#1 /home/ffdetect/public_html/conn.php(8): mysqli_connect('localhost', 'httpszpanel_pan...', 'httpszpanel_pan...', 'httpszpanel_pan...')
#2 /home/ffdetect/public_html/app/Controllers/Connect.php(13): include('/home/ffdetect/...')
#3 /home/ffdetect/public_html/vendor/codeigniter4/framework/system/CodeIgniter.php(801): App\Controllers\Connect->__construct()
#4 /home/ffdetect/public_html/vendor/codeigniter4/framework/system/CodeIgniter.php(401): CodeIgniter\CodeIgniter->createController()
#5 /home/ffdetect/public_html/vendor/codeigniter4/framework/system/CodeIgniter.php(318): CodeIgniter\CodeIgniter->handleRequest(NULL, Object(Config\Cache), false)
#6 /home/ffdetect/public_html/index.php(37): CodeIgniter\CodeIgniter->run()
#7 {main}
CRITICAL - 2025-09-23 17:37:11 --> mysqli_connect(): (HY000/1045): Access denied for user 'httpszpanel_panelsetup'@'localhost' (using password: YES)
#0 [internal function]: CodeIgniter\Debug\Exceptions->errorHandler(2, 'mysqli_connect(...', '/home/ffdetect/...', 8, Array)
#1 /home/ffdetect/public_html/conn.php(8): mysqli_connect('localhost', 'httpszpanel_pan...', 'httpszpanel_pan...', 'httpszpanel_pan...')
#2 /home/ffdetect/public_html/app/Controllers/Connect.php(13): include('/home/ffdetect/...')
#3 /home/ffdetect/public_html/vendor/codeigniter4/framework/system/CodeIgniter.php(801): App\Controllers\Connect->__construct()
#4 /home/ffdetect/public_html/vendor/codeigniter4/framework/system/CodeIgniter.php(401): CodeIgniter\CodeIgniter->createController()
#5 /home/ffdetect/public_html/vendor/codeigniter4/framework/system/CodeIgniter.php(318): CodeIgniter\CodeIgniter->handleRequest(NULL, Object(Config\Cache), false)
#6 /home/ffdetect/public_html/index.php(37): CodeIgniter\CodeIgniter->run()
#7 {main}
CRITICAL - 2025-09-23 17:37:14 --> mysqli_connect(): (HY000/1045): Access denied for user 'httpszpanel_panelsetup'@'localhost' (using password: YES)
#0 [internal function]: CodeIgniter\Debug\Exceptions->errorHandler(2, 'mysqli_connect(...', '/home/ffdetect/...', 8, Array)
#1 /home/ffdetect/public_html/conn.php(8): mysqli_connect('localhost', 'httpszpanel_pan...', 'httpszpanel_pan...', 'httpszpanel_pan...')
#2 /home/ffdetect/public_html/app/Controllers/Connect.php(13): include('/home/ffdetect/...')
#3 /home/ffdetect/public_html/vendor/codeigniter4/framework/system/CodeIgniter.php(801): App\Controllers\Connect->__construct()
#4 /home/ffdetect/public_html/vendor/codeigniter4/framework/system/CodeIgniter.php(401): CodeIgniter\CodeIgniter->createController()
#5 /home/ffdetect/public_html/vendor/codeigniter4/framework/system/CodeIgniter.php(318): CodeIgniter\CodeIgniter->handleRequest(NULL, Object(Config\Cache), false)
#6 /home/ffdetect/public_html/index.php(37): CodeIgniter\CodeIgniter->run()
#7 {main}
CRITICAL - 2025-09-23 17:37:22 --> mysqli_connect(): (HY000/1045): Access denied for user 'httpszpanel_panelsetup'@'localhost' (using password: YES)
#0 [internal function]: CodeIgniter\Debug\Exceptions->errorHandler(2, 'mysqli_connect(...', '/home/ffdetect/...', 8, Array)
#1 /home/ffdetect/public_html/conn.php(8): mysqli_connect('localhost', 'httpszpanel_pan...', 'httpszpanel_pan...', 'httpszpanel_pan...')
#2 /home/ffdetect/public_html/app/Controllers/Connect.php(13): include('/home/ffdetect/...')
#3 /home/ffdetect/public_html/vendor/codeigniter4/framework/system/CodeIgniter.php(801): App\Controllers\Connect->__construct()
#4 /home/ffdetect/public_html/vendor/codeigniter4/framework/system/CodeIgniter.php(401): CodeIgniter\CodeIgniter->createController()
#5 /home/ffdetect/public_html/vendor/codeigniter4/framework/system/CodeIgniter.php(318): CodeIgniter\CodeIgniter->handleRequest(NULL, Object(Config\Cache), false)
#6 /home/ffdetect/public_html/index.php(37): CodeIgniter\CodeIgniter->run()
#7 {main}
CRITICAL - 2025-09-23 17:38:01 --> mysqli_connect(): (HY000/1045): Access denied for user 'httpszpanel_panelsetup'@'localhost' (using password: YES)
#0 [internal function]: CodeIgniter\Debug\Exceptions->errorHandler(2, 'mysqli_connect(...', '/home/ffdetect/...', 8, Array)
#1 /home/ffdetect/public_html/conn.php(8): mysqli_connect('localhost', 'httpszpanel_pan...', 'httpszpanel_pan...', 'httpszpanel_pan...')
#2 /home/ffdetect/public_html/app/Controllers/Connect.php(13): include('/home/ffdetect/...')
#3 /home/ffdetect/public_html/vendor/codeigniter4/framework/system/CodeIgniter.php(801): App\Controllers\Connect->__construct()
#4 /home/ffdetect/public_html/vendor/codeigniter4/framework/system/CodeIgniter.php(401): CodeIgniter\CodeIgniter->createController()
#5 /home/ffdetect/public_html/vendor/codeigniter4/framework/system/CodeIgniter.php(318): CodeIgniter\CodeIgniter->handleRequest(NULL, Object(Config\Cache), false)
#6 /home/ffdetect/public_html/index.php(37): CodeIgniter\CodeIgniter->run()
#7 {main}
CRITICAL - 2025-09-23 17:38:04 --> mysqli_connect(): (HY000/1045): Access denied for user 'httpszpanel_panelsetup'@'localhost' (using password: YES)
#0 [internal function]: CodeIgniter\Debug\Exceptions->errorHandler(2, 'mysqli_connect(...', '/home/ffdetect/...', 8, Array)
#1 /home/ffdetect/public_html/conn.php(8): mysqli_connect('localhost', 'httpszpanel_pan...', 'httpszpanel_pan...', 'httpszpanel_pan...')
#2 /home/ffdetect/public_html/app/Controllers/Connect.php(13): include('/home/ffdetect/...')
#3 /home/ffdetect/public_html/vendor/codeigniter4/framework/system/CodeIgniter.php(801): App\Controllers\Connect->__construct()
#4 /home/ffdetect/public_html/vendor/codeigniter4/framework/system/CodeIgniter.php(401): CodeIgniter\CodeIgniter->createController()
#5 /home/ffdetect/public_html/vendor/codeigniter4/framework/system/CodeIgniter.php(318): CodeIgniter\CodeIgniter->handleRequest(NULL, Object(Config\Cache), false)
#6 /home/ffdetect/public_html/index.php(37): CodeIgniter\CodeIgniter->run()
#7 {main}
CRITICAL - 2025-09-23 17:38:17 --> mysqli_connect(): (HY000/1045): Access denied for user 'httpszpanel_panelsetup'@'localhost' (using password: YES)
#0 [internal function]: CodeIgniter\Debug\Exceptions->errorHandler(2, 'mysqli_connect(...', '/home/ffdetect/...', 8, Array)
#1 /home/ffdetect/public_html/conn.php(8): mysqli_connect('localhost', 'httpszpanel_pan...', 'httpszpanel_pan...', 'httpszpanel_pan...')
#2 /home/ffdetect/public_html/app/Controllers/Connect.php(13): include('/home/ffdetect/...')
#3 /home/ffdetect/public_html/vendor/codeigniter4/framework/system/CodeIgniter.php(801): App\Controllers\Connect->__construct()
#4 /home/ffdetect/public_html/vendor/codeigniter4/framework/system/CodeIgniter.php(401): CodeIgniter\CodeIgniter->createController()
#5 /home/ffdetect/public_html/vendor/codeigniter4/framework/system/CodeIgniter.php(318): CodeIgniter\CodeIgniter->handleRequest(NULL, Object(Config\Cache), false)
#6 /home/ffdetect/public_html/index.php(37): CodeIgniter\CodeIgniter->run()
#7 {main}
CRITICAL - 2025-09-23 17:38:38 --> mysqli_connect(): (HY000/1045): Access denied for user 'httpszpanel_panelsetup'@'localhost' (using password: YES)
#0 [internal function]: CodeIgniter\Debug\Exceptions->errorHandler(2, 'mysqli_connect(...', '/home/ffdetect/...', 8, Array)
#1 /home/ffdetect/public_html/conn.php(8): mysqli_connect('localhost', 'httpszpanel_pan...', 'httpszpanel_pan...', 'httpszpanel_pan...')
#2 /home/ffdetect/public_html/app/Controllers/Connect.php(13): include('/home/ffdetect/...')
#3 /home/ffdetect/public_html/vendor/codeigniter4/framework/system/CodeIgniter.php(801): App\Controllers\Connect->__construct()
#4 /home/ffdetect/public_html/vendor/codeigniter4/framework/system/CodeIgniter.php(401): CodeIgniter\CodeIgniter->createController()
#5 /home/ffdetect/public_html/vendor/codeigniter4/framework/system/CodeIgniter.php(318): CodeIgniter\CodeIgniter->handleRequest(NULL, Object(Config\Cache), false)
#6 /home/ffdetect/public_html/index.php(37): CodeIgniter\CodeIgniter->run()
#7 {main}
CRITICAL - 2025-09-23 17:38:41 --> mysqli_connect(): (HY000/1045): Access denied for user 'httpszpanel_panelsetup'@'localhost' (using password: YES)
#0 [internal function]: CodeIgniter\Debug\Exceptions->errorHandler(2, 'mysqli_connect(...', '/home/ffdetect/...', 8, Array)
#1 /home/ffdetect/public_html/conn.php(8): mysqli_connect('localhost', 'httpszpanel_pan...', 'httpszpanel_pan...', 'httpszpanel_pan...')
#2 /home/ffdetect/public_html/app/Controllers/Connect.php(13): include('/home/ffdetect/...')
#3 /home/ffdetect/public_html/vendor/codeigniter4/framework/system/CodeIgniter.php(801): App\Controllers\Connect->__construct()
#4 /home/ffdetect/public_html/vendor/codeigniter4/framework/system/CodeIgniter.php(401): CodeIgniter\CodeIgniter->createController()
#5 /home/ffdetect/public_html/vendor/codeigniter4/framework/system/CodeIgniter.php(318): CodeIgniter\CodeIgniter->handleRequest(NULL, Object(Config\Cache), false)
#6 /home/ffdetect/public_html/index.php(37): CodeIgniter\CodeIgniter->run()
#7 {main}
CRITICAL - 2025-09-23 17:38:59 --> mysqli_connect(): (HY000/1045): Access denied for user 'httpszpanel_panelsetup'@'localhost' (using password: YES)
#0 [internal function]: CodeIgniter\Debug\Exceptions->errorHandler(2, 'mysqli_connect(...', '/home/ffdetect/...', 8, Array)
#1 /home/ffdetect/public_html/conn.php(8): mysqli_connect('localhost', 'httpszpanel_pan...', 'httpszpanel_pan...', 'httpszpanel_pan...')
#2 /home/ffdetect/public_html/app/Controllers/Connect.php(13): include('/home/ffdetect/...')
#3 /home/ffdetect/public_html/vendor/codeigniter4/framework/system/CodeIgniter.php(801): App\Controllers\Connect->__construct()
#4 /home/ffdetect/public_html/vendor/codeigniter4/framework/system/CodeIgniter.php(401): CodeIgniter\CodeIgniter->createController()
#5 /home/ffdetect/public_html/vendor/codeigniter4/framework/system/CodeIgniter.php(318): CodeIgniter\CodeIgniter->handleRequest(NULL, Object(Config\Cache), false)
#6 /home/ffdetect/public_html/index.php(37): CodeIgniter\CodeIgniter->run()
#7 {main}
CRITICAL - 2025-09-23 17:39:09 --> mysqli_connect(): (HY000/1045): Access denied for user 'httpszpanel_panelsetup'@'localhost' (using password: YES)
#0 [internal function]: CodeIgniter\Debug\Exceptions->errorHandler(2, 'mysqli_connect(...', '/home/ffdetect/...', 8, Array)
#1 /home/ffdetect/public_html/conn.php(8): mysqli_connect('localhost', 'httpszpanel_pan...', 'httpszpanel_pan...', 'httpszpanel_pan...')
#2 /home/ffdetect/public_html/app/Controllers/Connect.php(13): include('/home/ffdetect/...')
#3 /home/ffdetect/public_html/vendor/codeigniter4/framework/system/CodeIgniter.php(801): App\Controllers\Connect->__construct()
#4 /home/ffdetect/public_html/vendor/codeigniter4/framework/system/CodeIgniter.php(401): CodeIgniter\CodeIgniter->createController()
#5 /home/ffdetect/public_html/vendor/codeigniter4/framework/system/CodeIgniter.php(318): CodeIgniter\CodeIgniter->handleRequest(NULL, Object(Config\Cache), false)
#6 /home/ffdetect/public_html/index.php(37): CodeIgniter\CodeIgniter->run()
#7 {main}
CRITICAL - 2025-09-23 17:39:48 --> mysqli_connect(): (HY000/1045): Access denied for user 'httpszpanel_panelsetup'@'localhost' (using password: YES)
#0 [internal function]: CodeIgniter\Debug\Exceptions->errorHandler(2, 'mysqli_connect(...', '/home/ffdetect/...', 8, Array)
#1 /home/ffdetect/public_html/conn.php(8): mysqli_connect('localhost', 'httpszpanel_pan...', 'httpszpanel_pan...', 'httpszpanel_pan...')
#2 /home/ffdetect/public_html/app/Controllers/Connect.php(13): include('/home/ffdetect/...')
#3 /home/ffdetect/public_html/vendor/codeigniter4/framework/system/CodeIgniter.php(801): App\Controllers\Connect->__construct()
#4 /home/ffdetect/public_html/vendor/codeigniter4/framework/system/CodeIgniter.php(401): CodeIgniter\CodeIgniter->createController()
#5 /home/ffdetect/public_html/vendor/codeigniter4/framework/system/CodeIgniter.php(318): CodeIgniter\CodeIgniter->handleRequest(NULL, Object(Config\Cache), false)
#6 /home/ffdetect/public_html/index.php(37): CodeIgniter\CodeIgniter->run()
#7 {main}
CRITICAL - 2025-09-23 17:39:50 --> Access denied for user 'httpszpanel_panelsetup'@'localhost' (using password: YES)
#0 /home/ffdetect/public_html/conn.php(8): mysqli_connect('localhost', 'httpszpanel_pan...', 'httpszpanel_pan...', 'httpszpanel_pan...')
#1 /home/ffdetect/public_html/app/Controllers/Auth.php(109): include('/home/ffdetect/...')
#2 /home/ffdetect/public_html/app/Controllers/Auth.php(49): App\Controllers\Auth->login_action()
#3 /home/ffdetect/public_html/vendor/codeigniter4/framework/system/CodeIgniter.php(824): App\Controllers\Auth->login()
#4 /home/ffdetect/public_html/vendor/codeigniter4/framework/system/CodeIgniter.php(410): CodeIgniter\CodeIgniter->runController(Object(App\Controllers\Auth))
#5 /home/ffdetect/public_html/vendor/codeigniter4/framework/system/CodeIgniter.php(318): CodeIgniter\CodeIgniter->handleRequest(NULL, Object(Config\Cache), false)
#6 /home/ffdetect/public_html/index.php(37): CodeIgniter\CodeIgniter->run()
#7 {main}
CRITICAL - 2025-09-23 17:39:51 --> mysqli_connect(): (HY000/1045): Access denied for user 'httpszpanel_panelsetup'@'localhost' (using password: YES)
#0 [internal function]: CodeIgniter\Debug\Exceptions->errorHandler(2, 'mysqli_connect(...', '/home/ffdetect/...', 8, Array)
#1 /home/ffdetect/public_html/conn.php(8): mysqli_connect('localhost', 'httpszpanel_pan...', 'httpszpanel_pan...', 'httpszpanel_pan...')
#2 /home/ffdetect/public_html/app/Controllers/Connect.php(13): include('/home/ffdetect/...')
#3 /home/ffdetect/public_html/vendor/codeigniter4/framework/system/CodeIgniter.php(801): App\Controllers\Connect->__construct()
#4 /home/ffdetect/public_html/vendor/codeigniter4/framework/system/CodeIgniter.php(401): CodeIgniter\CodeIgniter->createController()
#5 /home/ffdetect/public_html/vendor/codeigniter4/framework/system/CodeIgniter.php(318): CodeIgniter\CodeIgniter->handleRequest(NULL, Object(Config\Cache), false)
#6 /home/ffdetect/public_html/index.php(37): CodeIgniter\CodeIgniter->run()
#7 {main}
CRITICAL - 2025-09-23 17:39:52 --> mysqli_connect(): (HY000/1045): Access denied for user 'httpszpanel_panelsetup'@'localhost' (using password: YES)
#0 [internal function]: CodeIgniter\Debug\Exceptions->errorHandler(2, 'mysqli_connect(...', '/home/ffdetect/...', 8, Array)
#1 /home/ffdetect/public_html/conn.php(8): mysqli_connect('localhost', 'httpszpanel_pan...', 'httpszpanel_pan...', 'httpszpanel_pan...')
#2 /home/ffdetect/public_html/app/Controllers/Connect.php(13): include('/home/ffdetect/...')
#3 /home/ffdetect/public_html/vendor/codeigniter4/framework/system/CodeIgniter.php(801): App\Controllers\Connect->__construct()
#4 /home/ffdetect/public_html/vendor/codeigniter4/framework/system/CodeIgniter.php(401): CodeIgniter\CodeIgniter->createController()
#5 /home/ffdetect/public_html/vendor/codeigniter4/framework/system/CodeIgniter.php(318): CodeIgniter\CodeIgniter->handleRequest(NULL, Object(Config\Cache), false)
#6 /home/ffdetect/public_html/index.php(37): CodeIgniter\CodeIgniter->run()
#7 {main}
CRITICAL - 2025-09-23 17:39:54 --> mysqli_connect(): (HY000/1045): Access denied for user 'httpszpanel_panelsetup'@'localhost' (using password: YES)
#0 [internal function]: CodeIgniter\Debug\Exceptions->errorHandler(2, 'mysqli_connect(...', '/home/ffdetect/...', 8, Array)
#1 /home/ffdetect/public_html/conn.php(8): mysqli_connect('localhost', 'httpszpanel_pan...', 'httpszpanel_pan...', 'httpszpanel_pan...')
#2 /home/ffdetect/public_html/app/Controllers/Connect.php(13): include('/home/ffdetect/...')
#3 /home/ffdetect/public_html/vendor/codeigniter4/framework/system/CodeIgniter.php(801): App\Controllers\Connect->__construct()
#4 /home/ffdetect/public_html/vendor/codeigniter4/framework/system/CodeIgniter.php(401): CodeIgniter\CodeIgniter->createController()
#5 /home/ffdetect/public_html/vendor/codeigniter4/framework/system/CodeIgniter.php(318): CodeIgniter\CodeIgniter->handleRequest(NULL, Object(Config\Cache), false)
#6 /home/ffdetect/public_html/index.php(37): CodeIgniter\CodeIgniter->run()
#7 {main}
CRITICAL - 2025-09-23 17:40:00 --> mysqli_connect(): (HY000/1045): Access denied for user 'httpszpanel_panelsetup'@'localhost' (using password: YES)
#0 [internal function]: CodeIgniter\Debug\Exceptions->errorHandler(2, 'mysqli_connect(...', '/home/ffdetect/...', 8, Array)
#1 /home/ffdetect/public_html/conn.php(8): mysqli_connect('localhost', 'httpszpanel_pan...', 'httpszpanel_pan...', 'httpszpanel_pan...')
#2 /home/ffdetect/public_html/app/Controllers/Connect.php(13): include('/home/ffdetect/...')
#3 /home/ffdetect/public_html/vendor/codeigniter4/framework/system/CodeIgniter.php(801): App\Controllers\Connect->__construct()
#4 /home/ffdetect/public_html/vendor/codeigniter4/framework/system/CodeIgniter.php(401): CodeIgniter\CodeIgniter->createController()
#5 /home/ffdetect/public_html/vendor/codeigniter4/framework/system/CodeIgniter.php(318): CodeIgniter\CodeIgniter->handleRequest(NULL, Object(Config\Cache), false)
#6 /home/ffdetect/public_html/index.php(37): CodeIgniter\CodeIgniter->run()
#7 {main}
CRITICAL - 2025-09-23 17:40:06 --> mysqli_connect(): (HY000/1045): Access denied for user 'httpszpanel_panelsetup'@'localhost' (using password: YES)
#0 [internal function]: CodeIgniter\Debug\Exceptions->errorHandler(2, 'mysqli_connect(...', '/home/ffdetect/...', 8, Array)
#1 /home/ffdetect/public_html/conn.php(8): mysqli_connect('localhost', 'httpszpanel_pan...', 'httpszpanel_pan...', 'httpszpanel_pan...')
#2 /home/ffdetect/public_html/app/Controllers/Connect.php(13): include('/home/ffdetect/...')
#3 /home/ffdetect/public_html/vendor/codeigniter4/framework/system/CodeIgniter.php(801): App\Controllers\Connect->__construct()
#4 /home/ffdetect/public_html/vendor/codeigniter4/framework/system/CodeIgniter.php(401): CodeIgniter\CodeIgniter->createController()
#5 /home/ffdetect/public_html/vendor/codeigniter4/framework/system/CodeIgniter.php(318): CodeIgniter\CodeIgniter->handleRequest(NULL, Object(Config\Cache), false)
#6 /home/ffdetect/public_html/index.php(37): CodeIgniter\CodeIgniter->run()
#7 {main}
CRITICAL - 2025-09-23 17:40:09 --> mysqli_connect(): (HY000/1045): Access denied for user 'httpszpanel_panelsetup'@'localhost' (using password: YES)
#0 [internal function]: CodeIgniter\Debug\Exceptions->errorHandler(2, 'mysqli_connect(...', '/home/ffdetect/...', 8, Array)
#1 /home/ffdetect/public_html/conn.php(8): mysqli_connect('localhost', 'httpszpanel_pan...', 'httpszpanel_pan...', 'httpszpanel_pan...')
#2 /home/ffdetect/public_html/app/Controllers/Connect.php(13): include('/home/ffdetect/...')
#3 /home/ffdetect/public_html/vendor/codeigniter4/framework/system/CodeIgniter.php(801): App\Controllers\Connect->__construct()
#4 /home/ffdetect/public_html/vendor/codeigniter4/framework/system/CodeIgniter.php(401): CodeIgniter\CodeIgniter->createController()
#5 /home/ffdetect/public_html/vendor/codeigniter4/framework/system/CodeIgniter.php(318): CodeIgniter\CodeIgniter->handleRequest(NULL, Object(Config\Cache), false)
#6 /home/ffdetect/public_html/index.php(37): CodeIgniter\CodeIgniter->run()
#7 {main}
CRITICAL - 2025-09-23 17:40:10 --> mysqli_connect(): (HY000/1045): Access denied for user 'httpszpanel_panelsetup'@'localhost' (using password: YES)
#0 [internal function]: CodeIgniter\Debug\Exceptions->errorHandler(2, 'mysqli_connect(...', '/home/ffdetect/...', 8, Array)
#1 /home/ffdetect/public_html/conn.php(8): mysqli_connect('localhost', 'httpszpanel_pan...', 'httpszpanel_pan...', 'httpszpanel_pan...')
#2 /home/ffdetect/public_html/app/Controllers/Connect.php(13): include('/home/ffdetect/...')
#3 /home/ffdetect/public_html/vendor/codeigniter4/framework/system/CodeIgniter.php(801): App\Controllers\Connect->__construct()
#4 /home/ffdetect/public_html/vendor/codeigniter4/framework/system/CodeIgniter.php(401): CodeIgniter\CodeIgniter->createController()
#5 /home/ffdetect/public_html/vendor/codeigniter4/framework/system/CodeIgniter.php(318): CodeIgniter\CodeIgniter->handleRequest(NULL, Object(Config\Cache), false)
#6 /home/ffdetect/public_html/index.php(37): CodeIgniter\CodeIgniter->run()
#7 {main}
CRITICAL - 2025-09-23 17:40:11 --> mysqli_connect(): (HY000/1045): Access denied for user 'httpszpanel_panelsetup'@'localhost' (using password: YES)
#0 [internal function]: CodeIgniter\Debug\Exceptions->errorHandler(2, 'mysqli_connect(...', '/home/ffdetect/...', 8, Array)
#1 /home/ffdetect/public_html/conn.php(8): mysqli_connect('localhost', 'httpszpanel_pan...', 'httpszpanel_pan...', 'httpszpanel_pan...')
#2 /home/ffdetect/public_html/app/Controllers/Connect.php(13): include('/home/ffdetect/...')
#3 /home/ffdetect/public_html/vendor/codeigniter4/framework/system/CodeIgniter.php(801): App\Controllers\Connect->__construct()
#4 /home/ffdetect/public_html/vendor/codeigniter4/framework/system/CodeIgniter.php(401): CodeIgniter\CodeIgniter->createController()
#5 /home/ffdetect/public_html/vendor/codeigniter4/framework/system/CodeIgniter.php(318): CodeIgniter\CodeIgniter->handleRequest(NULL, Object(Config\Cache), false)
#6 /home/ffdetect/public_html/index.php(37): CodeIgniter\CodeIgniter->run()
#7 {main}
CRITICAL - 2025-09-23 17:40:20 --> mysqli_connect(): (HY000/1045): Access denied for user 'httpszpanel_panelsetup'@'localhost' (using password: YES)
#0 [internal function]: CodeIgniter\Debug\Exceptions->errorHandler(2, 'mysqli_connect(...', '/home/ffdetect/...', 8, Array)
#1 /home/ffdetect/public_html/conn.php(8): mysqli_connect('localhost', 'httpszpanel_pan...', 'httpszpanel_pan...', 'httpszpanel_pan...')
#2 /home/ffdetect/public_html/app/Controllers/Connect.php(13): include('/home/ffdetect/...')
#3 /home/ffdetect/public_html/vendor/codeigniter4/framework/system/CodeIgniter.php(801): App\Controllers\Connect->__construct()
#4 /home/ffdetect/public_html/vendor/codeigniter4/framework/system/CodeIgniter.php(401): CodeIgniter\CodeIgniter->createController()
#5 /home/ffdetect/public_html/vendor/codeigniter4/framework/system/CodeIgniter.php(318): CodeIgniter\CodeIgniter->handleRequest(NULL, Object(Config\Cache), false)
#6 /home/ffdetect/public_html/index.php(37): CodeIgniter\CodeIgniter->run()
#7 {main}
CRITICAL - 2025-09-23 17:40:24 --> mysqli_connect(): (HY000/1045): Access denied for user 'httpszpanel_panelsetup'@'localhost' (using password: YES)
#0 [internal function]: CodeIgniter\Debug\Exceptions->errorHandler(2, 'mysqli_connect(...', '/home/ffdetect/...', 8, Array)
#1 /home/ffdetect/public_html/conn.php(8): mysqli_connect('localhost', 'httpszpanel_pan...', 'httpszpanel_pan...', 'httpszpanel_pan...')
#2 /home/ffdetect/public_html/app/Controllers/Connect.php(13): include('/home/ffdetect/...')
#3 /home/ffdetect/public_html/vendor/codeigniter4/framework/system/CodeIgniter.php(801): App\Controllers\Connect->__construct()
#4 /home/ffdetect/public_html/vendor/codeigniter4/framework/system/CodeIgniter.php(401): CodeIgniter\CodeIgniter->createController()
#5 /home/ffdetect/public_html/vendor/codeigniter4/framework/system/CodeIgniter.php(318): CodeIgniter\CodeIgniter->handleRequest(NULL, Object(Config\Cache), false)
#6 /home/ffdetect/public_html/index.php(37): CodeIgniter\CodeIgniter->run()
#7 {main}
CRITICAL - 2025-09-23 17:40:34 --> mysqli_connect(): (HY000/1045): Access denied for user 'httpszpanel_panelsetup'@'localhost' (using password: YES)
#0 [internal function]: CodeIgniter\Debug\Exceptions->errorHandler(2, 'mysqli_connect(...', '/home/ffdetect/...', 8, Array)
#1 /home/ffdetect/public_html/conn.php(8): mysqli_connect('localhost', 'httpszpanel_pan...', 'httpszpanel_pan...', 'httpszpanel_pan...')
#2 /home/ffdetect/public_html/app/Controllers/Connect.php(13): include('/home/ffdetect/...')
#3 /home/ffdetect/public_html/vendor/codeigniter4/framework/system/CodeIgniter.php(801): App\Controllers\Connect->__construct()
#4 /home/ffdetect/public_html/vendor/codeigniter4/framework/system/CodeIgniter.php(401): CodeIgniter\CodeIgniter->createController()
#5 /home/ffdetect/public_html/vendor/codeigniter4/framework/system/CodeIgniter.php(318): CodeIgniter\CodeIgniter->handleRequest(NULL, Object(Config\Cache), false)
#6 /home/ffdetect/public_html/index.php(37): CodeIgniter\CodeIgniter->run()
#7 {main}
CRITICAL - 2025-09-23 17:40:35 --> mysqli_connect(): (HY000/1045): Access denied for user 'httpszpanel_panelsetup'@'localhost' (using password: YES)
#0 [internal function]: CodeIgniter\Debug\Exceptions->errorHandler(2, 'mysqli_connect(...', '/home/ffdetect/...', 8, Array)
#1 /home/ffdetect/public_html/conn.php(8): mysqli_connect('localhost', 'httpszpanel_pan...', 'httpszpanel_pan...', 'httpszpanel_pan...')
#2 /home/ffdetect/public_html/app/Controllers/Connect.php(13): include('/home/ffdetect/...')
#3 /home/ffdetect/public_html/vendor/codeigniter4/framework/system/CodeIgniter.php(801): App\Controllers\Connect->__construct()
#4 /home/ffdetect/public_html/vendor/codeigniter4/framework/system/CodeIgniter.php(401): CodeIgniter\CodeIgniter->createController()
#5 /home/ffdetect/public_html/vendor/codeigniter4/framework/system/CodeIgniter.php(318): CodeIgniter\CodeIgniter->handleRequest(NULL, Object(Config\Cache), false)
#6 /home/ffdetect/public_html/index.php(37): CodeIgniter\CodeIgniter->run()
#7 {main}
CRITICAL - 2025-09-23 17:40:40 --> mysqli_connect(): (HY000/1045): Access denied for user 'httpszpanel_panelsetup'@'localhost' (using password: YES)
#0 [internal function]: CodeIgniter\Debug\Exceptions->errorHandler(2, 'mysqli_connect(...', '/home/ffdetect/...', 8, Array)
#1 /home/ffdetect/public_html/conn.php(8): mysqli_connect('localhost', 'httpszpanel_pan...', 'httpszpanel_pan...', 'httpszpanel_pan...')
#2 /home/ffdetect/public_html/app/Controllers/Connect.php(13): include('/home/ffdetect/...')
#3 /home/ffdetect/public_html/vendor/codeigniter4/framework/system/CodeIgniter.php(801): App\Controllers\Connect->__construct()
#4 /home/ffdetect/public_html/vendor/codeigniter4/framework/system/CodeIgniter.php(401): CodeIgniter\CodeIgniter->createController()
#5 /home/ffdetect/public_html/vendor/codeigniter4/framework/system/CodeIgniter.php(318): CodeIgniter\CodeIgniter->handleRequest(NULL, Object(Config\Cache), false)
#6 /home/ffdetect/public_html/index.php(37): CodeIgniter\CodeIgniter->run()
#7 {main}
CRITICAL - 2025-09-23 17:40:42 --> mysqli_connect(): (HY000/1045): Access denied for user 'httpszpanel_panelsetup'@'localhost' (using password: YES)
#0 [internal function]: CodeIgniter\Debug\Exceptions->errorHandler(2, 'mysqli_connect(...', '/home/ffdetect/...', 8, Array)
#1 /home/ffdetect/public_html/conn.php(8): mysqli_connect('localhost', 'httpszpanel_pan...', 'httpszpanel_pan...', 'httpszpanel_pan...')
#2 /home/ffdetect/public_html/app/Controllers/Connect.php(13): include('/home/ffdetect/...')
#3 /home/ffdetect/public_html/vendor/codeigniter4/framework/system/CodeIgniter.php(801): App\Controllers\Connect->__construct()
#4 /home/ffdetect/public_html/vendor/codeigniter4/framework/system/CodeIgniter.php(401): CodeIgniter\CodeIgniter->createController()
#5 /home/ffdetect/public_html/vendor/codeigniter4/framework/system/CodeIgniter.php(318): CodeIgniter\CodeIgniter->handleRequest(NULL, Object(Config\Cache), false)
#6 /home/ffdetect/public_html/index.php(37): CodeIgniter\CodeIgniter->run()
#7 {main}
CRITICAL - 2025-09-23 17:40:45 --> mysqli_connect(): (HY000/1045): Access denied for user 'httpszpanel_panelsetup'@'localhost' (using password: YES)
#0 [internal function]: CodeIgniter\Debug\Exceptions->errorHandler(2, 'mysqli_connect(...', '/home/ffdetect/...', 8, Array)
#1 /home/ffdetect/public_html/conn.php(8): mysqli_connect('localhost', 'httpszpanel_pan...', 'httpszpanel_pan...', 'httpszpanel_pan...')
#2 /home/ffdetect/public_html/app/Controllers/Connect.php(13): include('/home/ffdetect/...')
#3 /home/ffdetect/public_html/vendor/codeigniter4/framework/system/CodeIgniter.php(801): App\Controllers\Connect->__construct()
#4 /home/ffdetect/public_html/vendor/codeigniter4/framework/system/CodeIgniter.php(401): CodeIgniter\CodeIgniter->createController()
#5 /home/ffdetect/public_html/vendor/codeigniter4/framework/system/CodeIgniter.php(318): CodeIgniter\CodeIgniter->handleRequest(NULL, Object(Config\Cache), false)
#6 /home/ffdetect/public_html/index.php(37): CodeIgniter\CodeIgniter->run()
#7 {main}
CRITICAL - 2025-09-23 17:41:20 --> mysqli_connect(): (HY000/1045): Access denied for user 'httpszpanel_panelsetup'@'localhost' (using password: YES)
#0 [internal function]: CodeIgniter\Debug\Exceptions->errorHandler(2, 'mysqli_connect(...', '/home/ffdetect/...', 8, Array)
#1 /home/ffdetect/public_html/conn.php(8): mysqli_connect('localhost', 'httpszpanel_pan...', 'httpszpanel_pan...', 'httpszpanel_pan...')
#2 /home/ffdetect/public_html/app/Controllers/Connect.php(13): include('/home/ffdetect/...')
#3 /home/ffdetect/public_html/vendor/codeigniter4/framework/system/CodeIgniter.php(801): App\Controllers\Connect->__construct()
#4 /home/ffdetect/public_html/vendor/codeigniter4/framework/system/CodeIgniter.php(401): CodeIgniter\CodeIgniter->createController()
#5 /home/ffdetect/public_html/vendor/codeigniter4/framework/system/CodeIgniter.php(318): CodeIgniter\CodeIgniter->handleRequest(NULL, Object(Config\Cache), false)
#6 /home/ffdetect/public_html/index.php(37): CodeIgniter\CodeIgniter->run()
#7 {main}
CRITICAL - 2025-09-23 17:41:50 --> Access denied for user 'httpszpanel_panelsetup'@'localhost' (using password: YES)
#0 /home/ffdetect/public_html/conn.php(8): mysqli_connect('localhost', 'httpszpanel_pan...', 'httpszpanel_pan...', 'httpszpanel_pan...')
#1 /home/ffdetect/public_html/app/Controllers/Auth.php(109): include('/home/ffdetect/...')
#2 /home/ffdetect/public_html/app/Controllers/Auth.php(49): App\Controllers\Auth->login_action()
#3 /home/ffdetect/public_html/vendor/codeigniter4/framework/system/CodeIgniter.php(824): App\Controllers\Auth->login()
#4 /home/ffdetect/public_html/vendor/codeigniter4/framework/system/CodeIgniter.php(410): CodeIgniter\CodeIgniter->runController(Object(App\Controllers\Auth))
#5 /home/ffdetect/public_html/vendor/codeigniter4/framework/system/CodeIgniter.php(318): CodeIgniter\CodeIgniter->handleRequest(NULL, Object(Config\Cache), false)
#6 /home/ffdetect/public_html/index.php(37): CodeIgniter\CodeIgniter->run()
#7 {main}
CRITICAL - 2025-09-23 17:41:57 --> mysqli_connect(): (HY000/1045): Access denied for user 'httpszpanel_panelsetup'@'localhost' (using password: YES)
#0 [internal function]: CodeIgniter\Debug\Exceptions->errorHandler(2, 'mysqli_connect(...', '/home/ffdetect/...', 8, Array)
#1 /home/ffdetect/public_html/conn.php(8): mysqli_connect('localhost', 'httpszpanel_pan...', 'httpszpanel_pan...', 'httpszpanel_pan...')
#2 /home/ffdetect/public_html/app/Controllers/Connect.php(13): include('/home/ffdetect/...')
#3 /home/ffdetect/public_html/vendor/codeigniter4/framework/system/CodeIgniter.php(801): App\Controllers\Connect->__construct()
#4 /home/ffdetect/public_html/vendor/codeigniter4/framework/system/CodeIgniter.php(401): CodeIgniter\CodeIgniter->createController()
#5 /home/ffdetect/public_html/vendor/codeigniter4/framework/system/CodeIgniter.php(318): CodeIgniter\CodeIgniter->handleRequest(NULL, Object(Config\Cache), false)
#6 /home/ffdetect/public_html/index.php(37): CodeIgniter\CodeIgniter->run()
#7 {main}
CRITICAL - 2025-09-23 17:42:05 --> Access denied for user 'httpszpanel_panelsetup'@'localhost' (using password: YES)
#0 /home/ffdetect/public_html/conn.php(8): mysqli_connect('localhost', 'httpszpanel_pan...', 'httpszpanel_pan...', 'httpszpanel_pan...')
#1 /home/ffdetect/public_html/app/Controllers/Auth.php(109): include('/home/ffdetect/...')
#2 /home/ffdetect/public_html/app/Controllers/Auth.php(49): App\Controllers\Auth->login_action()
#3 /home/ffdetect/public_html/vendor/codeigniter4/framework/system/CodeIgniter.php(824): App\Controllers\Auth->login()
#4 /home/ffdetect/public_html/vendor/codeigniter4/framework/system/CodeIgniter.php(410): CodeIgniter\CodeIgniter->runController(Object(App\Controllers\Auth))
#5 /home/ffdetect/public_html/vendor/codeigniter4/framework/system/CodeIgniter.php(318): CodeIgniter\CodeIgniter->handleRequest(NULL, Object(Config\Cache), false)
#6 /home/ffdetect/public_html/index.php(37): CodeIgniter\CodeIgniter->run()
#7 {main}
CRITICAL - 2025-09-23 17:42:06 --> mysqli_connect(): (HY000/1045): Access denied for user 'httpszpanel_panelsetup'@'localhost' (using password: YES)
#0 [internal function]: CodeIgniter\Debug\Exceptions->errorHandler(2, 'mysqli_connect(...', '/home/ffdetect/...', 8, Array)
#1 /home/ffdetect/public_html/conn.php(8): mysqli_connect('localhost', 'httpszpanel_pan...', 'httpszpanel_pan...', 'httpszpanel_pan...')
#2 /home/ffdetect/public_html/app/Controllers/Connect.php(13): include('/home/ffdetect/...')
#3 /home/ffdetect/public_html/vendor/codeigniter4/framework/system/CodeIgniter.php(801): App\Controllers\Connect->__construct()
#4 /home/ffdetect/public_html/vendor/codeigniter4/framework/system/CodeIgniter.php(401): CodeIgniter\CodeIgniter->createController()
#5 /home/ffdetect/public_html/vendor/codeigniter4/framework/system/CodeIgniter.php(318): CodeIgniter\CodeIgniter->handleRequest(NULL, Object(Config\Cache), false)
#6 /home/ffdetect/public_html/index.php(37): CodeIgniter\CodeIgniter->run()
#7 {main}
CRITICAL - 2025-09-23 17:42:17 --> mysqli_connect(): (HY000/1045): Access denied for user 'httpszpanel_panelsetup'@'localhost' (using password: YES)
#0 [internal function]: CodeIgniter\Debug\Exceptions->errorHandler(2, 'mysqli_connect(...', '/home/ffdetect/...', 8, Array)
#1 /home/ffdetect/public_html/conn.php(8): mysqli_connect('localhost', 'httpszpanel_pan...', 'httpszpanel_pan...', 'httpszpanel_pan...')
#2 /home/ffdetect/public_html/app/Controllers/Connect.php(13): include('/home/ffdetect/...')
#3 /home/ffdetect/public_html/vendor/codeigniter4/framework/system/CodeIgniter.php(801): App\Controllers\Connect->__construct()
#4 /home/ffdetect/public_html/vendor/codeigniter4/framework/system/CodeIgniter.php(401): CodeIgniter\CodeIgniter->createController()
#5 /home/ffdetect/public_html/vendor/codeigniter4/framework/system/CodeIgniter.php(318): CodeIgniter\CodeIgniter->handleRequest(NULL, Object(Config\Cache), false)
#6 /home/ffdetect/public_html/index.php(37): CodeIgniter\CodeIgniter->run()
#7 {main}
CRITICAL - 2025-09-23 17:43:01 --> Access denied for user 'httpszpanel_panelsetup'@'localhost' (using password: YES)
#0 /home/ffdetect/public_html/conn.php(8): mysqli_connect('localhost', 'httpszpanel_pan...', 'httpszpanel_pan...', 'httpszpanel_pan...')
#1 /home/ffdetect/public_html/app/Controllers/Auth.php(109): include('/home/ffdetect/...')
#2 /home/ffdetect/public_html/app/Controllers/Auth.php(49): App\Controllers\Auth->login_action()
#3 /home/ffdetect/public_html/vendor/codeigniter4/framework/system/CodeIgniter.php(824): App\Controllers\Auth->login()
#4 /home/ffdetect/public_html/vendor/codeigniter4/framework/system/CodeIgniter.php(410): CodeIgniter\CodeIgniter->runController(Object(App\Controllers\Auth))
#5 /home/ffdetect/public_html/vendor/codeigniter4/framework/system/CodeIgniter.php(318): CodeIgniter\CodeIgniter->handleRequest(NULL, Object(Config\Cache), false)
#6 /home/ffdetect/public_html/index.php(37): CodeIgniter\CodeIgniter->run()
#7 {main}
CRITICAL - 2025-09-23 17:44:20 --> mysqli_connect(): (HY000/1045): Access denied for user 'httpszpanel_panelsetup'@'localhost' (using password: YES)
#0 [internal function]: CodeIgniter\Debug\Exceptions->errorHandler(2, 'mysqli_connect(...', '/home/ffdetect/...', 8, Array)
#1 /home/ffdetect/public_html/conn.php(8): mysqli_connect('localhost', 'httpszpanel_pan...', 'httpszpanel_pan...', 'httpszpanel_pan...')
#2 /home/ffdetect/public_html/app/Controllers/Connect.php(13): include('/home/ffdetect/...')
#3 /home/ffdetect/public_html/vendor/codeigniter4/framework/system/CodeIgniter.php(801): App\Controllers\Connect->__construct()
#4 /home/ffdetect/public_html/vendor/codeigniter4/framework/system/CodeIgniter.php(401): CodeIgniter\CodeIgniter->createController()
#5 /home/ffdetect/public_html/vendor/codeigniter4/framework/system/CodeIgniter.php(318): CodeIgniter\CodeIgniter->handleRequest(NULL, Object(Config\Cache), false)
#6 /home/ffdetect/public_html/index.php(37): CodeIgniter\CodeIgniter->run()
#7 {main}
CRITICAL - 2025-09-23 17:45:08 --> mysqli_connect(): (HY000/1045): Access denied for user 'httpszpanel_panelsetup'@'localhost' (using password: YES)
#0 [internal function]: CodeIgniter\Debug\Exceptions->errorHandler(2, 'mysqli_connect(...', '/home/ffdetect/...', 8, Array)
#1 /home/ffdetect/public_html/conn.php(8): mysqli_connect('localhost', 'httpszpanel_pan...', 'httpszpanel_pan...', 'httpszpanel_pan...')
#2 /home/ffdetect/public_html/app/Controllers/Connect.php(13): include('/home/ffdetect/...')
#3 /home/ffdetect/public_html/vendor/codeigniter4/framework/system/CodeIgniter.php(801): App\Controllers\Connect->__construct()
#4 /home/ffdetect/public_html/vendor/codeigniter4/framework/system/CodeIgniter.php(401): CodeIgniter\CodeIgniter->createController()
#5 /home/ffdetect/public_html/vendor/codeigniter4/framework/system/CodeIgniter.php(318): CodeIgniter\CodeIgniter->handleRequest(NULL, Object(Config\Cache), false)
#6 /home/ffdetect/public_html/index.php(37): CodeIgniter\CodeIgniter->run()
#7 {main}
CRITICAL - 2025-09-23 17:45:10 --> mysqli_connect(): (HY000/1045): Access denied for user 'httpszpanel_panelsetup'@'localhost' (using password: YES)
#0 [internal function]: CodeIgniter\Debug\Exceptions->errorHandler(2, 'mysqli_connect(...', '/home/ffdetect/...', 8, Array)
#1 /home/ffdetect/public_html/conn.php(8): mysqli_connect('localhost', 'httpszpanel_pan...', 'httpszpanel_pan...', 'httpszpanel_pan...')
#2 /home/ffdetect/public_html/app/Controllers/Connect.php(13): include('/home/ffdetect/...')
#3 /home/ffdetect/public_html/vendor/codeigniter4/framework/system/CodeIgniter.php(801): App\Controllers\Connect->__construct()
#4 /home/ffdetect/public_html/vendor/codeigniter4/framework/system/CodeIgniter.php(401): CodeIgniter\CodeIgniter->createController()
#5 /home/ffdetect/public_html/vendor/codeigniter4/framework/system/CodeIgniter.php(318): CodeIgniter\CodeIgniter->handleRequest(NULL, Object(Config\Cache), false)
#6 /home/ffdetect/public_html/index.php(37): CodeIgniter\CodeIgniter->run()
#7 {main}
CRITICAL - 2025-09-23 17:45:12 --> mysqli_connect(): (HY000/1045): Access denied for user 'httpszpanel_panelsetup'@'localhost' (using password: YES)
#0 [internal function]: CodeIgniter\Debug\Exceptions->errorHandler(2, 'mysqli_connect(...', '/home/ffdetect/...', 8, Array)
#1 /home/ffdetect/public_html/conn.php(8): mysqli_connect('localhost', 'httpszpanel_pan...', 'httpszpanel_pan...', 'httpszpanel_pan...')
#2 /home/ffdetect/public_html/app/Controllers/Connect.php(13): include('/home/ffdetect/...')
#3 /home/ffdetect/public_html/vendor/codeigniter4/framework/system/CodeIgniter.php(801): App\Controllers\Connect->__construct()
#4 /home/ffdetect/public_html/vendor/codeigniter4/framework/system/CodeIgniter.php(401): CodeIgniter\CodeIgniter->createController()
#5 /home/ffdetect/public_html/vendor/codeigniter4/framework/system/CodeIgniter.php(318): CodeIgniter\CodeIgniter->handleRequest(NULL, Object(Config\Cache), false)
#6 /home/ffdetect/public_html/index.php(37): CodeIgniter\CodeIgniter->run()
#7 {main}
CRITICAL - 2025-09-23 17:45:23 --> Access denied for user 'httpszpanel_panelsetup'@'localhost' (using password: YES)
#0 /home/ffdetect/public_html/conn.php(8): mysqli_connect('localhost', 'httpszpanel_pan...', 'httpszpanel_pan...', 'httpszpanel_pan...')
#1 /home/ffdetect/public_html/app/Controllers/Auth.php(109): include('/home/ffdetect/...')
#2 /home/ffdetect/public_html/app/Controllers/Auth.php(49): App\Controllers\Auth->login_action()
#3 /home/ffdetect/public_html/vendor/codeigniter4/framework/system/CodeIgniter.php(824): App\Controllers\Auth->login()
#4 /home/ffdetect/public_html/vendor/codeigniter4/framework/system/CodeIgniter.php(410): CodeIgniter\CodeIgniter->runController(Object(App\Controllers\Auth))
#5 /home/ffdetect/public_html/vendor/codeigniter4/framework/system/CodeIgniter.php(318): CodeIgniter\CodeIgniter->handleRequest(NULL, Object(Config\Cache), false)
#6 /home/ffdetect/public_html/index.php(37): CodeIgniter\CodeIgniter->run()
#7 {main}
CRITICAL - 2025-09-23 17:45:39 --> mysqli_connect(): (HY000/1045): Access denied for user 'httpszpanel_panelsetup'@'localhost' (using password: YES)
#0 [internal function]: CodeIgniter\Debug\Exceptions->errorHandler(2, 'mysqli_connect(...', '/home/ffdetect/...', 8, Array)
#1 /home/ffdetect/public_html/conn.php(8): mysqli_connect('localhost', 'httpszpanel_pan...', 'httpszpanel_pan...', 'httpszpanel_pan...')
#2 /home/ffdetect/public_html/app/Controllers/Connect.php(13): include('/home/ffdetect/...')
#3 /home/ffdetect/public_html/vendor/codeigniter4/framework/system/CodeIgniter.php(801): App\Controllers\Connect->__construct()
#4 /home/ffdetect/public_html/vendor/codeigniter4/framework/system/CodeIgniter.php(401): CodeIgniter\CodeIgniter->createController()
#5 /home/ffdetect/public_html/vendor/codeigniter4/framework/system/CodeIgniter.php(318): CodeIgniter\CodeIgniter->handleRequest(NULL, Object(Config\Cache), false)
#6 /home/ffdetect/public_html/index.php(37): CodeIgniter\CodeIgniter->run()
#7 {main}
CRITICAL - 2025-09-23 17:46:00 --> mysqli_connect(): (HY000/1045): Access denied for user 'httpszpanel_panelsetup'@'localhost' (using password: YES)
#0 [internal function]: CodeIgniter\Debug\Exceptions->errorHandler(2, 'mysqli_connect(...', '/home/ffdetect/...', 8, Array)
#1 /home/ffdetect/public_html/conn.php(8): mysqli_connect('localhost', 'httpszpanel_pan...', 'httpszpanel_pan...', 'httpszpanel_pan...')
#2 /home/ffdetect/public_html/app/Controllers/Connect.php(13): include('/home/ffdetect/...')
#3 /home/ffdetect/public_html/vendor/codeigniter4/framework/system/CodeIgniter.php(801): App\Controllers\Connect->__construct()
#4 /home/ffdetect/public_html/vendor/codeigniter4/framework/system/CodeIgniter.php(401): CodeIgniter\CodeIgniter->createController()
#5 /home/ffdetect/public_html/vendor/codeigniter4/framework/system/CodeIgniter.php(318): CodeIgniter\CodeIgniter->handleRequest(NULL, Object(Config\Cache), false)
#6 /home/ffdetect/public_html/index.php(37): CodeIgniter\CodeIgniter->run()
#7 {main}
CRITICAL - 2025-09-23 17:46:03 --> Access denied for user 'httpszpanel_panelsetup'@'localhost' (using password: YES)
#0 /home/ffdetect/public_html/conn.php(8): mysqli_connect('localhost', 'httpszpanel_pan...', 'httpszpanel_pan...', 'httpszpanel_pan...')
#1 /home/ffdetect/public_html/app/Controllers/Auth.php(109): include('/home/ffdetect/...')
#2 /home/ffdetect/public_html/app/Controllers/Auth.php(49): App\Controllers\Auth->login_action()
#3 /home/ffdetect/public_html/vendor/codeigniter4/framework/system/CodeIgniter.php(824): App\Controllers\Auth->login()
#4 /home/ffdetect/public_html/vendor/codeigniter4/framework/system/CodeIgniter.php(410): CodeIgniter\CodeIgniter->runController(Object(App\Controllers\Auth))
#5 /home/ffdetect/public_html/vendor/codeigniter4/framework/system/CodeIgniter.php(318): CodeIgniter\CodeIgniter->handleRequest(NULL, Object(Config\Cache), false)
#6 /home/ffdetect/public_html/index.php(37): CodeIgniter\CodeIgniter->run()
#7 {main}
CRITICAL - 2025-09-23 17:47:07 --> mysqli_connect(): (HY000/1045): Access denied for user 'httpszpanel_panelsetup'@'localhost' (using password: YES)
#0 [internal function]: CodeIgniter\Debug\Exceptions->errorHandler(2, 'mysqli_connect(...', '/home/ffdetect/...', 8, Array)
#1 /home/ffdetect/public_html/conn.php(8): mysqli_connect('localhost', 'httpszpanel_pan...', 'httpszpanel_pan...', 'httpszpanel_pan...')
#2 /home/ffdetect/public_html/app/Controllers/Connect.php(13): include('/home/ffdetect/...')
#3 /home/ffdetect/public_html/vendor/codeigniter4/framework/system/CodeIgniter.php(801): App\Controllers\Connect->__construct()
#4 /home/ffdetect/public_html/vendor/codeigniter4/framework/system/CodeIgniter.php(401): CodeIgniter\CodeIgniter->createController()
#5 /home/ffdetect/public_html/vendor/codeigniter4/framework/system/CodeIgniter.php(318): CodeIgniter\CodeIgniter->handleRequest(NULL, Object(Config\Cache), false)
#6 /home/ffdetect/public_html/index.php(37): CodeIgniter\CodeIgniter->run()
#7 {main}
CRITICAL - 2025-09-23 17:47:19 --> mysqli_connect(): (HY000/1045): Access denied for user 'httpszpanel_panelsetup'@'localhost' (using password: YES)
#0 [internal function]: CodeIgniter\Debug\Exceptions->errorHandler(2, 'mysqli_connect(...', '/home/ffdetect/...', 8, Array)
#1 /home/ffdetect/public_html/conn.php(8): mysqli_connect('localhost', 'httpszpanel_pan...', 'httpszpanel_pan...', 'httpszpanel_pan...')
#2 /home/ffdetect/public_html/app/Controllers/Connect.php(13): include('/home/ffdetect/...')
#3 /home/ffdetect/public_html/vendor/codeigniter4/framework/system/CodeIgniter.php(801): App\Controllers\Connect->__construct()
#4 /home/ffdetect/public_html/vendor/codeigniter4/framework/system/CodeIgniter.php(401): CodeIgniter\CodeIgniter->createController()
#5 /home/ffdetect/public_html/vendor/codeigniter4/framework/system/CodeIgniter.php(318): CodeIgniter\CodeIgniter->handleRequest(NULL, Object(Config\Cache), false)
#6 /home/ffdetect/public_html/index.php(37): CodeIgniter\CodeIgniter->run()
#7 {main}
